date,Total Building Permits YoY %,Single-Family Permits YoY %,2-4 Unit Permits YoY %,5+ Unit Permits YoY %,Permits - Northeast YoY %,Permits - Midwest YoY %,Permits - South YoY %,Permits - West YoY %
1961-01-01,-11.2637,-16.9031,-11.9403,15.6425,-30.0813,-6.7194,-16.9184,9.1603
1961-02-01,-11.6728,-22.4654,-11.2676,51.0067,-24.1379,-1.9531,-15.4098,-6.4407
1961-03-01,4.712,-4.1152,-1.6667,45.7831,21.0843,21.164,3.2967,-11.9266
1961-04-01,-1.378,-11.6967,21.0526,35.9116,8.4656,-12.7049,2.0979,-1.6835
1961-05-01,-2.3764,-6.8602,4.7619,10.3896,-2.2321,-7.5,-3.9735,3.4965
1961-06-01,11.691,-4.4059,1.4706,102.1277,25.5682,3.2864,7.0175,14.0845
1961-07-01,8.4084,1.2295,-16.8831,46.3158,8.2192,1.7857,14.9254,7.6389
1961-08-01,16.5996,2.0492,9.2308,73.0964,44.7115,-2.1739,18.1481,9.7902
1961-09-01,11.5854,4.8295,14.2857,32.7189,10.2439,6.8182,19.3182,9.1525
1961-10-01,15.535,7.7356,31.0345,38.4236,19.898,-1.7241,23.5741,19.2171
1961-11-01,17.6711,8.628,4.2254,54.2289,22.9268,3.5874,14.5985,28.1588
1961-12-01,22.082,12.5,10.7692,59.0909,62.7219,-4.6218,14.6429,28.0303
1962-01-01,15.7895,1.9915,38.9831,56.0386,56.3953,-15.678,17.4545,15.7343
1962-02-01,24.2456,10.104,28.5714,65.3333,56.25,0.7968,31.3953,18.4783
1962-03-01,13.4,1.0014,40.678,42.562,20.8955,-2.6201,17.0213,17.3611
1962-04-01,23.2535,8.5881,20.2899,65.0407,41.4634,10.7981,11.9863,30.8219
1962-05-01,11.1977,0.5666,45.4545,31.7647,0.4566,7.2072,17.5862,15.8784
1962-06-01,7.8505,-1.676,14.4928,30.1754,5.4299,9.5455,7.8689,8.3333
1962-07-01,9.7876,-3.2389,43.75,36.6906,-4.6414,10.0877,12.3377,18.0645
1962-08-01,3.5375,-2.9451,18.3099,14.6628,-24.2525,3.5556,12.5392,21.0191
1962-09-01,11.3843,-2.71,22.2222,44.7917,-1.7699,9.7872,12.6984,20.4969
1962-10-01,5.1647,-9.9217,13.1579,44.1281,2.5532,2.6316,6.7692,7.1642
1962-11-01,7.2917,-8.8542,28.3784,42.2581,-3.9683,0.8658,15.9236,11.831
1962-12-01,6.4599,-9.3023,47.2222,35.873,-16.0,9.6916,7.7882,21.3018
1963-01-01,11.2299,-3.0683,26.8293,39.0093,-8.9219,1.005,14.5511,30.5136
1963-02-01,1.5075,-5.668,27.1605,10.2151,-15.2727,-23.7154,10.6195,25.6881
1963-03-01,10.9347,4.5326,39.759,17.1014,-5.3498,12.5561,9.3939,23.0769
1963-04-01,4.2915,4.1555,25.3012,0.2463,-20.6897,20.7627,16.8196,2.356
1963-05-01,18.2137,4.2254,21.875,46.7262,12.2727,13.4454,19.0616,24.4898
1963-06-01,16.5511,9.517,81.0127,16.1725,-8.5837,18.2573,21.2766,27.6353
1963-07-01,11.1018,4.8815,36.9565,16.5789,0.0,6.7729,18.2081,14.2077
1963-08-01,9.1667,4.2759,27.381,14.3223,-1.7544,18.8841,9.1922,9.7368
1963-09-01,15.5356,9.1922,50.0,19.1847,20.7207,6.2016,20.5634,14.1753
1963-10-01,19.729,11.7391,53.4884,26.1728,8.2988,20.0855,22.4784,24.5125
1963-11-01,9.7896,5.0,32.6316,12.4717,-2.8926,28.3262,15.9341,1.0076
1963-12-01,15.1294,1.7094,8.4906,38.785,5.1948,10.0402,37.5723,4.878
1964-01-01,3.8462,1.8705,9.6154,5.5679,-19.1837,48.2587,8.3784,-7.6389
1964-02-01,18.9769,17.3104,27.1845,19.7561,15.4506,77.7202,8.0,3.4063
1964-03-01,4.372,-0.1355,-14.6552,18.0693,13.913,18.3267,10.2493,-14.4231
1964-04-01,-1.8634,-11.4543,-4.8077,17.199,0.8696,-7.3684,4.1885,-5.3708
1964-05-01,-3.7778,-1.7568,-11.1111,-5.071,-1.2146,3.3333,-1.7241,-11.7096
1964-06-01,-4.8327,-7.9118,-27.972,8.3527,23.9437,-5.614,-2.005,-20.5357
1964-07-01,-1.2869,-5.7181,-17.4603,10.8352,7.9646,2.9851,1.2225,-11.4833
1964-08-01,-0.3053,-5.5556,-12.1495,11.4094,11.6071,6.4982,10.7143,-21.5827
1964-09-01,-10.4742,-9.0561,-30.303,-7.4447,-10.0746,9.1241,-6.3084,-26.8623
1964-10-01,-13.0127,-8.5603,-25.7576,-16.4384,-14.5594,7.1174,-7.7647,-29.7539
1964-11-01,-7.5903,-0.5442,-26.1905,-13.3065,3.4043,-1.3378,-2.6066,-23.9401
1964-12-01,-18.201,-2.1008,-34.7826,-34.3434,2.0576,-8.0292,-22.8992,-30.9302
1965-01-01,-2.4691,2.8249,-17.5439,-6.7511,11.6162,13.4228,4.7382,-28.5714
1965-02-01,-17.8225,-16.2195,-39.6947,-14.664,-18.5874,-21.2828,-0.2469,-31.2941
1965-03-01,-7.7685,-8.5482,-17.1717,-4.6122,-4.1985,-14.8148,-1.7588,-11.236
1965-04-01,-8.0696,-0.5814,-12.1212,-18.0294,-3.8793,13.6364,-5.5276,-28.9189
1965-05-01,-7.0824,-2.751,-21.1538,-10.6838,3.2787,10.7527,-4.5113,-29.7082
1965-06-01,-3.0469,-1.9718,-16.5049,-1.7131,-2.2727,14.4981,7.1611,-28.0899
1965-07-01,-5.138,0.0,-14.4231,-10.5906,-1.6393,25.0,-2.8986,-32.4324
1965-08-01,-4.3645,1.4006,-8.5106,-11.8474,4.4,8.4746,-8.5253,-17.1254
1965-09-01,-3.004,-1.683,-5.4348,-4.5652,9.5436,2.3411,0.4988,-21.6049
1965-10-01,3.9837,6.2411,-21.4286,6.089,22.4215,1.3289,14.2857,-19.4268
1965-11-01,4.1467,0.8208,-15.0538,13.9535,14.8148,4.4068,3.163,-3.2787
1965-12-01,12.9725,6.0086,13.3333,25.3846,10.0806,50.7937,20.1635,-25.5892
1966-01-01,4.8259,1.511,-5.3191,12.4434,37.5566,0.0,2.381,-11.2281
1966-02-01,-2.1941,-8.1514,-10.1266,9.0692,6.8493,17.4074,-5.4455,-22.6027
1966-03-01,1.8993,5.4896,2.439,-3.5165,8.7649,35.9684,1.023,-29.7468
1966-04-01,-1.463,-5.4094,-16.092,8.6957,9.8655,-3.0,4.7872,-18.251
1966-05-01,-10.6877,-16.6902,-17.0732,0.7177,-7.1429,-11.0032,-3.1496,-24.5283
1966-06-01,-22.9654,-17.5287,-32.5581,-29.4118,-20.9302,-20.1299,-21.957,-30.0781
1966-07-01,-24.6564,-23.2722,-34.8315,-24.8292,-5.8333,-33.913,-23.8806,-31.2
1966-08-01,-29.7838,-30.2486,-40.6977,-26.8793,-20.3065,-31.25,-23.1738,-46.8635
1966-09-01,-36.9193,-33.3809,-49.4253,-40.0911,-39.7727,-28.7582,-35.2357,-46.4567
1966-10-01,-42.2205,-40.4539,-38.961,-45.6954,-48.3516,-35.4098,-41.7411,-44.664
1966-11-01,-43.6447,-40.0271,-44.3038,-48.9796,-39.0681,-38.6364,-40.8019,-57.2881
1966-12-01,-43.4981,-38.1916,-48.2353,-50.7157,-44.6886,-53.6842,-35.3741,-40.724
1967-01-01,-24.9057,-21.9215,-37.0787,-27.163,-4.9342,-30.7692,-25.1163,-40.7115
1967-02-01,-21.7429,-10.6181,-21.1268,-37.1991,-14.5299,-27.7603,-18.8482,-25.6637
1967-03-01,-22.6094,-19.8312,-27.381,-26.1959,-36.9963,-27.907,-10.3797,-18.4685
1967-04-01,-9.607,-6.3369,-16.4384,-13.4118,-10.2041,-5.1546,-9.6447,-14.8837
1967-05-01,-0.1855,7.9796,-2.9412,-11.1639,-12.8205,0.7273,6.5041,1.0
1967-06-01,22.2803,17.2474,31.0345,29.6296,10.7843,24.3902,24.159,29.0503
1967-07-01,26.2876,24.0809,32.7586,28.7879,0.885,44.2982,29.4118,30.2326
1967-08-01,40.1368,38.0198,56.8627,40.81,5.7692,53.1818,33.4426,84.0278
1967-09-01,65.2455,50.1071,84.0909,88.9734,52.8302,66.5138,64.3678,79.4118
1967-10-01,73.207,58.5202,91.4894,96.3415,65.2482,83.2487,65.9004,80.7143
1967-11-01,76.2228,57.2398,95.4545,106.4,34.1176,88.3598,84.0637,99.2063
1967-12-01,76.9852,53.0568,88.6364,120.332,58.9404,103.9773,54.7368,109.9237
1968-01-01,18.4925,17.6776,44.6429,15.7459,-37.3702,42.3077,28.5714,67.3333
1968-02-01,47.9603,26.0638,58.9286,88.8502,12.0,66.3755,48.3871,64.881
1968-03-01,43.4555,21.2281,31.1475,84.8765,72.6744,33.871,28.2486,58.5635
1968-04-01,24.2512,11.3861,32.7869,44.0217,10.4545,19.5652,25.2809,45.9016
1968-05-01,20.539,4.5597,25.7576,46.7914,6.8627,33.213,10.687,36.1386
1968-06-01,11.2062,-2.8232,9.2105,34.0476,10.6195,3.5948,14.2857,16.4502
1968-07-01,14.1886,2.0741,-2.5974,36.4706,-2.6316,-0.6079,26.7677,30.8036
1968-08-01,10.415,0.4304,-1.25,27.8761,11.3636,-0.2967,18.1818,11.3208
1968-09-01,14.4644,5.2782,8.642,28.3702,-3.7037,8.2645,21.6783,29.0984
1968-10-01,11.0156,1.4144,-6.6667,28.3644,3.8627,-0.831,20.3233,18.5771
1968-11-01,10.717,4.8921,4.6512,19.5736,-10.5263,12.3596,6.0606,36.255
1968-12-01,5.6274,-1.8545,13.253,14.3126,-6.6667,-11.9777,20.8617,14.9091
1969-01-01,23.7489,0.5891,1.2346,65.6325,32.0442,16.5165,24.8792,25.498
1969-02-01,11.4009,-0.5626,8.9888,27.4908,8.4821,11.0236,14.1304,9.7473
1969-03-01,4.9635,-3.7627,21.25,12.8548,-14.4781,10.241,11.674,8.3624
1969-04-01,12.0529,-1.9259,9.8765,30.1887,-0.4115,6.3636,12.5561,29.588
1969-05-01,2.3901,-4.6617,1.2048,11.1111,11.0092,-21.4092,8.046,18.5455
1969-06-01,3.7692,-1.8349,3.6145,10.302,-15.6,1.5773,-1.7241,33.829
1969-07-01,-4.9107,-13.643,18.6667,2.4138,-5.8559,-7.0336,-10.757,8.1911
1969-08-01,-2.9477,-15.5714,5.0633,11.2457,-19.1837,-11.0119,5.4054,6.1017
1969-09-01,-13.7295,-19.9187,-11.3636,-6.8966,-14.9573,-27.2265,-12.6437,2.2222
1969-10-01,-14.4265,-17.8522,-1.1905,-12.2581,-18.1818,-19.2737,-20.7294,5.3333
1969-11-01,-17.0613,-19.7531,-10.0,-14.9109,-12.7451,-31.0,-9.7959,-13.7427
1969-12-01,-16.8467,-14.6802,-18.0851,-19.1104,-17.8571,-14.2405,-23.2645,-7.9114
1970-01-01,-27.2104,-28.8433,-10.9756,-27.5216,-37.2385,-44.3299,-21.2766,-8.254
1970-02-01,-25.2174,-21.075,-24.7423,-29.5224,-20.9877,-43.2624,-23.619,-6.25
1970-03-01,-21.2796,-16.2406,-29.8969,-25.0,-30.315,-29.5082,-19.1321,-7.717
1970-04-01,-15.059,-7.7039,-15.7303,-22.029,-25.2066,-33.0484,-7.1713,-1.1561
1970-05-01,0.0,-5.0473,-3.5714,5.7377,-17.3554,-10.6897,12.3404,4.6012
1970-06-01,-2.0015,-2.9595,-1.1628,-1.1272,2.8436,-7.4534,8.3333,-13.0556
1970-07-01,3.5994,8.9076,-2.2472,-0.8418,8.134,1.6447,7.1429,-2.5237
1970-08-01,5.8466,15.736,20.4819,-5.1322,11.6162,4.0134,1.1834,11.5016
1970-09-01,12.9058,18.7817,55.1282,1.5152,4.5226,0.3497,20.3947,18.6335
1970-10-01,28.6184,21.7317,16.8675,37.8676,25.7576,11.4187,37.7724,34.1772
1970-11-01,26.1125,21.3675,22.2222,32.0,48.8764,19.5652,27.6018,16.2712
1970-12-01,52.987,45.4855,25.974,66.1914,70.6522,29.1513,63.5697,49.1409
1971-01-01,54.7081,63.786,52.0548,46.3221,76.0,69.4444,56.0197,30.7958
1971-02-01,42.0394,39.0681,61.6438,42.5051,5.2083,28.3333,57.606,56.4912
1971-03-01,55.3887,51.526,76.4706,56.8047,54.2373,53.1008,60.7317,50.5226
1971-04-01,42.5654,41.5712,62.6667,40.8922,38.674,70.2128,40.5579,28.3626
1971-05-01,48.494,55.9801,64.1975,39.5349,71.0,66.0232,36.3636,40.7625
1971-06-01,43.9486,48.1541,70.5882,35.9935,35.023,40.9396,44.9393,51.4377
1971-07-01,56.2689,48.1481,60.9195,64.5161,47.3451,40.7767,64.5833,65.3722
1971-08-01,43.759,33.1871,43.0,55.7377,49.7738,36.9775,44.2495,45.2722
1971-09-01,39.9719,29.2023,16.5289,57.2139,65.3846,48.7805,38.0692,22.2513
1971-10-01,29.5396,28.0335,38.1443,29.8667,27.7108,33.8509,36.3796,18.1604
1971-11-01,38.4154,36.4789,38.3838,40.404,19.2453,38.7879,40.7801,48.9796
1971-12-01,20.7131,16.3934,39.1753,23.0392,-0.3185,36.0,22.7205,20.5069
1972-01-01,36.2142,40.0754,30.6306,32.8804,40.9091,13.6612,34.1732,57.9365
1972-02-01,36.5869,27.8351,14.4068,50.1441,73.2673,35.0649,26.8987,34.7534
1972-03-01,19.6703,18.4834,16.6667,21.3836,6.2271,2.2785,32.4734,24.537
1972-04-01,22.5788,16.5318,26.2295,28.8918,32.6693,13.75,33.1298,9.3394
1972-05-01,4.8174,2.3429,12.0301,6.3333,-9.9415,3.9535,9.0278,9.7917
1972-06-01,14.7136,10.2925,2.069,21.7964,2.7304,5.9524,24.162,15.8228
1972-07-01,6.0899,6.9792,0.7143,5.9856,-6.6066,-2.7586,17.9747,3.7182
1972-08-01,12.9242,17.8924,2.0979,9.7895,-2.719,7.9812,28.7838,4.142
1972-09-01,19.8898,15.7663,5.6738,25.9494,-7.5581,18.7354,37.7309,11.9914
1972-10-01,16.1895,25.2723,34.3284,5.1335,7.2327,0.9281,30.0258,13.5729
1972-11-01,7.4555,6.6047,5.8394,8.5303,15.8228,-10.0437,14.4836,7.2407
1972-12-01,13.4083,4.0241,11.1111,23.008,36.1022,-3.1513,23.0207,-0.1912
1973-01-01,1.4745,-0.6278,2.069,3.7832,-4.0323,13.4615,6.8075,-10.8878
1973-02-01,2.6279,8.2661,1.4815,-2.5912,-9.4286,20.1923,12.8429,-16.1398
1973-03-01,-2.0428,-0.8,-4.2857,-3.0052,17.5862,0.495,-6.4147,-7.4349
1973-04-01,-10.7994,-6.9444,-16.8831,-13.8178,-10.2102,-18.2418,-6.7661,-11.6667
1973-05-01,-6.5796,-0.4162,-15.4362,-11.3898,-13.3117,-12.0805,4.9682,-15.1803
1973-06-01,-6.0467,-8.4479,-14.1892,-2.4582,1.9934,-24.2697,8.324,-19.1257
1973-07-01,-17.1298,-12.6582,-9.2199,-22.6874,-10.2894,-9.6927,-21.1373,-20.3774
1973-08-01,-20.0619,-23.1844,-21.9178,-16.5868,-11.8012,-17.1739,-22.8751,-22.5379
1973-09-01,-28.7923,-22.6667,-30.2013,-34.0034,-23.8994,-35.7002,-33.6207,-15.2964
1973-10-01,-40.0595,-40.087,-50.0,-38.2812,-39.2962,-31.4943,-42.3191,-43.058
1973-11-01,-37.2426,-33.1075,-44.1379,-40.3409,-40.7104,-28.6408,-34.1034,-46.7153
1973-12-01,-46.7549,-35.6867,-44.6667,-56.2753,-53.7559,-46.4208,-48.5149,-37.931
1974-01-01,-41.3915,-39.0794,-41.2162,-43.9409,-40.6162,-40.8898,-40.6593,-43.609
1974-02-01,-38.9039,-32.3091,-37.2263,-46.1084,-35.0158,-41.6,-40.0,-36.7063
1974-03-01,-30.1649,-20.7661,-33.5821,-39.6368,-41.0557,-16.7488,-33.4149,-28.3133
1974-04-01,-34.2767,-23.8806,-38.2812,-45.2494,-40.4682,-33.6022,-40.3444,-18.8679
1974-05-01,-41.0668,-30.303,-43.6508,-52.8302,-33.7079,-36.3868,-49.6359,-33.7808
1974-06-01,-47.0502,-29.5064,-49.6063,-63.2056,-45.6026,-27.003,-59.9169,-35.3604
1974-07-01,-44.9148,-30.7692,-55.4688,-59.194,-47.6703,-41.0995,-49.3878,-38.6256
1974-08-01,-49.309,-25.5758,-51.7544,-71.4943,-53.8732,-40.6824,-57.2789,-39.8533
1974-09-01,-50.7042,-28.8177,-59.6154,-72.0812,-42.562,-33.1288,-61.9048,-50.5643
1974-10-01,-41.6017,-18.7228,-46.6667,-65.8228,-30.4348,-27.1812,-56.5292,-35.1852
1974-11-01,-44.1512,-21.4182,-48.1481,-68.5714,-39.6313,-34.3537,-59.4324,-26.0274
1974-12-01,-32.5311,-19.5489,-40.9639,-47.2222,-9.1371,-23.8866,-48.8462,-27.1605
1975-01-01,-45.4545,-21.9259,-48.2759,-72.935,-54.2453,-31.5412,-56.4815,-32.3333
1975-02-01,-46.3971,-27.3728,-34.8837,-73.4918,-45.6311,-39.3836,-58.9319,-31.9749
1975-03-01,-50.7639,-32.3155,-51.6854,-76.2832,-48.7562,-50.2959,-60.4779,-37.535
1975-04-01,-30.941,-13.7255,-20.2532,-59.436,-25.2809,-14.5749,-41.6495,-30.5233
1975-05-01,-19.6837,-1.4993,-18.3099,-50.25,-23.7288,-4.8,-34.4578,-9.1216
1975-06-01,-12.8913,2.1309,0.0,-42.1918,-24.5509,-4.4715,-19.6891,-4.1812
1975-07-01,1.7964,12.2383,24.5614,-22.2222,-4.7945,25.7778,-17.7419,12.7413
1975-08-01,8.3969,18.241,12.7273,-16.9355,3.0534,11.0619,0.6369,18.6992
1975-09-01,26.6667,32.0069,64.2857,5.4545,6.4748,20.1835,26.5152,46.1187
1975-10-01,33.0097,40.3571,75.0,4.6296,-3.4722,28.1106,34.7826,60.9524
1975-11-01,41.7625,48.2505,88.0952,14.1414,7.6336,47.6684,42.7984,56.0185
1975-12-01,25.5466,51.4019,48.9796,-27.0175,-22.3464,51.5957,31.203,34.7458
1976-01-01,64.6006,62.2391,77.7778,68.8312,40.2062,48.6911,59.1489,97.5369
1976-02-01,63.2373,63.8258,50.0,66.2069,25.8929,79.661,72.6457,59.447
1976-03-01,64.1749,57.5188,90.6977,82.0896,38.835,86.3095,69.7674,53.8117
1976-04-01,30.7159,35.0649,22.2222,19.2513,4.5113,36.4929,26.1484,45.6067
1976-05-01,30.6346,26.3318,43.1034,41.206,6.6667,24.7899,45.5882,32.7138
1976-06-01,25.5814,26.0805,29.6875,22.7488,4.7619,30.6383,19.3548,37.8182
1976-07-01,22.0588,25.825,16.9014,13.0952,8.6331,6.0071,26.7974,39.0411
1976-08-01,31.6901,20.9366,62.9032,60.1942,20.7407,25.498,25.0,49.3151
1976-09-01,39.1917,20.1835,62.3188,94.8276,7.4324,49.2366,40.4192,44.375
1976-10-01,30.0182,23.028,29.7619,54.4248,17.2662,30.9353,23.4604,41.1243
1976-11-01,37.9279,27.8261,45.5696,71.2389,17.7305,28.4211,29.3948,63.2047
1976-12-01,38.4968,26.9136,54.7945,77.8846,22.3022,23.1579,32.3782,66.0377
1977-01-01,22.6778,16.4912,45.0,36.1538,0.0,14.7887,22.1925,36.409
1977-02-01,31.0924,26.1272,35.7143,47.3029,-0.7092,10.3774,31.9481,62.1387
1977-03-01,42.6117,36.0382,39.0244,66.3934,48.2517,25.5591,40.8219,57.7259
1977-04-01,46.6431,30.8894,46.7532,105.3812,27.3381,45.1389,53.2213,48.8506
1977-05-01,39.6985,33.3735,37.3494,59.0747,25.6944,37.037,40.404,46.7787
1977-06-01,47.4747,32.5059,42.1687,98.0695,81.0606,34.8534,54.3243,39.314
1977-07-01,35.502,28.2782,55.4217,51.9298,9.2715,37.3333,47.1649,32.7586
1977-08-01,35.9817,31.6629,32.6733,48.4848,7.9755,41.5873,55.1899,25.0
1977-09-01,13.0317,23.9913,6.25,-7.5221,7.5472,-2.5575,21.1087,19.9134
1977-10-01,23.3684,19.8552,12.844,36.3897,25.1534,4.6703,44.8931,18.0294
1977-11-01,15.676,14.2857,23.4783,17.0543,0.0,13.1148,32.9621,8.0
1977-12-01,16.0821,12.9377,5.3097,28.1081,7.0588,14.5299,34.1991,4.1667
1978-01-01,18.6903,19.0763,-2.5862,24.5763,41.9118,7.6687,42.0131,0.0
1978-02-01,11.2821,1.9248,8.7719,40.8451,19.2857,15.6695,22.0472,-3.2086
1978-03-01,8.3735,1.7544,17.5439,24.3842,-17.9245,3.8168,25.8755,5.3604
1978-04-01,17.3494,17.4472,13.2743,18.1223,15.2542,-0.7177,40.9506,7.722
1978-05-01,5.8753,6.4137,10.5263,3.3557,1.6575,-4.914,15.8273,5.1527
1978-06-01,13.1849,11.8644,43.2203,9.1618,-19.6653,-7.2464,13.4851,43.75
1978-07-01,5.8684,1.8667,-8.5271,20.5543,32.1212,-3.1553,14.8862,-4.8237
1978-08-01,-5.0,-3.7197,-11.9403,-6.1224,14.7727,-13.0045,3.5889,-14.4954
1978-09-01,4.5998,1.1434,5.042,13.8756,18.7135,2.6247,15.1408,-9.2058
1978-10-01,1.3083,1.9845,5.6911,-1.4706,-10.2941,0.5249,11.9672,-5.5062
1978-11-01,1.3552,0.0,-5.6338,7.064,21.0843,-12.3188,21.4405,-14.8148
1978-12-01,3.6488,7.4074,17.6471,-9.0717,16.4835,-7.4627,12.7419,-2.7273
1979-01-01,-16.0345,-19.14,3.5398,-12.6984,-1.5544,-39.3162,-8.9368,-14.6252
1979-02-01,-14.0553,-15.9173,-18.5484,-8.8,-1.7964,-35.9606,-4.3548,-12.523
1979-03-01,-4.3913,-1.8103,0.0,-11.4851,-9.7701,-21.5686,16.3833,-14.0351
1979-04-01,-18.0185,-16.9664,-0.7812,-24.5841,-22.0588,-24.3373,-19.4553,-9.8566
1979-05-01,-4.6433,-9.4228,1.5873,5.8442,-3.8043,-11.8863,2.4845,-8.167
1979-06-01,-17.297,-16.9856,-22.4852,-16.4286,-5.7292,-14.0625,-1.3889,-35.4414
1979-07-01,-14.1097,-13.6998,10.1695,-20.4981,-26.1468,-28.0702,-8.689,-5.0682
1979-08-01,-5.9137,-11.1411,19.4915,0.2174,-24.7525,-23.4536,0.7874,7.7253
1979-09-01,-6.4535,-16.087,7.2,13.2353,-0.9852,-22.5064,0.9174,-5.7654
1979-10-01,-16.8445,-23.7733,1.5385,-4.4776,-22.4044,-31.3316,-5.8565,-18.609
1979-11-01,-28.9136,-34.5238,-28.3582,-15.4639,-24.8756,-44.0771,-23.5862,-27.2727
1979-12-01,-31.0231,-37.6905,-15.0,-16.9374,-28.3019,-39.7849,-26.0372,-32.5234
1980-01-01,-12.3888,-18.0396,-3.4188,-1.039,-33.6842,8.9202,-4.7377,-23.1263
1980-02-01,-19.6381,-21.6043,6.9307,-21.4912,-20.122,-26.5385,-10.7926,-26.7368
1980-03-01,-42.5581,-49.4293,-29.1045,-29.0828,-21.6561,-59.0625,-38.6454,-44.4898
1980-04-01,-49.4051,-55.1789,-46.4567,-35.2941,-44.0252,-60.1911,-36.715,-60.0398
1980-05-01,-48.8717,-52.3899,-32.0312,-45.6033,-40.678,-60.4106,-38.9394,-56.917
1980-06-01,-31.8293,-37.56,-23.6641,-21.3675,-33.7017,-51.2121,-14.7105,-40.4082
1980-07-01,-17.927,-21.9414,-8.4615,-11.3253,-26.7081,-24.3902,-2.5042,-30.1848
1980-08-01,-14.0792,-14.459,-4.2553,-16.269,-19.7368,-25.5892,-1.25,-21.9124
1980-09-01,-9.4017,-8.7047,8.209,-15.0278,-32.3383,-21.1221,9.3939,-18.3544
1980-10-01,-7.765,-8.5461,1.5152,-8.9286,-4.9296,-8.7452,-1.8663,-16.8591
1980-11-01,8.3856,6.3636,47.9167,2.9268,-15.894,8.867,18.0505,3.5326
1980-12-01,-0.3987,-4.1184,3.3613,6.4246,-25.0,-5.8036,20.1161,-16.0665
1981-01-01,-4.6094,-11.8321,23.8938,1.8373,-11.9048,-14.2241,7.9929,-15.5989
1981-02-01,0.0,-4.2292,8.3333,6.1453,-8.3969,-6.2827,13.9887,-14.6552
1981-03-01,19.7368,19.7917,18.9474,19.8738,2.439,49.6183,22.2944,8.8235
1981-04-01,47.2772,44.1176,85.2941,43.1818,44.9438,31.2,46.3104,60.199
1981-05-01,36.2369,28.7402,26.4368,53.7594,5.7143,7.4074,43.4243,55.5046
1981-06-01,-12.7013,-13.0769,7.0,-17.3913,-9.1667,-14.9068,-14.4954,-9.589
1981-07-01,-25.7347,-29.6632,-16.8067,-20.3804,0.0,-44.2396,-19.6918,-33.2353
1981-08-01,-34.9671,-39.4799,-33.3333,-25.6477,-5.7377,-48.4163,-30.538,-43.6224
1981-09-01,-42.9245,-47.6731,-44.8276,-33.1878,-30.1471,-53.9749,-40.7202,-44.7028
1981-10-01,-46.4861,-51.335,-36.5672,-39.951,-22.2222,-58.3333,-45.6418,-49.1667
1981-11-01,-45.9147,-49.8168,-45.0704,-38.6256,-31.4961,-54.7511,-39.6024,-56.4304
1981-12-01,-36.269,-38.5235,-30.0813,-33.8583,-21.0526,-51.1848,-30.5958,-43.2343
1982-01-01,-34.9713,-35.9307,-49.2857,-28.0928,-35.1351,-60.3015,-22.3684,-43.5644
1982-02-01,-32.6105,-36.6097,-37.6068,-23.6842,-27.5,-56.9832,-21.5589,-42.4242
1982-03-01,-24.683,-31.4493,-30.9735,-10.5263,-24.6032,-48.4694,-12.9204,-31.4189
1982-04-01,-25.3782,-31.9242,-40.4762,-8.4656,-24.031,-34.1463,-12.6957,-44.0994
1982-05-01,-18.7553,-25.5352,-5.4545,-11.4914,2.7027,0.0,-15.2249,-39.823
1982-06-01,-6.4549,-10.4425,-19.6262,5.5921,-7.3394,-15.3285,5.5794,-22.7273
1982-07-01,11.6578,-6.814,-15.1515,54.9488,-17.7966,25.6198,15.1386,12.3348
1982-08-01,4.162,2.1484,-2.2222,9.7561,-5.2174,0.0,15.9453,-12.2172
1982-09-01,23.0224,26.6811,21.25,17.9739,18.9474,28.1818,30.3738,7.4766
1982-10-01,57.1819,63.8404,1.1765,65.7143,20.9524,41.0,79.3003,45.3552
1982-11-01,64.3048,79.3187,21.7949,53.2819,52.8736,44.0,67.3418,75.3012
1982-12-01,69.7236,64.8472,33.7209,90.873,26.6667,58.2524,72.8538,91.2791
1983-01-01,79.597,94.3694,59.1549,61.2903,105.5556,129.1139,62.0763,94.152
1983-02-01,82.0545,84.9438,61.6438,82.7586,111.4943,112.987,67.4419,93.5673
1983-03-01,65.5443,80.5497,60.2564,45.8824,50.5263,75.2475,71.3415,53.6946
1983-04-01,76.3514,87.152,88.0,59.2486,60.2041,62.963,71.3147,107.2222
1983-05-01,75.1312,96.9199,33.6538,57.7348,35.9649,33.7931,86.7347,98.5294
1983-06-01,93.7568,102.5692,67.4419,86.9159,81.1881,73.2759,92.0732,115.6863
1983-07-01,71.9349,89.7233,69.0476,52.6432,92.7835,23.6842,85.1852,64.7059
1983-08-01,84.9892,76.4818,56.8182,106.9841,71.5596,81.5789,80.1572,107.2165
1983-09-01,52.1113,50.3425,41.2371,57.8947,53.9823,34.0426,47.1326,74.3478
1983-10-01,49.3473,42.1613,76.7442,55.1724,34.6457,43.2624,50.5691,56.7669
1983-11-01,35.7201,27.8155,54.7368,45.8438,18.797,33.3333,37.6702,40.2062
1983-12-01,20.4293,24.3709,26.087,12.8898,57.0175,10.4294,10.4698,35.2584
1984-01-01,27.3492,16.2225,30.9735,47.7778,18.2432,35.9116,16.3399,52.1084
1984-02-01,35.0782,38.6391,39.8305,28.4906,24.4565,78.0488,20.202,55.287
1984-03-01,16.9492,13.7002,28.8,19.5565,31.4685,10.1695,-1.4235,63.7821
1984-04-01,13.41,10.7551,10.6383,18.3303,23.5669,31.25,1.3953,28.4182
1984-05-01,4.314,-1.4599,9.3525,12.7846,36.129,8.7629,-7.2131,16.0494
1984-06-01,2.5438,-9.1707,2.7778,22.5,6.0109,9.9502,-5.3968,14.7727
1984-07-01,-10.585,-10.1042,-0.7042,-13.2756,0.0,14.3617,-22.3,1.4286
1984-08-01,-10.683,-8.0173,-5.0725,-15.6442,-0.5348,-8.2126,-19.193,2.7363
1984-09-01,-3.9117,-0.4556,-8.7591,-8.0702,18.3908,-4.2328,-10.5968,0.2494
1984-10-01,-13.1702,-10.7066,-19.0789,-15.3968,12.2807,-6.9307,-23.3261,-4.0767
1984-11-01,-1.4988,-8.4926,-13.6054,12.9534,43.6709,14.5833,-17.4725,9.0686
1984-12-01,-0.0615,-6.4963,-8.9655,13.4438,32.4022,18.8889,-9.356,-3.5955
1985-01-01,-8.5903,-9.7707,-9.4595,-6.6165,62.8571,-23.1707,-18.764,-8.3168
1985-02-01,-16.3563,-15.0745,-36.9697,-13.5095,18.7773,-34.589,-27.7311,-0.5837
1985-03-01,0.1159,2.6777,-15.528,0.1686,41.4894,20.5128,-8.3032,-9.1977
1985-04-01,-6.3063,-4.2355,-24.359,-5.0613,33.5052,-1.2987,-16.3991,-6.4718
1985-05-01,-1.838,-2.5397,-18.4211,3.1056,23.2227,15.1659,-10.6007,-4.8936
1985-06-01,-5.4024,1.5038,-14.1892,-12.381,35.567,9.9548,-15.8837,-9.3069
1985-07-01,5.7321,10.6605,-17.0213,3.9933,28.3422,13.4884,-3.9897,9.6244
1985-08-01,18.1699,17.9034,-6.1069,24.3636,40.8602,34.7368,5.2632,23.4867
1985-09-01,25.8043,10.1831,2.4,57.4427,16.9903,31.4917,5.7221,64.4279
1985-10-01,16.9799,19.5444,-12.1951,19.6998,41.1458,28.7234,5.493,20.25
1985-11-01,2.9823,10.2088,-11.811,-3.6697,20.2643,-5.0,-2.7963,7.8652
1985-12-01,10.3321,10.1367,-17.4242,16.5584,4.2194,30.3738,12.0643,0.6993
1986-01-01,11.2651,17.5691,-2.2388,4.9919,-2.807,52.381,8.7137,7.1274
1986-02-01,6.3177,4.9536,8.6538,8.1494,-6.9853,50.7853,9.593,-7.6321
1986-03-01,3.0689,1.7051,-26.4706,12.1212,-0.3759,15.7447,-5.9055,13.3621
1986-04-01,11.6587,21.575,-2.5424,-0.4847,15.444,37.7193,-0.1372,15.4018
1986-05-01,5.1492,18.241,-4.0323,-11.2952,9.6154,21.8107,-8.0369,15.8837
1986-06-01,4.3124,17.1429,-16.5354,-10.4037,7.9848,18.93,-3.7234,7.6419
1986-07-01,4.891,15.3927,-8.547,-8.64,25.8333,21.7213,-6.0322,2.7837
1986-08-01,-4.5354,5.4945,-11.3821,-17.9825,8.3969,18.75,-15.1282,-6.6667
1986-09-01,-12.0042,11.838,-21.0938,-38.4242,26.1411,14.7059,-18.6856,-27.6853
1986-10-01,-3.9013,5.3159,-0.9259,-18.8088,0.738,9.0909,-15.4873,4.9896
1986-11-01,-2.8369,8.1053,-16.9643,-16.8254,-2.9304,41.1483,-16.8493,-0.625
1986-12-01,6.0758,22.4405,-3.6697,-14.4847,18.2186,12.1864,-29.3062,63.6574
1987-01-01,-8.5003,2.2556,-23.6641,-23.0061,3.2491,21.875,-27.4809,-2.621
1987-02-01,-4.4143,17.5025,-8.8496,-38.6185,20.9486,28.8194,-20.0265,-13.3475
1987-03-01,-4.2697,11.6371,-3.0,-28.6787,19.6226,17.2794,-12.8312,-15.7795
1987-04-01,-13.8321,-6.2112,-15.6522,-27.4351,-4.0134,-5.0955,-17.033,-20.3095
1987-05-01,-16.5275,-7.6217,-23.5294,-31.5789,-6.3158,-6.0811,-17.4785,-26.834
1987-06-01,-14.9721,-8.3107,-18.8679,-27.0364,-4.2254,-7.2664,-18.9227,-19.8783
1987-07-01,-14.8315,-9.6189,-17.757,-24.3433,-7.6159,-10.4377,-21.1127,-12.9167
1987-08-01,-12.4565,-4.5455,-22.0183,-25.4902,-8.8028,-17.1053,-9.6677,-15.5462
1987-09-01,-10.2017,-8.1708,-15.8416,-13.3858,-18.4211,4.0293,-8.5578,-15.272
1987-10-01,-13.6119,-8.5714,-27.1028,-21.0425,-10.6227,5.6818,-12.4803,-26.7327
1987-11-01,-11.3747,-5.258,-10.7527,-23.4733,1.8868,-9.4915,-10.7084,-20.7547
1987-12-01,-29.3221,-19.7635,-22.8571,-48.8599,-13.0137,-25.8786,-18.9509,-46.2518
1988-01-01,-26.3905,-17.3713,-32.0,-44.8207,-10.8392,-37.037,-25.9649,-28.3644
1988-02-01,-14.8609,-17.0711,-29.1262,-4.3478,-18.9542,-30.9973,-5.8043,-10.5134
1988-03-01,-10.5047,-8.2155,-13.4021,-15.3684,-5.9937,-13.1661,-11.84,-9.9323
1988-04-01,-10.7433,-9.9338,-24.7423,-9.6197,-14.9826,-10.0671,-14.2384,-3.1553
1988-05-01,-3.7333,-1.7893,-16.4835,-5.7072,-9.7378,-3.5971,-7.4653,6.0686
1988-06-01,-2.431,-0.5911,-10.4651,-5.2257,-13.6029,3.7313,-3.9182,3.2911
1988-07-01,-5.0792,-1.6064,-14.7727,-11.1111,-17.9211,-3.3835,-0.1808,-4.067
1988-08-01,-3.3752,-0.5952,-17.6471,-7.177,-16.6023,-1.5873,-7.0234,9.4527
1988-09-01,-5.1519,-1.4156,-12.9412,-12.0455,-23.3871,-8.8028,-6.0659,9.8765
1988-10-01,4.7685,6.5625,5.1282,0.489,-10.6557,-6.81,2.5271,27.027
1988-11-01,3.5003,4.6249,-8.4337,3.2419,-26.2963,-6.7416,6.0886,28.3069
1988-12-01,11.5985,10.5263,-7.4074,19.7452,-20.8661,49.569,13.7787,7.3684
1989-01-01,17.8457,15.6841,4.4118,28.1588,-8.2353,26.6968,31.7536,14.4509
1989-02-01,-3.8248,-4.8436,12.3288,-4.2781,-20.1613,4.6875,-8.8028,9.0164
1989-03-01,-20.3934,-17.2281,-20.2381,-28.607,-40.2685,-12.2744,-19.9637,-11.7794
1989-04-01,-3.7089,-0.4202,-8.2192,-10.6436,-17.2131,-5.597,1.3514,-0.7519
1989-05-01,-4.3629,-7.8947,-5.2632,5.0,-27.3859,-6.7164,0.5629,4.4776
1989-06-01,-10.9764,-12.5867,-16.8831,-5.7644,-25.1064,-13.3094,-10.1064,-2.451
1989-07-01,-10.8409,-6.8367,-10.6667,-21.0938,-27.9476,-8.9494,-12.5,0.0
1989-08-01,-8.6301,-6.6866,0.0,-15.2062,-17.1296,5.2419,-7.554,-13.6364
1989-09-01,-8.4958,-2.7692,-16.2162,-21.447,-10.0,-4.2471,-7.0111,-12.1348
1989-10-01,-9.9604,-6.8426,-25.6098,-14.5985,-23.3945,6.5385,-11.9718,-10.4255
1989-11-01,-10.8753,-3.1434,-15.7895,-28.9855,-15.0754,8.0321,-14.9565,-14.0206
1989-12-01,-5.2632,-6.381,-16.0,0.0,-15.9204,-32.853,-3.4862,21.0784
1990-01-01,19.236,-4.9038,19.7183,89.8592,-17.5214,65.0,17.9856,10.3535
1990-02-01,-3.9046,2.1209,-26.8293,-14.5251,-7.5758,4.8507,-12.1622,2.7569
1990-03-01,2.6359,6.0465,-16.4179,-3.1359,-15.7303,2.8807,4.0816,9.9432
1990-04-01,-17.4419,-13.7131,-13.4328,-27.9778,-41.0891,-4.7431,-18.4762,-12.1212
1990-05-01,-22.7371,-12.8571,-29.1667,-44.1103,-28.0,-12.4,-23.5075,-25.7143
1990-06-01,-16.1876,-9.8639,-25.0,-29.5213,-30.6818,-5.8091,-16.9625,-15.0754
1990-07-01,-15.9782,-15.115,-11.9403,-19.4719,-30.303,-3.8462,-13.8716,-19.7007
1990-08-01,-19.8651,-18.2888,-11.4286,-26.1398,-35.7542,-14.9425,-20.2335,-15.2632
1990-09-01,-25.723,-23.9451,-22.5806,-31.9079,-33.9181,-12.5,-25.9921,-30.179
1990-10-01,-32.2344,-25.7083,-24.5902,-51.2821,-32.3353,-29.9639,-27.8,-38.9549
1990-11-01,-29.9851,-30.8316,-35.9375,-25.8503,-36.0947,-24.9071,-22.6994,-39.3285
1990-12-01,-39.4515,-33.3672,-28.5714,-57.1809,-40.2367,-19.7425,-35.3612,-52.834
1991-01-01,-55.0343,-40.6471,-51.7647,-76.5579,-52.3316,-61.039,-54.7256,-50.3432
1991-02-01,-35.8164,-29.3873,-30.0,-57.1895,-47.541,-30.2491,-25.0549,-46.3415
1991-03-01,-26.886,-23.9035,-17.8571,-38.4892,-31.3333,-18.8,-23.0937,-34.8837
1991-04-01,-19.3662,-9.291,-20.6897,-50.7692,-9.2437,-13.6929,-14.9533,-32.1839
1991-05-01,-7.1228,-3.7831,-23.5294,-15.2466,-15.0794,-0.4566,-4.6341,-11.859
1991-06-01,-12.9964,-4.0252,0.0,-42.2642,-10.6557,-3.9648,-10.2138,-23.3728
1991-07-01,-9.7403,1.5484,-30.5085,-40.5738,-3.4783,0.0,-6.0096,-23.6025
1991-08-01,-11.6932,1.0471,-35.4839,-45.679,-0.8696,-2.2523,-8.5366,-26.087
1991-09-01,-0.2049,9.2926,-8.3333,-31.401,-3.5398,-1.8433,9.6515,-10.989
1991-10-01,7.1351,11.1582,-10.8696,-4.6784,7.9646,18.0412,6.3712,-0.3891
1991-11-01,4.5696,15.6891,12.1951,-31.6514,12.963,9.4059,5.291,-3.9526
1991-12-01,23.2288,31.2977,-8.8889,-0.6211,11.8812,28.3422,27.0588,18.4549
1992-01-01,37.0229,52.1295,7.3171,-11.3924,38.0435,46.1111,42.0875,22.1198
1992-02-01,34.3494,39.8529,2.381,16.0305,34.375,58.6735,26.6862,24.5455
1992-03-01,18.7706,29.2507,-4.3478,-17.5439,19.4175,30.5419,26.0623,-1.1905
1992-04-01,15.0655,16.9811,-6.5217,11.7188,9.2593,16.8269,16.7582,13.5593
1992-05-01,6.559,15.9895,15.3846,-33.3333,16.8224,18.3486,7.1611,-7.6364
1992-06-01,9.6473,16.3827,-4.1667,-19.6078,11.9266,11.0092,15.6085,-1.1583
1992-07-01,11.9219,12.3253,2.439,12.4138,16.2162,12.0,12.7877,8.5366
1992-08-01,13.8771,14.3782,32.5,5.303,8.7719,17.0507,13.3333,14.2857
1992-09-01,14.3737,15.9898,0.0,9.8592,16.5138,23.0047,9.291,14.4033
1992-10-01,14.2281,19.9492,21.9512,-15.3374,-4.918,10.917,26.3021,8.2031
1992-11-01,13.6179,19.7719,4.3478,-16.1074,9.8361,17.6471,12.5628,13.5802
1992-12-01,10.8388,18.2558,9.7561,-28.75,14.1593,16.6667,10.6481,4.7101
1993-01-01,9.2851,10.7503,6.8182,0.7143,11.811,6.8441,14.9289,1.5094
1993-02-01,0.1745,0.2103,20.9302,-5.9211,10.8527,-14.1479,12.5,-8.0292
1993-03-01,-2.403,-1.7837,0.0,-7.0922,-12.1951,-4.5283,-4.9438,9.2369
1993-04-01,4.7438,6.2212,20.9302,-9.0909,-0.8475,-1.2346,11.7647,1.4925
1993-05-01,5.303,2.9379,6.6667,21.4286,2.4,-0.3876,9.3079,5.9055
1993-06-01,6.9063,4.955,10.8696,19.5122,5.7377,9.9174,4.119,9.375
1993-07-01,7.8053,10.5204,26.1905,-11.6564,-1.5504,3.5714,13.3787,7.1161
1993-08-01,14.4186,13.2503,-1.8868,28.0576,4.8387,10.6299,22.8235,9.1912
1993-09-01,12.298,12.4726,34.0909,5.1282,7.874,9.1603,14.9888,12.9496
1993-10-01,13.6926,13.4534,16.0,14.4928,25.8621,17.7165,11.5464,8.6643
1993-11-01,21.3775,19.0476,20.8333,39.2,5.2239,26.5385,24.3304,19.5652
1993-12-01,24.2347,14.1593,22.2222,114.9123,32.5581,16.4286,35.1464,10.0346
1994-01-01,18.0969,12.4368,44.6809,48.9362,-28.169,6.0498,23.5052,45.3532
1994-02-01,10.5401,11.7524,7.6923,3.4965,-21.6783,4.1199,12.1399,32.5397
1994-03-01,27.0833,22.361,38.6364,54.9618,12.037,20.5534,36.1702,25.0
1994-04-01,26.087,17.5705,19.2308,89.2308,15.3846,27.5,26.3158,29.0441
1994-05-01,25.5396,21.8441,37.5,43.7908,11.7188,22.5681,29.2576,28.6245
1994-06-01,20.0885,14.485,13.7255,57.8231,13.1783,13.1579,24.1758,23.2143
1994-07-01,13.7138,6.5507,13.2075,62.5,26.7717,14.9425,13.4,7.3427
1994-08-01,11.9512,5.4,15.3846,47.7528,10.0,7.8292,12.8352,15.1515
1994-09-01,12.8697,2.7237,1.6949,80.4878,-1.4599,3.1469,18.2879,19.1083
1994-10-01,8.547,-2.7077,17.2414,81.6456,-10.274,6.3545,9.2421,18.6047
1994-11-01,-1.2528,-9.8667,13.7931,49.4253,-2.8369,-9.4225,5.9246,-4.5455
1994-12-01,-4.449,-6.4599,12.7273,1.2245,-2.3392,-0.9202,-6.6563,-4.717
1995-01-01,-7.7698,-13.0396,-2.9412,18.5714,36.2745,-4.3624,-5.3422,-25.5754
1995-02-01,-1.182,-13.9906,-7.1429,93.2432,0.0,-1.4388,-1.6514,-0.5988
1995-03-01,-8.6438,-15.2134,4.918,22.1675,5.7851,-10.1639,-3.125,-21.7647
1995-04-01,-9.5546,-14.6679,-3.2258,11.3821,-4.4444,-9.1503,-10.1667,-10.8262
1995-05-01,-8.9542,-13.6937,-7.5758,14.5455,-15.3846,-11.746,-7.7703,-5.7803
1995-06-01,-3.832,-7.9663,10.3448,11.6379,-18.4932,-1.9934,0.0,-5.5072
1995-07-01,1.4232,-2.1134,1.6667,17.094,-27.3292,1.0,5.4674,9.4463
1995-08-01,0.6536,-0.8539,5.0,5.7034,-15.3846,2.3102,1.8676,3.8012
1995-09-01,0.6374,2.178,13.3333,-7.4324,-5.1852,6.7797,4.9342,-9.0909
1995-10-01,0.2147,0.9597,-4.4118,-1.3937,-2.2901,1.2579,7.2758,-11.4846
1995-11-01,6.7164,4.5365,6.0606,15.3846,-8.0292,5.3691,5.4237,16.8254
1995-12-01,3.2951,0.4604,0.0,16.5323,-22.7545,-7.1207,2.4876,30.363
1996-01-01,8.1903,8.6867,-4.5455,9.6386,-30.2158,9.8246,7.5838,26.1168
1996-02-01,13.2376,18.4498,15.3846,-3.8462,3.5714,16.0584,14.7388,11.747
1996-03-01,17.2104,21.2254,-6.25,8.4677,7.0312,22.2628,6.81,38.7218
1996-04-01,16.2033,19.7838,23.3333,2.5547,12.4031,19.7842,17.9963,11.5016
1996-05-01,14.6341,14.405,8.1967,17.0635,14.876,12.9496,21.4286,4.6012
1996-06-01,9.5019,10.8961,0.0,6.5637,10.9244,4.0678,13.2743,7.362
1996-07-01,7.0901,5.3974,9.8361,12.7737,17.094,11.5512,3.1773,6.5476
1996-08-01,1.9481,1.5311,0.0,3.9568,21.4876,0.6452,4.5,-7.8873
1996-09-01,-2.0408,-3.8925,2.9412,4.0146,11.7188,-3.8095,-6.2696,2.3529
1996-10-01,-3.0,-3.9924,4.6154,-1.0601,10.9375,-5.2795,-8.3596,4.4304
1996-11-01,-1.2587,-2.7358,-2.8571,4.3333,11.1111,-0.3185,2.2508,-12.2283
1996-12-01,-2.1498,-6.9661,0.0,15.5709,10.0775,3.0,1.7799,-16.2025
1997-01-01,-0.3605,-0.4757,1.5873,-0.3663,64.9485,-5.7508,-3.2787,-8.1744
1997-02-01,1.7606,-1.3825,8.3333,12.7273,49.1379,-5.3459,-0.9756,-2.4259
1997-03-01,-0.0696,-6.9495,10.0,26.0223,11.6788,-10.4478,8.557,-8.9431
1997-04-01,-2.8708,-4.8736,-5.4054,5.694,-11.0345,-6.3063,1.5723,-4.298
1997-05-01,-2.9513,-4.562,-1.5152,2.7119,-5.036,-7.9618,-6.7873,9.9707
1997-06-01,-1.8894,-2.9385,4.6875,0.7246,6.8182,-1.9544,-2.5,-4.0
1997-07-01,-0.6897,-2.2346,10.4478,2.2654,-0.7299,-15.0888,6.6451,0.2793
1997-08-01,2.5478,0.0,3.1746,11.7647,-4.0816,-0.9615,-0.1595,14.0673
1997-09-01,7.3276,5.2073,-4.2857,17.8947,-3.4965,0.33,9.3645,14.3678
1997-10-01,10.3829,8.7129,11.7647,16.0714,-5.6338,-2.623,16.5232,18.4848
1997-11-01,4.0368,6.0136,-8.8235,0.3195,0.7143,-5.1118,2.5157,17.3375
1997-12-01,3.1892,6.4039,24.1935,-10.479,4.9296,-0.6472,-1.2719,14.5015
1998-01-01,12.5181,10.7075,10.9375,19.8529,8.125,13.8983,11.0169,16.0237
1998-02-01,13.9792,11.3084,18.4615,22.2581,-1.7341,23.9203,15.4351,10.7735
1998-03-01,11.7688,12.7061,7.5758,9.7345,-2.6144,5.3333,15.456,16.9643
1998-04-01,8.867,9.7723,-18.5714,12.1212,8.5271,-2.5641,6.8111,23.6527
1998-05-01,9.901,11.3767,1.5385,6.6007,7.5758,11.0727,16.9903,-1.8667
1998-06-01,10.6277,8.6093,8.9552,18.705,9.9291,4.3189,10.0962,17.5595
1998-07-01,11.8056,12.4762,2.7027,11.7089,16.1765,9.0592,11.7021,12.5348
1998-08-01,14.1477,12.7238,10.7692,19.5046,11.3475,0.0,26.1981,6.7024
1998-09-01,5.5556,8.7993,1.4925,-4.1667,17.3913,4.9342,8.2569,-2.5126
1998-10-01,14.6765,10.8379,-7.8947,32.9231,29.8507,13.8047,16.5436,6.9054
1998-11-01,13.8189,14.1812,-4.8387,16.242,23.4043,11.1111,9.9693,18.9974
1998-12-01,19.6429,21.9444,-2.5974,17.0569,20.1342,32.899,20.7729,6.8602
1999-01-01,11.3826,8.7219,14.0845,20.2454,-3.4682,-4.4643,22.7481,12.532
1999-02-01,4.4323,8.3963,-11.6883,-4.7493,3.5294,-8.0429,14.0825,-0.4988
1999-03-01,3.7383,6.6265,-8.4507,-2.957,12.0805,10.7595,-0.9371,3.8168
1999-04-01,3.426,6.0501,14.0351,-7.5075,18.5714,12.1711,1.4493,-4.8426
1999-05-01,5.5341,7.6395,-12.1212,1.548,12.6761,8.0997,-1.5214,14.4022
1999-06-01,9.7357,11.1498,-12.3288,9.697,12.9032,7.6433,10.917,8.1013
1999-07-01,4.472,8.044,-18.4211,-2.5496,2.5316,7.6677,4.7619,2.2277
1999-08-01,1.0278,3.9298,-8.3333,-6.2176,5.7325,11.3269,-2.9114,-1.005
1999-09-01,-1.6487,0.9267,-5.8824,-10.2484,-4.9383,5.3292,-3.6723,-2.3196
1999-10-01,-4.0721,-0.7395,-10.0,-12.5,-16.092,1.4793,-2.1546,-7.177
1999-11-01,0.0,-1.2019,16.9492,1.3699,-2.8736,14.5455,2.7894,-13.969
1999-12-01,-3.3869,-4.5558,-5.3333,1.4286,-2.7933,-11.2745,-0.5333,-0.9877
2000-01-01,-0.2887,1.4297,-20.9877,-1.5306,14.9701,17.4455,-9.7015,-1.8182
2000-02-01,-1.6279,-3.873,2.9412,5.5402,0.0,6.7055,-8.3541,4.01
2000-03-01,-0.8408,1.1299,0.0,-7.7562,4.1916,4.5714,-3.3784,-2.9412
2000-04-01,-0.1875,-2.8525,-6.1538,11.6883,0.6024,1.7595,-1.7143,0.5089
2000-05-01,-5.9146,-5.7416,20.6897,-11.2805,1.25,-8.6455,-2.9494,-11.4014
2000-06-01,-7.6381,-9.4044,-4.6875,-1.9337,-8.5714,-5.9172,-8.9239,-6.3232
2000-07-01,-8.3234,-9.7179,-8.0645,-3.1977,-1.8519,-5.9347,-10.2597,-9.201
2000-08-01,-7.1215,-5.6315,3.0303,-14.0884,-6.6265,-11.3372,-10.8214,3.5533
2000-09-01,1.225,-0.7513,4.6875,8.6505,9.7403,-9.5238,3.8123,2.6385
2000-10-01,-4.3663,1.3245,7.9365,-24.6032,9.589,-3.7901,-9.9741,1.0309
2000-11-01,-3.4689,-2.0276,-4.3478,-8.1081,-2.3669,-23.2804,-0.5427,9.7938
2000-12-01,-8.3185,-6.1257,-15.493,-14.6479,-11.4943,-25.9669,-9.1153,10.4738
2001-01-01,-1.6213,-2.036,-4.6875,0.2591,-21.875,-12.4668,1.9284,10.8796
2001-02-01,-2.1277,0.0806,-1.4286,-9.4488,7.3864,-9.8361,-1.9048,0.241
2001-03-01,0.4846,-1.676,6.1538,7.5075,-9.1954,-8.1967,1.8182,10.3535
2001-04-01,4.3206,5.6208,6.5574,-0.5814,-5.3892,-4.0346,8.1395,9.1139
2001-05-01,7.9067,4.9069,-1.4286,22.3368,-5.5556,5.3628,9.4067,13.1367
2001-06-01,3.4351,8.3045,32.7869,-17.4648,-5.625,10.0629,3.6023,1.5
2001-07-01,3.6316,7.2049,8.7719,-9.6096,0.6289,6.6246,2.6049,4.2667
2001-08-01,4.0593,5.7971,-4.4118,-0.6431,3.871,7.541,3.9474,1.7157
2001-09-01,-0.3185,0.2523,-19.403,1.5924,-11.8343,5.5921,-1.2712,1.7995
2001-10-01,-0.6975,-3.1863,-11.7647,12.6316,3.75,-6.0606,1.7266,-2.2959
2001-11-01,2.2924,1.7384,-6.0606,5.8824,-2.4242,22.069,3.2742,-11.0329
2001-12-01,8.8788,6.0169,21.6667,17.4917,11.039,27.2388,13.8643,-10.6095
2002-01-01,-2.0012,2.7178,13.1148,-19.6382,14.0,4.2424,3.7838,-20.2505
2002-02-01,7.9106,12.8019,-4.3478,-7.2464,11.6402,11.2121,12.0666,-3.6058
2002-03-01,1.9289,4.6266,4.3478,-7.8212,-4.4304,1.4881,7.5549,-4.8055
2002-04-01,0.1801,2.0651,4.6154,-7.6023,4.4304,0.3003,1.4785,-3.7123
2002-05-01,3.0631,3.9516,2.8986,0.0,17.6471,3.5928,1.455,0.237
2002-06-01,8.1181,4.9521,1.2346,23.5495,16.5563,-0.8571,13.63,2.9557
2002-07-01,8.761,5.83,11.2903,20.2658,10.625,4.142,12.2708,5.6266
2002-08-01,4.9536,6.1241,10.7692,-0.9709,2.4845,3.9634,8.0169,1.4458
2002-09-01,15.2077,14.5973,70.3704,8.1505,23.4899,12.4611,13.0186,18.1818
2002-10-01,14.8787,16.6245,18.3333,7.7882,3.6145,15.8065,12.447,23.4987
2002-11-01,7.2683,12.4491,12.9032,-11.3889,0.0,-4.5198,3.3025,29.2876
2002-12-01,12.8571,12.6299,6.8493,14.8876,3.5088,17.8886,10.8808,16.4141
2003-01-01,8.5886,10.1946,28.9855,-2.5723,-1.1696,6.686,3.6458,24.6073
2003-02-01,3.7493,-3.1406,21.2121,30.3125,-21.327,-10.0817,0.0,37.1571
2003-03-01,3.903,5.4306,2.7778,-1.8182,8.6093,-0.5865,2.2989,8.8942
2003-04-01,8.0288,8.249,25.0,3.481,4.2424,5.988,8.6093,10.1205
2003-05-01,6.9347,7.758,15.493,2.2472,-1.6667,3.4682,6.91,13.4752
2003-06-01,6.6553,11.1872,-3.6585,-7.4586,-2.8409,11.5274,5.1408,9.5694
2003-07-01,8.458,13.0834,11.5942,-8.8398,3.9548,6.8182,6.1558,16.2228
2003-08-01,15.9882,15.4897,15.2778,18.3007,23.6364,13.783,15.2344,16.152
2003-09-01,8.7632,12.2255,0.0,-2.6087,-1.6304,8.8643,12.9114,5.7692
2003-10-01,11.8399,13.314,12.6761,5.7803,16.2791,5.2925,14.0881,11.4165
2003-11-01,8.3004,9.479,34.2857,-2.5078,18.0124,16.2722,8.0563,0.0
2003-12-01,4.7996,9.9361,-2.5641,-11.4914,12.9944,-7.9602,8.1776,6.5076
2004-01-01,7.9646,8.6864,4.4944,5.6106,13.0178,-1.3624,12.8141,5.2521
2004-02-01,6.041,15.2542,8.75,-24.4604,12.6506,6.3636,12.995,-6.3636
2004-03-01,17.5868,21.2656,35.1351,-1.8519,26.2195,10.9145,18.4769,17.8808
2004-04-01,14.8087,16.2473,10.5882,9.7859,16.2791,7.3446,16.0976,17.7243
2004-05-01,17.1662,20.5904,8.5366,6.044,14.1243,3.352,24.6341,15.8333
2004-06-01,7.7333,10.5407,5.0633,-3.8806,21.0526,-9.5607,8.3818,16.1572
2004-07-01,12.0424,9.6076,37.6623,16.9697,7.6087,-3.4574,16.6864,17.7083
2004-08-01,4.5778,5.7857,0.0,0.5525,-11.7647,-1.0309,8.2486,9.2025
2004-09-01,4.0796,3.4573,-13.0435,11.6071,10.4972,-2.5445,4.3722,6.4646
2004-10-01,4.2247,1.7241,8.75,13.9344,-8.5,-2.6455,12.4587,-0.1898
2004-11-01,8.3942,3.8995,-2.1277,33.4405,6.8421,-12.7226,12.1893,19.3878
2004-12-01,4.7811,4.1317,18.4211,4.6961,-5.0,5.9459,2.1598,12.831
2005-01-01,9.5799,7.4724,-18.2796,27.8125,3.1414,-7.7348,17.0379,11.1776
2005-02-01,7.528,4.2199,2.2989,25.3968,5.3476,4.8433,8.9814,7.5728
2005-03-01,-0.1936,-4.1262,-20.0,26.4151,-11.5942,-9.5745,4.6365,2.2472
2005-04-01,3.8647,2.2882,-20.2128,17.2702,1.0,-2.3684,7.6681,2.6022
2005-05-01,-3.0233,-1.8507,-8.9888,-6.7358,1.9802,-5.1351,-4.2074,-1.259
2005-06-01,7.8218,4.2105,4.8193,26.7081,3.8647,1.4286,14.2857,2.2556
2005-07-01,4.3087,6.2963,-9.434,-0.2591,3.5354,2.2039,5.9838,3.0088
2005-08-01,7.928,6.6501,4.8193,14.2857,15.0,-8.8542,15.2401,4.4944
2005-09-01,10.877,13.367,10.0,0.5333,6.5,-7.0496,15.4672,17.4573
2005-10-01,3.4812,9.3534,-3.4483,-17.506,9.2896,-1.9022,3.5294,5.1331
2005-11-01,6.6859,10.0509,-10.8696,-2.1687,4.9261,4.6647,12.9747,-1.7094
2005-12-01,1.8252,2.9758,-6.6667,-1.0554,9.4737,-17.0918,12.685,-5.9567
2006-01-01,3.4128,2.1161,32.8947,3.1785,7.1066,4.7904,3.7108,0.7181
2006-02-01,1.2772,0.7975,-4.4944,4.557,4.0609,-3.8043,3.5176,-0.361
2006-03-01,2.7158,-1.8354,3.75,20.398,15.3005,-5.0,7.7543,-5.8608
2006-04-01,-7.0698,-9.5526,4.0,0.7126,-8.9109,-23.7197,-0.7805,-6.8841
2006-05-01,-8.6331,-11.8005,0.0,3.8889,-18.932,-17.9487,-2.6558,-9.4718
2006-06-01,-14.2792,-17.2311,-17.2414,-1.4706,-20.0,-19.4366,-12.688,-11.7647
2006-07-01,-19.9728,-24.0999,-18.75,-1.8182,-16.0976,-25.3369,-14.067,-28.5223
2006-08-01,-22.3975,-25.2914,-11.4943,-12.7404,-19.8068,-22.2857,-21.1051,-25.9857
2006-09-01,-26.867,-32.2581,-18.1818,-3.183,-23.0047,-30.3371,-22.1395,-34.4103
2006-10-01,-27.6498,-32.5488,-17.8571,-5.2326,-24.0,-34.072,-23.4848,-32.7306
2006-11-01,-30.7935,-32.7746,-29.2683,-22.6601,-30.9859,-34.8189,-25.2101,-38.6087
2006-12-01,-22.7358,-27.8748,-14.2857,-1.8667,-17.3077,-24.3077,-22.045,-25.3359
2007-01-01,-26.4919,-30.4914,-30.6931,-9.4787,-12.7962,-23.7143,-27.9817,-30.4813
2007-02-01,-25.362,-30.8582,-17.6471,-5.0847,-29.7561,-37.2881,-20.8738,-24.4565
2007-03-01,-24.6459,-26.0477,-16.8675,-21.4876,-22.2749,-24.4582,-27.3832,-20.0389
2007-04-01,-26.4264,-29.2781,-23.0769,-16.9811,-13.587,-21.5548,-28.5152,-29.572
2007-05-01,-21.6273,-28.1379,-20.9877,3.4759,-13.1737,-21.5278,-19.6222,-28.3702
2007-06-01,-24.6385,-28.5714,-20.8333,-11.6915,-11.0465,-23.4266,-24.1119,-31.25
2007-07-01,-22.802,-25.1721,-26.9231,-13.7566,-12.2093,-25.2708,-25.8352,-18.9904
2007-08-01,-23.2869,-28.5491,-25.974,-4.1322,-9.6386,-28.6765,-28.5878,-14.0436
2007-09-01,-23.8066,-29.803,-30.5556,-2.4658,-17.0732,-18.5484,-25.2091,-26.8473
2007-10-01,-24.0764,-30.1277,-27.5362,-1.5337,-3.9474,-22.2689,-30.8168,-18.8172
2007-11-01,-20.2606,-31.6423,-10.3448,20.0637,-10.8844,-19.6581,-21.9725,-20.6799
2007-12-01,-29.8535,-38.0634,-20.8333,-4.8913,-20.9302,-31.3008,-29.7232,-33.162
2008-01-01,-32.7183,-39.6934,-40.0,-9.9476,-28.8043,-32.2097,-27.3885,-45.641
2008-02-01,-36.5457,-41.5493,-41.4286,-21.1735,-23.6111,-34.6847,-36.4417,-42.2062
2008-03-01,-39.411,-44.0279,-44.9275,-24.4737,-29.2683,-45.4918,-32.9472,-52.0681
2008-04-01,-31.4286,-37.5236,-31.6667,-13.0682,-30.1887,-26.5766,-29.7111,-38.3978
2008-05-01,-33.3557,-39.2514,-43.75,-15.7623,-2.069,-34.5133,-38.5117,-34.2697
2008-06-01,-16.1336,-39.196,-38.5965,52.1127,100.0,-30.137,-32.3404,-26.0606
2008-07-01,-32.3292,-41.6155,-40.3509,-3.0675,-33.1126,-32.3671,-27.027,-42.4332
2008-08-01,-35.0492,-40.7205,-42.1053,-18.9655,-43.3333,-26.8041,-28.4566,-47.6056
2008-09-01,-36.7962,-38.1287,-28.0,-34.8315,-35.2941,-34.6535,-34.8243,-43.0976
2008-10-01,-38.255,-42.8745,-34.0,-27.1028,-48.6301,-31.8919,-32.9159,-47.0199
2008-11-01,-48.8562,-47.1698,-61.5385,-50.6631,-45.8015,-47.8723,-52.48,-42.8571
2008-12-01,-51.7842,-50.9434,-63.1579,-51.7143,-55.1471,-50.2959,-49.8288,-55.3846
2009-01-01,-50.1828,-52.4011,-45.2381,-46.2209,-54.9618,-50.8287,-50.5263,-45.7547
2009-02-01,-44.9704,-43.2229,-51.2195,-47.8964,-32.7273,-38.6207,-42.8571,-58.9212
2009-03-01,-46.9493,-43.7695,-44.7368,-54.3554,-47.4138,-35.3383,-49.7121,-47.2081
2009-04-01,-48.3135,-40.8472,-48.7805,-64.3791,-47.7477,-49.0798,-47.1624,-50.6726
2009-05-01,-44.1206,-31.9115,-41.6667,-68.0982,-54.9296,-35.8108,-39.4904,-52.1368
2009-06-01,-49.0678,-24.2975,-28.5714,-78.1481,-79.4118,-34.6405,-32.914,-51.6393
2009-07-01,-35.3963,-14.3608,-44.1176,-72.4684,-36.6337,-22.1429,-39.9177,-32.9897
2009-08-01,-28.2051,-9.5764,-39.3939,-62.766,-17.6471,-25.3521,-28.9888,-33.3333
2009-09-01,-23.5885,-9.8299,-47.2222,-51.2931,-20.4545,-20.4545,-24.2647,-26.0355
2009-10-01,-20.788,0.6397,-51.5152,-59.4017,-10.6667,-17.4603,-20.2667,-29.375
2009-11-01,-0.4792,15.0,30.0,-38.7097,4.2254,16.3265,7.0707,-26.875
2009-12-01,19.8556,39.5604,-14.2857,-18.3432,65.5738,38.0952,8.8737,10.3448
2010-01-01,16.6972,49.5549,-8.6957,-40.0,27.1186,11.236,10.9929,29.5652
2010-02-01,16.4875,35.2785,0.0,-25.4658,5.4054,23.5955,5.4054,51.5152
2010-03-01,33.9181,48.4765,9.5238,-2.2901,18.0328,33.7209,36.2595,37.5
2010-04-01,22.2649,21.7391,-14.2857,31.1927,29.3103,39.759,18.1481,15.4545
2010-05-01,3.4173,0.9281,-4.7619,15.3846,0.0,7.3684,4.9123,-1.7857
2010-06-01,-2.3295,-7.2052,-8.0,17.7966,22.2222,-3.0,-7.5,-0.8475
2010-07-01,-2.6891,-15.9509,10.5263,68.9655,4.6875,-6.422,1.7123,-13.0769
2010-08-01,-5.8442,-18.1263,10.0,48.5714,1.4286,-7.5472,-10.1266,2.4194
2010-09-01,-7.5534,-15.304,47.3684,15.9292,-2.8571,-9.5238,-6.7961,-10.4
2010-10-01,-4.2882,-13.5593,31.25,35.7895,0.0,7.6923,-11.0368,0.0
2010-11-01,-10.1124,-13.4576,-23.0769,7.0175,-13.5135,-16.6667,-11.9497,3.4188
2010-12-01,-4.8193,-12.0079,38.8889,15.942,11.8812,-15.5172,-19.4357,28.125
2011-01-01,-9.434,-16.6667,4.7619,20.7207,2.6667,2.0202,-7.9872,-26.1745
2011-02-01,-16.6154,-25.6863,-20.0,22.5,-23.0769,-19.0909,-5.1282,-35.3333
2011-03-01,-15.1383,-25.5597,-30.4348,31.25,-18.0556,-17.3913,-13.4454,-16.0839
2011-04-01,-8.7912,-15.3361,27.7778,8.3916,-22.6667,-15.5172,-6.2696,-0.7874
2011-05-01,7.4783,-5.5172,10.0,54.1667,26.5625,-2.9412,1.3378,22.7273
2011-06-01,8.3475,-2.8235,-4.3478,44.6043,-10.3896,5.1546,10.473,17.9487
2011-07-01,7.2539,1.2165,9.5238,23.8095,-10.4478,-0.9804,10.7744,15.9292
2011-08-01,11.5517,6.4677,22.7273,23.0769,-11.2676,13.2653,16.5493,11.811
2011-09-01,8.3481,5.198,-25.0,25.1908,0.0,14.7368,4.5139,17.8571
2011-10-01,20.2509,7.598,9.5238,62.0155,1.4925,-3.5714,35.3383,19.469
2011-11-01,26.0714,7.4163,10.0,92.623,28.125,8.4211,27.5,35.5372
2011-12-01,10.2848,2.4609,-8.0,35.0,-32.7434,13.2653,39.2996,-7.3171
2012-01-01,23.6111,10.0,-4.5455,70.8955,0.0,7.9208,37.1528,19.0909
2012-02-01,36.1624,30.0792,50.0,50.3401,60.0,40.4494,26.3514,47.4227
2012-03-01,38.2504,20.802,56.25,77.9762,33.8983,38.9474,30.7443,59.1667
2012-04-01,25.9897,20.3474,0.0,44.5161,55.1724,17.3469,22.408,27.7778
2012-05-01,28.8026,20.1946,4.5455,50.8108,-2.4691,21.2121,38.9439,30.3704
2012-06-01,24.8428,21.3075,0.0,34.8259,17.3913,17.6471,25.0765,33.3333
2012-07-01,36.715,25.4808,26.087,63.7363,50.0,18.8119,32.2188,55.7252
2012-08-01,29.83,20.7944,3.7037,53.6458,30.1587,12.6126,32.9305,35.9155
2012-09-01,52.459,32.2353,33.3333,107.3171,26.4706,37.6147,57.4751,66.6667
2012-10-01,32.1908,29.385,17.3913,39.7129,26.4706,43.5185,26.9444,40.0
2012-11-01,29.8867,26.5033,40.9091,35.3191,-7.3171,62.1359,36.1345,14.6341
2012-12-01,35.0072,27.0742,30.4348,52.3148,25.0,37.8378,32.1229,44.7368
2013-01-01,32.0225,27.7056,33.3333,40.6114,29.8701,40.367,16.7089,72.5191
2013-02-01,32.7913,24.1379,45.8333,50.6787,-9.375,26.4,33.4225,65.035
2013-03-01,16.129,26.556,4.0,0.3344,24.0506,9.8485,20.0495,8.9005
2013-04-01,38.2514,27.8351,26.087,62.0536,12.2222,46.087,41.8033,39.1304
2013-05-01,26.005,26.1134,26.087,25.8065,32.9114,23.3333,20.9026,36.9318
2013-06-01,18.6398,25.3493,31.8182,5.1661,32.0988,20.0,16.1369,17.3913
2013-07-01,17.4323,18.5824,3.4483,16.7785,31.1111,30.0,8.7356,22.549
2013-08-01,14.7619,22.824,-7.1429,2.7119,54.878,27.2,0.0,23.3161
2013-09-01,7.957,11.21,0.0,3.2353,16.2791,17.3333,9.0717,-4.0909
2013-10-01,17.7001,9.6831,7.4074,34.2466,23.2558,4.5161,17.0678,27.5132
2013-11-01,12.2137,13.0282,-16.129,13.522,42.1053,-2.3952,7.2016,26.0638
2013-12-01,6.8013,3.4364,3.3333,13.0699,22.1053,-7.1895,1.0571,22.2727
2014-01-01,3.8298,4.2373,3.5714,3.1056,2.0,5.8824,6.0738,-1.3274
2014-02-01,6.0204,-0.4902,-31.4286,21.9219,27.5862,-15.1899,8.6172,6.7797
2014-03-01,13.9957,2.1311,7.6923,38.6667,42.8571,14.4828,3.5052,24.5192
2014-04-01,7.7075,0.0,-3.4483,21.7631,18.8119,-4.7619,5.0096,18.3036
2014-05-01,1.4955,0.6421,6.8966,2.5641,9.5238,10.8108,0.3929,-5.3942
2014-06-01,7.2187,3.3439,37.931,12.6316,7.4766,37.5,0.0,2.7778
2014-07-01,7.9238,4.685,-3.3333,14.6552,5.0847,15.3846,9.9366,0.8
2014-08-01,8.61,2.3622,34.6154,19.4719,-4.7244,5.0314,23.6364,-9.6639
2014-09-01,7.2709,5.92,-7.1429,10.8262,32.0,-3.4091,3.2882,14.218
2014-10-01,4.7893,3.8523,10.3448,5.8673,10.3774,-4.9383,1.4953,16.1826
2014-11-01,2.9155,2.4922,7.6923,3.3241,24.0741,-12.2699,-1.7274,13.9241
2014-12-01,6.6667,11.2957,-22.5806,1.6129,-18.9655,19.0141,20.0837,-12.6394
2015-01-01,7.4795,7.6423,-13.7931,9.0361,13.7255,-13.5802,6.953,21.0762
2015-02-01,8.4697,3.1199,12.5,16.2562,-18.9189,20.1493,9.2251,12.6984
2015-03-01,0.4686,5.618,-3.5714,-6.9712,-10.7143,-7.8313,4.7809,3.4749
2015-04-01,6.9725,9.5161,17.8571,2.7149,60.8333,-8.125,2.9358,0.0
2015-05-01,24.9509,11.8022,16.129,48.6111,149.5652,6.7073,6.8493,15.7895
2015-06-01,36.5347,8.7827,-12.5,98.7539,144.3478,-6.5657,28.0,37.3874
2015-07-01,5.948,8.0247,3.4483,2.7569,-4.8387,-2.7778,9.6154,9.9206
2015-08-01,11.2703,10.4615,-14.2857,15.1934,-4.9587,4.1916,7.1691,36.2791
2015-09-01,6.221,7.4018,46.1538,1.5424,-11.3636,4.7059,6.367,16.5975
2015-10-01,6.0329,11.4374,9.375,-2.6506,8.547,12.3377,9.9448,-6.0714
2015-11-01,17.4693,10.9422,-3.5714,30.563,-8.209,43.3566,19.7266,12.2222
2015-12-01,12.9664,7.3134,50.0,20.6349,82.9787,1.7751,6.0976,9.7872
2016-01-01,11.6301,8.7613,40.0,14.9171,-25.0,41.4286,9.1778,16.6667
2016-02-01,3.9929,15.1274,18.5185,-11.6525,38.8889,9.9379,-4.0541,6.338
2016-03-01,4.291,12.0061,37.037,-11.1111,-21.6,20.2614,8.9354,-1.8657
2016-04-01,-0.5146,10.8984,-3.0303,-17.4009,-42.487,27.2109,2.852,7.5472
2016-05-01,-5.2673,6.7047,-8.3333,-20.7477,-63.0662,1.7143,7.5092,26.5152
2016-06-01,-12.4003,6.5156,-11.4286,-33.3856,-58.0071,-5.4054,0.8224,-0.9836
2016-07-01,5.0877,2.8571,6.6667,8.7805,-6.7797,12.0,7.7193,0.361
2016-08-01,3.0901,4.5961,20.0,-0.7194,8.6957,9.1954,1.7153,0.0
2016-09-01,13.8986,5.7665,5.2632,29.3671,29.9145,3.9326,10.2113,20.9964
2016-10-01,8.1034,6.6574,-5.7143,11.8812,-5.5118,13.2948,-0.335,30.4183
2016-11-01,-1.1254,5.4795,51.8519,-13.963,-5.6911,-9.7561,-2.447,9.2409
2016-12-01,3.0553,12.5174,8.3333,-12.2807,-31.3953,5.814,0.4926,30.2326
2017-01-01,11.2724,9.7222,-17.1429,16.3462,68.9655,0.0,16.4623,-6.9841
2017-02-01,5.2901,12.1715,37.5,-9.1127,-13.6,36.1582,7.3944,-8.9404
2017-03-01,13.7746,12.076,0.0,18.8953,35.7143,0.5435,10.9948,20.9125
2017-04-01,7.8448,5.3121,12.5,12.5333,12.6126,2.139,3.9861,17.5439
2017-05-01,0.249,6.2834,9.0909,-11.0849,16.0377,-1.6854,1.1925,-5.3892
2017-06-01,12.0033,9.3085,22.5806,16.0,-9.322,25.7143,7.6672,21.1921
2017-07-01,4.8414,13.6111,28.125,-10.9865,9.0909,-8.6735,4.2345,14.0288
2017-08-01,9.8251,8.6551,2.7778,12.5604,-5.6,-0.5263,6.2395,30.3754
2017-09-01,-2.3024,10.3723,-10.0,-20.3523,-15.1316,5.4054,-3.3546,1.1765
2017-10-01,8.134,10.7932,9.0909,3.5398,3.3333,0.0,10.084,11.0787
2017-11-01,5.6098,11.5584,0.0,-4.7733,-0.8621,-0.5405,8.0268,6.9486
2017-12-01,5.0481,6.5513,-2.5641,2.75,16.9492,19.7802,-0.9804,3.869
2018-01-01,1.0744,8.3544,55.1724,-14.0496,-29.2517,-14.1414,1.203,26.2799
2018-02-01,7.0502,6.6584,6.8182,7.9156,25.9259,-24.4813,4.7541,32.3636
2018-03-01,8.8836,2.5424,10.8108,21.5159,-3.7594,8.1081,6.2893,19.8113
2018-04-01,10.1519,9.0794,16.6667,11.6114,-17.6,1.5707,23.6667,1.194
2018-05-01,10.7616,8.0503,2.7778,17.2414,21.1382,21.7143,8.0808,5.6962
2018-06-01,-0.5913,5.1095,0.0,-10.142,13.0841,-18.6364,6.2121,-6.0109
2018-07-01,6.2102,8.0685,-26.8293,5.7935,12.5,5.0279,7.1875,2.5237
2018-08-01,-3.4875,2.9412,2.7027,-15.2361,-4.2373,2.6455,2.381,-15.9686
2018-09-01,3.2207,3.3735,19.4444,1.4742,-18.6047,-8.2051,13.719,-0.5814
2018-10-01,-6.1947,-0.3521,0.0,-17.3077,12.0968,-6.1224,-4.4275,-15.2231
2018-11-01,3.1563,-1.6298,7.3171,13.0326,13.0435,-3.8043,9.7523,-8.4746
2018-12-01,0.4577,-5.8005,5.2632,13.1387,-15.2174,-36.6972,16.8317,1.4327
2019-01-01,-4.7836,-6.8925,0.0,-0.9615,29.8077,4.7059,-8.0238,-12.973
2019-02-01,-2.6495,-7.9769,-19.1489,10.5134,2.9412,1.0989,6.5728,-22.8022
2019-03-01,-6.4982,-4.4864,-12.1951,-9.4567,-0.7812,-14.5,-0.5917,-14.6982
2019-04-01,-4.0639,-7.9769,14.2857,1.4862,36.8932,-3.0928,-12.1294,0.59
2019-05-01,0.6726,-3.0268,-2.7027,8.1448,-28.1879,-17.8404,10.9034,5.6886
2019-06-01,-3.4201,-1.8519,23.6842,-8.8036,5.7851,0.0,-6.5621,-2.0349
2019-07-01,3.3733,-2.1493,56.6667,11.1905,1.4815,-6.383,1.895,12.9231
2019-08-01,16.4179,7.8571,10.5263,35.1899,46.0177,0.0,20.0,8.7227
2019-09-01,11.796,5.3613,-6.9767,27.1186,28.5714,1.676,12.3547,10.8187
2019-10-01,19.7327,10.0118,30.5556,40.0517,23.0216,-1.087,26.6773,16.7183
2019-11-01,14.5522,11.716,-9.0909,22.1729,32.3077,19.209,8.4626,18.2099
2019-12-01,9.5672,15.0246,17.5,-0.6452,24.7863,46.3768,2.2599,4.8023
2020-01-01,19.2185,21.33,-11.1111,18.4466,26.6667,19.1011,19.7092,15.2174
2020-02-01,13.1415,23.3668,21.0526,-5.531,-6.4286,5.4348,11.4537,32.0285
2020-03-01,3.9382,8.0346,33.3333,-5.7778,-11.0236,-5.848,8.9286,4.6154
2020-04-01,-18.6082,-16.4573,-33.3333,-20.7113,-53.9007,-23.4043,-5.5215,-26.393
2020-05-01,-7.2012,-10.4442,16.6667,-3.3473,-2.8037,-2.2857,-4.2135,-16.9972
2020-06-01,2.6944,2.0047,-10.6383,5.6931,5.4688,8.9385,6.4122,-8.9021
2020-07-01,12.1102,16.9942,4.2553,3.8544,9.4891,38.6364,11.1588,2.1798
2020-08-01,3.4413,17.8808,30.9524,-23.221,-27.2727,2.0619,8.0103,8.596
2020-09-01,11.3683,26.3274,20.0,-15.0476,26.6667,20.3297,11.3842,1.5831
2020-10-01,5.9094,23.0193,19.1489,-24.7232,-14.0351,21.4286,7.9445,3.183
2020-11-01,10.9446,22.6695,45.0,-11.6152,-4.0698,10.4265,17.5553,4.6997
2020-12-01,21.4137,32.334,6.383,0.8658,2.0548,27.2277,24.3094,20.2156
2021-01-01,24.0803,28.5419,37.5,14.1393,8.7719,15.0943,27.3954,29.6496
2021-02-01,17.5945,13.0346,6.5217,29.274,32.0611,25.2577,14.0975,15.6334
2021-03-01,30.4606,34.0961,22.9167,23.8208,38.0531,46.5839,27.5956,26.4706
2021-04-01,59.9442,69.6241,50.0,43.7995,170.7692,55.5556,46.1039,67.7291
2021-05-01,36.24,50.134,33.3333,14.0693,45.1923,30.9942,35.044,38.9078
2021-06-01,23.988,25.5491,19.0476,21.3115,2.963,8.7179,31.5638,25.7329
2021-07-01,7.2445,5.6324,8.1633,10.5155,-11.3333,-10.6557,12.9987,14.4
2021-08-01,13.242,-0.1873,-18.1818,52.439,28.3333,8.5859,10.7656,16.3588
2021-09-01,0.2445,-7.1804,2.0833,19.0583,-21.6374,0.0,4.065,1.5584
2021-10-01,5.8277,-5.0479,-8.9286,38.4804,-11.5646,5.4299,4.6729,15.1671
2021-11-01,3.6406,-2.0725,-13.7931,19.3018,-4.8485,-7.7253,5.531,9.4763
2021-12-01,9.532,-7.3625,36.0,51.5021,89.2617,1.9455,5.4444,-4.4843
2022-01-01,3.504,0.0,3.6364,11.3106,-22.5806,11.4754,8.8983,-1.0395
2022-02-01,8.533,6.9369,14.2857,11.2319,9.2486,-4.1152,10.739,10.9557
2022-03-01,6.3781,-3.0717,-1.6949,28.381,25.641,1.2712,4.9251,5.3488
2022-04-01,8.0186,-3.6348,14.5833,31.5596,0.5682,12.9464,10.5556,3.0879
2022-05-01,0.0587,-7.8571,5.3571,16.3188,-7.2848,3.125,1.0858,-1.2285
2022-06-01,5.0181,-12.523,8.0,41.5058,28.0576,-4.2453,1.7448,9.5855
2022-07-01,2.7141,-13.377,7.5472,34.3284,20.3008,1.8349,6.492,-10.0233
2022-08-01,-10.3111,-16.8856,13.3333,-0.8,-4.5455,-5.5814,-9.7192,-15.873
2022-09-01,-2.439,-18.6792,12.2449,28.6252,14.9254,-2.7397,-4.0179,-4.6036
2022-10-01,-6.6198,-22.7314,9.8039,23.0088,-6.9231,-5.1502,1.7857,-24.1071
2022-11-01,-20.6232,-30.3351,12.0,-4.475,-14.0127,-7.4419,-17.1908,-36.9021
2022-12-01,-26.5242,-35.1965,-26.4706,-12.4646,-50.0,-31.2977,-18.9673,-24.8826
2023-01-01,-26.5625,-39.099,3.5088,-4.1935,-5.5556,-34.9265,-22.7626,-36.3445
2023-02-01,-12.8702,-32.519,-10.7143,24.9186,-21.164,-17.5966,-6.9864,-19.1176
2023-03-01,-20.7709,-25.7042,-3.4483,-13.9466,-13.7755,-15.4812,-19.4898,-29.3598
2023-04-01,-20.7101,-19.5032,10.9091,-24.9651,-26.5537,-28.4585,-17.8894,-20.2765
2023-05-01,-7.5704,-10.6589,-5.0847,-2.6101,20.7143,-12.987,-9.0226,-10.9453
2023-06-01,-15.7168,0.3158,0.0,-37.6535,-23.5955,-1.4778,-14.8982,-21.0402
2023-07-01,-10.6283,3.6717,-10.5263,-29.0278,-23.75,-10.3604,-8.7701,-9.8446
2023-08-01,0.2569,9.8194,21.5686,-15.1613,5.4422,4.9261,-0.9569,-1.6173
2023-09-01,-3.9375,14.2691,-5.4545,-26.7936,-14.9351,-5.6338,-0.1163,-7.2386
2023-10-01,-4.1405,16.6074,-5.3571,-29.2086,23.9669,-21.267,-5.1535,-0.2941
2023-11-01,7.2805,26.0759,-7.1429,-18.018,-15.5556,0.0,2.6582,36.8231
2023-12-01,7.7305,36.3881,4.0,-26.3754,-9.9291,12.2222,11.3134,4.375
2024-01-01,9.5745,37.2523,-11.8644,-23.569,8.8235,24.2938,4.0302,15.8416
2024-02-01,-2.534,28.839,16.0,-36.5059,50.3356,21.875,-10.7623,-16.1039
2024-03-01,-0.2703,16.8246,-8.9286,-24.3103,-17.7515,-2.9703,1.1407,7.1875
2024-04-01,-1.0176,12.3429,-8.1967,-21.9331,16.9231,-6.0773,2.3256,-13.0058
2024-05-01,-10.6667,4.013,-1.7857,-34.1709,-28.9941,-8.9552,-7.7922,-9.7765
2024-06-01,-0.2049,-0.8395,-11.1111,2.407,-13.2353,4.0,1.8892,-2.3952
2024-07-01,-5.6505,-1.5625,3.9216,-14.2857,14.7541,-2.5126,-7.7374,-9.4828
2024-08-01,-5.4452,-0.6166,-8.0645,-14.0684,-8.3871,-1.8779,-1.8116,-14.5205
2024-09-01,-6.7014,-2.335,15.3846,-17.6,-6.1069,1.4925,-10.4773,-2.3121
2024-10-01,-6.5445,-1.6277,0.0,-17.0732,-8.6667,14.9425,-12.0231,-2.6549
2024-11-01,0.3327,-2.3092,-1.9231,6.3736,17.5439,11.0553,0.3699,-10.5541
2024-12-01,-2.5675,-2.2727,9.6154,-4.6154,13.3858,9.4059,-6.0748,-6.8862
2025-01-01,-5.5016,-4.9086,7.6923,-8.37,-10.1351,0.0,-3.632,-11.396
2025-02-01,-7.7996,-3.876,0.0,-17.0431,-47.7679,2.1368,0.8794,-8.6687
2025-03-01,0.3388,-1.4199,13.7255,2.7335,-14.3885,6.6327,4.5113,-6.9971
2025-04-01,-2.536,-6.1038,8.9286,4.2857,-10.5263,14.1176,-8.8517,9.6346
2025-05-01,-0.924,-6.2565,-3.6364,12.4682,2.5,18.5792,-4.9936,-3.4056
2025-06-01,-4.6543,-8.3598,4.1667,1.9231,-12.7119,4.8077,-4.2027,-8.8957
2025-07-01,-5.1532,-7.4074,3.7736,-1.3699,-10.7143,13.9175,-5.7179,-13.0159
2025-08-01,-9.8916,-11.272,-8.7719,-7.0796,-14.7887,-3.3493,-14.0221,-1.2821
2025-09-01,-1.325,-8.5239,-6.6667,16.2621,19.5122,-0.4902,-1.6905,-8.5799
2025-10-01,-1.1905,-9.2037,3.7736,17.1569,7.2993,-1.0,-4.205,2.1212
2025-11-01,-7.9576,-7.9137,9.8039,-9.9174,-12.6866,-10.8597,-8.231,-3.5398
2025-12-01,-1.6892,-10.9201,-10.5263,20.5069,15.9722,-4.9774,-10.9453,16.3987
2026-01-01,-5.7534,-11.6397,-10.7143,8.8942,13.5338,4.0909,-13.191,-1.9293
