date,National Home Price Index YoY %,Atlanta YoY %,Boston YoY %,Charlotte YoY %,Chicago YoY %,Cleveland YoY %,Dallas YoY %,Denver YoY %,Detroit YoY %,Las Vegas YoY %,Los Angeles YoY %,Miami YoY %,Minneapolis YoY %,New York YoY %,Phoenix YoY %,Portland YoY %,San Diego YoY %,San Francisco YoY %,Seattle YoY %,Tampa YoY %,Washington DC YoY %
1988-01-01,7.65,,6.25,6.65,14.33,5.43,,-1.58,,0.42,15.73,4.57,,12.91,,1.29,9.53,12.24,,2.66,15.51
1988-02-01,7.52,,5.59,5.47,14.88,5.52,,-1.33,,-1.7,16.39,4.22,,11.11,,0.51,9.55,12.47,,1.7,15.59
1988-03-01,7.58,,4.83,6.01,17.69,6.51,,-2.62,,-1.6,17.05,4.26,,9.37,,2.0,10.45,12.6,,2.0,15.75
1988-04-01,7.44,,4.36,4.68,18.89,7.22,,-3.95,,-1.1,16.57,4.69,,8.19,,2.79,9.62,13.65,,2.37,16.0
1988-05-01,7.42,,4.08,4.24,18.2,6.46,,-4.75,,-0.51,16.84,4.81,,6.38,,3.26,9.53,16.07,,2.55,16.21
1988-06-01,7.29,,3.75,3.91,18.56,7.44,,-4.48,,1.09,18.49,6.1,,4.65,,3.08,8.2,19.08,,1.9,15.8
1988-07-01,7.29,,3.32,4.33,16.53,7.1,,-3.94,,2.87,21.22,6.41,,3.44,,3.09,13.16,18.52,,1.92,16.41
1988-08-01,7.26,,2.29,5.38,17.6,7.54,,-3.74,,4.48,22.67,6.99,,2.89,,3.84,13.79,18.07,,2.23,16.62
1988-09-01,7.29,,1.3,5.19,16.74,7.25,,-3.69,,4.88,24.21,6.63,,2.66,,4.55,14.24,17.31,,2.01,16.47
1988-10-01,7.23,,0.8,4.96,17.0,7.5,,-4.21,,4.5,25.25,6.44,,1.59,,5.08,15.23,17.57,,2.36,15.7
1988-11-01,7.29,,0.3,3.75,14.96,7.55,,-3.99,,2.42,26.53,6.35,,0.97,,5.72,16.17,18.33,,2.02,15.68
1988-12-01,7.23,,0.16,3.67,12.18,8.3,,-4.85,,2.01,26.62,6.66,,-0.15,,5.76,17.55,19.6,,1.94,16.77
1989-01-01,7.39,,-0.19,3.14,10.26,8.79,,-4.2,,3.13,27.18,6.84,,0.19,,6.32,18.58,20.09,,1.34,16.76
1989-02-01,7.39,,0.77,4.14,8.77,8.47,,-4.13,,4.84,27.34,7.19,,-0.27,,7.54,20.29,20.41,,1.96,16.62
1989-03-01,7.38,,1.45,3.91,8.63,7.37,,-3.12,,5.57,28.92,6.68,,-0.33,,6.54,21.54,21.71,,2.99,16.0
1989-04-01,7.3,,1.16,4.35,8.45,6.73,,-2.61,,3.8,30.12,6.64,,-0.96,,6.89,23.37,22.3,,2.89,15.55
1989-05-01,6.93,,0.31,4.75,7.52,7.51,,-1.56,,3.26,30.48,6.11,,-1.5,,6.71,24.59,20.75,,3.0,14.54
1989-06-01,6.48,,-0.65,4.93,6.11,6.56,,-1.18,,5.96,28.4,5.56,,-1.95,,7.75,27.17,18.84,,2.22,13.69
1989-07-01,6.03,,-1.13,4.51,5.67,6.84,,-1.5,,6.09,25.13,5.31,,-2.76,,7.97,22.36,19.63,,1.68,12.3
1989-08-01,5.62,,-1.88,3.16,3.87,7.13,,-1.59,,6.54,22.87,4.79,,-3.14,,7.84,22.68,20.89,,0.66,11.52
1989-09-01,5.28,,-2.28,2.82,3.17,7.38,,-1.27,,6.32,20.58,3.99,,-3.59,,8.06,22.73,21.47,,1.29,10.55
1989-10-01,5.02,,-2.52,2.76,1.49,7.26,,-0.28,,7.3,18.81,3.68,,-3.19,,8.25,22.16,20.81,,1.5,10.18
1989-11-01,4.72,,-2.21,3.81,1.78,6.34,,0.76,,8.99,17.28,3.11,,-3.48,,8.66,20.87,19.49,,2.09,9.16
1989-12-01,4.41,,-2.27,3.91,1.7,6.35,,1.64,,10.37,16.26,3.28,,-3.59,,10.18,19.68,17.5,,1.54,8.04
1990-01-01,3.99,,-1.91,4.18,1.5,5.44,,1.62,,9.85,14.86,3.37,1.15,-4.08,-1.46,11.61,18.13,16.36,,2.32,7.48
1990-02-01,3.59,,-3.05,3.81,-0.45,6.3,,1.92,,8.61,13.5,3.47,1.35,-3.9,-1.36,12.89,16.46,15.24,,2.17,6.68
1990-03-01,3.24,,-4.45,3.59,-1.67,6.64,,2.03,,8.68,10.8,3.06,2.44,-4.02,-1.89,12.81,14.29,13.78,,1.85,5.63
1990-04-01,2.92,,-4.97,3.63,-1.67,7.99,,2.22,,10.38,8.58,2.44,2.2,-4.37,-1.74,13.48,12.85,12.55,,0.95,4.77
1990-05-01,2.65,,-5.8,3.35,-0.72,7.06,,1.83,,11.56,6.16,2.73,2.24,-4.72,-2.17,14.16,11.28,10.81,,0.45,3.71
1990-06-01,2.36,,-6.07,3.57,-0.38,7.61,,2.05,,10.03,4.81,2.63,1.32,-4.84,-1.62,16.01,9.74,8.44,,0.59,2.69
1990-07-01,1.96,,-6.51,3.15,0.47,7.36,,2.42,,10.97,3.38,2.55,1.24,-4.72,-1.4,17.68,8.31,6.4,,0.94,1.68
1990-08-01,1.55,,-6.17,3.33,0.29,6.83,,2.51,,11.31,2.47,2.06,0.43,-5.35,-1.03,19.27,6.54,4.29,,1.47,0.52
1990-09-01,1.05,,-6.04,3.09,1.09,6.33,,2.43,,11.28,1.26,1.82,0.4,-5.96,-1.32,20.68,5.08,2.64,,0.5,-0.54
1990-10-01,0.55,,-6.37,2.92,0.94,5.8,,1.61,,11.01,0.12,1.35,0.46,-6.7,-1.13,20.4,3.49,0.66,,-0.33,-1.01
1990-11-01,-0.19,,-8.04,1.67,1.56,6.35,,1.34,,9.58,-1.9,1.56,-0.01,-6.95,-1.67,19.55,2.35,-0.88,,-0.96,-1.49
1990-12-01,-0.68,,-9.33,1.28,1.54,5.5,,1.08,,9.14,-3.23,0.8,0.25,-7.04,-1.58,16.65,0.55,-2.09,,-0.45,-2.05
1991-01-01,-1.28,,-10.65,0.82,2.14,5.27,,1.45,,7.33,-4.88,-0.18,0.62,-7.76,-1.95,14.37,-0.71,-2.32,12.52,-0.6,-3.92
1991-02-01,-1.71,,-11.15,0.46,3.49,4.28,,1.28,,8.49,-6.01,-1.19,0.84,-8.49,-1.83,13.35,-2.56,-3.65,7.62,-0.75,-4.7
1991-03-01,-2.12,,-10.72,-0.27,2.96,4.16,,1.16,,7.25,-7.15,-1.01,0.28,-8.95,-2.77,15.48,-4.15,-5.34,3.46,-1.89,-5.76
1991-04-01,-2.22,,-10.63,-0.37,2.53,3.85,,1.62,,6.44,-7.18,-0.88,-0.28,-8.92,-3.22,14.19,-5.07,-6.87,-0.01,-1.45,-6.05
1991-05-01,-1.99,,-9.35,-0.32,2.0,4.23,,2.23,,5.78,-6.46,-1.81,0.05,-8.13,-3.13,13.43,-4.9,-6.68,-1.21,-1.74,-4.79
1991-06-01,-1.64,,-8.47,-0.83,1.52,3.8,,2.71,,4.49,-6.04,-1.67,0.38,-6.94,-2.51,11.13,-4.5,-5.77,-2.01,-0.95,-3.99
1991-07-01,-1.37,,-7.7,-0.74,1.3,3.87,,3.44,,4.64,-5.25,-1.75,1.62,-5.6,-1.62,9.45,-4.08,-4.58,-1.97,-1.11,-3.51
1991-08-01,-1.17,,-6.98,-1.03,1.72,3.52,,3.77,,3.8,-4.83,-0.6,2.51,-4.26,-1.05,7.48,-3.98,-3.97,-2.23,-0.65,-3.52
1991-09-01,-0.85,,-6.51,-0.94,1.44,3.79,,3.89,,4.76,-4.4,-0.76,2.89,-2.98,-0.31,5.61,-4.18,-3.62,-1.64,-0.68,-3.22
1991-10-01,-0.82,,-5.84,-0.68,2.07,3.79,,4.44,,1.76,-4.21,-0.43,1.9,-2.29,-0.14,5.75,-3.84,-3.01,-1.62,-0.33,-3.1
1991-11-01,-0.47,,-4.86,0.25,1.98,3.7,,4.7,,0.26,-3.75,-0.6,1.99,-1.67,1.06,5.76,-3.78,-2.54,-1.13,0.08,-2.56
1991-12-01,-0.17,,-3.6,0.44,3.2,3.58,,5.32,,1.38,-3.53,-0.47,2.05,-1.12,0.91,7.74,-3.21,-1.97,-1.03,0.03,-2.71
1992-01-01,0.23,0.64,-2.68,0.32,3.65,4.19,,5.28,2.27,2.4,-2.91,0.0,2.26,0.02,1.16,8.61,-3.14,-2.14,0.1,-0.31,-1.26
1992-02-01,0.57,1.01,-1.84,0.42,3.69,4.73,,6.74,2.95,1.76,-2.25,-0.08,3.1,0.95,0.9,8.14,-2.42,-1.11,1.33,-1.66,-1.17
1992-03-01,0.94,1.3,-0.99,0.76,4.15,5.18,,8.17,3.31,1.17,-1.98,0.26,3.67,1.87,2.03,6.04,-1.11,-0.59,2.58,-1.39,0.49
1992-04-01,1.04,0.72,0.57,0.5,2.79,4.39,,8.66,3.98,0.93,-2.45,0.54,4.13,2.89,2.26,5.71,-0.64,-0.32,2.73,-1.02,1.05
1992-05-01,0.84,0.85,0.41,0.26,2.83,3.93,,8.57,3.87,1.05,-3.24,1.82,3.62,2.82,2.53,5.6,-1.33,-0.4,2.35,-0.3,0.37
1992-06-01,0.44,0.64,0.13,0.16,3.94,3.69,,8.12,3.45,1.05,-4.14,1.61,3.66,2.18,1.86,5.3,-2.41,-1.13,1.89,-0.65,-0.08
1992-07-01,0.24,1.67,-0.11,0.69,4.63,3.27,,7.57,3.14,-0.69,-5.09,-0.73,2.86,1.42,1.19,5.05,-3.09,-1.96,1.62,-1.33,-0.56
1992-08-01,0.17,1.49,-0.2,1.12,4.44,3.57,,7.69,3.14,-1.48,-5.65,-1.97,2.6,1.16,0.93,5.59,-3.26,-2.63,1.16,-1.84,-0.15
1992-09-01,0.06,1.78,-0.36,1.67,4.54,3.51,,8.02,3.31,-2.81,-6.14,-2.03,2.13,0.94,0.76,6.16,-3.21,-2.85,0.74,-1.45,-0.09
1992-10-01,0.4,1.26,-0.12,1.15,4.66,3.83,,7.85,2.86,-0.03,-6.94,0.3,3.14,0.66,1.09,6.05,-4.29,-2.67,1.91,-0.1,0.19
1992-11-01,0.72,1.77,0.27,0.89,4.89,4.01,,8.23,2.75,2.11,-7.3,0.54,3.45,0.77,0.63,7.1,-4.33,-2.54,2.14,0.16,0.0
1992-12-01,0.82,2.03,1.04,0.87,3.88,4.4,,8.33,2.79,0.08,-7.86,1.09,3.32,0.85,0.96,6.05,-4.74,-2.65,2.67,-0.28,0.39
1993-01-01,0.91,2.09,2.05,1.35,3.52,4.32,,8.94,3.04,-0.57,-8.13,1.04,3.13,1.32,1.27,5.76,-3.97,-2.76,2.85,-0.2,0.55
1993-02-01,0.89,1.94,2.19,1.57,3.11,3.8,,7.94,3.07,-0.59,-8.55,1.76,2.22,1.43,1.44,5.54,-4.44,-2.91,3.25,0.97,1.2
1993-03-01,0.77,2.17,1.59,1.73,3.14,3.18,,7.32,2.7,0.1,-9.03,1.38,2.63,1.38,1.9,5.94,-5.05,-3.03,2.96,2.09,0.9
1993-04-01,0.77,2.86,0.48,1.6,4.23,3.38,,6.67,2.31,-0.25,-9.46,1.47,2.9,1.2,2.18,7.14,-5.92,-2.43,1.56,2.2,0.11
1993-05-01,0.84,3.18,0.75,1.6,4.46,3.78,,7.0,2.42,-1.5,-9.71,1.63,3.48,1.32,2.58,7.56,-6.1,-2.82,0.84,1.91,-0.56
1993-06-01,1.19,3.31,1.56,2.07,4.27,3.96,,7.84,3.02,-1.46,-9.69,1.96,3.12,1.7,2.81,8.47,-6.09,-2.9,0.39,1.42,-0.25
1993-07-01,1.53,2.88,2.47,1.91,3.54,4.29,,8.63,3.39,-0.93,-9.97,4.79,3.43,1.8,3.33,8.93,-6.39,-3.38,0.34,2.03,0.36
1993-08-01,1.81,3.0,2.76,1.76,3.53,4.02,,9.45,3.56,0.0,-10.62,5.41,3.66,1.56,3.44,8.2,-6.42,-2.92,1.34,2.77,0.5
1993-09-01,2.04,3.22,3.04,1.35,3.43,4.25,,9.92,3.5,0.49,-10.5,6.32,4.57,1.66,4.15,8.18,-6.03,-2.87,2.73,3.76,0.44
1993-10-01,2.05,3.87,2.9,1.98,3.4,4.33,,10.99,4.12,0.22,-10.27,4.13,4.59,1.93,4.3,8.26,-4.98,-2.99,2.55,2.9,0.04
1993-11-01,2.08,3.69,3.42,2.67,3.31,4.81,,11.2,4.74,0.52,-9.71,3.74,4.84,2.06,4.96,8.43,-4.64,-2.94,3.06,2.12,-0.18
1993-12-01,2.15,4.11,3.18,3.2,4.3,5.22,,11.95,4.83,1.09,-9.61,3.59,4.64,1.86,5.17,8.84,-4.36,-2.85,3.03,1.6,0.03
1994-01-01,2.35,4.52,3.02,3.31,5.5,5.34,,11.92,4.81,1.71,-9.21,4.4,5.53,1.46,5.57,9.04,-4.36,-2.65,3.46,1.76,-0.09
1994-02-01,2.46,5.34,3.26,3.31,5.48,5.66,,12.49,4.83,0.9,-8.52,5.38,6.4,1.35,5.98,9.43,-3.75,-2.4,2.57,2.39,-0.29
1994-03-01,2.58,5.19,4.08,3.56,5.07,5.59,,12.27,5.49,1.05,-7.6,6.44,6.86,1.65,6.03,9.67,-3.4,-1.09,2.32,2.27,-0.15
1994-04-01,2.67,4.56,5.13,3.95,5.08,5.54,,12.95,5.37,1.93,-6.89,5.91,6.17,2.01,6.5,9.27,-2.49,-0.84,3.47,1.72,0.61
1994-05-01,2.83,4.34,4.78,4.2,5.05,5.49,,13.0,5.42,4.25,-6.55,5.07,5.53,2.4,6.43,9.44,-1.72,-0.33,4.95,1.69,1.48
1994-06-01,2.82,4.42,4.58,4.17,4.3,5.38,,12.76,5.24,4.89,-6.13,4.84,5.22,2.26,6.61,9.0,-0.81,0.21,5.67,2.03,1.63
1994-07-01,2.79,4.48,4.04,4.42,4.01,5.16,,12.16,5.42,5.25,-5.16,4.71,4.46,2.52,6.69,9.36,0.09,1.06,5.83,2.97,1.53
1994-08-01,2.79,4.53,3.89,5.02,4.23,5.3,,11.36,5.54,4.46,-3.87,4.84,4.16,2.71,7.04,10.04,0.01,1.09,4.94,2.91,1.3
1994-09-01,2.73,4.22,3.94,5.53,4.32,4.88,,10.6,5.74,3.98,-3.3,4.63,3.33,2.73,6.92,10.11,-0.76,1.06,4.0,2.08,1.42
1994-10-01,2.72,4.54,4.21,5.38,4.49,4.77,,9.88,5.56,3.77,-2.34,4.41,3.13,2.54,7.01,9.53,-0.71,1.53,3.68,1.36,1.59
1994-11-01,2.56,4.83,3.88,4.68,4.19,4.47,,9.37,5.17,3.35,-2.25,4.9,2.76,2.14,6.67,8.51,-1.14,1.99,3.37,1.67,1.84
1994-12-01,2.51,4.94,3.4,4.39,3.48,3.94,,8.57,5.52,4.09,-1.52,4.98,2.37,2.2,6.81,8.01,-0.9,2.52,3.17,2.9,1.25
1995-01-01,2.33,4.64,2.96,4.59,2.11,3.57,,8.18,6.89,3.98,-1.32,4.27,1.97,2.24,6.54,8.49,-1.64,2.67,2.75,3.66,0.77
1995-02-01,2.29,4.23,2.9,5.09,2.47,3.25,,7.61,9.53,4.58,-1.84,2.8,2.19,2.44,6.43,8.33,-1.27,2.51,2.27,2.86,0.65
1995-03-01,2.21,4.13,2.46,4.91,2.75,3.42,,7.29,8.69,4.36,-1.92,1.86,2.12,1.72,5.94,8.54,-1.37,0.6,2.24,2.09,0.1
1995-04-01,2.12,4.09,1.4,5.04,2.67,3.87,,6.48,7.56,4.58,-2.24,1.92,2.71,1.1,5.57,7.46,-1.48,-0.02,1.27,2.15,-0.39
1995-05-01,1.87,3.69,1.71,5.07,2.17,3.74,,6.32,7.09,3.17,-2.02,2.06,3.14,0.6,5.54,6.79,-2.32,-0.64,0.48,2.23,-0.95
1995-06-01,1.71,3.38,1.85,5.35,2.36,4.41,,5.75,6.98,2.45,-2.46,1.96,3.66,0.48,5.94,7.17,-3.14,-1.02,0.04,2.92,-1.58
1995-07-01,1.69,3.32,2.25,5.44,2.71,4.04,,5.85,6.83,1.88,-2.5,1.53,4.33,0.27,5.87,7.17,-3.3,-1.0,0.69,2.25,-1.79
1995-08-01,1.67,3.58,2.55,5.43,2.72,4.38,,5.83,6.95,2.63,-2.79,1.47,4.52,0.12,5.71,7.77,-2.76,-0.98,1.36,2.15,-1.59
1995-09-01,1.74,3.9,2.46,5.63,2.78,4.43,,6.29,7.31,2.87,-2.93,1.25,4.67,0.12,5.2,7.43,-2.06,-0.64,1.59,2.14,-1.4
1995-10-01,1.77,3.71,2.17,5.9,2.32,4.55,,6.29,7.54,3.06,-3.21,1.38,3.66,0.29,5.23,7.86,-2.21,-1.21,1.55,2.7,-1.42
1995-11-01,1.83,3.35,1.92,6.28,2.64,4.1,,6.21,7.99,2.85,-3.19,1.01,3.71,0.46,5.29,7.74,-2.39,-1.68,1.32,2.88,-1.65
1995-12-01,1.79,3.12,2.16,6.29,2.56,4.02,,6.01,7.75,2.18,-3.22,0.78,4.44,0.46,5.29,8.33,-2.22,-2.14,1.55,2.17,-1.45
1996-01-01,1.75,3.28,2.74,6.04,2.9,3.7,,5.56,6.68,2.14,-3.22,0.59,4.35,0.48,5.38,7.82,-1.59,-2.25,0.92,1.44,-1.13
1996-02-01,1.77,3.48,2.82,5.97,2.15,4.23,,5.35,4.69,2.17,-2.87,0.93,3.71,0.55,5.45,8.33,-1.53,-2.07,1.77,1.75,-1.19
1996-03-01,1.98,3.56,3.28,7.42,2.11,4.6,,5.45,5.61,1.94,-2.53,0.47,2.72,1.19,5.83,7.75,-1.69,-1.35,2.46,2.5,-0.88
1996-04-01,2.18,3.89,3.88,7.83,3.01,4.89,,6.06,7.44,1.71,-1.99,0.73,2.15,1.48,6.0,9.02,-1.51,-1.06,3.31,2.66,-0.29
1996-05-01,2.36,4.13,3.94,8.28,3.33,4.71,,6.04,8.1,1.9,-1.49,0.75,1.96,1.71,5.97,9.42,-0.77,-0.48,3.26,2.42,-0.07
1996-06-01,2.43,4.38,3.88,7.28,3.26,4.05,,5.71,8.43,2.48,-0.54,0.7,2.33,1.19,5.51,8.97,-0.37,0.14,3.6,1.7,0.13
1996-07-01,2.46,4.0,3.93,6.38,2.81,4.65,,5.31,8.64,2.62,-0.52,1.0,2.73,1.25,5.44,8.47,-0.51,0.38,2.8,1.32,0.16
1996-08-01,2.44,3.89,4.15,5.8,2.65,4.31,,4.82,8.73,2.01,-0.31,0.66,2.76,1.44,5.37,7.5,-1.04,0.79,2.92,1.21,-0.01
1996-09-01,2.4,3.84,4.13,4.93,2.53,4.3,,4.52,8.46,1.32,-0.26,0.86,2.94,1.6,5.48,8.25,-0.67,1.03,2.3,1.0,-0.13
1996-10-01,2.33,3.82,4.54,4.69,2.75,3.89,,4.5,8.55,0.84,0.13,0.57,4.16,1.55,5.18,8.84,-0.38,1.92,2.58,1.28,0.07
1996-11-01,2.37,3.94,4.8,4.73,2.68,3.89,,4.74,8.32,0.53,0.53,0.82,4.49,1.49,4.98,10.02,0.62,3.03,2.42,1.17,0.31
1996-12-01,2.43,3.67,5.59,4.68,2.97,3.94,,4.96,8.15,1.14,0.78,0.55,4.53,1.7,4.58,9.75,0.56,3.53,2.61,1.83,0.04
1997-01-01,2.59,3.59,5.56,4.87,2.68,3.63,,5.09,7.84,1.79,0.83,0.71,4.5,1.88,4.47,9.67,0.93,4.13,3.49,1.64,0.14
1997-02-01,2.71,3.19,5.56,4.43,3.11,4.03,,5.27,6.86,2.38,0.76,0.63,4.26,1.74,4.35,9.77,0.99,4.38,4.17,1.44,0.49
1997-03-01,2.75,3.33,5.55,3.6,3.35,3.86,,5.31,7.42,2.76,1.27,1.35,4.0,1.37,4.33,10.21,1.69,5.73,4.24,0.11,0.82
1997-04-01,2.67,3.49,5.68,2.71,2.47,3.0,,5.06,7.38,2.06,1.92,1.38,3.83,1.34,4.32,9.76,1.99,6.85,5.33,0.51,0.06
1997-05-01,2.72,3.83,6.01,2.21,2.15,3.04,,4.93,7.59,1.87,2.39,1.37,4.51,1.48,4.33,9.18,2.13,7.5,6.6,0.88,0.06
1997-06-01,2.81,3.72,6.12,2.58,1.97,2.54,,5.47,7.46,1.67,2.75,1.34,4.37,2.55,4.16,7.86,3.09,7.9,7.63,1.07,0.21
1997-07-01,2.9,3.98,5.96,3.35,2.4,2.83,,5.82,7.12,2.06,3.28,1.12,5.36,2.95,3.81,7.48,3.76,8.31,9.02,1.32,0.34
1997-08-01,2.99,3.82,5.68,3.56,2.64,2.44,,6.48,6.76,2.64,4.21,1.19,5.25,2.99,3.61,6.79,5.07,8.93,8.94,1.52,0.53
1997-09-01,3.12,4.05,6.06,4.18,2.84,2.85,,6.15,7.0,3.09,4.81,1.35,4.19,2.89,3.88,5.94,5.13,9.32,9.98,1.89,0.62
1997-10-01,3.32,4.09,6.38,4.41,2.93,2.38,,6.15,6.89,3.59,5.46,1.88,4.12,3.07,4.36,4.43,6.08,9.93,9.87,1.47,0.82
1997-11-01,3.69,4.29,7.0,4.09,3.25,3.09,,6.15,7.02,3.82,6.01,2.04,3.63,3.64,4.69,3.77,6.36,9.78,10.77,1.61,0.93
1997-12-01,4.03,4.52,6.86,3.77,3.39,3.08,,6.46,7.05,3.4,7.24,2.64,3.77,3.83,4.95,3.52,8.13,10.54,11.34,1.54,1.46
1998-01-01,4.36,4.69,7.09,3.29,4.24,4.08,,6.98,7.35,2.71,8.72,3.03,3.62,4.1,4.97,3.11,8.84,10.86,11.56,2.4,1.5
1998-02-01,4.55,4.91,7.57,3.4,4.64,3.55,,6.93,8.21,2.14,10.47,3.39,4.43,4.74,5.12,2.07,9.81,11.23,12.21,2.75,1.4
1998-03-01,4.73,5.32,7.73,2.85,4.46,3.29,,6.64,7.52,3.13,11.85,3.17,4.76,5.4,4.96,1.56,11.01,10.86,12.28,3.91,1.13
1998-04-01,5.03,5.5,8.21,3.08,4.31,3.67,,6.76,7.38,3.43,12.12,3.02,5.81,5.88,4.98,1.55,12.05,11.04,11.74,3.45,1.83
1998-05-01,5.31,5.64,8.75,3.37,4.72,3.84,,7.11,7.17,3.32,12.71,3.14,5.53,6.22,5.13,1.79,13.06,11.73,11.17,3.26,2.15
1998-06-01,5.6,5.91,9.4,3.7,5.38,4.8,,7.41,7.1,2.73,13.46,3.7,5.73,6.25,5.76,2.86,13.5,12.56,10.96,3.45,2.61
1998-07-01,5.83,5.96,10.08,3.46,5.26,4.31,,7.63,7.22,2.41,14.77,4.34,4.62,6.58,6.47,3.08,14.42,13.16,10.53,3.94,2.85
1998-08-01,6.09,6.09,10.64,3.5,5.24,4.65,,7.97,7.45,2.08,15.25,4.52,5.0,6.98,6.71,3.82,14.9,13.51,10.68,3.86,2.99
1998-09-01,6.3,5.81,11.31,3.24,4.9,4.2,,8.68,7.15,2.38,16.15,4.37,6.12,7.52,6.58,3.87,15.59,13.93,10.76,4.24,3.07
1998-10-01,6.46,6.28,10.99,3.29,4.74,4.85,,9.17,7.12,2.15,16.03,3.96,6.47,7.77,6.19,4.46,15.1,13.23,11.07,4.2,3.19
1998-11-01,6.42,6.45,10.51,3.31,3.58,4.55,,9.41,7.25,2.58,15.72,3.85,7.43,7.77,6.26,4.22,14.96,12.54,10.94,4.55,3.63
1998-12-01,6.45,6.75,10.72,3.67,3.67,4.67,,9.23,7.96,2.61,14.86,3.59,7.82,7.55,6.52,4.4,13.85,11.63,10.12,4.11,3.94
1999-01-01,6.38,6.81,11.69,3.97,3.05,4.59,,9.72,8.51,3.23,13.7,3.55,8.49,7.32,6.71,4.94,14.09,11.69,9.74,3.65,4.53
1999-02-01,6.44,6.92,12.39,4.01,3.29,4.56,,10.43,8.53,3.42,12.81,3.7,8.45,7.23,6.74,5.42,14.08,12.28,8.69,3.71,4.66
1999-03-01,6.53,7.01,12.45,4.7,3.22,5.0,,11.84,8.35,2.02,11.63,4.37,9.05,7.47,7.22,4.44,13.55,12.75,8.78,3.79,5.07
1999-04-01,6.65,6.69,12.46,5.28,4.4,5.2,,12.14,7.68,2.2,11.83,5.07,9.48,8.03,7.48,4.05,12.69,12.59,8.84,4.35,5.49
1999-05-01,6.69,6.73,12.33,5.18,4.88,5.17,,12.29,7.57,2.96,11.52,5.18,9.55,8.16,7.38,3.96,12.03,12.16,8.97,4.96,5.52
1999-06-01,6.82,6.76,12.09,5.09,5.19,4.51,,12.42,7.76,3.95,11.08,4.4,9.81,8.73,7.1,4.08,11.91,12.14,8.99,5.09,5.8
1999-07-01,6.96,7.15,12.53,4.99,5.25,4.39,,12.7,8.35,4.16,10.01,4.46,10.04,8.92,6.94,3.99,11.52,12.76,8.52,5.04,6.28
1999-08-01,7.09,7.23,12.67,4.88,5.45,4.67,,13.02,8.51,3.99,9.27,4.71,10.74,9.53,7.37,3.85,11.26,12.88,8.57,5.15,6.79
1999-09-01,7.24,7.35,12.76,4.87,5.93,4.86,,13.73,8.9,4.0,8.43,5.18,11.78,9.71,7.72,3.68,11.28,13.21,8.53,5.1,7.21
1999-10-01,7.42,7.22,13.44,4.25,6.64,5.15,,13.93,8.92,4.33,8.32,5.16,12.18,9.98,8.08,3.69,11.76,13.89,8.86,5.78,7.13
1999-11-01,7.54,7.11,14.26,4.1,7.92,5.35,,13.88,8.87,4.46,8.7,5.54,11.97,10.24,8.09,3.02,12.31,15.67,8.96,5.5,6.93
1999-12-01,7.69,7.36,14.32,4.34,8.08,5.42,,14.0,8.71,4.41,9.31,6.14,11.88,10.94,8.07,2.5,12.57,17.13,9.11,6.29,7.04
2000-01-01,7.88,7.25,13.09,4.47,8.2,5.33,,13.75,8.34,4.31,9.65,6.38,11.44,11.67,8.27,1.88,12.21,17.65,9.02,6.36,7.1
2000-02-01,8.18,7.67,12.51,4.58,8.44,4.92,,13.63,8.4,4.25,10.06,6.4,11.48,11.85,8.15,2.02,12.37,19.44,9.2,6.7,7.7
2000-03-01,8.39,7.29,12.45,3.87,9.4,4.91,,13.07,8.44,4.9,10.54,6.28,11.34,11.8,8.18,2.84,13.16,21.57,9.65,6.94,8.39
2000-04-01,8.58,7.95,13.23,4.27,9.25,5.02,,12.93,8.69,4.89,10.36,6.43,11.57,11.77,7.96,3.39,14.28,24.19,9.28,7.16,8.83
2000-05-01,8.74,7.81,13.99,3.85,9.39,5.11,,13.78,8.88,4.84,10.18,6.83,12.35,12.81,8.27,2.99,15.09,26.49,9.2,7.54,9.46
2000-06-01,8.8,8.18,15.06,3.95,9.54,4.9,,14.47,8.84,4.42,10.07,7.62,12.69,12.79,8.49,2.6,15.84,27.98,8.41,7.94,9.45
2000-07-01,8.76,7.64,14.56,3.28,9.73,4.63,,14.75,8.48,4.53,10.01,7.13,12.61,12.72,8.27,2.55,16.18,26.88,8.45,8.18,9.68
2000-08-01,8.79,7.58,14.62,3.31,9.52,4.37,,14.38,7.91,5.13,10.08,7.27,12.24,12.5,7.87,2.5,16.47,26.28,7.96,8.18,9.98
2000-09-01,8.87,7.15,14.57,3.01,9.17,4.29,,14.02,7.43,5.39,10.45,7.38,11.83,12.43,7.53,2.47,16.19,25.96,7.56,8.08,10.54
2000-10-01,8.99,7.03,15.03,3.41,8.43,4.36,,13.96,7.2,5.74,10.66,8.32,11.8,12.5,7.16,2.34,15.76,27.37,6.66,7.95,10.99
2000-11-01,9.23,7.02,15.61,3.64,8.12,3.97,,14.42,7.53,5.52,10.83,8.99,12.43,12.44,6.91,2.84,16.34,28.36,6.35,9.32,11.7
2000-12-01,9.31,6.65,16.53,2.8,7.99,4.17,,14.92,7.24,5.68,10.35,9.41,12.15,12.57,6.39,3.56,16.87,30.02,6.73,10.16,12.3
2001-01-01,9.24,6.67,17.75,2.85,8.31,3.99,6.48,14.74,7.17,5.35,10.89,10.3,13.14,12.55,5.97,3.99,17.6,31.14,6.62,10.81,12.81
2001-02-01,9.04,6.06,18.17,2.74,8.0,4.32,5.18,14.98,6.57,5.22,10.64,10.55,13.4,12.85,5.89,3.56,17.32,29.67,6.15,10.83,13.46
2001-03-01,8.79,6.04,18.42,2.83,7.74,3.76,6.21,14.12,6.58,5.47,10.61,11.06,14.52,12.99,5.64,3.49,17.51,25.71,5.05,10.81,13.55
2001-04-01,8.48,5.5,17.63,1.56,7.62,2.99,6.41,14.46,6.51,6.25,10.06,11.29,13.89,12.83,5.68,3.18,16.7,20.99,5.36,10.89,14.12
2001-05-01,8.19,5.21,16.19,1.93,7.37,3.03,6.11,13.25,6.11,6.56,9.85,11.7,13.29,11.5,5.55,3.8,16.0,16.57,4.82,10.03,13.66
2001-06-01,8.02,4.96,15.3,1.59,7.3,3.56,6.63,12.22,5.68,7.07,9.5,12.09,13.32,11.32,5.13,4.31,14.27,12.0,5.08,10.53,13.74
2001-07-01,8.03,5.13,15.31,2.53,7.71,4.46,6.13,11.16,5.45,7.43,9.45,12.96,13.98,11.4,5.22,4.83,13.57,9.69,4.82,10.59,13.47
2001-08-01,7.94,5.24,15.27,2.05,8.3,4.69,6.01,10.67,5.94,7.51,9.72,13.35,13.75,11.63,5.13,5.23,12.71,7.8,5.07,11.79,13.26
2001-09-01,7.77,5.62,15.06,2.16,8.8,4.64,5.18,9.91,5.93,7.51,9.69,13.71,13.58,12.09,5.06,5.38,12.71,6.45,5.29,11.54,12.94
2001-10-01,7.38,5.34,14.31,1.62,8.92,3.68,5.4,8.92,5.75,7.07,9.66,14.13,13.2,12.12,5.15,5.35,12.94,4.02,5.46,11.61,12.98
2001-11-01,6.97,4.85,13.43,1.29,8.68,3.1,4.86,7.55,4.56,7.55,9.38,14.24,12.71,12.44,5.01,4.94,12.23,0.97,5.3,10.5,12.57
2001-12-01,6.7,4.43,11.59,1.56,8.27,2.06,5.09,6.18,4.29,7.58,9.55,13.9,12.75,11.39,5.32,4.13,11.14,-2.47,4.45,9.18,12.25
2002-01-01,6.64,4.29,10.53,1.21,7.88,2.24,4.95,5.71,3.86,8.21,9.53,12.93,11.53,11.02,5.41,4.13,9.6,-4.66,4.7,8.56,11.82
2002-02-01,6.65,4.51,9.44,1.34,7.85,2.45,4.03,4.72,4.32,8.32,9.82,12.92,10.9,10.37,5.53,4.46,9.64,-5.52,4.96,8.05,11.64
2002-03-01,6.82,4.52,9.39,1.54,7.58,2.86,3.81,5.0,3.97,7.87,9.88,12.81,10.08,10.41,5.35,5.74,8.89,-3.98,5.02,9.38,11.38
2002-04-01,7.13,4.08,9.6,2.2,7.5,3.41,3.16,4.06,3.63,6.9,10.66,12.83,10.0,10.59,5.18,5.35,9.96,-1.3,4.12,9.04,10.95
2002-05-01,7.63,3.95,10.96,1.84,7.36,3.17,3.1,3.99,3.65,6.56,11.66,13.09,10.09,11.55,5.05,5.26,11.15,1.57,4.11,9.83,11.77
2002-06-01,8.0,3.61,11.52,1.81,6.92,3.28,2.45,3.57,3.88,6.24,12.99,13.51,9.63,12.21,5.19,4.42,12.87,5.15,3.93,9.03,12.14
2002-07-01,8.28,3.64,11.89,1.26,6.7,2.8,2.5,3.56,3.99,5.91,14.16,13.96,9.1,13.11,5.01,4.59,14.04,7.81,4.06,9.21,13.15
2002-08-01,8.46,3.48,12.1,2.01,6.41,2.34,2.65,3.02,3.74,5.68,15.1,14.05,9.14,13.61,4.94,3.7,15.76,9.96,3.8,8.41,13.82
2002-09-01,8.68,3.16,12.53,2.22,6.36,1.99,2.91,2.6,3.56,5.46,15.97,14.27,8.68,13.81,4.77,3.57,16.59,10.66,3.45,8.85,14.38
2002-10-01,9.04,3.19,12.94,2.66,6.72,2.41,2.39,2.71,3.4,6.32,17.1,14.18,9.0,14.38,4.57,3.5,17.51,11.39,3.44,8.69,14.75
2002-11-01,9.33,3.37,13.23,2.72,7.29,2.81,2.16,3.22,4.14,6.76,17.89,13.97,8.66,14.82,4.63,4.21,18.31,12.5,3.46,8.96,15.05
2002-12-01,9.59,3.56,13.29,2.97,7.92,3.63,1.96,3.36,3.92,7.48,18.71,14.5,9.47,16.33,4.53,4.98,19.39,13.38,4.07,9.96,15.38
2003-01-01,9.66,3.57,13.07,3.43,8.27,3.76,1.93,2.89,3.8,7.39,18.78,15.48,9.84,16.96,4.95,5.22,20.7,13.32,3.55,10.69,15.27
2003-02-01,9.77,3.28,13.6,3.32,8.54,3.98,1.84,2.62,2.85,7.6,18.81,16.3,10.29,17.32,5.16,5.36,20.32,12.72,3.72,11.57,14.84
2003-03-01,9.66,3.54,13.54,2.68,9.07,3.77,0.64,2.44,3.41,7.74,18.67,16.38,9.72,17.2,5.62,4.38,19.9,11.11,3.9,10.22,14.26
2003-04-01,9.42,3.39,12.72,1.72,8.48,3.91,0.19,2.09,4.27,8.57,18.63,16.09,9.71,16.82,5.47,4.8,18.76,9.23,4.35,10.44,13.91
2003-05-01,9.12,3.47,11.12,1.48,8.47,4.04,0.14,1.43,4.69,8.71,18.34,15.39,9.24,16.1,5.34,4.84,17.7,7.14,4.53,10.54,13.56
2003-06-01,8.89,3.15,9.81,1.72,8.24,3.86,0.85,0.66,3.94,9.12,17.81,14.56,8.68,14.91,5.22,5.72,16.84,5.29,4.65,10.4,13.46
2003-07-01,8.86,2.96,8.79,1.88,8.07,3.96,1.03,0.39,3.3,9.87,18.18,14.46,8.7,13.67,5.47,5.38,16.44,4.88,4.81,9.85,12.93
2003-08-01,8.99,2.89,7.91,1.81,7.8,4.5,0.71,0.79,2.87,11.22,18.52,14.93,8.62,12.76,5.91,6.13,16.28,4.74,5.46,9.35,12.84
2003-09-01,9.23,3.11,7.21,1.44,7.94,5.19,0.57,0.93,2.9,12.64,19.2,15.0,8.95,12.63,6.49,6.46,16.96,5.49,5.78,10.34,13.11
2003-10-01,9.38,2.99,6.89,2.47,8.12,5.61,0.56,1.04,3.41,13.88,19.56,15.06,8.66,12.2,6.99,7.13,17.64,6.11,6.41,10.9,13.51
2003-11-01,9.57,3.06,6.97,3.05,8.25,5.82,0.68,0.99,3.1,15.09,20.4,14.96,8.75,12.02,7.51,7.44,18.34,7.03,6.57,11.22,14.11
2003-12-01,9.84,2.98,7.74,3.23,8.45,5.57,0.2,1.23,3.32,17.27,21.39,14.75,7.86,11.72,8.17,7.54,19.23,8.46,7.04,10.17,14.38
2004-01-01,10.26,3.15,8.11,1.95,8.49,5.02,0.19,1.96,3.52,19.79,22.66,14.64,8.02,11.6,8.14,7.44,19.92,9.82,7.48,11.05,15.58
2004-02-01,10.7,3.12,8.21,1.8,8.23,4.61,0.47,2.42,4.04,22.53,24.17,14.52,8.01,11.84,8.25,7.38,21.56,11.19,7.75,11.03,16.12
2004-03-01,11.46,2.97,8.13,2.63,7.82,4.51,0.47,2.49,4.11,28.56,26.8,15.55,8.69,12.24,8.43,7.05,24.65,12.68,8.07,12.65,17.45
2004-04-01,12.0,3.66,9.16,3.8,8.0,4.81,1.0,2.68,3.64,33.7,29.25,16.41,9.14,12.51,9.2,7.98,27.2,14.02,8.55,12.15,18.62
2004-05-01,12.49,3.5,9.41,4.46,8.38,4.34,1.34,2.81,3.44,39.26,31.16,17.89,8.91,12.97,10.12,8.29,29.83,15.53,9.25,12.49,20.24
2004-06-01,12.97,3.49,9.93,4.24,8.62,4.02,1.18,3.81,3.36,45.74,33.24,19.32,9.56,13.86,10.99,8.37,31.99,17.26,9.83,13.82,22.05
2004-07-01,13.13,3.63,9.97,4.25,8.76,3.62,1.25,3.84,3.23,50.83,33.3,19.99,8.86,14.59,11.97,8.57,33.37,17.73,10.25,14.78,22.74
2004-08-01,13.09,3.75,10.24,3.54,8.81,3.2,1.35,3.79,3.2,52.87,31.88,20.41,8.66,14.76,12.67,9.04,32.87,18.09,10.0,16.38,23.12
2004-09-01,13.12,3.84,10.06,3.67,8.93,2.99,1.35,3.72,3.11,52.99,30.03,21.22,7.83,14.56,14.25,9.81,31.67,18.3,10.3,16.37,23.15
2004-10-01,13.25,3.98,10.36,2.81,8.72,2.51,1.5,3.94,2.79,51.26,28.02,21.66,7.63,14.65,16.06,10.29,29.98,18.8,10.1,17.22,23.41
2004-11-01,13.5,4.04,9.75,2.9,8.55,2.72,1.6,4.0,2.79,49.04,26.51,22.59,7.31,14.32,18.18,10.45,27.97,19.22,11.14,17.75,23.75
2004-12-01,13.66,4.43,9.43,3.21,8.42,2.91,2.28,4.31,2.73,45.51,24.8,23.53,7.34,14.02,20.52,10.49,26.62,19.95,11.44,19.51,24.29
2005-01-01,13.87,4.48,9.46,4.2,8.71,4.01,2.28,4.15,2.92,42.05,23.88,24.58,7.6,14.38,22.81,11.07,25.49,21.4,12.78,19.76,24.34
2005-02-01,14.07,4.91,9.85,4.45,9.41,4.32,2.52,4.45,3.29,39.6,23.12,25.74,7.55,14.71,25.9,11.58,24.06,22.55,13.0,20.95,25.25
2005-03-01,14.31,5.03,9.93,3.74,10.3,3.87,3.88,4.18,3.15,33.68,21.7,26.8,7.18,15.35,29.44,12.9,20.53,23.58,13.96,21.35,26.54
2005-04-01,14.26,5.08,9.04,3.01,10.3,3.27,3.77,4.49,3.43,29.06,20.02,28.45,6.88,15.39,33.38,13.07,17.75,22.96,14.13,22.99,26.94
2005-05-01,14.28,5.25,8.75,3.11,9.76,3.42,3.58,4.5,3.55,24.26,18.71,28.89,6.61,14.95,36.74,14.1,14.8,22.79,14.55,23.59,26.22
2005-06-01,14.24,5.72,7.5,3.88,9.67,3.13,3.03,3.92,3.33,18.61,17.2,30.09,5.88,14.34,41.09,15.73,12.43,22.0,15.02,24.69,25.2
2005-07-01,14.22,5.34,7.06,4.4,9.35,3.0,3.11,3.85,3.01,13.88,16.71,30.5,5.54,13.76,44.45,17.1,10.21,21.62,15.55,25.74,24.69
2005-08-01,14.29,5.09,6.15,5.33,8.83,2.84,3.15,3.75,2.53,11.35,17.59,31.19,5.09,13.66,47.57,18.35,9.05,20.73,16.52,26.95,23.8
2005-09-01,14.44,4.67,5.87,5.33,8.81,2.63,3.79,4.13,2.34,10.22,18.86,31.67,5.27,13.93,49.09,19.29,7.88,20.16,17.35,28.25,23.08
2005-10-01,14.3,4.99,4.63,6.09,8.89,2.83,4.05,4.07,2.46,9.89,20.51,32.2,5.51,14.11,48.55,19.86,7.58,18.93,18.19,29.73,22.16
2005-11-01,14.07,5.28,4.48,5.75,9.56,2.66,4.84,4.06,2.65,10.18,21.13,31.89,5.93,14.43,47.2,20.64,7.67,17.59,18.35,30.48,21.2
2005-12-01,13.55,5.45,3.51,5.93,9.46,2.58,4.95,3.89,2.97,10.42,21.68,31.4,6.05,14.87,44.71,21.46,6.65,15.66,18.48,30.21,20.03
2006-01-01,13.04,5.67,2.77,5.12,9.6,1.84,5.01,4.05,2.93,11.05,21.1,30.5,5.41,14.07,42.65,22.17,5.86,13.45,18.21,29.5,18.73
2006-02-01,12.21,5.49,0.9,5.62,9.29,1.16,4.41,3.66,2.7,10.73,20.44,29.51,5.39,13.31,39.35,22.71,5.17,11.63,18.48,28.45,17.12
2006-03-01,11.19,5.12,0.33,6.37,9.1,1.11,3.81,3.48,2.49,10.09,18.43,27.37,5.18,11.66,34.98,23.09,4.91,9.39,18.21,27.37,14.4
2006-04-01,10.05,4.68,-0.64,7.5,8.42,0.38,3.51,2.76,0.39,9.05,16.98,25.1,5.26,10.9,30.43,22.49,4.15,8.16,17.93,26.27,11.75
2006-05-01,8.74,4.5,-1.32,7.38,8.01,-0.04,3.2,2.67,-0.93,7.98,15.11,22.91,4.63,10.11,25.91,21.38,3.03,6.45,17.42,24.48,9.34
2006-06-01,7.19,4.13,-1.99,7.1,7.1,0.27,3.56,2.6,-1.67,6.49,13.15,19.34,3.64,9.08,20.43,19.76,1.75,4.51,17.08,20.92,6.65
2006-07-01,5.9,4.21,-2.45,7.34,6.35,0.34,3.5,2.5,-2.11,5.72,11.15,16.41,2.47,7.63,15.26,18.17,0.61,2.71,16.65,17.81,4.34
2006-08-01,4.67,4.03,-2.66,7.2,6.05,-0.17,3.48,1.9,-2.48,4.67,8.98,12.7,1.85,5.76,10.59,16.6,-0.56,1.71,15.9,14.09,2.27
2006-09-01,3.6,3.98,-3.5,7.76,5.37,-0.95,2.76,1.27,-3.23,3.62,6.96,10.22,1.09,4.39,6.38,14.73,-1.05,0.4,14.91,10.59,0.14
2006-10-01,2.9,3.77,-3.49,6.78,4.6,-1.5,2.29,0.56,-3.82,2.54,5.14,8.46,0.34,3.07,3.78,13.07,-2.27,-0.36,13.93,6.64,-0.82
2006-11-01,2.18,3.34,-4.92,7.27,3.22,-2.07,1.4,0.07,-4.65,1.54,3.91,7.25,-0.52,1.83,1.67,11.5,-3.25,-1.04,12.88,3.93,-1.9
2006-12-01,1.78,3.02,-5.07,6.79,2.65,-2.52,1.36,-0.2,-6.09,0.82,1.85,5.97,-0.98,0.57,0.24,9.88,-4.22,-1.5,12.08,1.82,-2.82
2007-01-01,1.2,2.49,-5.56,8.06,2.32,-2.65,0.86,-0.87,-6.86,-0.14,0.97,4.1,-0.82,-0.28,-0.71,8.86,-4.16,-1.28,11.33,0.1,-3.54
2007-02-01,0.71,2.47,-4.6,7.51,2.15,-2.42,1.41,-1.35,-7.4,-1.11,-0.4,2.85,-1.08,-0.81,-1.95,7.89,-4.96,-1.8,10.94,-0.79,-4.06
2007-03-01,-0.12,2.42,-4.55,7.55,1.94,-2.06,1.6,-1.69,-7.26,-1.7,-1.23,1.28,-1.32,-0.68,-2.8,7.24,-5.99,-1.81,10.33,-2.71,-4.5
2007-04-01,-0.72,2.39,-4.29,7.05,0.69,-2.53,1.99,-1.62,-7.42,-3.0,-2.44,-0.73,-2.23,-1.3,-4.22,6.54,-6.64,-2.42,9.75,-4.74,-5.43
2007-05-01,-1.39,1.79,-4.14,6.93,-0.21,-2.79,1.75,-1.41,-9.05,-3.98,-3.18,-3.12,-3.1,-2.19,-5.47,5.71,-6.92,-3.33,9.06,-6.66,-6.11
2007-06-01,-1.77,1.35,-3.85,6.67,-0.71,-3.94,1.38,-1.17,-9.92,-4.94,-4.0,-4.69,-3.86,-3.0,-6.54,4.47,-7.26,-3.96,7.84,-7.78,-6.77
2007-07-01,-2.16,0.71,-3.63,5.82,-1.14,-4.2,0.47,-1.0,-9.42,-5.98,-4.79,-6.59,-3.8,-3.38,-7.38,3.64,-7.86,-4.38,6.69,-9.06,-7.18
2007-08-01,-2.45,0.36,-3.96,5.37,-1.85,-4.48,0.22,-0.71,-9.74,-7.54,-5.82,-8.0,-4.23,-3.62,-8.1,2.56,-8.41,-4.57,5.46,-10.34,-7.36
2007-09-01,-2.87,0.0,-3.34,4.6,-3.03,-4.18,0.06,-1.03,-10.04,-8.98,-7.08,-10.12,-4.52,-3.83,-8.91,2.09,-9.69,-4.89,4.49,-11.38,-6.55
2007-10-01,-3.59,-0.77,-3.64,4.24,-3.71,-4.61,-0.16,-1.91,-11.46,-10.8,-8.85,-12.43,-5.35,-4.26,-10.67,1.83,-11.03,-6.43,3.17,-11.89,-6.76
2007-11-01,-4.61,-2.02,-2.88,2.94,-4.14,-5.88,-1.14,-3.13,-13.08,-13.26,-12.01,-15.19,-6.51,-4.63,-12.95,1.22,-13.39,-8.71,1.66,-12.65,-7.67
2007-12-01,-5.32,-3.12,-3.36,2.45,-4.56,-6.22,-2.18,-4.39,-13.65,-15.44,-13.76,-17.56,-7.85,-5.41,-15.32,1.21,-14.98,-10.87,0.54,-13.29,-9.2
2008-01-01,-6.17,-3.92,-3.41,1.88,-6.38,-8.33,-3.15,-4.84,-15.05,-19.43,-16.5,-19.33,-9.89,-5.69,-18.2,-0.45,-16.75,-13.04,-1.03,-14.75,-10.67
2008-02-01,-7.07,-5.09,-4.52,1.66,-7.97,-8.87,-3.87,-5.2,-16.32,-22.95,-19.38,-21.67,-12.1,-6.5,-20.74,-1.87,-19.14,-16.77,-2.38,-17.21,-12.46
2008-03-01,-7.66,-6.16,-5.6,0.87,-9.36,-9.14,-3.17,-4.84,-17.43,-25.96,-21.64,-24.35,-13.54,-7.2,-22.91,-3.82,-20.53,-19.86,-4.12,-19.33,-13.99
2008-04-01,-8.02,-7.73,-6.23,-0.07,-8.79,-6.68,-3.33,-4.66,-17.49,-26.86,-23.02,-26.51,-14.87,-7.7,-24.86,-4.55,-22.36,-21.91,-4.84,-20.2,-14.61
2008-05-01,-8.23,-7.96,-6.06,-0.25,-9.18,-8.01,-3.15,-4.87,-17.01,-28.26,-24.53,-28.22,-14.36,-7.57,-26.46,-5.26,-23.18,-22.88,-6.35,-20.18,-15.25
2008-06-01,-8.45,-8.76,-5.4,-1.29,-9.65,-7.55,-3.36,-4.85,-16.25,-28.34,-25.33,-28.31,-13.93,-7.09,-27.94,-5.83,-24.17,-23.79,-7.23,-20.28,-15.6
2008-07-01,-8.68,-9.06,-5.65,-1.88,-10.39,-8.16,-2.68,-4.91,-16.9,-29.59,-26.23,-28.41,-13.48,-7.32,-29.33,-6.77,-25.06,-25.03,-8.4,-19.64,-15.96
2008-08-01,-9.06,-9.33,-5.06,-2.91,-10.43,-6.97,-2.79,-5.28,-17.61,-30.34,-26.76,-28.33,-14.17,-6.96,-30.7,-7.74,-25.87,-27.56,-8.99,-18.38,-15.89
2008-09-01,-9.72,-9.71,-5.84,-3.57,-10.65,-6.46,-2.75,-5.48,-19.1,-31.14,-27.64,-28.56,-14.64,-7.42,-31.91,-8.69,-26.35,-29.68,-9.96,-18.69,-17.3
2008-10-01,-10.36,-10.54,-5.96,-4.47,-11.2,-6.16,-3.09,-5.24,-20.64,-31.6,-27.91,-29.05,-16.36,-7.92,-32.64,-10.14,-26.67,-31.09,-10.3,-19.89,-18.88
2008-11-01,-10.85,-11.16,-7.26,-5.29,-12.59,-5.14,-3.31,-4.28,-20.78,-31.69,-26.87,-28.73,-16.55,-8.75,-32.87,-11.43,-25.8,-30.82,-11.21,-20.88,-19.49
2008-12-01,-11.89,-12.62,-6.97,-7.13,-14.21,-5.99,-4.28,-3.89,-21.68,-33.04,-26.45,-28.76,-18.91,-9.12,-33.96,-13.14,-24.85,-31.24,-13.28,-21.94,-19.56
2009-01-01,-12.49,-14.07,-7.33,-8.01,-16.09,-4.92,-4.82,-4.95,-22.6,-32.54,-25.78,-29.43,-20.13,-9.58,-34.92,-13.88,-24.89,-32.14,-14.8,-23.15,-19.23
2009-02-01,-12.55,-15.0,-7.11,-9.17,-17.03,-8.26,-4.55,-5.47,-23.52,-31.71,-23.98,-29.39,-19.89,-10.08,-35.16,-14.25,-22.79,-30.68,-15.12,-22.69,-19.01
2009-03-01,-12.58,-15.24,-7.74,-9.22,-17.98,-8.72,-5.49,-5.4,-25.31,-31.18,-22.24,-28.63,-22.6,-11.39,-35.94,-15.17,-22.05,-29.83,-16.22,-22.19,-18.2
2009-04-01,-12.11,-14.56,-7.56,-9.95,-18.23,-10.43,-5.06,-4.96,-25.0,-32.16,-21.24,-27.1,-21.73,-12.06,-35.25,-15.9,-20.02,-27.93,-16.76,-21.26,-16.77
2009-05-01,-11.38,-14.84,-7.11,-10.08,-17.24,-6.27,-4.27,-4.69,-24.23,-32.01,-19.85,-25.11,-21.47,-11.73,-34.23,-16.32,-18.55,-26.26,-16.74,-20.83,-14.93
2009-06-01,-10.26,-14.0,-6.05,-9.74,-16.96,-3.27,-2.42,-3.77,-25.13,-32.43,-17.85,-23.5,-19.8,-11.59,-31.7,-15.26,-15.99,-22.18,-16.28,-19.75,-12.44
2009-07-01,-9.27,-12.17,-5.2,-9.06,-14.65,-1.58,-1.76,-3.03,-24.91,-31.36,-14.93,-21.41,-17.15,-10.53,-28.52,-14.02,-12.35,-18.14,-15.55,-18.64,-9.92
2009-08-01,-8.46,-10.88,-4.45,-8.67,-13.22,-3.1,-1.34,-1.99,-22.95,-29.89,-12.0,-19.06,-13.9,-9.82,-25.13,-12.63,-8.87,-12.77,-14.82,-17.94,-7.72
2009-09-01,-7.66,-9.47,-3.42,-8.13,-11.13,-3.77,-1.2,-1.14,-19.57,-28.57,-8.97,-16.39,-11.24,-9.09,-21.8,-11.81,-5.67,-7.89,-13.9,-16.84,-5.05
2009-10-01,-6.62,-8.02,-2.73,-7.01,-10.38,-3.4,-0.49,-0.08,-15.56,-26.61,-6.28,-13.98,-8.27,-8.21,-18.0,-9.99,-2.35,-2.59,-12.42,-15.22,-2.61
2009-11-01,-5.13,-5.92,-0.49,-5.49,-8.43,-2.4,1.56,0.52,-13.22,-24.48,-3.45,-12.03,-6.45,-7.4,-14.15,-7.46,0.41,1.07,-10.63,-13.04,-0.54
2009-12-01,-3.7,-3.63,0.54,-3.69,-7.01,-1.14,3.06,1.25,-10.18,-20.57,0.08,-9.82,-1.99,-6.19,-9.17,-5.31,2.7,4.9,-7.76,-10.83,1.94
2010-01-01,-2.71,-1.96,1.51,-3.07,-4.04,0.54,4.22,2.76,-7.14,-17.44,3.94,-6.58,1.98,-5.07,-4.52,-4.08,5.92,9.35,-5.8,-7.22,3.32
2010-02-01,-2.92,-0.62,1.86,-2.5,-2.46,3.99,2.71,3.74,-5.15,-14.64,5.39,-4.17,3.24,-3.85,-1.66,-4.66,7.61,12.36,-5.35,-5.82,5.26
2010-03-01,-1.88,-0.97,3.97,-3.91,-1.82,6.82,3.07,4.08,-4.07,-11.99,6.06,-1.62,7.31,-2.23,2.35,-2.71,10.78,16.39,-3.46,-3.48,5.89
2010-04-01,-1.05,0.28,4.87,-2.28,-1.26,6.79,3.36,4.28,-2.65,-8.54,7.73,-0.46,9.98,-0.82,5.2,-0.35,11.66,17.94,-2.83,-2.42,7.32
2010-05-01,-0.89,1.6,4.86,-2.89,-1.4,3.56,2.84,3.45,-2.37,-6.58,9.58,1.12,11.68,-0.33,7.04,0.61,12.33,17.95,-1.63,-1.56,7.62
2010-06-01,-1.6,1.56,3.24,-2.79,-0.4,0.61,1.01,1.68,0.54,-5.23,9.04,0.88,10.39,0.18,5.82,0.08,11.17,13.94,-2.02,-1.92,7.09
2010-07-01,-2.31,-0.42,2.58,-3.47,-2.21,-0.75,-0.5,-0.08,1.01,-4.9,7.41,0.14,5.92,0.31,3.36,-1.3,9.3,10.86,-1.87,-3.42,5.84
2010-08-01,-2.95,-2.34,1.39,-3.44,-3.47,-0.47,-1.75,-1.09,-0.45,-4.54,5.3,-1.12,2.51,-0.26,0.46,-2.4,6.96,7.69,-2.55,-4.27,4.02
2010-09-01,-3.38,-4.41,0.38,-3.68,-5.92,-1.82,-2.6,-1.55,-3.26,-3.42,4.38,-2.78,-1.23,-0.48,-1.83,-3.66,5.04,5.57,-2.61,-4.24,3.0
2010-10-01,-3.6,-6.07,-0.1,-4.15,-6.54,-2.56,-3.03,-1.72,-5.15,-3.47,3.42,-3.3,-2.53,-1.8,-4.09,-5.16,2.99,2.4,-4.0,-3.75,2.77
2010-11-01,-4.03,-7.54,-0.66,-4.31,-7.34,-4.41,-4.12,-2.48,-5.9,-3.38,2.23,-3.36,-4.0,-1.74,-6.2,-6.83,2.61,0.64,-4.61,-4.21,2.74
2010-12-01,-3.98,-7.68,-0.73,-4.53,-7.09,-3.38,-3.46,-2.34,-5.94,-4.63,-0.09,-3.56,-4.85,-2.13,-8.19,-7.69,1.79,-0.08,-5.81,-5.68,2.42
2011-01-01,-3.99,-6.16,-0.5,-4.94,-7.13,-3.96,-2.79,-2.27,-5.65,-4.42,-1.68,-4.59,-7.28,-3.0,-9.11,-7.65,0.13,-1.42,-6.47,-6.54,2.41
2011-02-01,-3.64,-4.52,-0.96,-5.08,-7.19,-2.96,-1.33,-2.62,-4.03,-4.88,-2.02,-5.98,-8.28,-3.38,-8.49,-6.92,-1.81,-3.27,-7.27,-6.38,2.04
2011-03-01,-4.04,-3.18,-2.72,-5.15,-7.48,-6.17,-2.79,-3.95,-3.43,-5.28,-1.72,-6.07,-9.75,-3.92,-8.59,-7.68,-4.04,-5.14,-7.49,-7.23,1.2
2011-04-01,-4.37,-3.76,-4.36,-5.04,-8.53,-6.49,-4.25,-4.23,-4.86,-6.23,-2.25,-5.69,-11.52,-2.82,-9.05,-9.23,-4.39,-5.8,-6.97,-7.92,-0.68
2011-05-01,-4.43,-4.9,-3.35,-3.96,-8.25,-6.46,-4.8,-3.52,-3.99,-6.72,-3.4,-5.46,-11.85,-3.16,-9.71,-9.18,-5.24,-5.8,-7.21,-8.28,-1.31
2011-06-01,-4.02,-5.17,-2.18,-3.16,-7.78,-6.29,-4.24,-2.53,-1.17,-6.14,-3.57,-5.29,-10.97,-3.63,-9.41,-9.66,-5.42,-5.68,-6.58,-7.47,-1.81
2011-07-01,-3.63,-5.1,-2.0,-2.93,-7.03,-5.29,-3.13,-2.08,1.78,-5.49,-3.6,-4.73,-8.74,-3.35,-8.86,-8.52,-5.91,-5.67,-6.67,-6.39,-1.13
2011-08-01,-3.2,-6.39,-1.76,-2.63,-6.04,-4.61,-1.77,-1.46,2.8,-5.84,-3.49,-4.57,-8.17,-3.01,-7.63,-7.61,-5.45,-5.24,-6.12,-5.87,-0.55
2011-09-01,-3.04,-9.69,-1.16,-2.14,-5.15,-2.93,-0.77,-1.25,5.14,-7.28,-4.09,-3.92,-6.21,-2.71,-6.36,-5.69,-5.26,-5.67,-6.48,-6.55,0.11
2011-10-01,-3.21,-11.56,-0.91,-2.1,-4.67,-2.26,-0.46,-0.81,5.13,-8.41,-4.81,-3.91,-5.56,-2.45,-4.94,-4.67,-4.39,-4.42,-6.04,-6.01,-0.96
2011-11-01,-3.53,-11.64,-1.47,-2.82,-5.62,-1.01,-0.67,-0.07,5.57,-9.01,-5.25,-4.23,-4.3,-2.65,-3.37,-4.61,-5.34,-5.24,-6.13,-5.98,-1.27
2011-12-01,-3.79,-12.63,-2.52,-2.96,-6.18,-2.33,-1.3,-0.31,3.84,-8.7,-5.03,-3.59,-4.04,-3.16,-0.99,-3.76,-5.28,-5.14,-5.36,-4.1,-2.36
2012-01-01,-3.47,-14.84,-2.78,-2.64,-6.46,-3.7,-1.33,0.1,4.2,-9.0,-5.27,-1.73,-1.63,-3.04,1.31,-4.16,-5.25,-5.78,-3.78,-3.76,-2.3
2012-02-01,-2.72,-17.29,-2.38,-1.51,-6.88,-4.48,-1.07,0.36,3.67,-8.43,-5.17,0.93,0.76,-3.29,3.18,-3.04,-3.9,-4.1,-2.82,-2.91,-3.02
2012-03-01,-1.48,-17.83,-1.16,0.97,-7.24,-2.67,1.3,2.29,4.49,-7.57,-4.91,2.42,3.31,-3.01,5.87,-2.94,-2.86,-3.33,-1.48,-1.52,-0.94
2012-04-01,-0.61,-17.24,-0.18,1.0,-5.84,-1.23,2.59,2.63,4.98,-5.9,-3.79,2.86,3.64,-3.67,8.3,-1.12,-1.94,-1.79,-1.15,0.74,1.13
2012-05-01,0.17,-14.67,-0.34,0.86,-3.37,0.5,3.73,3.49,7.97,-3.34,-2.16,3.15,4.11,-3.07,11.32,0.34,-1.26,0.28,0.34,2.42,2.69
2012-06-01,0.83,-12.1,-0.04,0.84,-2.05,1.25,3.75,4.06,7.7,-1.96,-0.77,4.21,5.48,-2.24,13.79,2.88,-0.29,2.82,1.57,3.35,3.51
2012-07-01,1.38,-9.84,0.98,1.81,-1.2,0.77,3.84,5.51,6.79,-1.12,0.42,5.31,6.6,-2.66,16.64,3.18,0.88,4.81,2.9,3.81,3.32
2012-08-01,2.13,-5.93,1.88,2.96,-1.64,1.42,3.83,5.76,8.08,0.82,2.23,6.82,7.67,-2.25,18.9,3.63,2.01,5.64,3.36,4.32,3.59
2012-09-01,3.06,0.3,1.99,2.81,-1.35,1.51,4.53,6.9,8.29,3.84,4.21,7.6,8.93,-2.16,20.52,3.71,4.27,7.8,4.94,6.06,3.17
2012-10-01,4.1,4.95,1.72,3.37,-0.98,2.07,4.71,7.06,11.16,8.58,6.39,8.62,9.53,-1.23,21.94,5.3,6.15,9.24,5.92,5.99,4.23
2012-11-01,5.42,7.63,2.3,4.34,1.21,2.02,5.85,7.93,12.67,10.18,7.9,10.11,10.95,-1.11,23.01,6.86,8.15,12.95,7.75,6.9,4.49
2012-12-01,6.46,9.91,3.63,5.48,2.56,3.07,6.44,8.59,15.52,13.08,10.3,10.79,12.43,-0.17,23.14,6.61,9.38,14.63,8.46,7.21,5.9
2013-01-01,7.48,13.39,4.06,6.53,3.59,4.54,6.89,9.07,15.96,15.4,12.16,10.83,12.67,0.43,23.18,8.38,9.77,17.58,8.82,9.09,6.0
2013-02-01,8.24,16.31,5.17,6.54,5.17,5.37,6.93,9.74,15.8,17.5,14.04,10.4,12.47,1.64,22.91,9.31,10.05,18.63,9.25,9.85,6.76
2013-03-01,8.75,18.62,6.34,7.37,7.25,5.34,6.53,9.44,18.85,20.53,16.41,10.52,12.05,1.71,22.23,12.54,11.93,21.62,10.35,11.37,7.38
2013-04-01,8.89,20.38,7.83,7.54,8.92,5.05,7.19,9.62,21.14,22.17,18.44,12.59,13.95,2.37,21.22,12.61,14.51,23.34,11.03,11.06,6.93
2013-05-01,9.06,19.91,7.29,7.79,8.03,3.94,7.54,9.57,20.03,23.06,18.97,13.96,13.41,2.66,20.48,12.34,17.14,24.19,11.66,10.79,6.26
2013-06-01,9.34,19.15,6.74,7.74,6.99,3.88,8.21,9.46,17.34,24.62,19.77,14.59,11.28,2.78,19.74,11.67,19.18,24.34,11.64,11.25,5.64
2013-07-01,9.84,18.87,6.46,7.4,7.82,4.14,8.73,9.81,16.8,27.29,20.85,13.83,9.66,3.27,18.97,12.28,20.45,25.04,12.44,12.8,6.13
2013-08-01,10.32,18.89,6.58,7.5,9.02,3.79,9.27,10.37,16.72,29.19,21.85,13.78,10.52,3.68,18.73,13.15,21.68,25.94,13.27,14.39,6.53
2013-09-01,10.72,19.01,7.69,7.87,10.15,4.65,9.23,10.13,17.68,29.15,22.03,14.49,10.48,4.28,18.75,13.63,21.04,26.17,13.45,14.84,7.3
2013-10-01,10.89,19.07,8.73,8.55,11.38,4.22,9.78,9.7,17.6,27.22,22.25,15.87,11.74,5.08,18.2,12.87,19.91,24.92,13.4,15.34,7.67
2013-11-01,10.72,18.38,9.85,8.15,11.42,4.85,9.94,9.03,17.56,27.45,21.83,16.56,10.83,6.15,16.83,12.7,18.82,23.45,12.71,15.71,7.99
2013-12-01,10.65,18.04,9.68,7.78,11.53,3.43,10.18,9.09,16.85,25.64,20.37,16.64,9.94,6.22,15.36,13.31,18.13,22.75,12.61,15.75,8.14
2014-01-01,10.29,16.59,9.13,7.13,10.9,3.76,9.91,8.91,15.84,25.03,18.86,16.53,9.44,6.6,13.77,13.19,19.32,23.04,11.98,14.76,8.42
2014-02-01,9.98,15.72,8.35,6.47,10.52,2.75,9.97,8.88,15.63,23.23,18.07,15.95,8.92,5.98,12.35,13.13,19.72,22.22,12.66,13.11,8.86
2014-03-01,8.75,15.23,7.76,4.77,10.94,3.59,9.68,8.76,14.84,21.12,16.48,15.88,10.84,6.23,10.9,11.5,18.56,20.57,11.22,10.37,7.98
2014-04-01,7.83,13.19,8.74,4.14,10.1,2.73,9.11,8.6,13.97,18.68,13.74,14.29,8.31,5.16,9.56,10.87,15.16,17.85,10.8,9.92,6.54
2014-05-01,7.07,11.01,8.11,4.37,7.94,2.37,8.57,8.11,11.31,16.69,12.13,12.9,7.65,4.49,8.11,9.9,12.36,15.51,9.1,10.05,5.5
2014-06-01,6.39,8.83,7.04,3.64,6.67,0.93,8.17,7.77,9.85,14.98,10.53,11.38,6.54,4.24,6.95,9.09,10.0,13.32,8.46,9.23,5.1
2014-07-01,5.77,7.14,5.86,3.71,4.42,0.96,7.68,6.83,8.26,12.56,8.93,11.2,5.65,4.04,5.74,8.24,8.2,10.84,7.16,7.48,3.89
2014-08-01,5.25,5.72,5.26,2.71,3.54,1.02,7.62,6.51,7.04,10.12,6.81,10.68,4.35,3.51,4.39,7.34,6.15,9.47,6.68,5.74,3.13
2014-09-01,4.85,4.77,4.59,3.39,2.79,0.6,7.61,6.4,5.22,9.05,5.7,10.45,3.4,2.64,3.05,6.75,5.12,8.6,6.15,5.67,2.21
2014-10-01,4.64,4.55,4.38,2.83,2.14,0.82,7.72,7.32,4.01,7.91,5.06,9.5,2.31,1.98,2.18,6.39,4.79,9.59,6.43,6.17,2.15
2014-11-01,4.53,4.77,3.84,3.27,1.84,0.55,7.63,7.57,2.96,7.58,5.24,8.67,1.6,1.25,2.09,6.74,5.21,9.24,6.26,6.63,1.79
2014-12-01,4.38,4.9,3.72,3.41,1.33,1.46,7.43,8.2,2.62,6.92,5.48,8.39,1.83,1.58,2.4,6.9,5.02,9.41,6.73,6.2,1.28
2015-01-01,4.13,4.73,4.71,4.04,2.24,1.28,7.98,8.34,3.12,5.96,5.4,8.25,1.96,1.49,2.5,7.08,4.9,7.69,6.82,5.49,0.84
2015-02-01,4.05,5.19,4.89,5.25,2.75,1.71,8.41,9.72,3.96,5.74,5.51,9.01,2.71,1.9,2.79,6.84,4.35,9.55,6.84,6.36,0.9
2015-03-01,4.11,4.89,4.23,5.55,2.48,0.77,9.07,9.58,3.86,5.6,5.23,8.45,2.32,1.88,3.0,6.67,4.34,9.88,7.06,7.7,0.27
2015-04-01,4.22,4.55,1.44,5.41,1.67,1.08,8.65,9.97,4.22,6.09,5.71,8.19,2.5,2.5,3.4,6.78,4.31,9.88,7.07,7.19,0.7
2015-05-01,4.41,5.1,2.07,4.85,1.49,1.76,8.46,9.91,4.56,6.46,6.05,7.86,2.44,2.73,3.78,7.29,4.63,9.76,7.17,6.27,0.68
2015-06-01,4.52,5.77,3.28,5.24,1.49,2.87,8.39,10.24,5.33,5.93,6.16,7.69,3.31,2.57,4.18,7.8,4.44,9.75,7.23,5.59,1.06
2015-07-01,4.59,6.31,4.51,5.05,1.66,2.95,9.0,10.42,5.42,6.2,6.13,7.45,3.72,2.38,4.61,8.66,5.41,10.56,7.29,6.01,1.39
2015-08-01,4.67,6.23,4.81,5.04,1.45,2.48,9.16,10.9,5.43,6.09,6.36,7.58,3.79,2.43,4.96,9.52,6.05,10.97,7.77,6.35,1.54
2015-09-01,4.77,6.44,4.76,4.34,1.45,1.91,9.24,11.13,5.7,5.81,6.51,7.73,4.04,2.57,5.24,10.25,6.7,11.42,8.49,6.62,1.58
2015-10-01,4.88,6.13,4.93,4.57,1.52,1.88,9.27,11.05,5.4,5.71,6.28,7.88,4.15,2.79,5.68,11.14,6.38,11.08,9.09,6.39,1.28
2015-11-01,5.01,5.54,4.49,5.09,2.0,2.27,9.26,11.03,6.34,5.27,6.09,8.0,4.83,3.24,5.85,11.22,6.25,11.04,9.94,5.89,1.62
2015-12-01,5.05,5.24,4.42,5.31,2.3,2.68,9.41,10.25,6.81,5.9,6.01,7.07,4.77,2.78,6.25,11.44,7.12,10.31,9.89,6.72,1.35
2016-01-01,5.12,5.62,3.54,4.7,1.77,2.86,9.05,10.17,6.78,6.0,6.67,6.67,4.53,2.47,5.98,11.68,6.81,10.46,10.43,7.21,1.63
2016-02-01,5.04,5.86,3.6,4.04,1.34,3.18,8.83,9.49,6.17,6.44,6.48,6.03,3.75,2.22,5.92,11.7,6.16,8.86,10.46,7.49,0.97
2016-03-01,4.93,5.94,4.19,4.11,1.55,2.61,8.29,9.61,5.48,5.95,6.13,6.03,3.49,2.58,5.5,12.07,5.92,8.04,10.45,7.16,0.87
2016-04-01,4.97,6.19,5.48,4.74,2.31,2.7,8.55,9.21,5.04,5.89,5.69,6.21,4.3,2.47,5.38,12.09,6.16,7.55,10.31,7.46,1.29
2016-05-01,5.0,6.27,5.49,4.88,2.95,2.53,9.05,9.39,4.9,5.68,5.35,6.5,4.73,2.22,5.26,12.4,6.28,6.56,10.45,7.68,1.77
2016-06-01,5.02,6.01,4.7,5.14,3.16,2.73,9.06,9.25,4.98,5.73,5.31,6.97,4.93,2.31,5.12,12.55,6.53,6.68,10.92,8.01,1.65
2016-07-01,5.06,5.64,4.31,5.3,3.38,2.39,8.51,9.55,5.8,5.41,5.59,7.18,5.05,2.47,5.21,12.41,5.97,6.32,11.28,7.82,1.61
2016-08-01,5.16,5.68,4.28,5.73,3.28,2.88,8.27,9.03,6.22,5.14,5.9,7.19,5.41,2.56,5.16,11.81,5.86,6.91,11.46,7.74,1.73
2016-09-01,5.18,5.53,4.43,6.03,3.4,2.85,8.19,8.94,6.6,5.65,5.97,6.66,5.57,2.47,5.27,11.0,5.45,5.87,11.31,7.63,2.01
2016-10-01,5.13,5.83,4.5,5.92,3.11,3.98,8.15,8.46,6.96,5.65,5.66,6.39,5.62,2.29,5.1,10.46,5.97,5.73,10.92,7.82,2.24
2016-11-01,5.13,5.82,5.38,5.7,3.41,3.97,8.04,8.87,6.67,6.01,5.48,6.08,5.5,2.6,5.15,10.21,5.96,5.44,10.62,7.98,2.13
2016-12-01,5.2,5.94,6.15,5.4,4.13,4.3,7.99,8.99,6.2,5.79,5.38,6.82,5.56,2.92,4.78,10.02,5.44,6.04,10.94,8.28,2.71
2017-01-01,5.38,5.51,6.94,5.86,4.62,4.1,8.1,9.12,5.83,6.3,5.24,6.66,5.52,3.63,5.15,9.52,5.62,6.28,11.21,8.07,2.9
2017-02-01,5.44,5.22,7.42,5.93,4.61,4.63,8.65,8.51,6.07,6.24,4.77,6.61,6.18,3.77,5.2,9.51,6.38,6.06,11.83,7.21,3.56
2017-03-01,5.52,5.21,7.29,6.42,4.09,4.33,8.42,8.02,6.89,6.45,5.08,5.79,6.51,4.03,5.49,8.95,6.19,4.66,11.93,6.61,3.37
2017-04-01,5.57,5.6,6.44,5.83,3.5,4.11,8.32,7.86,7.34,6.67,5.02,5.3,5.99,4.02,5.6,9.13,6.3,4.68,12.59,6.57,2.88
2017-05-01,5.68,5.48,5.93,5.9,3.12,3.97,7.75,7.73,7.43,6.89,5.48,5.22,5.7,4.2,5.65,8.73,6.45,5.96,13.08,7.06,2.76
2017-06-01,5.78,5.55,6.25,5.91,3.23,3.72,7.7,7.55,7.72,7.24,5.54,4.95,5.78,3.95,5.73,8.07,7.03,6.32,13.29,7.08,2.91
2017-07-01,5.86,5.68,6.97,5.95,3.39,3.92,7.44,7.33,7.31,7.45,6.18,5.17,6.07,4.12,5.5,7.55,7.09,6.83,13.56,7.21,3.23
2017-08-01,5.94,5.76,7.08,6.15,3.79,4.43,7.26,7.39,7.36,8.58,6.13,4.86,5.97,4.54,5.69,7.31,7.87,6.21,13.39,6.94,3.16
2017-09-01,5.97,5.76,7.36,6.11,3.82,5.36,7.26,7.25,7.05,9.04,6.24,4.93,5.69,5.27,6.01,7.4,8.26,7.24,13.16,7.24,3.04
2017-10-01,6.01,5.12,6.92,6.4,3.91,4.5,7.16,7.33,7.32,10.18,6.5,4.39,5.53,5.8,5.93,7.2,8.1,7.84,12.98,6.79,3.08
2017-11-01,6.05,5.13,6.15,5.68,3.38,3.91,7.05,7.08,6.99,10.64,7.03,4.1,5.54,5.54,5.61,6.98,7.52,9.21,12.99,7.0,3.28
2017-12-01,6.16,5.29,5.49,5.86,2.47,3.24,6.94,7.55,7.08,11.17,7.4,3.58,5.43,5.41,5.66,6.8,7.54,9.37,12.93,6.23,2.79
2018-01-01,6.16,6.3,5.36,5.97,2.31,3.56,6.93,7.65,7.52,10.99,7.41,4.01,5.97,5.11,5.86,6.99,7.51,10.19,12.81,6.64,2.27
2018-02-01,6.36,6.25,5.85,6.36,2.41,4.21,6.35,8.29,8.17,11.61,8.05,4.52,5.76,5.66,6.37,6.56,7.57,9.89,12.53,7.04,2.27
2018-03-01,6.37,5.95,5.44,6.06,2.49,4.39,5.76,8.36,7.49,12.26,7.84,4.97,5.84,4.93,6.77,6.51,7.5,10.98,12.58,7.44,2.77
2018-04-01,6.32,5.4,6.5,6.02,2.57,4.71,5.62,8.35,7.09,12.6,8.05,4.92,6.32,4.26,6.73,5.77,7.39,10.67,12.71,7.1,2.99
2018-05-01,6.23,5.66,6.75,5.84,2.67,4.88,5.55,8.3,6.79,12.55,7.37,4.97,6.2,4.11,7.06,5.73,6.93,10.79,13.28,6.57,2.89
2018-06-01,6.14,5.74,6.79,5.65,2.66,5.08,5.18,8.17,6.24,12.93,7.3,5.13,6.13,4.15,7.09,5.69,6.65,10.66,12.68,6.89,2.79
2018-07-01,5.97,5.9,5.83,5.57,2.54,5.65,5.04,8.01,6.07,13.58,6.33,5.0,5.92,3.76,7.36,5.63,6.1,10.67,11.54,6.83,2.75
2018-08-01,5.72,5.9,5.52,5.2,2.8,5.49,4.73,7.74,6.12,13.79,6.2,4.92,6.13,3.47,6.95,5.41,4.86,10.44,9.71,7.05,2.84
2018-09-01,5.46,5.74,5.09,5.17,3.0,5.0,4.33,7.46,6.3,13.44,5.59,4.52,6.07,3.09,7.05,5.16,3.99,9.85,8.56,6.64,2.9
2018-10-01,5.29,5.97,5.36,4.87,3.24,4.58,3.97,7.11,5.93,12.83,5.43,4.69,5.95,2.94,7.62,4.92,3.69,7.99,7.57,6.34,2.86
2018-11-01,4.96,6.03,5.53,5.35,3.0,4.5,4.08,6.41,5.71,12.1,4.33,4.94,5.81,2.8,8.14,4.48,3.33,5.73,6.56,5.66,2.66
2018-12-01,4.56,5.83,5.2,5.16,2.82,4.62,4.06,5.65,5.29,11.45,3.83,5.19,5.66,2.79,8.07,4.05,2.42,3.63,5.3,5.31,2.76
2019-01-01,4.15,4.84,4.58,5.11,2.15,3.87,3.93,5.12,4.92,10.68,2.79,4.92,5.26,2.54,7.66,3.29,1.51,1.81,4.09,5.12,3.0
2019-02-01,3.83,4.72,3.2,4.22,1.98,3.0,3.44,4.7,3.83,9.76,1.72,4.4,4.38,1.98,6.8,2.85,1.15,1.2,2.71,5.46,2.88
2019-03-01,3.55,4.61,3.69,3.97,1.5,3.45,2.98,4.1,3.08,8.18,1.18,4.33,3.57,1.53,6.14,2.37,1.03,0.94,1.37,5.29,2.63
2019-04-01,3.43,4.94,3.66,4.18,1.71,3.48,2.66,3.63,3.19,7.06,1.19,3.96,2.77,1.64,5.94,2.45,0.47,1.55,-0.22,5.5,2.59
2019-05-01,3.34,4.58,3.35,4.36,1.57,3.54,2.49,3.34,3.79,6.34,1.68,3.35,3.41,1.54,5.53,2.27,0.9,0.76,-1.4,5.09,2.77
2019-06-01,3.16,4.5,3.65,4.36,1.74,3.48,2.5,3.21,4.2,5.36,1.29,2.7,3.63,1.27,5.55,2.24,1.09,0.58,-1.39,4.62,2.86
2019-07-01,3.11,4.06,3.8,4.45,1.76,3.11,2.6,2.99,4.22,4.56,1.06,2.62,3.98,1.11,5.62,2.47,1.89,-0.04,-0.6,4.38,2.68
2019-08-01,3.13,4.07,3.95,4.47,1.48,2.89,2.74,2.93,3.73,3.19,1.05,2.83,3.94,1.08,6.2,2.6,2.25,-0.1,0.82,4.25,2.71
2019-09-01,3.19,4.0,3.56,4.56,0.52,3.28,3.02,3.09,3.56,2.79,1.75,3.11,4.29,1.02,5.95,2.76,2.89,-0.71,1.9,4.37,2.73
2019-10-01,3.25,4.24,3.52,4.75,0.24,3.3,2.98,3.43,3.1,2.29,2.05,3.33,4.39,1.03,5.87,2.83,2.97,-0.2,2.68,4.81,2.98
2019-11-01,3.46,4.23,3.92,5.1,0.09,4.01,2.97,3.82,3.08,2.73,2.83,3.21,4.02,0.86,5.98,3.41,4.12,0.8,3.41,5.06,3.15
2019-12-01,3.78,4.12,4.54,5.25,0.68,3.59,2.75,3.9,3.42,2.72,2.79,3.22,3.99,0.98,6.68,3.91,4.9,2.41,4.28,5.38,3.43
2020-01-01,4.11,4.52,4.62,4.99,0.45,4.38,2.77,3.91,3.47,3.41,3.52,3.01,3.81,1.01,7.14,4.51,5.43,3.27,5.27,5.12,3.64
2020-02-01,4.36,4.66,4.92,5.43,0.7,4.66,2.62,3.53,3.69,3.73,3.78,3.46,5.26,1.55,7.6,5.01,4.72,3.69,6.05,5.11,3.7
2020-03-01,4.52,4.64,4.76,5.47,1.51,5.15,2.83,3.65,3.99,4.45,4.14,3.56,5.27,1.95,8.19,4.87,4.9,3.61,6.82,5.62,3.77
2020-04-01,4.49,4.37,4.16,5.57,1.32,5.8,2.74,3.78,3.5,4.67,3.83,3.99,6.3,1.96,8.79,4.22,5.49,2.44,7.09,5.68,3.43
2020-05-01,4.24,4.24,4.06,5.37,1.25,5.47,2.66,3.69,2.76,4.21,3.25,4.01,5.35,1.67,8.82,4.15,4.91,1.98,6.7,5.77,3.16
2020-06-01,4.28,4.28,3.35,5.54,0.49,5.2,2.84,3.81,2.93,3.26,3.68,3.81,5.23,1.73,8.78,4.18,4.87,1.4,6.52,5.6,3.25
2020-07-01,4.79,4.75,4.34,5.88,1.24,5.34,3.05,4.26,3.98,3.23,5.23,3.91,5.1,2.21,9.03,5.0,5.43,2.66,7.05,5.69,4.34
2020-08-01,5.83,5.1,5.7,6.63,2.55,6.84,4.08,5.28,5.23,4.59,6.84,4.61,5.77,3.52,9.79,6.2,7.67,4.3,8.62,6.65,5.65
2020-09-01,7.07,5.97,7.84,7.61,4.66,7.71,4.92,6.09,6.35,5.34,7.77,5.56,6.71,5.08,11.41,7.67,9.62,6.45,10.31,7.36,6.99
2020-10-01,8.47,6.8,9.49,8.78,5.92,9.79,6.63,7.17,7.95,6.49,8.56,6.8,7.95,6.84,12.77,8.95,11.83,8.28,11.84,8.52,8.05
2020-11-01,9.62,7.87,10.56,9.5,6.92,10.09,7.43,8.27,9.19,6.93,9.24,8.03,9.25,9.01,13.92,9.72,12.52,9.14,12.91,9.6,8.88
2020-12-01,10.57,9.02,11.56,10.22,7.28,12.06,8.64,9.44,10.13,8.1,10.27,9.33,10.15,10.47,14.64,10.18,13.35,9.4,13.8,10.9,9.75
2021-01-01,11.46,9.74,12.84,11.29,8.6,12.28,9.42,10.35,11.07,8.96,11.07,10.7,10.69,11.92,16.12,10.88,14.59,10.32,14.52,12.28,10.33
2021-02-01,12.28,10.16,13.79,12.13,8.66,12.47,11.0,11.53,11.86,9.48,12.09,11.28,10.39,12.42,17.51,11.69,17.16,11.03,15.84,13.11,10.91
2021-03-01,13.43,11.31,14.9,13.9,9.02,12.86,13.43,13.56,12.31,10.86,13.32,12.52,10.86,13.55,20.09,13.5,19.07,12.07,18.03,13.92,11.75
2021-04-01,14.87,12.43,16.03,15.18,9.96,13.22,15.8,15.21,13.61,12.51,14.51,14.32,11.21,14.77,22.3,15.57,21.27,14.8,20.51,15.45,13.27
2021-05-01,16.75,14.42,17.12,16.98,11.09,14.31,18.24,17.2,15.2,15.45,16.64,16.61,12.68,16.36,25.65,17.27,24.2,17.84,23.24,17.91,14.41
2021-06-01,18.67,16.49,18.33,18.89,12.78,16.41,20.95,19.4,16.02,19.67,18.44,19.99,13.5,17.54,29.0,19.11,26.66,21.55,25.01,21.27,15.31
2021-07-01,19.73,18.49,18.56,20.73,12.87,16.36,23.43,21.14,16.06,22.23,18.88,22.3,14.22,18.32,32.18,19.46,27.7,21.72,25.49,24.15,14.99
2021-08-01,19.94,20.07,17.67,21.52,12.36,15.42,24.51,21.47,15.7,23.54,18.42,23.74,13.87,17.52,33.23,19.31,26.26,21.22,24.37,25.75,14.15
2021-09-01,19.69,21.04,16.87,22.31,11.66,14.34,25.0,21.27,15.07,24.56,18.45,25.15,12.89,16.43,33.01,18.25,25.19,19.88,23.32,27.54,12.98
2021-10-01,19.14,21.07,15.19,22.58,11.37,13.54,24.75,20.42,14.31,25.41,18.81,25.79,11.63,15.12,32.39,17.81,24.52,18.74,22.82,28.05,11.73
2021-11-01,18.91,21.3,13.62,22.92,11.6,13.74,25.31,20.24,13.75,25.72,19.26,26.76,11.26,13.94,32.35,17.55,24.79,18.56,23.46,29.11,11.14
2021-12-01,19.03,21.9,13.53,23.98,12.17,13.39,26.23,20.45,13.7,25.61,19.34,27.47,11.41,13.57,32.69,18.07,26.11,19.21,24.16,29.6,10.85
2022-01-01,19.4,22.77,13.41,24.69,12.29,13.86,27.56,21.01,13.68,26.38,20.06,28.25,11.88,13.17,32.79,17.81,27.43,21.16,24.87,31.13,11.35
2022-02-01,20.12,24.22,14.62,25.92,13.25,14.27,28.97,22.32,13.94,27.67,22.08,29.9,12.0,13.66,32.92,19.02,29.11,22.87,26.6,32.84,12.02
2022-03-01,20.73,25.77,14.75,26.21,12.88,14.69,30.75,23.62,15.26,28.53,23.07,32.09,12.34,14.2,32.38,19.18,29.4,23.85,27.61,35.0,12.77
2022-04-01,20.61,26.37,15.04,26.6,12.93,14.21,30.94,23.45,15.15,28.4,23.13,33.25,12.21,14.72,31.26,18.9,28.14,22.51,26.0,36.04,12.57
2022-05-01,19.76,26.21,15.47,26.37,12.87,13.76,30.52,21.97,14.33,27.28,21.78,33.84,11.32,14.66,29.62,17.13,25.11,20.39,23.29,36.12,12.05
2022-06-01,17.84,24.67,14.74,25.39,12.99,12.54,27.92,19.11,12.77,24.92,19.03,32.77,10.23,14.8,26.37,14.54,21.22,15.73,19.04,34.86,10.72
2022-07-01,15.52,22.67,13.2,23.44,12.53,12.3,24.45,15.44,11.16,21.63,15.43,31.52,8.89,13.77,22.13,11.64,16.37,10.58,14.44,31.72,9.3
2022-08-01,12.9,19.93,11.34,21.17,11.19,11.52,20.02,11.92,9.62,17.34,11.98,28.37,7.59,12.71,16.99,8.52,12.65,5.51,9.81,28.07,7.41
2022-09-01,10.69,17.03,8.83,17.71,9.96,10.55,16.26,9.32,7.95,12.84,8.97,24.52,6.51,11.27,12.59,6.8,9.55,2.35,6.22,23.66,6.56
2022-10-01,9.19,14.9,7.71,14.98,8.91,8.76,13.63,7.99,6.95,9.38,6.89,21.01,5.88,10.13,9.62,5.5,7.56,0.72,4.51,20.52,6.1
2022-11-01,7.63,12.77,7.07,12.65,7.88,7.52,11.17,6.25,6.21,6.6,4.69,18.44,4.87,9.06,6.37,4.07,5.01,-1.31,1.58,16.97,5.42
2022-12-01,5.78,10.51,5.32,9.99,5.95,6.12,8.1,3.67,4.57,3.63,2.82,15.9,3.23,7.61,3.04,1.23,1.66,-3.97,-1.71,14.06,4.47
2023-01-01,3.95,8.5,4.32,8.23,4.94,5.13,5.13,1.17,3.31,0.45,1.1,13.97,1.73,6.38,0.03,-0.33,-1.27,-7.64,-4.9,10.7,2.53
2023-02-01,2.26,6.67,2.2,6.16,3.76,4.12,2.07,-1.17,1.72,-2.58,-1.3,10.98,0.59,4.72,-2.05,-2.64,-4.22,-10.12,-8.65,7.84,1.17
2023-03-01,0.82,4.55,0.85,4.81,4.24,2.28,-1.13,-3.54,1.18,-5.0,-3.01,7.84,0.4,4.14,-4.52,-3.86,-5.45,-11.39,-11.6,4.95,-0.23
2023-04-01,-0.06,3.44,0.86,3.45,4.11,2.82,-2.93,-4.61,1.14,-6.6,-3.39,5.18,-0.05,3.35,-6.14,-4.59,-5.76,-11.32,-11.81,2.51,-0.54
2023-05-01,-0.39,2.07,0.05,2.16,4.43,3.62,-3.92,-5.0,1.71,-7.78,-3.29,3.42,0.3,3.31,-7.71,-4.48,-4.54,-11.25,-10.84,0.59,-0.2
2023-06-01,0.01,2.02,0.72,1.59,4.07,3.98,-4.22,-4.49,2.13,-8.27,-2.06,2.35,0.62,3.23,-7.63,-3.63,-2.84,-9.92,-8.3,-1.08,0.52
2023-07-01,1.03,2.09,1.17,1.74,4.37,3.86,-3.52,-2.92,3.1,-7.29,0.17,1.77,0.91,4.01,-6.69,-2.59,0.57,-6.32,-4.83,-0.95,1.86
2023-08-01,2.67,3.3,3.07,2.91,4.92,3.86,-1.75,-0.66,4.69,-4.99,3.13,3.16,1.71,5.11,-3.89,-0.65,4.07,-2.5,-0.76,-0.13,3.44
2023-09-01,4.07,4.27,5.28,4.64,5.94,5.01,0.26,1.05,6.68,-1.97,5.28,4.95,2.29,6.66,-1.22,0.25,6.57,0.59,1.78,1.38,4.48
2023-10-01,4.85,5.24,6.7,6.02,6.82,6.47,1.31,1.63,8.09,0.19,6.37,6.69,2.74,7.61,0.9,0.38,7.34,1.8,2.24,2.26,4.75
2023-11-01,5.24,5.61,7.24,7.05,7.03,7.5,1.83,1.59,8.02,2.1,7.46,7.19,2.66,8.06,2.43,0.38,8.28,2.44,2.55,3.48,4.79
2023-12-01,5.77,6.4,7.34,7.98,8.13,7.49,2.22,2.38,8.34,4.26,8.44,7.78,2.97,8.48,3.84,1.35,8.76,3.47,3.92,4.26,5.27
2024-01-01,6.24,6.45,7.11,8.1,8.2,7.01,3.0,2.77,8.42,5.71,8.63,7.45,3.21,8.47,4.59,1.83,11.32,4.58,5.35,4.73,6.48
2024-02-01,6.55,6.21,7.99,8.23,9.22,7.13,3.56,2.79,9.04,7.35,8.68,8.0,3.91,9.58,4.88,2.62,11.48,5.27,7.08,4.31,7.22
2024-03-01,6.52,5.89,8.68,7.66,8.87,8.94,3.69,2.15,7.83,7.73,8.8,8.22,3.31,9.74,4.93,2.45,11.02,4.96,7.58,3.76,7.08
2024-04-01,6.36,5.58,7.99,7.39,8.81,8.57,3.41,1.92,7.17,8.18,8.36,8.2,2.86,9.78,4.8,1.94,10.16,4.56,7.5,3.56,6.52
2024-05-01,5.94,5.59,7.16,7.15,7.59,7.49,2.55,2.0,6.78,8.5,8.3,7.65,2.27,9.56,4.39,1.3,9.01,4.29,7.02,3.24,6.02
2024-06-01,5.44,5.02,6.47,6.33,7.11,6.58,2.22,1.84,6.98,8.39,8.14,6.86,1.9,9.23,3.65,0.73,8.5,4.47,6.59,2.96,5.99
2024-07-01,4.91,4.4,6.38,5.71,6.7,6.7,1.8,1.25,6.65,8.14,7.04,6.42,1.97,8.84,2.8,0.88,7.01,3.45,5.86,2.14,5.47
2024-08-01,4.28,3.57,5.46,4.88,7.13,6.71,1.51,0.62,5.98,7.18,5.7,4.98,2.02,8.18,2.07,0.79,5.68,2.84,5.09,1.54,5.43
2024-09-01,3.91,3.28,4.48,4.56,6.91,6.85,1.06,0.2,5.32,6.68,4.63,3.85,2.39,7.75,1.83,1.05,4.81,2.0,5.11,0.99,5.25
2024-10-01,3.6,2.84,4.43,3.97,6.24,5.79,0.91,0.45,4.33,5.88,3.98,3.18,2.34,7.54,1.2,1.4,4.57,1.55,4.85,0.43,5.64
2024-11-01,3.77,2.85,5.19,3.66,6.25,5.43,1.03,0.9,4.56,5.56,3.84,3.16,2.81,7.58,1.56,2.03,4.54,2.07,5.44,-0.37,5.84
2024-12-01,4.05,2.35,6.37,3.48,6.6,5.31,1.65,1.52,4.79,5.44,3.44,3.29,3.26,7.64,2.07,2.95,5.34,2.87,5.58,-1.1,5.61
2025-01-01,4.17,2.35,6.59,3.33,7.46,6.41,1.36,1.85,5.67,5.53,4.02,3.3,3.61,8.14,2.68,2.86,3.26,2.99,5.51,-1.46,5.12
2025-02-01,3.97,2.5,5.91,3.15,6.94,6.55,0.88,1.55,5.73,4.9,4.44,2.89,3.01,7.94,2.26,2.09,2.58,3.06,4.92,-1.38,4.55
2025-03-01,3.41,2.48,4.7,2.68,6.44,5.85,0.2,1.33,5.76,4.67,4.05,1.76,2.73,8.23,1.88,1.33,1.45,1.54,4.16,-2.17,4.43
2025-04-01,2.82,2.1,3.83,2.43,5.93,5.09,-0.23,0.68,5.48,4.09,2.5,1.4,2.32,8.11,1.26,0.72,0.87,0.13,3.06,-2.13,4.22
2025-05-01,2.34,1.66,4.59,2.51,5.94,4.68,-0.65,-0.06,4.83,3.27,0.95,0.54,2.42,7.58,0.93,1.27,0.18,-0.79,1.84,-2.47,3.23
2025-06-01,1.92,0.9,4.18,2.49,6.01,4.46,-0.98,-0.59,4.16,2.41,0.01,-0.23,2.46,7.24,-0.02,0.99,-0.74,-2.1,0.9,-2.4,2.14
2025-07-01,1.63,0.7,4.04,2.07,6.04,4.44,-1.25,-0.66,4.11,0.95,0.11,-1.29,2.6,6.5,-0.91,1.06,-0.76,-2.0,0.15,-2.88,1.28
2025-08-01,1.47,0.18,4.04,1.57,5.83,4.59,-1.19,-0.76,3.74,0.2,-0.01,-1.66,2.54,6.08,-1.65,0.22,-0.85,-1.49,-0.14,-3.39,0.89
2025-09-01,1.32,-0.16,4.13,0.72,5.41,3.95,-1.32,-0.68,3.61,-0.76,0.34,-1.23,2.4,5.4,-1.98,-0.33,-0.9,-0.83,-0.57,-4.17,0.64
2025-10-01,1.41,-0.11,3.0,0.41,5.72,4.09,-1.46,-1.37,3.93,-0.67,0.08,-1.02,2.67,5.13,-1.55,-0.62,-0.59,0.28,-0.42,-4.14,0.41
2025-11-01,1.44,-0.03,1.82,0.35,5.64,3.36,-1.4,-1.28,3.81,-0.42,0.49,-1.04,2.82,5.19,-1.37,-0.65,0.32,0.42,-0.11,-3.82,0.32
2025-12-01,1.3,0.16,0.96,0.66,5.37,4.05,-1.52,-2.07,,-0.88,0.86,-1.47,2.74,5.14,-1.54,-1.1,0.78,-0.06,-0.11,-2.83,0.29
