date,CPI - New York YoY %,CPI - Philadelphia YoY %,CPI - Boston YoY %,CPI - Chicago YoY %,CPI - Detroit YoY %,CPI - Dallas YoY %,CPI - Houston YoY %,CPI - Atlanta YoY %,CPI - Miami YoY %,CPI - San Francisco YoY %,CPI - Seattle YoY %,CPI - West Region (Size Class A) YoY %
1915-12-01,2.02,0.98,1.9,2.0,4.12,,0.0,,,0.0,-1.09,
1916-12-01,11.88,12.62,13.08,13.73,15.84,,14.74,,,8.7,6.59,
1917-12-01,22.12,21.55,17.36,16.38,22.22,,21.1,,,16.0,21.65,
1918-12-01,21.74,20.57,21.83,20.74,18.88,,20.45,19.74,,21.55,30.51,
1919-12-01,14.88,12.94,12.72,15.95,17.06,,16.35,14.29,,15.6,18.18,
1920-06-01,22.22,21.71,23.56,25.3,28.65,,20.12,21.69,,19.05,22.5,
1920-12-01,1.04,3.65,3.59,0.0,6.53,,2.16,0.0,,1.23,-1.65,
1921-12-01,-8.21,-11.06,-11.88,-7.41,-15.57,,-13.23,-13.46,,-9.09,-10.61,
1922-05-01,,,,-5.59,,,,,,,,
1922-09-01,-3.93,-5.59,-6.11,-4.49,-6.49,,-5.42,-5.95,,-3.33,-4.91,
1922-12-01,-2.79,-2.26,-2.81,-2.29,-2.23,,-3.05,-3.89,,-2.67,-3.12,
1923-03-01,1.17,0.0,1.18,,2.31,,-1.26,0.0,,-2.04,-3.82,
1923-06-01,1.16,1.73,1.79,1.76,3.45,,0.63,0.57,,0.0,-0.64,
1923-09-01,2.92,5.33,4.14,4.12,6.36,,1.91,2.3,,2.07,0.65,
1923-12-01,2.3,2.89,2.89,3.51,4.0,,1.26,1.16,,2.74,0.65,
1924-03-01,0.58,1.73,1.17,2.33,2.26,,1.27,-0.57,,1.39,2.65,
1924-06-01,0.0,0.57,0.58,2.31,0.56,,-1.89,-1.7,,0.0,0.65,
1924-09-01,-1.14,-1.12,-0.57,0.56,-2.72,,-1.25,-2.81,,-0.68,-0.64,
1924-12-01,-0.56,1.12,-1.12,1.13,-1.65,,-0.62,-1.14,,-1.33,0.0,
1925-06-01,1.72,3.95,1.74,2.82,1.1,,3.21,3.47,,3.42,2.56,
1925-12-01,4.52,5.0,5.11,3.91,3.91,,2.5,5.78,,3.38,2.56,
1926-06-01,2.26,2.17,3.43,0.55,0.55,,-0.62,0.56,,-0.66,-1.25,
1926-12-01,-2.16,-1.06,-1.62,-1.61,-2.15,,-2.44,-2.73,,-1.96,-1.88,
1927-06-01,-0.55,-1.6,-0.55,0.0,-1.09,,-1.88,0.56,,0.0,0.0,
1927-12-01,0.0,-2.14,-1.1,-2.73,-2.75,,-1.25,-3.37,,-0.67,-1.91,
1928-06-01,-1.67,-2.16,-2.78,-3.83,-4.4,,-1.27,-3.87,,-1.33,-3.16,
1928-12-01,-1.66,-2.73,-1.11,-0.56,-1.69,,-1.27,0.58,,0.67,0.0,
1929-06-01,0.56,-1.66,0.0,0.0,1.15,,0.65,-1.72,,0.0,1.31,
1929-12-01,0.56,0.56,0.0,0.0,0.57,,1.28,-1.16,,-0.67,0.65,
1930-06-01,-2.25,-1.69,-0.57,-1.14,-2.27,,-1.28,-3.51,,-1.35,0.0,
1930-12-01,-5.03,-6.15,-5.06,-6.21,-9.14,,-6.96,-7.6,,-5.37,-7.1,
1931-06-01,-8.05,-9.14,-9.77,-10.34,-13.95,,-10.39,-10.3,,-8.9,-10.32,
1931-12-01,-9.41,-8.93,-9.47,-10.24,-12.58,,-8.84,-11.39,,-8.51,-6.94,
1932-06-01,-8.13,-10.69,-10.19,-12.82,-12.84,,-10.87,-9.46,,-8.27,-9.35,
1932-12-01,-7.79,-11.76,-9.8,-13.42,-12.95,,-12.69,-10.0,,-6.98,-9.7,
1933-06-01,-6.8,-7.04,-4.96,-8.82,-9.3,,-5.69,-6.72,,-4.1,-4.76,
1933-12-01,-1.41,2.22,0.72,-1.55,1.65,,3.42,2.38,,0.83,0.0,
1934-06-01,4.38,7.58,5.22,2.42,9.4,,5.17,4.8,,4.27,1.67,
1936-07-01,1.4,2.11,2.11,1.49,4.48,,2.38,2.24,,0.81,1.6,
1937-09-01,3.4,3.42,4.14,4.35,5.67,,3.85,2.88,,4.03,4.65,
1937-12-01,3.45,0.68,2.8,3.65,7.14,,3.85,1.44,,4.84,3.88,
1938-03-01,-2.03,-2.03,-2.05,0.0,1.39,,0.0,-1.43,,0.0,0.0,
1938-06-01,-2.03,-2.01,-3.38,-1.41,-2.03,,-0.75,-3.55,,0.0,-0.75,
1938-09-01,-3.95,-3.97,-5.3,-2.78,-4.03,,-1.48,-3.5,,-0.78,-2.22,
1938-12-01,-2.67,-2.04,-3.4,-2.82,-5.33,,-1.48,-2.13,,-1.54,-1.49,
1939-03-01,0.0,-2.07,-1.4,-1.44,-4.11,,-1.5,-1.45,,-0.78,-1.5,
1939-06-01,-1.38,-2.74,-2.1,-2.86,-4.14,,-0.76,-0.74,,-2.34,-0.76,
1939-09-01,1.37,0.0,0.0,-1.43,-1.4,,0.0,0.0,,0.0,0.76,
1939-12-01,0.0,-0.69,-0.7,-0.72,-1.41,,-0.75,-1.45,,-1.56,-0.76,
1940-03-01,1.38,0.7,1.42,0.0,0.71,,0.76,0.74,,-0.79,0.76,
1940-06-01,3.5,1.41,2.86,2.21,2.16,,0.76,0.0,,0.8,0.76,
1940-09-01,-0.68,-1.38,0.0,0.0,0.0,,-0.75,-1.45,,-0.78,-0.75,
1940-12-01,0.68,0.7,1.42,1.46,1.43,,0.76,1.47,,1.59,1.53,
1941-03-01,0.68,1.4,0.0,1.46,2.13,,0.76,0.73,,2.38,1.52,
1941-06-01,2.7,4.17,2.78,3.6,5.63,,3.03,5.19,,5.56,5.3,
1941-09-01,6.12,8.39,6.99,8.7,9.22,,6.82,8.82,,7.09,9.85,
1941-10-01,7.53,9.79,8.45,9.42,11.35,,8.27,,,7.81,11.36,
1941-11-01,7.48,9.79,10.56,10.14,12.06,,9.02,,,9.37,11.36,
1941-12-01,7.48,9.72,9.09,9.35,11.97,,9.77,10.14,,9.37,12.03,
1942-01-01,9.52,11.81,10.49,10.79,13.38,,10.53,,,11.72,14.29,
1942-02-01,9.46,11.81,11.89,10.79,13.29,,12.03,,,11.63,15.04,
1942-03-01,10.14,12.41,12.59,12.23,14.58,,13.53,13.77,,13.18,15.67,
1942-04-01,10.07,13.01,11.03,12.06,14.38,,11.85,,,12.98,15.56,
1942-05-01,10.0,12.93,11.64,12.68,14.38,,12.59,,,12.98,14.49,
1942-06-01,9.87,11.33,10.81,11.11,11.33,,11.03,11.97,,12.03,11.51,
1942-07-01,9.8,12.67,11.33,9.59,11.33,,11.68,,,12.03,11.43,
1942-08-01,9.74,11.18,9.93,9.52,9.93,,11.59,,,12.69,12.06,
1942-09-01,8.33,9.68,9.8,7.33,8.44,,9.93,8.78,,11.76,10.34,
1942-10-01,8.92,8.92,10.39,7.95,7.64,,7.64,,,10.87,9.52,
1942-11-01,9.49,9.55,8.92,7.89,7.59,,6.9,,,11.43,10.2,
1942-12-01,10.13,10.13,9.62,7.89,7.55,,6.85,7.89,,11.43,10.07,
1943-01-01,8.7,8.07,8.23,6.49,6.21,,6.8,,,9.79,7.89,
1943-02-01,8.02,8.07,6.88,7.14,6.17,,6.04,,,9.03,7.19,
1943-03-01,9.2,7.98,8.07,7.69,6.06,,7.28,7.64,,8.9,7.1,
1943-04-01,9.15,9.09,8.7,6.96,5.39,,7.28,,,9.46,7.05,
1943-05-01,9.7,9.04,7.98,6.88,7.19,,7.24,,,9.46,6.96,
1943-06-01,8.38,7.78,6.71,6.25,7.19,,6.62,8.18,,8.72,8.39,
1943-07-01,7.74,5.33,3.59,5.0,6.59,,4.58,,,6.04,5.77,
1943-08-01,5.92,5.33,4.22,4.97,5.42,,3.25,,,3.97,3.8,
1943-09-01,7.1,4.71,2.98,5.59,4.79,,3.87,6.21,,3.95,4.37,
1943-10-01,6.43,4.68,2.94,4.29,4.14,,3.87,,,4.58,4.35,
1943-11-01,5.2,4.07,1.75,3.05,2.94,,3.87,,,3.21,3.7,
1943-12-01,4.6,2.87,1.75,3.05,3.51,,3.21,4.27,,3.21,2.44,
1944-01-01,4.0,2.87,1.75,2.44,2.92,,2.55,,,2.55,2.44,
1944-02-01,3.43,2.87,1.17,1.82,1.74,,1.9,,,1.91,1.83,
1944-03-01,2.25,1.14,-0.57,0.0,0.0,,-1.23,0.59,,1.26,1.2,
1944-04-01,2.23,-0.56,0.0,0.59,0.57,,-0.62,,,0.0,0.6,
1944-05-01,1.66,-0.55,-0.57,-0.58,-1.12,,-0.61,,,1.23,0.0,
1944-06-01,1.66,0.56,0.0,0.59,-0.56,,0.62,0.58,,0.62,0.6,
1944-07-01,2.21,1.69,1.73,2.98,1.12,,1.88,,,3.8,3.03,
1944-08-01,3.35,2.25,2.31,2.37,2.86,,2.52,,,4.46,3.66,
1944-09-01,2.21,2.25,2.89,1.76,2.86,,1.24,2.34,,3.8,1.8,
1944-10-01,1.65,1.12,0.57,1.76,1.7,,1.24,,,3.75,1.79,
1944-11-01,2.2,1.12,1.72,2.37,2.29,,0.62,,,3.11,1.79,
1944-12-01,2.2,1.68,2.3,2.37,1.69,,1.24,3.51,,4.35,2.38,
1945-01-01,2.2,2.23,2.3,2.98,2.27,,1.86,,,3.73,2.38,
1945-02-01,2.76,2.79,2.89,2.98,2.86,,1.24,,,3.75,2.4,
1945-03-01,1.65,2.81,2.31,2.98,2.86,,1.88,4.12,,3.73,2.38,
1945-04-01,1.64,2.23,1.14,1.76,1.69,,1.86,,,3.7,2.38,
1945-05-01,1.63,2.78,1.71,3.53,2.82,,1.85,,,1.83,2.37,
1945-06-01,2.72,2.76,3.43,2.92,3.37,,2.47,3.47,,3.07,2.37,
1945-07-01,3.24,3.31,2.84,1.73,2.22,,2.45,,,3.05,2.35,
1945-08-01,2.7,2.75,2.26,1.73,2.78,,2.45,,,2.44,2.35,
1945-09-01,2.16,2.2,1.12,1.16,2.22,,2.45,3.43,,2.44,2.35,
1945-10-01,2.16,2.76,1.7,1.16,2.79,,1.84,,,1.2,1.17,
1945-11-01,2.15,2.76,1.69,1.16,3.35,,2.47,,,2.41,1.75,
1945-12-01,2.69,2.75,1.12,1.73,2.78,,2.45,2.26,,2.38,2.33,
1946-01-01,3.23,2.19,1.69,1.73,3.33,,1.22,,,1.8,1.74,
1946-02-01,3.23,1.63,1.12,1.73,3.33,,1.84,,,1.2,2.34,
1946-03-01,4.32,2.73,2.26,1.73,3.33,,2.45,2.26,,1.2,2.33,
1946-04-01,4.84,3.28,2.82,2.89,4.44,,2.44,,,0.6,2.33,
1946-05-01,4.81,2.7,2.25,1.7,4.4,,1.82,,,1.8,2.31,
1946-06-01,4.76,3.23,1.66,2.27,4.35,,3.01,2.79,,3.57,3.47,
1946-07-01,9.95,8.56,9.39,10.23,10.87,,7.19,,,7.69,7.47,
1946-08-01,12.11,11.76,11.6,12.5,10.81,,10.18,,,11.31,9.2,
1946-09-01,15.34,13.98,13.33,14.29,12.5,,11.98,11.6,,13.69,11.49,
1946-10-01,17.99,15.59,16.2,17.71,14.13,,13.86,,,15.48,15.03,
1946-11-01,18.42,17.74,17.22,20.0,15.68,,18.67,,,18.24,16.67,
1946-12-01,18.85,18.72,18.33,19.89,16.76,,19.76,18.23,,18.02,17.05,
1947-01-01,17.71,18.18,18.23,19.89,16.13,,21.69,,,18.24,16.57,
1947-02-01,17.19,17.65,18.33,19.32,16.13,,21.69,,,19.05,16.0,
1947-03-01,19.17,20.74,19.89,22.16,18.82,,23.35,22.65,,20.12,17.61,
1947-04-01,17.44,19.05,18.13,20.22,17.55,,23.81,,,20.71,18.18,
1947-05-01,15.82,18.42,17.58,20.11,16.32,,23.21,,,19.41,17.51,
1947-06-01,15.66,18.75,17.93,21.11,16.67,,21.05,19.02,,15.52,15.64,
1947-07-01,9.52,13.3,10.61,13.4,10.78,,16.2,,,,,
1947-08-01,8.92,11.0,10.4,13.13,12.2,,14.13,,,,11.58,
1947-09-01,8.26,11.79,12.25,15.5,12.08,,13.9,,,9.95,,
1947-10-01,5.83,9.77,9.13,11.65,12.38,,13.76,,,,,
1947-11-01,6.22,8.68,8.06,10.0,9.81,,10.66,,,,7.39,
1947-12-01,6.17,9.01,8.92,10.9,10.65,,11.0,,,5.42,,
1948-01-01,7.96,10.41,9.81,11.37,11.57,,10.89,,,,,
1948-02-01,8.0,10.0,9.39,10.48,10.65,,10.89,,,,10.34,
1948-03-01,4.35,5.73,6.91,7.91,7.69,,8.74,,,6.9,,
1948-04-01,6.55,9.33,9.77,10.75,9.95,,8.17,,,,,
1948-05-01,7.93,10.22,10.75,11.63,10.86,,8.7,,,,10.1,
1948-06-01,7.86,9.65,10.6,11.01,10.27,,9.66,,,9.45,,
1948-07-01,9.57,9.13,10.96,11.36,10.18,,10.1,,,,,
1948-08-01,9.05,9.48,9.42,9.82,8.26,,10.0,9.42,,,9.43,
1948-09-01,7.2,7.17,6.55,6.93,6.9,,8.45,,,6.67,,
1948-10-01,6.36,7.2,7.05,6.52,4.66,,6.98,,,,,
1948-11-01,4.6,5.04,5.7,4.76,4.26,,5.05,3.9,,,5.05,
1948-12-01,2.49,2.48,2.59,2.99,2.51,,3.15,,,4.67,,
1949-01-01,1.23,0.82,0.85,2.13,0.83,,1.79,,,,,
1949-02-01,0.41,1.24,0.0,2.59,1.26,,0.45,1.29,,,2.68,
1949-03-01,2.08,2.5,1.29,3.45,1.68,,0.45,,,1.84,,
1949-04-01,0.82,0.0,-0.42,1.69,-0.41,,0.44,,,,,
1949-05-01,0.0,-0.4,-0.84,0.0,-0.82,,0.0,0.42,,,-0.44,
1949-06-01,-0.81,-1.6,-1.67,0.0,-1.62,,-0.88,,,0.0,,
1949-07-01,-2.78,-2.79,-3.29,-2.45,-3.21,,-1.75,,,,,
1949-08-01,-3.16,-3.54,-2.87,-2.44,-3.21,,-2.16,-1.64,,,-3.02,
1949-09-01,-2.77,-3.15,-2.05,-2.02,-2.82,,-1.73,,,-2.23,,
1949-10-01,-3.19,-2.77,-2.47,-2.04,-3.24,,-0.87,,,,,
1949-11-01,-2.8,-2.0,-1.66,-0.41,-1.63,,0.44,-0.83,,,-0.87,
1949-12-01,-2.02,-2.02,-1.26,-1.24,-2.04,,0.44,,,-3.12,,
1950-01-01,-2.83,-2.03,-1.27,-1.25,-1.65,,0.44,,,,,
1950-02-01,-1.23,-1.63,0.0,-0.42,-1.65,,1.78,-0.85,,,-1.74,
1950-03-01,-1.63,-1.63,0.0,-0.83,-0.83,,2.22,,,-1.36,,
1950-04-01,-1.63,-1.63,0.0,-1.66,-0.83,,1.33,,,,,
1950-05-01,-1.22,-1.62,0.0,0.0,-0.41,,1.78,-0.42,,,-0.88,
1950-06-01,-0.82,-0.41,0.85,-0.83,0.41,,2.22,,,-1.36,,
1950-07-01,0.82,1.23,2.13,1.67,2.07,,3.11,,,,,
1950-08-01,0.82,1.63,2.11,2.08,2.49,,4.42,1.67,,,2.22,
1950-09-01,1.63,2.03,1.26,1.65,3.73,,4.85,,,0.91,,
1950-10-01,3.29,2.44,2.95,2.92,5.44,,4.39,,,,,
1950-11-01,4.12,2.86,2.95,2.9,4.98,,3.91,4.2,,,4.85,
1950-12-01,5.79,6.17,4.68,5.88,6.25,,5.65,,,5.53,,
1951-01-01,7.92,9.13,6.84,7.59,8.37,,8.3,,,,,
1951-02-01,9.13,11.62,8.58,9.28,10.08,,9.17,10.26,,,8.41,
1951-03-01,9.13,11.16,7.66,8.82,9.58,,9.13,,,9.17,,
1951-04-01,8.68,11.57,7.66,9.7,9.58,,10.04,,,,,
1951-05-01,9.5,11.11,8.09,8.33,8.68,,10.04,12.29,,,10.18,
1951-06-01,8.23,9.8,6.72,8.75,8.61,,9.13,,,9.22,,
1951-07-01,6.88,8.91,6.25,7.82,7.72,,8.62,,,,,
1951-08-01,6.88,8.03,5.37,6.94,7.29,,6.78,8.61,,,7.83,
1951-09-01,6.4,7.57,5.79,6.91,6.4,,6.3,,,7.24,,
1951-10-01,6.37,7.54,5.74,7.29,5.95,,6.72,,,,,
1951-11-01,5.93,8.73,6.15,7.66,6.32,,6.69,8.47,,,6.3,
1951-12-01,4.69,6.2,5.69,5.56,5.88,,5.35,,,6.11,,
1952-01-01,3.47,4.18,3.6,4.31,4.25,,2.82,,,,,
1952-02-01,1.52,0.74,1.98,1.54,2.29,,1.6,3.88,,,3.67,
1952-03-01,1.14,1.12,1.98,1.93,1.9,,1.2,,,2.1,,
1952-04-01,1.52,1.11,1.98,1.92,2.66,,0.79,,,,,
1952-05-01,0.75,1.11,1.97,2.69,2.66,,0.79,0.75,,,2.41,
1952-06-01,1.52,1.86,2.36,2.68,1.89,,1.2,,,4.64,,
1952-07-01,2.65,2.97,3.53,2.67,2.64,,1.19,,,,,
1952-08-01,2.65,2.97,3.53,3.05,3.02,,1.59,3.02,,,2.82,
1952-09-01,1.88,2.59,2.73,2.28,2.26,,0.79,,,4.22,,
1952-10-01,1.5,2.21,1.94,1.51,2.62,,1.18,,,,,
1952-11-01,1.49,1.09,0.77,0.75,1.86,,0.78,1.49,,,1.58,
1952-12-01,0.75,1.09,0.0,0.75,2.22,,0.78,,,2.47,,
1953-01-01,0.37,0.73,0.39,0.38,1.85,,,,,,,
1953-02-01,0.37,1.11,,1.14,1.87,,1.18,,,,0.39,
1953-03-01,0.75,1.1,,0.76,2.24,,,,,2.47,,
1953-04-01,0.37,0.37,0.39,0.75,1.48,,,,,,,
1953-05-01,0.37,0.73,,0.37,1.85,,1.57,,,,1.18,
1953-06-01,1.12,1.09,,0.37,2.59,,,,,0.81,,
1953-07-01,0.0,0.0,-0.76,0.37,2.21,,,,,,,
1953-08-01,0.37,0.0,,0.74,1.83,,0.78,,,,1.57,
1953-09-01,0.74,0.36,,1.12,2.21,,,,,2.02,,
1953-10-01,0.74,0.36,0.38,1.86,1.82,,,,,,,
1953-11-01,0.0,0.0,,1.12,1.09,,0.78,,,,0.39,
1953-12-01,1.11,0.0,,1.49,0.36,,,0.37,,1.2,,
1954-01-01,1.49,0.72,0.38,1.87,1.09,,,,,,,
1954-02-01,1.49,1.46,,2.26,1.47,,0.78,,,,1.18,
1954-03-01,1.12,0.73,,2.26,1.09,,,0.37,,0.8,,
1954-04-01,1.49,1.46,0.77,1.87,1.09,,,,,,,
1954-05-01,1.49,1.09,,2.24,1.09,,0.0,,,,0.0,
1954-06-01,0.74,1.08,,1.86,0.36,,,0.37,,0.4,,
1954-07-01,0.74,1.44,0.76,2.22,0.36,,,,,,,
1954-08-01,0.37,1.08,,1.1,-0.36,,0.0,,,,-0.39,
1954-09-01,-0.37,0.72,,0.74,-0.72,,,-1.09,,-0.79,,
1954-10-01,-0.37,0.72,-0.38,0.0,-1.08,,,,,,,
1954-11-01,0.0,1.08,,1.1,0.36,,-0.39,,,,-0.39,
1954-12-01,-0.73,0.72,,0.37,-0.36,,,-1.1,,-1.19,,
1955-01-01,-0.73,0.36,0.38,0.37,-0.72,,,,,,,
1955-02-01,0.0,0.36,,0.74,-0.36,,-1.16,,,,0.0,
1955-03-01,0.0,0.72,,0.37,-0.36,,,-1.47,,-0.8,,
1955-04-01,-0.37,0.36,0.77,0.37,-0.36,,,,,,,
1955-05-01,-0.74,0.36,,0.0,-0.36,,-1.16,,,,0.39,
1955-06-01,-0.74,-0.36,,0.0,-0.36,,,-1.46,,-0.8,,
1955-07-01,-1.1,-0.71,0.0,0.0,-0.72,,,,,,,
1955-08-01,-1.1,-0.36,,0.73,0.0,,-1.16,,,,0.39,
1955-09-01,0.0,-0.71,,1.46,0.72,,,0.74,,-0.4,,
1955-10-01,-0.37,-0.71,0.76,1.46,0.36,,,,,,,
1955-11-01,0.0,-1.07,,1.09,-0.36,,0.0,,,,1.56,
1955-12-01,-0.37,-0.72,,1.47,0.36,,,1.11,,0.0,,
1956-01-01,0.0,-0.72,1.53,1.1,0.0,,,,,,,
1956-02-01,-0.37,-0.72,,0.73,0.36,,0.78,,,,0.0,
1956-03-01,0.0,0.0,,0.73,0.72,,,1.12,,0.8,,
1956-04-01,0.0,0.36,1.52,1.1,1.09,,,,,,,
1956-05-01,1.11,0.36,,1.09,1.08,,1.18,,,,0.39,
1956-06-01,1.48,1.08,,1.82,1.81,,,1.85,,2.01,,
1956-07-01,2.22,2.15,3.41,2.17,3.25,,,,,,,
1956-08-01,2.22,2.15,,1.08,2.53,,2.35,,,,1.93,
1956-09-01,2.21,2.88,,1.08,2.16,,,1.47,,2.81,,
1956-10-01,2.95,2.88,4.53,1.8,2.89,,,,,,,
1956-11-01,2.57,2.89,,1.8,3.25,,2.71,,,,2.3,
1956-12-01,3.33,3.25,,2.17,3.25,,,1.83,,5.22,,
1957-01-01,2.95,3.61,3.76,2.54,3.62,,,,,,,
1957-02-01,3.32,4.33,,2.9,3.61,,3.49,,,,5.04,
1957-03-01,3.32,3.58,,3.27,3.24,,,3.31,,4.78,,
1957-04-01,4.06,3.21,4.49,3.26,3.23,,,,,,,
1957-05-01,3.66,3.21,,3.25,3.57,,3.88,,,,5.0,
1957-06-01,3.65,2.84,,2.87,3.19,,,2.55,,3.94,,
1957-07-01,3.62,2.46,3.66,2.84,2.1,,,,,,,
1957-08-01,3.62,3.16,,3.57,2.82,,3.45,,,,4.17,
1957-09-01,2.52,2.8,,3.56,2.82,,,2.89,,3.91,,
1957-10-01,2.51,2.8,2.17,3.18,2.11,,,,,,,
1957-11-01,2.51,3.51,,3.89,2.45,,2.26,,,,3.0,
1957-12-01,2.51,3.15,,3.89,2.45,,,2.52,,2.67,,
1958-01-01,3.94,2.79,3.62,4.24,2.8,,,,,,,
1958-02-01,3.57,2.08,,3.87,2.44,,1.5,,,,2.58,
1958-03-01,4.29,2.77,,4.58,2.79,,,3.56,,3.8,,
1958-04-01,3.55,2.77,3.58,4.21,2.43,,,,,,,
1958-05-01,3.18,2.77,,3.85,1.72,,2.24,,,,2.56,
1958-06-01,2.82,2.41,,3.83,1.37,,,3.19,,4.55,,
1958-07-01,2.1,2.05,2.83,2.76,1.03,,,,,,,
1958-08-01,2.1,1.36,,2.41,0.68,,1.48,,,,1.82,
1958-09-01,2.81,1.36,,2.41,0.68,,,1.75,,3.76,,
1958-10-01,2.45,1.36,2.83,2.05,0.69,,,,,,,
1958-11-01,2.8,1.02,,1.36,0.0,,1.48,,,,1.82,
1958-12-01,2.45,1.02,,1.02,0.0,,,1.75,,2.6,,
1959-01-01,1.38,1.02,1.75,0.68,-0.34,,,,,,,
1959-02-01,1.38,1.02,,0.68,-0.34,,1.11,,,,1.44,
1959-03-01,0.68,0.34,,0.0,-1.02,,,-0.69,,1.83,,
1959-04-01,0.68,0.34,0.35,0.34,-0.68,,,,,,,
1959-05-01,0.68,0.0,,0.34,-0.68,,0.0,,,,1.43,
1959-06-01,1.37,0.67,,0.34,-0.68,,,0.34,,1.09,,
1959-07-01,2.05,0.67,0.0,0.67,0.0,,,,,,,
1959-08-01,1.71,0.67,,1.01,0.0,,0.73,,,,2.14,
1959-09-01,1.71,2.01,,1.34,0.68,,,1.03,,2.17,,
1959-10-01,2.05,2.01,1.03,1.34,1.37,,,,,,,
1959-11-01,2.04,2.35,,1.34,0.68,,0.73,,,,2.5,
1959-12-01,2.39,2.35,,1.68,0.68,,,1.38,,2.9,,
1960-01-01,2.04,1.68,0.69,1.35,0.0,,,,,,,
1960-02-01,2.04,1.68,,1.68,0.34,,1.46,,,,1.42,
1960-03-01,2.04,2.01,,1.68,0.68,,,2.08,,1.8,,
1960-04-01,2.38,2.35,2.76,1.68,0.68,,,,,,,
1960-05-01,2.38,2.69,,1.68,0.68,,1.09,,,,1.41,
1960-06-01,1.69,2.01,,1.67,1.37,,,1.37,,2.15,,
1960-07-01,1.01,2.0,2.41,1.67,1.36,,,,,,,
1960-08-01,1.68,2.0,,1.33,1.36,,1.09,,,,0.7,
1960-09-01,1.68,0.99,,0.99,0.68,,,1.71,,1.77,,
1960-10-01,1.67,1.32,1.7,0.99,0.34,,,,,,,
1960-11-01,1.67,1.31,,0.99,1.02,,1.08,,,,1.05,
1960-12-01,1.67,1.31,,0.99,1.36,,,1.02,,1.76,,
1961-01-01,1.33,1.65,2.39,1.33,2.39,,,,,,,
1961-02-01,1.33,1.98,,0.99,2.04,,-0.36,,,,1.75,
1961-03-01,1.33,1.32,,0.66,1.7,,,0.68,,1.77,,
1961-04-01,0.66,1.31,1.01,0.33,1.02,,,,,,,
1961-05-01,0.66,1.31,,0.33,1.02,,0.72,,,,1.74,
1961-06-01,0.66,0.98,,-0.33,0.67,,,0.34,,1.05,,
1961-07-01,1.33,1.31,1.34,0.33,-0.33,,,,,,,
1961-08-01,0.99,0.98,,0.66,0.34,,0.0,,,,1.74,
1961-09-01,0.99,0.98,,0.33,-0.34,,,0.34,,1.05,,
1961-10-01,0.66,0.65,1.34,0.66,0.0,,,,,,,
1961-11-01,0.33,0.65,,0.33,-0.34,,1.07,,,,1.72,
1961-12-01,0.33,0.32,,0.33,-1.34,,,0.34,,0.69,,
1962-01-01,0.99,0.65,1.67,0.33,-1.33,,,,,,,
1962-02-01,1.32,0.65,,0.98,-0.33,,2.89,,,,1.72,
1962-03-01,1.32,0.97,,1.32,0.0,,,0.67,,1.74,,
1962-04-01,1.65,0.97,2.33,1.64,0.34,,,,,,,
1962-05-01,1.32,0.32,,1.32,0.34,,2.15,,,,1.37,
1962-06-01,1.65,0.97,,1.65,-0.33,,,1.01,,2.08,,
1962-07-01,1.31,0.65,1.99,0.65,0.0,,,,,,,
1962-08-01,1.64,0.97,,0.65,0.0,,2.15,,,,1.71,
1962-09-01,1.96,1.29,,1.31,1.35,,,1.0,,1.38,,
1962-10-01,1.96,1.29,2.64,0.65,1.01,,,,,,,
1962-11-01,1.63,0.96,,0.98,1.01,,0.71,,,,1.36,
1962-12-01,1.63,0.97,,0.98,1.69,,,1.01,,1.37,,
1963-01-01,1.63,1.29,2.3,1.31,1.35,,,,,,,
1963-02-01,1.62,1.29,,0.65,0.33,,0.35,,,,1.01,
1963-03-01,1.62,1.29,,0.97,0.33,,,1.0,,1.02,,
1963-04-01,1.95,0.96,1.95,0.65,0.0,,,,,,,
1963-05-01,1.95,1.61,,0.65,0.33,,0.0,,,,1.01,
1963-06-01,2.6,2.25,,0.97,1.68,,,0.67,,1.36,,
1963-07-01,2.91,1.92,2.27,1.62,2.01,,,,,,,
1963-08-01,2.58,1.92,,1.3,2.34,,1.4,,,,2.35,
1963-09-01,1.92,1.59,,0.65,0.33,,,0.33,,1.7,,
1963-10-01,1.92,2.23,1.61,0.97,0.66,,,,,,,
1963-11-01,2.57,2.23,,0.97,1.33,,2.11,,,,2.01,
1963-12-01,2.89,2.88,,1.29,1.0,,,1.33,,2.03,,
1964-01-01,2.24,2.55,1.28,0.65,1.33,,,,,,,
1964-02-01,2.24,2.22,,0.32,0.67,,2.1,,,,2.01,
1964-03-01,2.24,1.9,,0.0,1.0,,,1.66,,1.69,,
1964-04-01,1.91,1.9,1.27,0.0,1.67,,,,,,,
1964-05-01,2.24,1.9,,0.65,0.67,,2.11,,,,1.67,
1964-06-01,1.27,1.26,,0.64,0.0,,,1.32,,1.34,,
1964-07-01,0.94,1.57,1.27,0.32,0.33,,,,,,,
1964-08-01,0.94,1.26,,0.32,-0.33,,1.04,,,,0.98,
1964-09-01,1.26,1.25,,0.32,1.32,,,1.98,,1.34,,
1964-10-01,1.26,0.93,1.58,0.64,1.32,,,,,,,
1964-11-01,1.25,1.25,,0.64,0.66,0.68,0.34,,,,0.66,
1964-12-01,0.94,0.93,,0.32,1.32,,,1.64,,1.33,,
1965-01-01,0.94,0.93,1.9,0.64,0.99,,,,,,,
1965-02-01,0.94,1.24,,0.96,1.32,0.34,0.34,,,,0.33,
1965-03-01,0.94,1.56,,0.96,1.32,,,0.98,,1.99,,
1965-04-01,1.25,1.25,1.89,1.29,1.64,,,,,,,
1965-05-01,1.56,1.56,,1.28,2.98,0.68,,,,,1.31,
1965-06-01,1.88,1.86,,1.6,3.3,,,1.63,,2.32,,
1965-07-01,1.87,1.86,2.19,0.96,2.62,,,,,,,
1965-08-01,1.87,1.86,,1.28,2.62,1.69,,,,,0.97,
1965-09-01,1.86,1.55,,1.6,2.29,,,0.97,,1.65,,
1965-10-01,2.17,1.54,1.56,1.59,2.61,,,,,,,
1965-11-01,1.86,1.54,,1.59,2.94,2.02,,,,,1.63,
1965-12-01,2.17,1.85,,2.23,2.93,,,1.61,,1.97,,
1966-01-01,2.48,1.85,1.55,1.91,3.26,,,,,,,
1966-02-01,2.79,2.15,,2.55,4.25,3.39,,,,,2.61,
1966-03-01,3.41,2.45,,3.18,4.56,,,2.58,,2.28,,
1966-04-01,3.4,3.08,3.4,2.86,4.53,,2.72,,,,,
1966-05-01,3.08,2.76,,2.85,4.18,3.69,,,,,2.91,
1966-06-01,2.76,2.44,,2.52,4.15,,,2.89,,1.94,,
1966-07-01,3.36,2.43,3.07,2.84,4.15,,2.7,,,,,
1966-08-01,3.67,3.35,,3.47,4.79,3.67,,,,,2.89,
1966-09-01,3.96,3.66,,3.77,4.79,,,4.17,,3.25,,
1966-10-01,3.95,3.65,4.29,3.45,4.76,,2.68,,,,,
1966-11-01,3.95,3.33,,3.45,4.76,3.63,,,,,3.53,
1966-12-01,3.64,3.32,,3.12,5.06,,,3.81,,2.89,,
1967-01-01,3.33,3.02,4.28,2.81,4.73,,2.67,,,,,
1967-02-01,3.31,2.7,,2.8,4.08,3.61,,,,,2.87,
1967-03-01,2.69,2.4,,2.16,4.36,,,3.46,,1.91,,
1967-04-01,2.39,2.39,1.79,2.16,3.72,,2.65,,,,,
1967-05-01,2.69,2.69,,2.15,3.4,2.59,,,,,2.52,
1967-06-01,2.99,2.68,,2.15,3.07,,,3.44,,2.86,,
1967-07-01,2.37,2.67,2.38,2.76,3.37,,2.3,,,,,
1967-08-01,2.36,2.65,,2.74,2.74,3.22,,,,,3.12,
1967-09-01,2.05,2.65,,2.73,2.74,,,2.46,,3.46,,
1967-10-01,2.05,2.93,2.06,2.73,2.42,,2.94,,,,,
1967-11-01,2.34,2.93,,3.03,3.03,2.55,,,,,3.1,
1967-12-01,2.63,2.92,,3.02,2.71,,,3.06,,3.44,,
1968-01-01,2.93,3.81,2.64,3.65,2.71,,3.25,,,,,
1968-02-01,2.92,4.09,,3.63,3.31,2.85,,,,,4.02,
1968-03-01,3.5,4.68,,4.23,3.28,,,3.34,,4.69,,
1968-04-01,3.79,4.66,4.11,4.53,3.58,,3.55,,,,,
1968-05-01,3.78,4.65,,4.52,3.88,4.73,,,,,3.68,
1968-06-01,4.06,4.93,,4.5,4.46,,,3.63,,4.94,,
1968-07-01,4.34,4.91,4.07,4.48,4.45,,4.5,,,,,
1968-08-01,4.9,4.6,,4.15,4.75,4.36,,,,,4.24,
1968-09-01,5.17,5.16,,4.13,5.34,,,5.11,,4.26,,
1968-10-01,5.44,5.13,4.9,4.42,5.33,,4.76,,,,,
1968-11-01,5.43,5.41,,4.12,5.29,5.59,,,,,4.5,
1968-12-01,5.41,5.4,,4.4,5.28,,,4.45,,4.53,,
1969-01-01,5.98,4.8,4.86,4.99,5.57,,5.66,,,,,
1969-02-01,5.67,4.78,,4.66,5.25,5.85,,,,,4.46,
1969-03-01,6.2,5.03,,4.93,5.78,,,5.88,,5.07,,
1969-04-01,6.46,5.29,5.07,4.91,6.05,,6.54,,,,,
1969-05-01,6.44,5.0,,4.9,6.32,6.02,,,,,5.33,
1969-06-01,6.69,4.97,,5.46,6.27,,,6.12,,5.0,,
1969-07-01,6.37,5.51,5.87,5.43,6.25,,6.46,,,,,
1969-08-01,5.77,6.04,,5.98,6.52,6.57,,,,,5.23,
1969-09-01,6.01,5.72,,6.23,5.92,,,6.0,,5.83,,
1969-10-01,5.98,5.42,6.32,5.65,6.18,,7.27,,,,,
1969-11-01,5.96,5.41,,6.21,6.15,7.35,,,,,4.31,
1969-12-01,6.76,5.66,,6.18,6.69,,,6.53,,6.36,,
1970-01-01,6.99,6.2,6.54,6.15,6.67,,6.25,,,,,
1970-02-01,7.77,6.7,,6.13,7.2,7.56,,,,,5.13,
1970-03-01,7.16,6.65,,5.8,6.56,,,5.56,,5.68,,
1970-04-01,7.39,6.35,6.17,5.79,6.52,,5.85,,,,,
1970-05-01,7.63,7.14,,6.04,6.76,6.53,,,,,5.06,
1970-06-01,7.57,6.84,,5.72,6.17,,,6.04,,5.32,,
1970-07-01,7.55,6.27,5.54,5.69,6.15,,5.2,,,,,
1970-08-01,7.53,5.96,,5.38,5.32,5.88,,,,,3.87,
1970-09-01,7.47,6.7,,5.07,5.85,,,5.12,,4.68,,
1970-10-01,7.44,7.2,6.2,5.88,6.08,,3.95,,,,,
1970-11-01,7.42,7.44,,5.59,6.05,3.84,,,,,3.86,
1970-12-01,7.09,7.14,,5.56,4.96,,,5.6,,4.62,,
1971-01-01,6.53,6.6,6.14,5.0,5.47,,4.2,,,,,
1971-02-01,6.22,6.03,,4.99,4.39,3.24,,,,,1.9,
1971-03-01,6.44,5.49,,4.7,3.59,,,5.0,,4.03,,
1971-04-01,5.9,5.47,5.56,4.69,3.06,,3.04,,,,,
1971-05-01,5.87,5.43,,4.66,3.04,2.4,,,,,1.34,
1971-06-01,5.83,5.91,,4.38,3.54,,,5.18,,3.72,,
1971-07-01,6.3,5.16,5.5,3.85,3.27,,3.85,,,,,
1971-08-01,6.04,4.65,,3.83,4.29,3.44,,,,,2.66,
1971-09-01,5.52,4.11,,3.3,3.77,,,3.85,,3.42,,
1971-10-01,5.25,3.84,4.14,2.78,2.99,,3.8,,,,,
1971-11-01,5.0,3.1,,2.77,2.98,2.9,,,,,2.39,
1971-12-01,4.73,3.1,,2.51,3.48,,,3.54,,2.86,,
1972-01-01,4.95,2.86,3.37,2.51,3.21,,3.23,,,,,
1972-02-01,4.92,2.61,,3.0,3.96,3.14,,,,,3.72,
1972-03-01,4.65,2.84,,2.74,4.21,,,3.01,,3.1,,
1972-04-01,4.64,2.83,3.83,2.74,4.21,,4.29,,,,,
1972-05-01,4.39,2.11,,2.48,3.69,3.39,,,,,2.9,
1972-06-01,3.9,1.86,,2.72,3.41,,,1.97,,3.59,,
1972-07-01,3.64,2.8,3.55,2.72,3.9,,3.17,,,,,
1972-08-01,3.87,3.04,,2.7,3.39,2.3,,,,,1.81,
1972-09-01,4.55,3.02,,2.95,3.63,,,3.95,,4.07,,
1972-10-01,4.54,2.77,3.5,3.19,3.63,,3.14,,,,,
1972-11-01,4.54,3.47,,3.19,3.37,2.82,,,,,3.11,
1972-12-01,4.29,3.0,,3.18,3.85,,,3.17,,3.79,,
1973-01-01,4.04,3.47,3.96,3.42,3.35,,3.39,,,,,
1973-02-01,4.24,4.39,,3.64,3.81,3.3,,,,,3.59,
1973-03-01,4.89,5.52,,4.85,4.75,,,4.87,,5.01,,
1973-04-01,5.54,5.96,5.07,5.33,5.7,,4.63,,,,,
1973-05-01,5.75,6.42,,5.8,6.4,4.79,,,,,6.15,
1973-06-01,6.18,6.39,,6.01,6.13,,,6.28,,5.2,,
1973-07-01,5.93,6.14,5.49,5.77,5.63,,5.13,,,,,
1973-08-01,7.46,7.71,,7.66,7.73,6.5,,,,,7.63,
1973-09-01,6.96,7.66,,7.64,7.94,,,7.84,,7.09,,
1973-10-01,7.38,8.54,7.67,8.1,8.41,,7.87,,,,,
1973-11-01,8.46,8.72,,8.31,9.09,7.73,,,,,8.29,
1973-12-01,9.31,9.64,,8.53,9.03,,,8.98,,7.06,,
1974-01-01,9.72,10.51,9.64,9.69,10.19,,9.32,,,,,
1974-02-01,10.49,11.06,,10.3,11.01,9.34,,,,,10.15,
1974-03-01,10.59,10.89,,10.19,10.43,,,10.9,,8.11,,
1974-04-01,9.66,11.04,9.65,9.89,9.89,,9.58,,,,,
1974-05-01,10.46,11.42,,10.05,9.8,9.62,,,,,10.39,
1974-06-01,10.6,12.02,,10.43,10.89,,,10.91,,10.12,,
1974-07-01,10.79,12.42,11.71,11.14,11.78,,12.44,,,,,
1974-08-01,10.82,11.79,,10.0,10.43,10.33,,,,,10.87,
1974-09-01,11.59,12.76,,10.64,11.04,,,11.45,,10.05,,
1974-10-01,11.92,12.63,10.27,11.01,11.42,,13.18,,,,,
1974-11-01,11.4,12.96,,11.4,11.54,11.57,,,,,12.53,
1974-12-01,10.89,12.68,,12.01,11.46,,,12.15,,12.5,,
1975-01-01,10.24,11.74,10.02,10.56,9.87,,14.52,,,,,
1975-02-01,9.5,10.56,,9.77,8.88,10.34,,,,,11.91,
1975-03-01,8.24,9.63,,9.45,8.42,,,10.04,,11.92,,
1975-04-01,8.43,8.77,9.4,9.21,8.59,,12.78,,,,,
1975-05-01,7.58,8.51,,7.88,7.91,8.99,,,,,10.94,
1975-06-01,7.33,8.43,,7.6,7.62,,,9.43,,10.26,,
1975-07-01,7.87,8.76,8.93,8.38,7.55,,12.36,,,,,
1975-08-01,6.63,7.91,,7.68,6.89,8.94,,,,,10.02,
1975-09-01,6.74,7.24,,7.01,6.82,,,7.91,,8.92,,
1975-10-01,6.14,6.99,7.79,6.55,6.19,,9.36,,,,,
1975-11-01,6.46,6.19,,5.91,5.56,7.47,,,,,8.04,
1975-12-01,6.43,5.81,,5.26,5.52,,,6.58,,7.88,,
1976-01-01,6.61,5.98,9.85,4.68,6.5,,8.05,,,,,
1976-02-01,6.19,5.77,,4.64,5.88,6.31,,,,,6.43,
1976-03-01,6.55,5.2,,4.03,5.49,,,4.94,,6.11,,
1976-04-01,6.54,5.56,8.41,4.41,5.46,,7.95,,,,,
1976-05-01,6.51,5.53,,5.38,5.83,6.64,,,,,5.13,
1976-06-01,6.65,5.12,,5.34,5.21,,,4.68,,5.23,,
1976-07-01,6.08,4.73,7.49,4.72,5.18,,6.56,,,,,
1976-08-01,6.04,4.54,,4.69,5.16,5.27,,,,,5.43,
1976-09-01,5.46,4.5,,5.06,5.11,,,4.21,,5.33,,
1976-10-01,5.27,4.12,6.88,4.84,5.1,,7.79,,,,,
1976-11-01,4.38,4.29,,4.83,5.26,5.6,,,,,5.15,
1976-12-01,4.36,4.12,,4.81,5.05,,,3.45,,4.87,,
1977-01-01,4.52,4.62,4.23,5.59,5.03,,6.52,,,,,
1977-02-01,5.0,5.45,,5.91,5.56,7.09,,,,,6.04,
1977-03-01,5.15,6.3,,6.46,6.82,,,5.8,,6.32,,
1977-04-01,5.31,6.96,5.4,6.79,7.5,,8.29,,,,,
1977-05-01,5.62,7.09,,6.57,7.1,7.92,,,,,8.44,
1977-06-01,5.75,6.89,,6.16,7.79,,,6.26,,8.29,,
1977-07-01,5.56,7.02,5.31,6.31,7.91,,8.15,,,,,
1977-08-01,5.54,6.84,,6.27,7.53,7.79,,,,,8.64,
1977-09-01,4.85,6.95,,6.42,6.77,,,6.68,,8.32,,
1977-10-01,4.85,6.77,5.45,6.22,6.76,,6.0,,,,,
1977-11-01,5.33,6.74,,6.38,7.07,7.13,,,,,8.71,
1977-12-01,4.98,6.59,,6.36,6.53,,,7.37,,8.75,,
1978-01-01,5.29,6.05,4.71,7.76,6.32,,7.17,,,,,
1978-02-01,4.76,5.17,,7.68,5.94,6.44,,,,,,
1978-03-01,5.06,5.13,,8.15,6.55,,,,,,,
1978-04-01,5.35,4.76,,7.73,6.31,,7.65,,,,,
1978-05-01,5.32,4.73,,8.39,7.3,,,,,,9.86,
1978-06-01,5.59,5.5,,8.7,7.39,,,7.07,,10.2,,
1978-07-01,5.58,6.09,4.57,8.64,6.68,,,,,,,
1978-08-01,5.56,6.25,,8.09,7.33,8.26,,,,,,
1978-09-01,6.17,6.04,,8.71,8.13,,,,,,,
1978-10-01,6.78,6.18,,9.36,9.74,,11.48,,,,,
1978-11-01,6.6,6.47,,10.5,9.5,,,,7.42,,11.52,
1978-12-01,6.74,7.57,,10.47,9.68,,,7.68,,7.22,,7.83
1979-01-01,6.85,7.86,7.6,9.33,10.93,,,,8.16,,9.77,
1979-02-01,7.58,8.45,,9.89,12.5,10.25,,8.43,,7.8,,8.87
1979-03-01,7.37,8.08,8.95,10.9,12.3,,,,8.83,,10.59,
1979-04-01,7.77,8.94,,11.48,12.03,11.61,12.32,9.6,,8.29,,9.97
1979-05-01,8.17,9.79,9.91,11.06,11.28,,,,9.4,,9.76,
1979-06-01,8.09,10.28,,12.24,10.86,12.32,13.45,10.85,,6.64,,9.89
1979-07-01,8.66,10.16,10.99,13.57,12.67,,,,10.29,,11.58,
1979-08-01,8.92,10.88,,14.2,13.51,13.04,13.81,11.13,,6.61,,10.98
1979-09-01,9.59,10.95,11.28,14.18,13.23,,,,10.14,,10.77,
1979-10-01,9.81,10.92,,13.46,13.02,14.13,13.58,11.08,,8.93,,11.6
1979-11-01,10.22,11.43,11.5,14.03,14.41,,,,11.26,,11.83,
1979-12-01,10.62,11.21,,14.89,15.44,16.02,13.14,12.29,,14.7,,15.73
1980-01-01,11.4,12.29,12.68,15.42,15.65,,,,13.17,,16.74,
1980-02-01,11.13,13.31,,14.9,15.24,17.38,14.16,14.2,,18.1,,17.78
1980-03-01,12.04,14.53,14.16,13.87,14.75,,,,14.78,,17.82,
1980-04-01,11.79,14.33,,15.02,16.46,19.02,14.35,13.87,,16.64,,17.12
1980-05-01,11.4,13.72,13.04,15.79,16.11,,,,15.33,,17.5,
1980-06-01,11.7,13.38,,16.22,19.17,17.89,13.22,13.9,,16.79,,17.44
1980-07-01,11.62,12.97,12.48,13.46,15.72,,,,15.46,,17.39,
1980-08-01,11.81,13.0,,12.16,14.71,15.89,11.6,13.63,,14.93,,14.15
1980-09-01,10.88,12.63,12.13,12.96,15.94,,,,13.46,,16.03,
1980-10-01,10.51,12.6,,14.42,16.36,16.09,11.56,13.39,,13.75,,13.9
1980-11-01,10.44,12.08,11.75,15.08,15.17,,,,12.15,,15.26,
1980-12-01,10.89,12.02,,14.01,15.54,15.15,10.58,15.81,,10.68,,12.81
1981-01-01,10.36,11.45,12.79,12.45,13.16,,,,11.37,,12.27,
1981-02-01,10.77,10.75,,11.55,12.36,13.64,10.03,14.14,,8.17,,10.06
1981-03-01,9.75,10.1,11.91,10.28,10.4,,,,9.72,,11.13,
1981-04-01,9.55,9.85,,9.83,9.7,11.24,9.84,13.08,,10.98,,9.83
1981-05-01,9.49,9.41,11.29,8.72,10.77,,,,10.31,,10.01,
1981-06-01,9.01,9.54,,8.42,9.26,11.63,9.87,11.21,,10.41,,8.38
1981-07-01,9.93,9.7,10.49,10.53,11.48,,,,9.29,,10.63,
1981-08-01,9.96,9.86,,12.42,11.19,11.53,9.8,12.12,,14.71,,12.52
1981-09-01,11.24,10.98,11.65,10.75,9.51,,,,12.83,,11.81,
1981-10-01,10.23,10.84,,8.83,6.52,10.43,10.13,12.41,,17.95,,13.63
1981-11-01,9.46,9.97,10.16,6.55,5.02,,,,14.68,,10.22,
1981-12-01,8.42,9.8,,5.28,3.2,9.55,10.15,9.22,,15.32,,10.89
1982-01-01,7.65,8.9,6.92,6.34,4.65,,,,13.03,,11.74,
1982-02-01,6.52,7.67,,5.87,2.86,6.97,7.97,6.42,,13.58,,10.63
1982-03-01,5.35,6.38,2.88,6.44,3.77,,,,10.7,,8.21,
1982-04-01,5.1,5.43,,6.23,4.15,6.29,6.49,5.33,,10.58,,8.72
1982-05-01,5.52,4.96,3.42,8.81,3.89,,,,8.78,,9.66,
1982-06-01,6.93,5.33,,8.44,3.07,6.58,7.23,8.06,,11.22,,8.95
1982-07-01,5.62,4.96,4.91,7.45,3.36,,,,6.18,,5.08,
1982-08-01,5.13,4.06,,6.28,3.25,5.55,8.05,6.99,,5.77,,5.13
1982-09-01,4.41,3.16,3.62,6.15,3.77,,,,3.86,,4.65,
1982-10-01,6.15,2.52,,6.6,4.86,4.94,5.88,5.89,,1.86,,2.5
1982-11-01,5.94,3.16,4.03,6.26,5.84,,,,2.1,,2.85,
1982-12-01,5.18,2.42,,6.98,5.13,2.76,5.08,4.91,,0.0,,0.52
1983-01-01,5.27,2.31,4.67,6.72,4.13,,,,1.77,,0.51,
1983-02-01,5.26,2.31,,6.85,5.13,3.74,4.32,5.5,,0.52,,0.0
1983-03-01,6.05,3.05,6.25,6.27,5.13,,,,2.49,,1.56,
1983-04-01,6.79,3.05,,5.33,3.98,3.91,3.79,6.24,,0.21,,0.41
1983-05-01,6.08,3.36,5.65,3.01,3.12,,,,2.38,,-0.1,
1983-06-01,4.18,2.27,,2.25,2.57,2.98,2.35,3.83,,-0.5,,0.41
1983-07-01,4.28,2.57,3.75,2.24,2.03,,,,3.74,,2.47,
1983-08-01,3.95,2.98,,2.96,2.03,3.81,1.71,2.86,,0.51,,1.53
1983-09-01,4.02,2.96,2.98,3.05,1.51,,,,4.44,,1.41,
1983-10-01,2.95,3.38,,2.74,1.01,3.78,2.12,2.13,,1.02,,2.03
1983-11-01,3.67,3.17,3.36,3.25,1.31,,,,4.52,,3.18,
1983-12-01,4.41,3.59,,3.67,2.64,4.65,0.81,3.77,,4.6,,4.57
1984-01-01,5.11,4.41,3.65,3.86,3.05,,,,4.49,,3.79,
1984-02-01,5.51,5.12,,3.87,3.76,5.97,2.02,4.8,,4.86,,4.96
1984-03-01,5.71,4.8,5.38,4.07,3.96,,,,4.16,,4.2,
1984-04-01,5.05,5.2,,3.95,3.63,4.98,2.84,4.56,,5.65,,5.02
1984-05-01,4.73,5.08,5.25,3.63,3.63,,,,4.35,,4.05,
1984-06-01,4.61,4.85,,3.8,3.21,3.7,2.79,3.89,,5.17,,4.44
1984-07-01,4.8,4.51,5.22,3.69,3.09,,,,3.81,,3.41,
1984-08-01,5.39,4.49,,3.86,3.08,4.37,2.48,3.97,,5.73,,4.61
1984-09-01,5.15,4.26,5.59,4.04,4.07,,,,3.07,,3.28,
1984-10-01,4.74,4.27,,3.85,4.59,4.83,3.17,4.46,,7.14,,5.28
1984-11-01,4.72,4.85,4.44,3.34,2.97,,,,2.65,,3.67,
1984-12-01,4.62,4.55,,3.34,2.97,4.15,3.9,3.53,,6.0,,4.87
1985-01-01,3.79,4.02,4.11,3.23,3.16,,,,2.15,,3.46,
1985-02-01,3.77,4.29,,3.82,3.43,3.21,3.07,4.29,,5.42,,4.72
1985-03-01,3.66,4.58,4.14,3.81,3.71,,,,2.73,,3.54,
1985-04-01,3.65,4.75,,3.99,3.31,3.58,2.96,4.26,,4.47,,4.49
1985-05-01,3.84,5.22,3.93,4.09,3.4,,,,2.81,,2.53,
1985-06-01,3.84,4.82,,4.63,3.5,4.34,2.23,4.51,,4.53,,4.45
1985-07-01,3.44,4.7,4.19,4.42,3.38,,,,2.61,,2.42,
1985-08-01,3.51,4.29,,4.0,3.28,4.19,1.84,4.87,,3.8,,4.6
1985-09-01,3.2,4.18,4.44,3.51,2.86,,,,3.26,,1.73,
1985-10-01,3.49,4.57,,2.76,2.57,3.01,0.96,4.74,,2.82,,3.98
1985-11-01,3.94,4.25,5.76,3.24,4.62,,,,3.35,,1.82,
1985-12-01,4.23,4.83,,3.81,4.52,4.17,1.06,5.4,,3.21,,4.27
1986-01-01,4.78,4.62,5.63,3.51,3.92,,,,3.54,,2.39,
1986-02-01,3.91,3.55,,3.11,2.94,4.14,1.06,4.39,,3.84,,3.67
1986-03-01,3.72,2.89,3.33,2.07,1.51,,,,2.65,,1.14,
1986-04-01,3.06,1.76,,1.4,1.04,1.68,-1.53,3.25,,2.7,,2.8
1986-05-01,2.59,1.47,2.4,1.4,1.79,,,,1.13,,0.76,
1986-06-01,3.14,2.39,,1.94,1.31,1.48,-1.33,3.13,,3.23,,3.24
1986-07-01,3.78,2.38,1.83,2.03,0.09,,,,-0.09,,0.57,
1986-08-01,3.21,2.29,,1.65,1.59,0.82,-1.52,2.27,,2.93,,2.2
1986-09-01,3.1,2.92,2.17,2.38,0.19,,,,0.46,,1.33,
1986-10-01,3.28,2.27,,1.85,1.39,0.64,-1.14,2.08,,3.29,,2.91
1986-11-01,2.35,1.63,1.16,2.21,0.64,,,,1.11,,0.56,
1986-12-01,2.52,1.72,,1.56,0.46,-0.46,-1.71,2.07,,2.19,,1.82
1987-01-01,2.59,2.25,1.87,2.47,,,,,1.48,,,
1987-02-01,3.41,2.8,,2.38,1.47,0.27,-0.67,,,2.16,,2.99
1987-03-01,3.86,3.17,3.67,3.6,,,,,2.22,,,
1987-04-01,4.86,5.0,,4.16,3.63,3.13,3.4,,,3.99,,4.27
1987-05-01,5.77,5.43,3.87,4.42,,,,,3.54,,,
1987-06-01,5.46,5.39,,4.43,2.87,2.73,2.5,,,2.77,,3.32
1987-07-01,4.8,5.01,4.49,4.6,,,,,5.46,,,
1987-08-01,5.5,5.9,,5.23,3.22,2.81,3.37,,,3.29,,3.94
1987-09-01,6.02,5.23,5.85,4.74,,,,,4.07,,,
1987-10-01,6.0,5.96,,4.64,4.58,4.17,3.75,,,3.54,,3.63
1987-11-01,6.35,5.7,5.83,4.33,,,,,4.31,,,
1987-12-01,5.98,5.6,,4.42,3.11,4.21,3.97,,,5.01,,4.64
1988-01-01,5.75,5.2,4.8,3.04,,,,,4.19,5.24,,4.71
1988-02-01,5.03,4.74,,4.2,3.18,2.8,3.45,,,3.97,,4.05
1988-03-01,4.92,4.91,5.35,4.1,,,,,3.97,4.75,,4.21
1988-04-01,5.15,3.9,,3.81,2.88,2.85,1.69,,,3.4,,3.83
1988-05-01,4.6,3.87,6.76,3.27,,,,,4.59,4.09,,4.16
1988-06-01,4.5,3.83,,2.94,3.87,2.39,2.72,,,4.43,,4.34
1988-07-01,4.83,4.94,6.45,3.36,,,,,4.29,4.4,,4.42
1988-08-01,4.46,4.65,,2.91,4.81,3.26,2.8,,,5.08,,4.4
1988-09-01,5.18,5.48,5.61,4.18,,,,,5.6,4.72,,4.28
1988-10-01,4.99,4.62,,5.65,3.94,2.61,2.87,,,4.44,,4.36
1988-11-01,4.48,5.65,6.26,4.58,,,,,3.95,4.18,,4.53
1988-12-01,4.48,5.63,,4.84,5.06,2.9,3.73,,,4.43,,4.52
1989-01-01,4.7,5.36,7.41,5.38,,,,,4.8,4.73,,4.58
1989-02-01,5.37,5.11,,4.8,5.63,3.07,4.35,,,5.17,,4.65
1989-03-01,6.09,5.35,6.22,5.22,,,,,4.08,5.71,,4.88
1989-04-01,5.63,5.58,,5.55,6.38,2.86,4.62,,,5.64,,5.12
1989-05-01,6.11,5.79,6.01,5.9,,,,,4.04,5.51,,5.08
1989-06-01,6.01,5.66,,5.72,5.81,3.81,4.3,,,5.08,,5.07
1989-07-01,5.66,4.95,5.25,5.51,,,,,4.11,5.38,,5.31
1989-08-01,5.39,4.2,,5.25,3.91,2.39,3.72,,,5.0,,4.95
1989-09-01,4.92,3.99,4.75,4.18,,,,,3.45,3.85,,4.77
1989-10-01,5.23,4.74,,4.28,5.06,2.97,4.14,,,4.25,,4.58
1989-11-01,5.8,3.83,5.42,4.71,,,,,3.97,4.09,,4.5
1989-12-01,5.79,3.42,,4.29,5.16,2.82,3.77,,,3.92,,4.73
1990-01-01,6.38,4.38,5.43,5.43,,,,,3.83,3.63,,5.03
1990-02-01,6.03,5.42,,5.73,5.0,4.0,5.32,,,4.19,,5.58
1990-03-01,5.97,6.03,5.09,5.28,,,,,4.42,3.26,,5.45
1990-04-01,6.02,6.0,,5.5,4.27,3.54,4.51,,,4.23,,4.95
1990-05-01,5.38,5.24,4.67,5.25,,,,,4.55,3.56,,4.6
1990-06-01,5.06,4.89,,4.77,4.59,3.17,4.91,,,4.28,,4.99
1990-07-01,5.97,5.41,5.6,4.43,,,,,5.84,3.85,,4.89
1990-08-01,6.95,6.35,,5.38,5.89,5.0,6.21,,,3.9,,5.35
1990-09-01,6.51,6.14,6.88,5.27,,,,,5.86,5.68,,6.12
1990-10-01,6.63,6.36,,5.13,5.78,6.67,7.17,,,5.57,,6.42
1990-11-01,6.23,6.92,7.0,5.92,,,,,6.67,5.9,,6.57
1990-12-01,6.23,7.31,,6.4,5.47,6.56,6.49,,,6.04,,6.55
1991-01-01,5.85,7.01,5.74,5.46,,,,,5.54,6.38,,6.41
1991-02-01,6.13,6.35,,4.88,4.84,5.89,4.72,,,5.34,,5.28
1991-03-01,4.98,5.54,5.58,5.17,,,,,5.52,4.85,,4.49
1991-04-01,4.66,4.84,,4.37,3.78,5.37,4.4,,,3.9,,4.79
1991-05-01,4.96,4.98,5.05,4.91,,,,,4.43,4.13,,4.62
1991-06-01,5.47,4.96,,4.25,4.54,5.09,4.34,,,4.56,,4.6
1991-07-01,4.91,4.48,5.45,4.02,,,,,2.56,4.46,,4.58
1991-08-01,3.86,4.37,,3.3,2.94,4.05,2.72,,,4.51,,4.33
1991-09-01,3.55,4.05,3.54,3.36,,,,,1.54,4.25,,3.77
1991-10-01,2.9,3.1,,3.53,2.12,3.17,2.66,,,3.71,,3.31
1991-11-01,3.6,3.02,2.02,2.83,,,,,1.75,3.79,,3.45
1991-12-01,3.53,3.59,,2.75,2.13,2.8,3.25,,,3.48,,3.0
1992-01-01,3.01,2.85,1.74,2.81,,,,,1.67,2.63,,2.9
1992-02-01,3.06,2.56,,2.73,2.04,2.32,2.17,,,3.6,,3.56
1992-03-01,3.97,3.12,2.78,2.57,,,,,1.89,4.11,,4.08
1992-04-01,3.83,3.27,,2.72,2.73,2.32,4.21,,,4.27,,3.92
1992-05-01,3.4,3.11,2.79,2.7,,,,,1.29,4.19,,3.91
1992-06-01,3.39,4.02,,2.84,1.5,3.15,3.6,,,3.13,,3.6
1992-07-01,3.24,3.44,2.62,2.99,,,,,1.36,2.89,,3.38
1992-08-01,3.71,3.28,,3.13,1.95,2.52,4.09,,,2.59,,3.29
1992-09-01,3.84,2.99,2.12,3.18,,,,,1.89,2.86,,3.21
1992-10-01,4.39,3.42,,2.97,2.15,1.87,2.75,,,3.37,,3.7
1992-11-01,3.82,2.93,2.59,3.19,,,,,1.8,3.15,,3.41
1992-12-01,3.62,2.15,,3.33,2.31,1.97,1.81,,,3.22,,3.55
1993-01-01,3.87,2.15,3.83,3.1,,,,,3.07,3.42,,3.46
1993-02-01,3.78,2.98,,3.16,2.52,2.27,3.7,,,3.19,,3.37
1993-03-01,3.35,2.68,4.19,3.15,,,,,3.49,2.68,,2.94
1993-04-01,3.22,2.89,,3.51,2.51,3.4,2.41,,,3.67,,3.14
1993-05-01,3.29,2.54,2.98,3.7,,,,,3.96,3.52,,3.21
1993-06-01,3.14,2.03,,3.12,2.66,1.49,2.7,,,2.96,,2.85
1993-07-01,2.94,2.31,2.42,2.9,,,,,3.89,2.74,,2.64
1993-08-01,2.98,1.76,,2.96,3.02,2.75,2.39,,,2.45,,2.43
1993-09-01,2.58,2.03,1.74,2.8,,,,,3.42,1.95,,2.28
1993-10-01,2.24,2.84,,3.59,3.2,2.57,4.43,,,1.87,,2.06
1993-11-01,2.1,3.12,2.73,2.81,,,,,2.87,2.08,,2.47
1993-12-01,2.44,2.58,,2.24,2.26,3.12,5.57,,,1.87,,2.54
1994-01-01,1.96,3.39,1.12,2.3,,,,,2.32,1.65,,2.04
1994-02-01,2.47,2.96,,2.23,2.46,2.81,4.02,,,1.31,,1.83
1994-03-01,2.47,2.81,0.58,2.43,,,,,3.09,1.72,,2.24
1994-04-01,2.4,2.34,,2.21,2.81,2.41,3.79,,,0.82,,1.83
1994-05-01,2.28,2.54,1.12,1.3,,,,,3.09,0.95,,1.55
1994-06-01,2.33,2.72,,1.72,4.1,3.82,3.39,,,1.37,,1.76
1994-07-01,2.53,3.05,0.92,1.92,,,,,3.17,1.92,,2.17
1994-08-01,2.45,3.39,,2.53,3.86,2.97,4.66,,,2.19,,2.37
1994-09-01,2.38,3.38,2.43,2.39,,,,,3.81,1.98,,2.36
1994-10-01,2.57,2.89,,1.49,2.68,2.29,1.98,,,1.63,,2.29
1994-11-01,2.57,3.02,1.42,2.73,,,,,3.36,1.77,,1.74
1994-12-01,2.12,2.71,,3.01,3.78,2.23,0.95,,,1.63,,1.81
1995-01-01,2.5,2.69,2.86,3.62,,,,,4.47,1.9,,2.14
1995-02-01,1.84,3.2,,3.75,3.95,2.95,1.68,,,2.1,,2.13
1995-03-01,1.9,2.93,2.19,3.39,,,,,3.62,1.96,,2.06
1995-04-01,2.35,3.07,,3.52,3.86,3.35,0.88,,,2.36,,2.39
1995-05-01,2.86,3.0,2.67,3.66,,,,,3.7,2.02,,2.53
1995-06-01,2.79,2.46,,3.65,2.42,2.12,1.82,,,2.43,,2.46
1995-07-01,2.59,2.32,2.53,3.57,,,,,3.42,1.75,,2.05
1995-08-01,2.33,2.5,,2.67,2.41,2.04,0.65,,,1.41,,1.85
1995-09-01,2.64,2.62,1.86,2.53,,,,,3.04,1.94,,1.85
1995-10-01,2.57,2.43,,3.28,2.81,2.8,1.65,,,2.14,,1.84
1995-11-01,2.76,1.85,2.3,2.39,,,,,3.94,1.74,,1.65
1995-12-01,3.02,2.38,,2.19,3.3,2.54,2.25,,,1.81,,1.45
1996-01-01,3.06,2.36,2.66,1.84,,,,,3.19,1.73,,1.64
1996-02-01,3.37,2.15,,1.9,2.72,2.02,1.58,,,1.79,,1.83
1996-03-01,3.48,2.53,2.78,2.42,,,,,2.49,1.19,,1.95
1996-04-01,2.85,2.72,,2.16,2.84,2.41,3.7,,,1.58,,2.14
1996-05-01,2.84,2.53,2.6,2.55,,,,,2.69,2.51,,2.2
1996-06-01,2.65,2.46,,2.67,2.43,3.46,2.07,,,2.31,,2.08
1996-07-01,2.71,2.45,2.66,2.67,,,,,2.76,2.9,,2.6
1996-08-01,2.7,2.51,,2.8,2.62,3.03,1.93,,,2.71,,2.6
1996-09-01,3.06,2.62,3.09,2.79,,,,,3.83,2.63,,2.72
1996-10-01,2.81,2.81,,2.92,2.67,2.66,1.13,,,2.82,,2.78
1996-11-01,2.81,2.94,3.74,3.51,,,,,4.13,2.95,,3.04
1996-12-01,2.93,3.27,,3.84,2.66,3.09,1.92,,,2.56,,2.78
1997-01-01,2.61,2.99,3.39,3.75,,,,,4.01,2.68,,2.7
1997-02-01,2.66,2.85,,3.8,2.71,3.08,2.12,,,3.07,,2.69
1997-03-01,2.52,2.53,3.26,3.01,,,,,4.0,4.12,,2.75
1997-04-01,2.53,2.41,,2.88,2.43,1.41,1.47,,,3.7,,2.48
1997-05-01,2.1,2.6,3.03,2.68,,,,,3.47,3.03,,2.22
1997-06-01,2.28,2.34,,2.6,2.04,1.34,1.4,,,3.09,,2.42
1997-07-01,2.46,2.21,3.15,2.54,,,,,3.61,3.01,,2.09
1997-08-01,2.15,1.96,,2.78,2.75,1.14,1.82,,,3.6,,2.28
1997-09-01,2.08,2.49,2.63,2.4,,,,,2.52,3.39,,2.27
1997-10-01,2.44,1.7,,2.33,2.67,1.39,2.86,,,3.57,,2.45
1997-11-01,2.14,1.28,1.86,2.2,,,,,1.98,3.63,,2.33
1997-12-01,2.02,1.28,,1.94,1.81,1.67,1.39,,,4.23,,2.77
1998-01-01,1.77,,2.09,1.5,,,,,,,,2.32
1998-02-01,1.53,0.72,,1.24,1.99,,1.11,,,3.36,,2.19
1998-03-01,1.35,,1.9,1.93,,,,,,,,1.8
1998-04-01,1.65,0.66,,2.42,1.99,,0.76,,,3.13,,1.86
1998-05-01,1.82,,2.52,2.79,,,,,,,,2.42
1998-06-01,1.64,1.14,,2.66,2.84,,1.1,,,3.44,,2.42
1998-07-01,1.64,,2.15,2.97,,,,,,,,2.36
1998-08-01,1.99,1.08,,1.78,2.29,,1.38,,,3.35,,2.41
1998-09-01,1.57,,2.56,1.97,,,,,,,,2.22
1998-10-01,1.45,1.55,,1.97,1.96,,0.81,,,2.89,,1.96
1998-11-01,1.57,,2.3,1.53,,,,,,,,2.27
1998-12-01,1.63,1.56,,1.41,2.61,,0.34,1.38,1.13,2.95,2.67,2.08
1999-01-01,1.69,,1.69,2.03,,1.91,,,,,,2.45
1999-02-01,1.39,0.96,,2.02,1.7,,0.34,1.5,0.75,3.8,2.46,2.57
1999-03-01,1.45,,2.04,1.77,,2.22,,,,,,2.69
1999-04-01,1.73,2.39,,1.7,3.14,,1.37,1.99,0.94,4.62,3.49,3.53
1999-05-01,1.79,,1.93,1.57,,2.75,,,,,,2.91
1999-06-01,2.14,2.44,,1.75,2.76,,1.3,1.73,0.69,3.81,3.1,2.61
1999-07-01,2.07,,2.69,1.74,,2.66,,,,,,2.91
1999-08-01,1.95,2.67,,2.36,2.31,,1.02,2.47,0.93,4.14,2.91,2.96
1999-09-01,2.18,,2.73,2.66,,3.43,,,,,,3.19
1999-10-01,2.35,2.41,,2.41,3.04,,1.82,2.78,1.86,4.78,3.19,3.19
1999-11-01,2.35,,3.4,2.36,,3.96,,,,,,3.06
1999-12-01,2.23,2.31,,2.48,2.73,,2.87,3.34,2.3,4.24,2.95,3.12
2000-01-01,2.46,,3.5,2.47,,3.48,,,,,,2.99
2000-02-01,3.08,3.68,,3.0,3.78,,3.75,3.46,2.79,4.19,3.22,3.34
2000-03-01,3.42,,4.58,3.11,,4.28,,,,,,3.98
2000-04-01,3.07,2.75,,2.57,2.56,,3.03,3.66,3.22,3.77,3.25,3.06
2000-05-01,3.01,,4.31,3.27,,3.82,,,,,,3.36
2000-06-01,2.94,2.61,,4.2,4.33,,3.91,3.94,4.15,4.25,3.76,3.84
2000-07-01,3.16,,4.51,3.07,,4.99,,,,,,4.06
2000-08-01,3.1,2.54,,2.6,3.59,,3.69,3.74,3.76,4.73,3.98,4.16
2000-09-01,3.48,,4.24,3.01,,4.44,,,,,,4.21
2000-10-01,3.19,2.01,,3.36,3.62,,3.9,3.24,3.35,4.68,4.24,4.31
2000-11-01,3.24,,4.58,3.96,,4.18,,,,,,4.2
2000-12-01,3.14,2.66,,3.9,3.68,,3.93,2.93,2.85,5.5,4.07,4.25
2001-01-01,3.12,,4.88,4.64,,4.3,,,,,,4.53
2001-02-01,2.66,2.4,,4.14,3.53,,4.27,4.66,3.62,6.46,4.49,4.56
2001-03-01,2.7,,4.43,2.85,,3.56,,,,,,4.06
2001-04-01,2.87,3.07,,3.78,3.68,,4.38,3.88,3.54,5.82,3.6,4.17
2001-05-01,3.25,,5.06,3.51,,3.8,,,,,,4.5
2001-06-01,3.46,3.34,,1.82,2.87,,3.57,3.79,3.27,6.59,3.96,4.89
2001-07-01,2.74,,4.86,1.78,,3.19,,,,,,4.19
2001-08-01,2.73,2.99,,2.53,2.94,,2.72,2.79,3.03,5.12,3.61,3.66
2001-09-01,1.95,,4.56,2.8,,3.54,,,,,,3.53
2001-10-01,1.73,2.81,,1.54,1.69,,1.46,2.79,2.71,4.53,3.19,3.13
2001-11-01,1.73,,2.83,0.8,,2.82,,,,,,3.08
2001-12-01,1.68,1.35,,1.19,1.05,,0.58,1.69,2.12,3.53,2.53,2.51
2002-01-01,1.95,,2.06,-0.11,,1.97,,,,,,2.39
2002-02-01,2.48,1.68,,0.11,1.73,,-1.26,0.46,1.8,1.81,1.96,2.26
2002-03-01,2.52,,1.99,1.52,,1.89,,,,,,2.31
2002-04-01,2.79,1.05,,1.4,2.58,,-0.44,1.13,1.27,2.06,2.5,2.58
2002-05-01,2.19,,2.04,0.89,,2.07,,,,,,2.24
2002-06-01,1.7,2.08,,1.62,1.82,,-0.81,0.73,0.52,1.2,1.66,1.52
2002-07-01,2.24,,1.87,1.97,,0.82,,,,,,1.74
2002-08-01,2.66,3.01,,1.97,3.31,,0.95,1.58,0.98,1.31,1.87,2.06
2002-09-01,2.82,,3.32,1.34,,0.23,,,,,,1.89
2002-10-01,3.14,1.59,,2.64,3.2,,2.01,1.53,1.61,1.36,1.6,2.06
2002-11-01,2.98,,4.0,3.27,,1.22,,,,,,2.22
2002-12-01,3.1,3.0,,2.53,3.57,,1.72,1.43,2.77,1.36,2.1,2.45
2003-01-01,3.29,,3.58,2.7,,1.99,,,,,,2.6
2003-02-01,3.32,2.53,,3.02,3.52,,4.73,2.61,3.03,3.35,1.97,2.97
2003-03-01,3.14,,4.16,2.78,,2.73,,,,,,3.17
2003-04-01,2.55,2.24,,1.38,1.79,,2.33,1.96,3.2,2.23,1.85,2.4
2003-05-01,2.82,,3.85,1.1,,2.31,,,,,,1.97
2003-06-01,2.82,1.83,,1.1,2.12,,2.65,1.34,2.87,1.6,1.21,1.98
2003-07-01,2.97,,3.73,1.6,,2.08,,,,,,1.87
2003-08-01,3.11,1.49,,1.6,1.49,,2.5,1.11,3.25,1.45,2.15,2.02
2003-09-01,3.26,,3.87,2.2,,2.19,,,,,,2.18
2003-10-01,3.25,2.42,,1.64,1.61,,2.15,0.39,2.6,1.03,1.47,1.86
2003-11-01,3.1,,3.04,1.31,,1.32,,,,,,1.38
2003-12-01,3.21,2.0,,1.7,0.89,,2.69,0.96,2.08,1.09,0.53,1.38
2004-01-01,2.67,,4.3,1.48,,0.98,,,,,,1.32
2004-02-01,2.5,2.57,,1.25,0.55,,2.74,0.06,1.83,0.2,1.15,1.2
2004-03-01,3.2,,2.91,0.81,,0.51,,,,,,1.25
2004-04-01,3.71,4.06,,2.07,1.37,,4.43,0.11,2.55,0.51,1.04,1.51
2004-05-01,3.86,,3.16,2.89,,1.24,,,,,,2.46
2004-06-01,4.62,4.38,,2.72,1.64,,4.18,2.31,3.46,1.38,1.88,2.62
2004-07-01,3.95,,2.91,2.77,,1.47,,,,,,2.36
2004-08-01,3.31,4.19,,3.09,1.74,,3.05,1.32,2.32,1.22,0.1,1.98
2004-09-01,3.16,,1.45,2.1,,1.53,,,,,,2.13
2004-10-01,3.65,5.2,,2.69,2.35,,3.43,2.11,2.97,2.04,1.45,2.92
2004-11-01,3.91,,2.52,2.75,,2.27,,,,,,3.46
2004-12-01,3.76,4.66,,2.21,2.21,,3.6,2.35,3.85,2.15,2.15,3.1
2005-01-01,4.1,,1.39,2.43,,2.45,,,,,,2.61
2005-02-01,3.88,4.55,,2.2,2.4,,3.62,2.49,3.81,1.56,2.12,2.64
2005-03-01,4.42,,2.64,2.68,,2.03,,,,,,2.72
2005-04-01,4.17,4.36,,3.21,2.76,,3.12,3.13,4.32,2.12,3.6,3.44
2005-05-01,3.42,,2.83,2.44,,2.46,,,,,,2.86
2005-06-01,2.28,3.43,,2.59,2.05,,2.89,2.1,3.77,1.11,2.3,2.35
2005-07-01,3.41,,3.97,2.64,,2.9,,,,,,3.02
2005-08-01,4.08,3.77,,2.94,2.89,,3.78,2.93,5.67,2.16,2.72,3.53
2005-09-01,4.81,,4.91,4.37,,5.12,,,,,,4.12
2005-10-01,4.49,3.65,,3.72,4.0,,4.31,5.44,6.31,2.8,3.46,4.0
2005-11-01,3.91,,3.26,3.46,,4.39,,,,,,3.34
2005-12-01,3.58,3.59,,3.59,3.83,,4.24,3.0,4.67,1.95,2.97,3.31
2006-01-01,3.75,,4.35,4.0,,4.78,,,,,,4.07
2006-02-01,3.59,4.45,,3.52,3.73,,2.29,2.43,6.09,2.93,3.04,3.73
2006-03-01,2.73,,3.31,3.29,,3.92,,,,,,3.5
2006-04-01,3.62,4.08,,2.33,3.9,,3.54,3.14,5.49,3.16,3.03,3.63
2006-05-01,4.82,,3.87,2.64,,4.2,,,,,,4.37
2006-06-01,5.65,4.44,,2.58,3.8,,4.71,3.38,5.82,3.93,4.2,4.49
2006-07-01,4.99,,3.64,2.63,,4.02,,,,,,4.32
2006-08-01,4.67,4.74,,2.35,3.33,,3.99,4.12,5.11,3.79,4.85,4.1
2006-09-01,3.29,,2.0,0.66,,1.64,,,,,,3.33
2006-10-01,2.35,1.98,,-0.2,0.77,,0.67,-0.62,3.02,2.48,3.2,2.48
2006-11-01,2.6,,2.06,0.3,,0.32,,,,,,2.69
2006-12-01,3.31,3.27,,0.71,2.08,,1.13,3.23,4.05,3.44,4.18,3.25
2007-01-01,2.72,,1.78,0.96,,0.15,,,,,,3.13
2007-02-01,3.08,1.99,,1.74,1.68,,1.47,2.68,2.86,3.18,3.98,3.33
2007-03-01,2.91,,2.32,2.47,,0.93,,,,,,3.67
2007-04-01,2.53,1.73,,3.2,1.63,,1.62,2.65,3.49,3.32,4.03,3.33
2007-05-01,2.5,,1.5,3.67,,0.83,,,,,,3.01
2007-06-01,2.54,1.57,,3.56,2.43,,1.17,3.16,4.43,3.36,3.51,3.06
2007-07-01,2.48,,0.81,3.14,,1.35,,,,,,2.79
2007-08-01,1.89,1.06,,2.7,0.54,,0.68,2.01,3.66,2.63,3.04,2.43
2007-09-01,2.43,,1.49,3.43,,1.48,,,,,,2.43
2007-10-01,3.09,3.46,,4.66,2.64,,2.51,4.79,5.06,3.29,4.11,3.24
2007-11-01,3.89,,3.4,5.01,,4.28,,,,,,4.05
2007-12-01,3.66,3.51,,4.73,1.94,,3.93,4.08,5.8,3.84,4.62,4.02
2008-01-01,3.65,,3.36,4.69,,4.34,,,,,,3.76
2008-02-01,3.57,3.65,,4.43,2.18,,3.51,4.76,5.33,2.77,4.73,3.41
2008-03-01,3.82,,2.94,4.47,,4.44,,,,,,3.55
2008-04-01,3.56,3.88,,4.24,2.43,,2.53,3.68,4.94,2.89,3.44,3.32
2008-05-01,3.96,,4.02,4.5,,4.97,,,,,,3.72
2008-06-01,4.52,5.13,,4.68,2.98,,4.9,4.86,5.76,4.19,5.83,5.03
2008-07-01,5.09,,6.31,5.79,,6.24,,,,,,5.42
2008-08-01,5.35,4.41,,4.94,4.91,,4.89,5.04,5.79,4.24,5.45,4.97
2008-09-01,5.16,,4.68,4.36,,5.66,,,,,,4.38
2008-10-01,4.31,2.82,,3.23,1.71,,3.36,2.2,3.97,3.61,3.43,3.52
2008-11-01,2.18,,0.72,0.59,,1.83,,,,,,1.25
2008-12-01,1.58,-0.38,,-0.58,-1.1,,-0.17,-2.86,0.46,0.02,1.65,0.31
2009-01-01,1.54,,-0.51,-0.55,,0.78,,,,,,0.35
2009-02-01,1.58,-0.3,,-1.03,-0.23,,0.21,-2.44,0.69,1.16,1.36,0.53
2009-03-01,0.83,,-0.4,-1.93,,0.73,,,,,,-0.39
2009-04-01,0.75,-0.87,,-2.25,-1.42,,0.48,-3.47,-0.26,0.8,1.22,-0.4
2009-05-01,-0.07,,-1.47,-2.38,,-1.51,,,,,,-0.91
2009-06-01,-0.59,-2.01,,-2.19,-1.47,,-0.64,-3.98,-1.6,0.23,-0.36,-1.26
2009-07-01,-1.11,,-3.42,-3.01,,-2.79,,,,,,-1.79
2009-08-01,-0.94,-1.01,,-2.1,-2.3,,-0.54,-3.81,-1.85,0.17,-0.27,-1.09
2009-09-01,-0.63,,-0.81,-1.91,,-1.98,,,,,,-0.66
2009-10-01,-0.01,-0.14,,-0.78,-0.08,,0.24,-2.58,-0.57,0.1,0.16,-0.26
2009-11-01,1.82,,1.82,1.51,,0.95,,,,,,1.16
2009-12-01,2.32,3.03,,2.54,2.97,,2.69,1.77,2.12,2.61,1.36,1.99
2010-01-01,2.39,,2.8,2.16,,1.75,,,,,,1.84
2010-02-01,1.79,2.85,,2.45,0.73,,2.36,1.74,0.87,1.79,0.6,1.37
2010-03-01,2.14,,2.51,2.65,,0.97,,,,,,1.59
2010-04-01,2.1,2.59,,2.43,1.42,,2.29,2.41,0.85,1.72,0.26,1.47
2010-05-01,2.16,,2.67,1.51,,1.4,,,,,,1.31
2010-06-01,1.54,1.91,,0.56,0.17,,1.25,0.56,0.41,1.07,-0.5,0.62
2010-07-01,1.49,,1.34,0.77,,-0.22,,,,,,0.93
2010-08-01,1.38,1.09,,0.64,0.36,,1.81,0.57,0.68,0.95,0.22,0.77
2010-09-01,1.22,,-0.05,0.94,,0.04,,,,,,0.59
2010-10-01,1.51,1.67,,0.77,0.36,,1.82,0.92,0.55,0.91,0.43,0.75
2010-11-01,1.33,,0.64,0.41,,-0.39,,,,,,1.06
2010-12-01,1.45,1.43,,1.23,1.23,,1.86,1.03,0.88,1.52,0.56,1.37
2011-01-01,1.54,,1.07,1.44,,0.54,,,,,,1.53
2011-02-01,2.08,1.92,,1.76,1.69,,2.5,1.53,2.22,1.7,1.5,1.99
2011-03-01,2.3,,2.02,2.31,,2.47,,,,,,2.7
2011-04-01,2.48,2.51,,2.74,3.13,,3.91,2.55,3.99,2.82,2.12,3.01
2011-05-01,2.9,,2.73,3.34,,3.31,,,,,,3.02
2011-06-01,3.19,2.8,,3.77,4.2,,3.38,3.1,3.96,2.43,3.15,2.98
2011-07-01,3.32,,3.44,3.17,,4.18,,,,,,2.7
2011-08-01,3.51,3.37,,3.24,4.14,,3.73,3.83,4.46,2.92,2.71,2.85
2011-09-01,3.76,,3.74,3.13,,3.65,,,,,,3.32
2011-10-01,3.33,3.02,,2.93,3.45,,3.23,3.09,3.81,3.17,3.81,3.19
2011-11-01,3.04,,2.91,2.87,,4.03,,,,,,3.1
2011-12-01,2.66,2.76,,2.06,3.45,,3.08,3.0,3.06,2.93,3.5,2.65
2012-01-01,2.75,,2.53,2.06,,2.95,,,,,,2.54
2012-02-01,2.65,2.16,,1.59,3.88,,3.58,2.36,2.9,3.0,2.73,2.51
2012-03-01,2.55,,1.8,2.05,,2.73,,,,,,2.4
2012-04-01,2.38,1.99,,1.67,2.14,,2.21,1.76,1.98,2.08,2.86,2.08
2012-05-01,1.85,,0.82,0.99,,1.64,,,,,,2.07
2012-06-01,1.57,1.25,,0.89,0.45,,1.75,1.52,1.21,2.64,2.7,2.12
2012-07-01,1.14,,0.85,1.06,,1.28,,,,,,1.99
2012-08-01,1.37,1.42,,1.49,1.48,,0.75,1.49,1.44,2.8,2.74,2.32
2012-09-01,1.59,,1.7,1.63,,2.28,,,,,,2.34
2012-10-01,1.69,2.16,,1.66,2.43,,1.36,1.82,2.0,3.19,2.31,2.85
2012-11-01,1.99,,2.0,1.48,,1.73,,,,,,2.07
2012-12-01,2.11,1.78,,1.68,1.44,,1.0,1.17,1.39,2.22,1.35,1.83
2013-01-01,2.2,,1.65,1.21,,2.15,,,,,,1.89
2013-02-01,2.38,1.81,,2.3,1.89,,0.7,2.09,1.91,2.45,1.76,2.21
2013-03-01,1.87,,1.48,0.94,,1.81,,,,,,1.7
2013-04-01,1.43,1.08,,0.95,1.25,,0.69,1.09,0.86,2.38,1.22,1.47
2013-05-01,1.43,,1.4,1.52,,1.62,,,,,,1.44
2013-06-01,1.78,1.51,,1.68,3.33,,1.49,1.43,1.63,2.56,1.37,1.73
2013-07-01,2.11,,1.92,1.7,,2.7,,,,,,2.0
2013-08-01,1.65,1.07,,1.15,1.34,,2.26,1.52,0.56,2.03,1.06,1.47
2013-09-01,1.55,,0.97,0.69,,1.42,,,,,,1.34
2013-10-01,1.1,0.25,,0.54,0.72,,1.79,1.65,0.87,1.56,0.59,0.83
2013-11-01,1.22,,0.92,0.57,,1.2,,,,,,1.37
2013-12-01,1.47,1.21,,0.51,0.76,,3.62,2.36,1.87,2.58,1.29,1.87
2014-01-01,1.88,,1.27,1.25,,1.21,,,,,,1.71
2014-02-01,1.09,1.02,,0.68,0.74,,2.93,1.79,1.57,2.45,1.2,1.4
2014-03-01,1.32,,1.65,1.94,,1.04,,,,,,1.66
2014-04-01,1.57,1.39,,2.37,2.02,,2.8,2.52,2.5,2.79,2.41,2.07
2014-05-01,1.93,,2.07,1.76,,1.82,,,,,,2.44
2014-06-01,1.73,1.77,,2.04,1.3,,3.26,3.0,2.36,3.0,1.99,2.35
2014-07-01,1.62,,1.68,1.89,,1.18,,,,,,2.52
2014-08-01,1.33,1.31,,1.87,1.04,,2.65,2.23,2.39,2.96,1.82,2.34
2014-09-01,0.99,,1.57,2.07,,1.07,,,,,,2.09
2014-10-01,1.33,1.58,,2.03,1.05,,3.37,2.2,2.21,3.2,2.09,2.02
2014-11-01,0.78,,1.6,1.56,,0.81,,,,,,1.82
2014-12-01,0.31,0.63,,1.48,-0.06,,1.12,0.94,1.36,2.67,1.66,1.42
2015-01-01,-0.47,,0.57,0.37,,-0.64,,,,,,0.89
2015-02-01,0.09,-0.07,,-0.2,-1.83,,-0.69,-0.34,0.42,2.53,1.12,0.96
2015-03-01,-0.12,,0.8,-0.6,,-0.56,,,,,,1.17
2015-04-01,-0.01,0.01,,-0.93,-1.93,,-0.41,-0.48,0.46,2.44,0.4,0.98
2015-05-01,-0.06,,0.64,-0.49,,-0.5,,,,,,1.32
2015-06-01,0.06,0.17,,-0.71,-2.43,,-0.36,0.58,1.16,2.29,1.61,1.29
2015-07-01,-0.11,,0.67,-0.46,,-0.39,,,,,,1.63
2015-08-01,0.1,-0.32,,-0.1,-0.92,,0.26,0.61,1.33,2.59,1.79,1.6
2015-09-01,0.31,,0.3,-0.44,,-0.85,,,,,,1.27
2015-10-01,0.39,-0.51,,-0.17,-0.67,,-0.1,0.45,1.09,2.56,1.2,1.45
2015-11-01,0.63,,0.84,0.2,,-0.04,,,,,,1.9
2015-12-01,0.72,-0.23,,0.0,-0.15,,0.36,1.36,1.62,3.18,2.18,2.23
2016-01-01,0.76,,1.04,0.94,,1.05,,,,,,3.01
2016-02-01,0.63,0.29,,0.74,0.86,,2.01,1.62,1.58,3.02,2.22,2.52
2016-03-01,0.72,,0.61,0.16,,0.64,,,,,,1.95
2016-04-01,1.02,0.65,,0.66,1.1,,1.45,1.94,1.45,2.7,2.51,2.22
2016-05-01,0.86,,1.55,0.33,,1.02,,,,,,1.79
2016-06-01,0.9,0.12,,0.66,2.3,,1.59,0.7,1.61,2.67,1.78,1.95
2016-07-01,0.97,,1.48,-0.06,,1.29,,,,,,1.55
2016-08-01,1.08,0.35,,-0.25,1.65,,0.9,1.24,1.59,3.05,2.1,1.8
2016-09-01,1.04,,2.32,0.64,,2.03,,,,,,2.36
2016-10-01,1.23,1.34,,0.83,1.71,,1.69,2.43,1.94,3.56,2.44,2.56
2016-11-01,1.61,,1.26,1.46,,2.37,,,,,,2.5
2016-12-01,2.11,1.75,,1.86,2.4,,2.26,2.59,2.85,3.53,2.57,2.7
2017-01-01,2.53,,2.97,1.83,,2.73,,,,,,2.78
2017-02-01,2.6,2.14,,2.22,3.02,,2.12,3.53,3.95,3.44,3.41,3.23
2017-03-01,2.32,,2.51,1.95,,2.24,,,,,,3.24
2017-04-01,2.03,1.27,,1.69,2.29,,2.01,3.2,2.8,3.79,3.05,3.14
2017-05-01,1.85,,2.09,1.83,,2.06,,,,,,2.94
2017-06-01,1.81,0.7,,1.33,1.1,,1.61,3.16,1.97,3.48,2.99,2.76
2017-07-01,1.64,,2.16,2.21,,1.85,,,,,,2.82
2017-08-01,1.7,1.44,,2.29,1.28,,2.16,3.51,2.25,3.0,2.5,2.87
2017-09-01,2.06,,2.72,2.13,,3.21,,,,,,3.05
2017-10-01,1.83,0.81,,1.58,2.01,,2.3,3.23,2.74,2.69,3.0,3.03
2017-11-01,1.58,,2.86,1.83,,3.19,,,,,,3.31
2017-12-01,1.56,0.82,,1.66,2.68,,1.75,3.25,1.82,2.94,3.52,3.36
2018-01-01,1.44,,2.78,1.77,,2.71,,,,,,3.31
2018-02-01,1.7,0.49,,1.64,2.12,,2.58,3.27,3.15,3.56,3.29,3.39
2018-03-01,1.72,,3.59,1.79,,2.9,,,,,,3.53
2018-04-01,1.87,1.38,,2.09,2.34,,2.39,2.79,3.51,3.22,3.34,3.57
2018-05-01,2.17,,3.16,2.34,,3.89,,,,,,3.67
2018-06-01,2.05,1.89,,2.2,3.61,,2.98,2.78,4.25,3.91,3.28,3.79
2018-07-01,2.25,,3.37,1.87,,3.53,,,,,,3.85
2018-08-01,2.15,1.67,,1.66,2.85,,2.28,2.21,3.58,4.27,3.15,3.84
2018-09-01,2.0,,3.3,1.61,,2.4,,,,,,3.65
2018-10-01,2.05,1.64,,2.02,1.9,,2.18,1.55,3.41,4.36,3.08,3.81
2018-11-01,1.89,,3.15,0.98,,2.24,,,,,,3.43
2018-12-01,1.58,1.02,,1.07,1.2,,2.25,1.35,2.9,4.5,2.8,3.21
2019-01-01,1.62,,2.48,0.83,,2.09,,,,,,2.87
2019-02-01,1.33,1.46,,1.42,1.23,,0.93,1.3,1.24,3.53,2.71,2.48
2019-03-01,1.61,,2.11,1.54,,2.7,,,,,,2.57
2019-04-01,1.65,1.86,,0.75,0.97,,1.84,2.51,2.21,4.01,2.39,2.95
2019-05-01,1.48,,2.28,1.19,,1.47,,,,,,2.99
2019-06-01,1.69,2.11,,0.96,0.09,,0.85,1.13,1.18,3.22,2.29,2.84
2019-07-01,1.73,,2.01,1.56,,2.28,,,,,,2.73
2019-08-01,1.82,2.29,,1.63,1.36,,1.38,2.19,1.93,2.72,3.19,2.67
2019-09-01,1.41,,1.06,1.44,,2.24,,,,,,2.9
2019-10-01,1.51,1.95,,1.82,2.45,,0.86,3.01,1.53,3.03,2.15,2.94
2019-11-01,1.82,,2.12,2.17,,1.83,,,,,,3.08
2019-12-01,2.18,2.41,,2.23,2.51,,0.97,3.29,1.95,2.45,2.24,2.79
2020-01-01,2.5,,2.22,2.58,,2.15,,,,,,3.02
2020-02-01,2.45,2.56,,1.98,2.62,,1.47,2.9,1.4,2.91,2.47,3.22
2020-03-01,1.95,,1.84,1.1,,1.0,,,,,,2.42
2020-04-01,1.15,-0.07,,0.27,-0.82,,-1.25,-0.31,-0.49,1.11,1.34,1.08
2020-05-01,1.45,,0.6,0.37,,-0.49,,,,,,1.05
2020-06-01,1.27,0.11,,1.1,0.52,,-0.18,0.86,0.73,1.62,0.87,1.48
2020-07-01,1.72,,0.79,1.02,,0.42,,,,,,1.88
2020-08-01,1.45,0.42,,0.97,1.78,,-0.19,0.71,1.36,1.59,1.65,1.98
2020-09-01,1.87,,0.63,1.38,,0.35,,,,,,1.27
2020-10-01,1.74,0.78,,0.97,0.45,,-0.07,1.19,1.04,1.1,2.09,0.93
2020-11-01,1.37,,0.39,0.8,,0.33,,,,,,1.16
2020-12-01,1.62,1.09,,0.89,0.66,,0.71,1.62,1.05,2.0,1.43,1.46
2021-01-01,1.24,,0.5,0.67,,1.5,,,,,,1.25
2021-02-01,1.38,0.95,,1.22,0.81,,1.0,2.4,1.4,1.57,1.71,1.37
2021-03-01,1.95,,1.29,2.61,,3.4,,,,,,2.27
2021-04-01,3.16,3.51,,4.63,5.43,,4.51,5.96,4.14,3.81,3.42,3.83
2021-05-01,3.15,,3.2,4.65,,6.31,,,,,,4.06
2021-06-01,4.09,4.85,,4.72,5.4,,4.58,6.72,5.06,3.15,5.52,4.41
2021-07-01,3.5,,4.25,4.87,,5.6,,,,,,4.52
2021-08-01,3.69,4.65,,4.8,3.91,,5.29,6.62,4.24,3.66,5.19,4.6
2021-09-01,3.84,,4.02,4.53,,5.94,,,,,,4.97
2021-10-01,4.35,5.64,,5.31,5.47,,6.06,7.87,5.69,3.82,6.54,5.72
2021-11-01,5.01,,5.31,5.99,,7.45,,,,,,6.22
2021-12-01,4.4,6.6,,6.61,6.98,,6.56,9.79,7.13,4.24,7.57,6.77
2022-01-01,5.13,,6.29,6.8,,7.83,,,,,,7.43
2022-02-01,5.12,7.34,,7.05,7.54,,7.8,10.58,9.28,5.19,8.06,7.64
2022-03-01,6.1,,7.28,7.8,,9.05,,,,,,8.44
2022-04-01,6.32,8.38,,7.19,8.32,,8.48,10.83,9.12,5.0,9.12,8.08
2022-05-01,6.27,,7.51,8.02,,9.14,,,,,,8.3
2022-06-01,6.71,8.76,,8.94,9.66,,10.24,11.5,10.08,6.8,10.14,8.95
2022-07-01,6.49,,6.99,8.35,,9.35,,,,,,8.33
2022-08-01,6.58,8.12,,8.35,8.62,,9.53,11.71,10.23,5.69,9.04,7.98
2022-09-01,6.22,,8.15,8.23,,9.16,,,,,,8.21
2022-10-01,6.03,7.77,,7.65,8.48,,7.63,10.69,9.6,6.0,8.93,8.02
2022-11-01,5.88,,7.0,6.79,,8.39,,,,,,6.99
2022-12-01,6.33,6.39,,5.46,6.2,,5.33,8.06,9.86,4.88,8.41,6.16
2023-01-01,5.99,,6.45,5.42,,7.5,,,,,,6.55
2023-02-01,6.02,6.92,,4.97,6.97,,5.18,7.21,9.16,5.3,8.03,6.19
2023-03-01,4.59,,4.69,4.42,,5.76,,,,,,5.04
2023-04-01,3.71,4.74,,4.77,6.57,,4.03,5.8,9.03,4.19,6.94,4.96
2023-05-01,3.48,,3.62,3.32,,4.72,,,,,,4.52
2023-06-01,2.46,3.14,,2.1,4.66,,1.71,4.56,6.94,2.88,4.62,3.44
2023-07-01,3.16,,2.82,2.24,,3.97,,,,,,3.43
2023-08-01,3.54,3.95,,2.34,5.86,,2.68,4.35,7.84,3.41,5.4,4.05
2023-09-01,3.74,,2.62,2.28,,4.56,,,,,,3.98
2023-10-01,3.48,3.48,,2.44,3.41,,3.01,3.16,7.42,2.76,4.79,3.37
2023-11-01,3.03,,2.39,2.53,,5.23,,,,,,3.43
2023-12-01,2.86,3.9,,3.34,4.46,,4.46,3.56,5.66,2.62,4.39,3.71
2024-01-01,3.1,,2.0,3.26,,5.34,,,,,,2.98
2024-02-01,2.92,3.44,,3.39,2.79,,3.5,3.33,4.89,2.37,4.27,3.22
2024-03-01,3.38,,3.31,3.14,,4.86,,,,,,3.57
2024-04-01,3.78,4.08,,3.01,3.48,,2.93,3.11,4.45,3.77,4.44,3.69
2024-05-01,3.95,,3.95,3.07,,5.03,,,,,,3.52
2024-06-01,4.2,3.59,,2.99,3.36,,2.13,2.6,3.49,3.24,3.83,3.06
2024-07-01,4.08,,3.45,3.67,,4.08,,,,,,3.14
2024-08-01,3.75,3.38,,3.75,3.51,,1.66,1.65,2.6,2.7,3.12,2.63
2024-09-01,3.77,,3.4,4.08,,2.63,,,,,,2.48
2024-10-01,3.96,3.38,,3.52,3.26,,2.14,1.9,2.67,2.39,2.95,2.41
2024-11-01,4.32,,3.09,3.76,,1.88,,,,,,2.68
2024-12-01,4.29,3.32,,3.88,2.83,,1.04,2.65,2.83,2.38,2.71,2.72
2025-01-01,4.01,,3.85,4.26,,2.77,,,,,,2.85
2025-02-01,4.18,3.12,,3.85,3.33,,1.04,2.08,2.86,2.69,2.52,2.85
2025-03-01,3.84,,2.49,3.72,,1.44,,,,,,2.59
2025-04-01,3.86,2.88,,3.12,1.4,,1.18,1.92,2.19,1.27,1.67,2.26
2025-05-01,3.38,,3.0,3.26,,0.59,,,,,,2.35
2025-06-01,3.45,3.28,,3.54,1.26,,1.81,1.78,3.11,1.54,2.68,2.66
2025-07-01,3.2,,3.24,2.7,,0.88,,,,,,2.75
2025-08-01,3.19,3.25,,3.06,0.7,,1.13,1.74,2.54,2.49,2.82,2.94
2025-09-01,3.02,,3.26,2.87,,1.86,,,,,,3.15
2025-11-01,2.98,,2.77,2.48,,1.14,,,,,,3.04
2025-12-01,3.36,3.89,,2.17,2.05,,1.65,0.85,2.58,3.04,3.13,3.04
2026-01-01,2.87,,1.41,1.35,,-0.35,,,,,,2.85
2026-02-01,3.22,3.54,,2.02,2.28,,1.31,2.27,2.15,2.48,3.92,2.85
