date,New Single-Family Homes Sold (SAAR) YoY %,Median Sales Price - New Homes YoY %,Average Sales Price - New Homes YoY %,Months Supply of New Houses YoY %,New Houses For Sale (SAAR) YoY %
1964-01-01,-7.1066,3.4884,,23.4043,11.0638
1964-02-01,31.25,1.6949,,-16.6667,10.084
1964-03-01,21.9089,4.3956,,-9.375,8.6777
1964-04-01,-7.6033,3.2967,,13.2075,5.6911
1964-05-01,-10.7509,10.2857,,21.5686,7.2581
1964-06-01,10.2662,4.4444,,-5.0,4.3478
1964-07-01,-13.5338,3.8043,,19.5652,3.5433
1964-08-01,2.1053,6.1798,,-3.5714,-2.2727
1964-09-01,0.0,5.5866,,0.0,-0.3891
1964-10-01,2.8219,7.3864,,-10.1695,-7.6642
1964-11-01,-5.3541,4.8913,,1.8182,-3.4884
1964-12-01,5.0584,12.2995,,-9.8361,-5.303
1965-01-01,-2.9144,16.2921,,-3.4483,-4.9808
1965-02-01,-8.2102,13.3333,,0.0,-4.1985
1965-03-01,-1.0676,4.2105,,-6.8966,-7.6046
1965-04-01,-0.7156,5.8511,,-6.6667,-6.9231
1965-05-01,4.0153,1.5544,,-14.5161,-10.5263
1965-06-01,5.8621,5.3191,,-17.5439,-10.9848
1965-07-01,-3.6522,9.9476,,-5.4545,-10.6464
1965-08-01,5.6701,6.8783,,-14.8148,-10.0775
1965-09-01,-0.5085,3.7037,,-9.2593,-9.7656
1965-10-01,-4.8027,5.291,,-5.6604,-10.2767
1965-11-01,12.4088,6.7358,,-17.8571,-7.2289
1965-12-01,12.7778,-3.3333,,-20.0,-9.6
1966-01-01,12.3827,2.4155,,-16.0714,-8.0645
1966-02-01,-3.22,2.451,,-10.9091,-10.757
1966-03-01,0.1799,5.0505,,-7.4074,-7.4074
1966-04-01,-1.8018,15.5779,,-8.9286,-8.6777
1966-05-01,-8.2721,13.7755,,0.0,-9.2437
1966-06-01,-29.316,7.0707,,27.6596,-8.9362
1966-07-01,-21.4801,3.8095,,13.4615,-10.6383
1966-08-01,-38.6992,2.4752,,47.8261,-10.3448
1966-09-01,-39.0119,13.2653,,46.9388,-9.9567
1966-10-01,-30.2703,4.5226,,26.0,-12.3348
1966-11-01,-37.987,5.3398,,34.7826,-16.4502
1966-12-01,-39.4089,6.8966,,43.1818,-14.1593
1967-01-01,-30.5509,4.717,,21.2766,-15.3509
1967-02-01,-24.5841,7.177,,16.3265,-13.3929
1967-03-01,-21.1849,7.6923,,8.0,-15.1111
1967-04-01,-12.1101,-3.0435,,-3.9216,-15.3846
1967-05-01,0.8016,6.278,,-15.0943,-13.4259
1967-06-01,14.977,12.7358,,-23.3333,-11.6822
1967-07-01,18.3908,6.8807,,-25.4237,-12.381
1967-08-01,33.687,4.8309,,-35.2941,-12.9808
1967-09-01,48.324,2.7027,,-40.2778,-11.5385
1967-10-01,46.2532,7.2115,,-34.9206,-5.5276
1967-11-01,30.8901,6.4516,,-25.8065,-3.6269
1967-12-01,36.0434,2.3041,,-25.3968,-3.6082
1968-01-01,18.75,5.4054,,-17.5439,-2.0725
1968-02-01,33.0882,4.9107,,-28.0702,-1.5464
1968-03-01,11.6173,9.8214,,-11.1111,0.5236
1968-04-01,4.5929,9.8655,,0.0,5.8824
1968-05-01,-12.326,6.7511,,22.2222,6.4171
1968-06-01,-11.6232,6.2762,,19.5652,6.3492
1968-07-01,-4.2718,5.5794,,15.9091,10.3261
1968-08-01,0.5952,15.2074,,13.6364,13.8122
1968-09-01,-5.6497,9.6491,,18.6047,13.0435
1968-10-01,-11.3074,14.7982,,26.8293,12.234
1968-11-01,-6.2,6.4935,,21.7391,15.0538
1968-12-01,1.7928,19.3694,,10.6383,13.9037
1969-01-01,-2.834,5.1282,,17.0213,13.7566
1969-02-01,-3.4991,10.6383,,19.5122,12.5654
1969-03-01,-3.2653,6.5041,,18.75,12.5
1969-04-01,-10.1796,5.7143,,22.449,10.101
1969-05-01,1.3605,6.3241,,10.9091,11.0553
1969-06-01,4.5351,-0.7874,,5.4545,10.9453
1969-07-01,-11.5619,8.9431,,23.5294,10.3448
1969-08-01,-16.7653,-0.4,,30.0,8.2524
1969-09-01,-20.9581,4.0,,35.2941,7.6923
1969-10-01,-20.1195,-4.6875,,34.6154,7.5829
1969-11-01,-5.9701,1.2195,,10.7143,3.7383
1969-12-01,-11.546,-5.283,,17.3077,4.2254
1970-01-01,-3.9583,-4.065,,0.0,-0.9302
1970-02-01,-28.8168,-7.3077,,46.9388,0.0
1970-03-01,-17.9325,-8.0153,,19.2982,0.463
1970-04-01,-1.1111,-6.5637,,0.0,-0.4587
1970-05-01,4.2506,-4.461,,-6.5574,-1.81
1970-06-01,5.2061,-5.5556,,-5.1724,-2.6906
1970-07-01,10.3211,-14.5522,,-14.2857,-1.7857
1970-08-01,22.0379,-5.6225,,-21.5385,-2.2422
1970-09-01,42.4242,-13.0769,,-31.8841,-2.6786
1970-10-01,35.9102,-9.4262,,-31.4286,-4.8458
1970-11-01,29.2517,-5.6225,,-25.8065,-4.5045
1970-12-01,28.7611,-11.1554,,-22.9508,-0.9009
1971-01-01,34.0564,1.2712,,-21.8182,3.2864
1971-02-01,65.6836,1.6598,,-38.8889,1.3953
1971-03-01,75.0643,0.8299,,-41.1765,3.2258
1971-04-01,48.764,6.6116,,-30.0,5.53
1971-05-01,32.618,-0.7782,,-19.2982,8.7558
1971-06-01,33.1959,9.6639,,-14.5455,12.9032
1971-07-01,46.7775,10.0437,,-24.0741,12.7273
1971-08-01,27.9612,7.6596,,-7.8431,16.5138
1971-09-01,10.8156,12.3894,,10.6383,20.6422
1971-10-01,18.7156,15.8371,,4.1667,25.0
1971-11-01,24.5614,9.3617,,6.5217,31.1321
1971-12-01,18.3849,13.4529,,8.5106,30.4545
1972-01-01,12.945,3.3473,,20.9302,34.5455
1972-02-01,15.0485,8.1633,,22.7273,40.367
1972-03-01,-6.0206,12.7572,,52.5,41.9643
1972-04-01,3.3233,3.4884,,38.0952,41.9214
1972-05-01,9.5469,5.8824,,32.6087,43.2203
1972-06-01,6.3467,2.682,,34.0426,44.4898
1972-07-01,-3.5411,9.9206,,53.6585,45.1613
1972-08-01,17.2989,11.0672,,27.6596,47.6378
1972-09-01,22.72,10.2362,,19.2308,45.2471
1972-10-01,30.2937,12.8906,,14.0,45.1852
1972-11-01,3.5211,13.2296,,38.7755,43.8849
1972-12-01,12.0464,17.3913,,27.451,42.5087
1973-01-01,11.8911,21.0526,,25.0,39.8649
1973-02-01,3.6568,12.0755,,25.9259,36.2745
1973-03-01,13.2812,14.5985,,14.7541,30.5031
1973-04-01,-3.3626,22.8464,,32.7586,28.3077
1973-05-01,-2.5111,18.5185,,22.9508,23.3728
1973-06-01,-5.3857,23.5075,,23.8095,18.9266
1973-07-01,-11.7474,23.4657,,38.0952,19.1667
1973-08-01,-26.7788,18.1495,,56.6667,15.2
1973-09-01,-26.8579,18.5714,,53.2258,12.0419
1973-10-01,-32.9775,15.2249,,64.9123,7.9082
1973-11-01,-25.5782,16.8385,,41.1765,4.25
1973-12-01,-32.772,20.202,,55.3846,2.2005
1974-01-01,-33.0346,14.3813,,49.2308,0.0
1974-02-01,-26.8657,17.5084,,41.1765,0.7194
1974-03-01,-21.1034,14.6497,,25.7143,-1.2048
1974-04-01,-17.7005,8.8415,,18.1818,-2.3981
1974-05-01,-10.6061,11.5625,,6.6667,-4.3165
1974-06-01,-17.8462,6.0423,,14.1026,-6.8884
1974-07-01,-11.1481,7.6023,,1.1494,-11.4219
1974-08-01,-13.0742,7.5301,,-1.0638,-13.6574
1974-09-01,-8.9127,9.0361,,-4.2105,-15.4206
1974-10-01,-20.708,11.7117,,4.2553,-15.8392
1974-11-01,-17.7331,9.7059,,1.0417,-16.0671
1974-12-01,-19.6532,4.7619,,1.9802,-17.2249
1975-01-01,-20.4589,8.7719,,2.0619,-16.1836
1975-02-01,-21.7069,8.596,,8.3333,-16.4286
1975-03-01,-16.6084,7.7778,,1.1364,-17.8049
1975-04-01,-0.1838,9.8039,,-20.8791,-19.1646
1975-05-01,-1.8644,10.6443,,-15.0,-19.0476
1975-06-01,4.3071,7.9772,,-19.1011,-18.3673
1975-07-01,6.5543,4.8913,,-20.4545,-16.0526
1975-08-01,15.0407,7.0028,,-26.8817,-14.4772
1975-09-01,8.8063,9.6685,,-19.7802,-11.8785
1975-10-01,35.9375,9.4086,,-32.6531,-8.9888
1975-11-01,51.1111,10.1877,,-40.2062,-9.7143
1975-12-01,60.4317,12.5668,,-43.6893,-9.5376
1976-01-01,44.9519,11.828,14.6835,-35.3535,-10.0865
1976-02-01,52.6066,12.6649,13.0542,-43.2692,-12.2507
1976-03-01,23.8994,12.3711,11.1639,-23.5955,-5.0445
1976-04-01,12.523,10.4592,11.4286,-11.1111,-2.1277
1976-05-01,-1.5544,10.3797,9.9537,2.9412,2.4768
1976-06-01,6.1041,21.6359,15.7647,-4.1667,4.6875
1976-07-01,16.696,15.544,13.4752,-8.5714,5.9561
1976-08-01,14.4876,15.7068,17.7184,-8.8235,5.3292
1976-09-01,25.1799,12.5945,11.0599,-15.0685,6.5831
1976-10-01,16.2562,11.3022,14.8064,-12.1212,6.1728
1976-11-01,8.0882,11.4355,14.4165,3.4483,10.443
1976-12-01,14.6487,9.0261,10.2397,-3.4483,12.7796
1977-01-01,36.8159,9.375,11.9205,-17.1875,13.4615
1977-02-01,30.2795,11.007,14.5969,-13.5593,15.9091
1977-03-01,47.5465,5.9633,10.2564,-26.4706,12.1875
1977-04-01,30.7692,12.4711,16.6667,-14.0625,12.4224
1977-05-01,41.5789,13.0734,14.5263,-22.8571,9.9698
1977-06-01,36.2098,5.6399,9.5528,-20.2899,9.8507
1977-07-01,13.7048,8.9686,11.6667,-4.6875,10.9467
1977-08-01,24.6914,10.8597,11.9588,-6.4516,15.1786
1977-09-01,20.977,8.5011,11.8257,-4.8387,14.1176
1977-10-01,15.678,13.4658,13.4921,5.1724,15.1163
1977-11-01,12.7891,13.1004,15.6,0.0,14.6132
1977-12-01,8.8657,14.8148,13.834,7.1429,13.881
1978-01-01,-3.6364,14.9451,15.3846,11.3208,14.1243
1978-02-01,-5.7211,12.2363,12.3574,23.5294,13.1653
1978-03-01,-6.6514,15.1515,16.0853,22.0,12.5348
1978-04-01,8.1352,9.4456,8.6081,5.4545,12.9834
1978-05-01,6.1958,12.9817,14.5221,9.2593,13.4615
1978-06-01,3.6025,16.4271,17.2542,12.7273,13.8587
1978-07-01,4.5033,12.7572,17.3507,8.1967,11.7333
1978-08-01,-6.4356,14.4898,16.0221,13.7931,8.0103
1978-09-01,-3.5629,18.1443,19.4805,0.0,7.2165
1978-10-01,6.4713,13.4241,14.8601,-6.5574,2.7778
1978-11-01,-3.7394,13.3205,14.7059,8.3333,3.5
1978-12-01,-3.5928,13.6622,17.0139,1.6667,2.9851
1979-01-01,-5.1572,15.2964,15.7265,11.8644,1.7327
1979-02-01,-8.5967,15.0376,16.2437,7.9365,0.9901
1979-03-01,-2.5799,13.5338,14.3573,8.1967,4.2079
1979-04-01,-13.4259,17.4484,19.7302,17.2414,2.934
1979-05-01,-15.1692,12.7469,15.2488,20.339,3.632
1979-06-01,-16.0671,13.2275,17.5633,19.3548,0.2387
1979-07-01,-9.379,16.4234,14.3084,7.5758,0.2387
1979-08-01,-3.5714,14.082,17.4603,4.5455,0.2392
1979-09-01,-10.468,15.1832,19.2547,25.4237,-0.7212
1979-10-01,-23.1651,6.8611,8.828,29.8246,0.2457
1979-11-01,-25.188,8.8586,11.9155,27.6923,-3.3816
1979-12-01,-30.559,2.6711,7.7151,40.9836,-4.1063
1980-01-01,-21.4854,4.3118,6.9424,19.697,-4.6229
1980-02-01,-25.1729,6.0458,11.4993,26.4706,-6.8627
1980-03-01,-40.227,3.6424,4.5255,48.4848,-10.6888
1980-04-01,-50.5348,0.7987,5.0704,70.5882,-14.0143
1980-05-01,-35.4883,0.4777,1.3928,29.5775,-18.2243
1980-06-01,-21.1429,1.0903,1.7497,2.7027,-18.3333
1980-07-01,-11.049,0.3135,6.6759,-8.4507,-19.7619
1980-08-01,-9.6022,-0.9375,2.7027,-13.0435,-20.7637
1980-09-01,-18.0193,3.4848,4.2969,-1.3514,-18.6441
1980-10-01,-16.2687,5.297,8.3916,-1.3514,-17.6471
1980-11-01,-5.8626,4.3818,10.2426,-10.8434,-15.25
1980-12-01,-4.8301,8.9431,12.1212,-11.6279,-15.1134
1981-01-01,-13.6824,7.4722,11.4641,1.2658,-14.7959
1981-02-01,-5.7301,2.0031,4.4386,-5.814,-11.5789
1981-03-01,8.4388,6.5495,13.9665,-21.4286,-12.766
1981-04-01,27.027,8.8748,13.5389,-25.8621,-9.116
1981-05-01,-0.4264,12.2029,14.8352,-8.6957,-7.1429
1981-06-01,-24.8188,6.0092,12.037,21.0526,-7.5802
1981-07-01,-32.2327,8.5938,7.6923,38.4615,-7.4184
1981-08-01,-42.6404,14.511,14.4737,63.3333,-7.2289
1981-09-01,-43.2886,-3.6603,1.4981,54.7945,-9.5238
1981-10-01,-36.5419,6.0976,6.4516,41.0959,-12.7976
1981-11-01,-32.0285,6.7466,4.2787,22.973,-16.8142
1981-12-01,-14.0977,2.0896,1.7199,-6.5789,-18.3976
1982-01-01,-27.9843,-2.071,-3.3457,11.25,-17.3653
1982-02-01,-28.4314,-0.7553,0.875,13.5802,-18.75
1982-03-01,-27.2374,0.7496,2.5735,12.987,-18.2927
1982-04-01,-27.8723,2.1834,0.3542,9.3023,-19.7568
1982-05-01,-17.773,-2.1186,3.4689,-1.1905,-20.6154
1982-06-01,-10.8434,0.7267,0.2361,-9.7826,-20.5047
1982-07-01,-12.993,2.0144,4.7215,-8.8889,-20.1923
1982-08-01,7.672,-3.4435,-0.5747,-27.551,-19.8052
1982-09-01,42.3077,3.0395,-2.091,-40.708,-18.75
1982-10-01,34.8315,0.1437,-3.1515,-39.8058,-16.041
1982-11-01,45.0262,3.2303,2.9308,-40.6593,-12.4113
1982-12-01,14.0044,4.8246,4.7101,-18.3099,-8.0
1983-01-01,58.1522,11.0272,11.7949,-39.3258,-6.1594
1983-02-01,53.9726,12.3288,7.5589,-39.1304,-4.3956
1983-03-01,59.3583,7.8869,2.9869,-37.931,-2.2388
1983-04-01,88.2006,6.4103,3.0588,-45.7447,0.3788
1983-05-01,72.9167,7.5036,2.659,-40.9639,5.814
1983-06-01,75.9459,9.3795,7.0671,-36.1446,11.9048
1983-07-01,61.6,6.0649,3.1214,-29.2683,15.6627
1983-08-01,40.5405,9.5578,5.5491,-12.6761,19.4332
1983-09-01,26.4033,19.469,22.8643,-7.4627,21.0526
1983-10-01,31.6667,8.8953,12.015,-9.6774,21.9512
1983-11-01,16.2455,3.2653,4.1002,7.4074,24.2915
1983-12-01,48.3685,5.8577,5.767,-18.9655,18.9723
1984-01-01,18.7285,3.6735,5.7339,-1.8519,16.6023
1984-02-01,23.8434,7.3171,8.7558,-8.9286,15.3257
1984-03-01,7.5503,8.1379,13.3411,12.963,22.5191
1984-04-01,0.1567,6.5596,9.8174,17.6471,23.3962
1984-05-01,-7.3795,9.2617,14.7523,36.7347,22.3443
1984-06-01,-3.2258,6.2005,8.6909,24.5283,20.2128
1984-07-01,2.1452,7.3138,8.8565,15.5172,18.0556
1984-08-01,-0.8741,6.7708,6.1336,20.9677,16.6102
1984-09-01,8.8816,0.3704,3.5787,4.8387,14.3813
1984-10-01,8.7025,5.5336,6.9274,7.1429,15.0
1984-11-01,-7.2981,8.6957,10.9409,24.1379,14.0065
1984-12-01,-22.7684,3.1621,5.0164,55.3191,17.2757
1985-01-01,-6.657,8.2677,6.6161,26.4151,17.5497
1985-02-01,-2.0115,3.5354,1.9068,27.451,18.9369
1985-03-01,4.6802,7.398,3.2753,4.918,10.9034
1985-04-01,-2.9734,7.5377,8.8358,15.0,9.1743
1985-05-01,10.2439,-1.5971,-3.7291,-4.4776,7.1856
1985-06-01,14.6032,7.205,0.8097,-9.0909,4.4248
1985-07-01,23.748,1.7348,2.3687,-16.4179,3.2353
1985-08-01,28.0423,1.5854,2.3736,-22.6667,1.1628
1985-09-01,2.4169,4.182,1.2833,-3.0769,2.0468
1985-10-01,-4.6579,6.6167,7.3145,6.6667,2.3188
1985-11-01,22.7806,5.697,2.6627,-18.0556,0.8571
1985-12-01,20.7705,12.2605,10.1765,-20.5479,-1.983
1986-01-01,13.6434,4.9697,5.9003,-14.9254,-0.8451
1986-02-01,6.7449,9.3902,10.8108,-7.6923,-1.9553
1986-03-01,31.1475,5.3444,7.0367,-26.5625,-5.618
1986-04-01,38.2258,8.0607,5.3486,-31.8841,-5.8824
1986-05-01,16.3717,14.9813,16.8196,-18.75,-5.8659
1986-06-01,0.831,5.6779,11.3454,-5.0,-3.9548
1986-07-01,-8.8773,14.6163,17.505,8.9286,-0.5698
1986-08-01,-14.4628,9.8439,14.1129,20.6897,0.5747
1986-09-01,12.5369,12.1606,11.1111,-7.9365,1.4327
1986-10-01,2.1374,12.8806,11.8793,1.5625,1.1331
1986-11-01,-3.5471,7.7982,9.1258,3.3898,0.2833
1986-12-01,8.7379,8.0774,12.0641,-5.1724,3.1792
1987-01-01,-3.2742,13.7413,17.2911,5.2632,1.1364
1987-02-01,0.5495,6.1315,13.7899,3.3333,1.7094
1987-03-01,-18.9773,10.9357,10.6481,27.6596,6.5476
1987-04-01,-14.2357,4.3243,7.0716,27.6596,6.5476
1987-05-01,-17.4905,13.8979,10.4712,28.8462,4.7478
1987-06-01,-12.5,19.5175,22.4527,21.0526,5.2941
1987-07-01,-5.7307,11.5834,10.1027,9.8361,3.1519
1987-08-01,5.7971,16.7213,13.5159,-2.8571,3.4286
1987-09-01,-12.713,12.1053,17.1053,17.2414,2.2599
1987-10-01,-2.8401,10.4772,9.4865,4.6154,1.1204
1987-11-01,-11.5983,24.4681,22.5352,14.7541,2.5424
1987-12-01,-24.1071,17.6842,14.55,38.1818,2.521
1988-01-01,-17.4894,20.8122,18.2637,25.0,3.0899
1988-02-01,-9.4262,16.4916,13.4378,6.4516,0.0
1988-03-01,-6.1711,10.6707,11.4644,10.0,3.9106
1988-04-01,-4.898,15.0259,14.3099,6.6667,1.9553
1988-05-01,5.0691,4.8618,5.4502,-1.4925,3.966
1988-06-01,12.5589,2.2936,0.5155,-10.1449,1.9553
1988-07-01,3.1915,12.381,9.8756,-1.4925,1.3889
1988-08-01,4.7184,2.9963,9.4163,-2.9412,0.8287
1988-09-01,5.5556,9.4836,6.8914,-4.4118,0.2762
1988-10-01,10.4615,6.0094,9.1415,-11.7647,-1.662
1988-11-01,0.48,-5.641,-1.3649,2.8571,0.8264
1988-12-01,10.5882,8.229,8.4435,-10.5263,0.5464
1989-01-01,22.906,-5.042,-4.0166,-17.3333,0.545
1989-02-01,-6.184,6.4022,5.5959,13.6364,4.4818
1989-03-01,-15.2466,12.9477,11.8619,24.2424,0.8065
1989-04-01,-13.0186,5.1351,7.1852,15.625,3.0137
1989-05-01,-4.0936,8.1818,8.6891,7.5758,2.7248
1989-06-01,-10.4603,10.1345,12.5275,16.129,2.7397
1989-07-01,7.6583,-1.6949,-0.7077,-7.5758,1.0959
1989-08-01,1.3081,11.7273,12.8023,-3.0303,-0.274
1989-09-01,-9.1038,2.916,5.8865,9.2308,0.8264
1989-10-01,-10.1671,8.946,7.6475,15.0,2.8169
1989-11-01,8.9172,13.2246,10.2695,-8.3333,-0.2732
1989-12-01,-4.2553,3.4711,4.4685,2.9412,-0.8152
1990-01-01,-13.7691,10.6195,9.4517,12.9032,-1.084
1990-02-01,-4.9839,7.5424,3.8541,1.3333,-2.1448
1990-03-01,1.2346,-2.9268,-2.953,-4.878,-3.4667
1990-04-01,-10.8553,11.3967,6.0124,12.1622,-3.7234
1990-05-01,-18.5976,5.042,3.7905,15.493,-5.0398
1990-06-01,-15.109,1.7915,-2.0833,9.7222,-5.8667
1990-07-01,-25.855,2.3276,6.7712,27.8689,-5.1491
1990-08-01,-24.2468,-3.6615,-8.7642,28.125,-5.4945
1990-09-01,-22.3787,-5.8333,-5.9563,18.3099,-7.377
1990-10-01,-27.907,-2.439,3.5183,26.087,-8.2192
1990-11-01,-27.924,-4.88,-5.3501,24.2424,-10.137
1990-12-01,-26.3492,1.4377,-0.5833,21.4286,-12.0548
1991-01-01,-35.3226,-5.68,-2.0435,34.2857,-13.6986
1991-02-01,-18.4433,-5.5162,-2.0543,3.9474,-13.9726
1991-03-01,-11.6725,2.5963,8.1604,-6.4103,-14.9171
1991-04-01,-6.2731,-6.9231,-1.6949,-12.0482,-16.5746
1991-05-01,-3.1835,-7.2,-3.4529,-14.6341,-16.7598
1991-06-01,-5.3211,-4.8,-2.992,-11.3924,-16.4306
1991-07-01,-5.7196,1.0952,-1.0681,-8.9744,-16.0
1991-08-01,-0.3788,2.027,-2.0041,-17.0732,-15.407
1991-09-01,-1.8145,6.1947,3.6594,-11.9048,-14.1593
1991-10-01,12.6882,2.1667,-3.6601,-22.9885,-13.7313
1991-11-01,16.6329,-0.3364,-1.1165,-24.3902,-12.5
1991-12-01,20.2586,-3.937,-6.7797,-27.0588,-11.5265
1992-01-01,68.5786,1.7812,-2.961,-44.6809,-10.7937
1992-02-01,32.5726,-2.2519,-2.0298,-37.9747,-14.3312
1992-03-01,9.073,-2.0408,-7.4169,-16.4384,-9.4156
1992-04-01,7.4803,-0.8264,-3.8462,-16.4384,-9.2715
1992-05-01,7.1567,-2.5862,0.4127,-14.2857,-8.3893
1992-06-01,15.5039,4.6218,0.4798,-20.0,-7.4576
1992-07-01,22.7006,-1.6667,-7.085,-25.3521,-7.8231
1992-08-01,20.9125,2.2351,2.4683,-23.5294,-7.5601
1992-09-01,33.4702,-0.4167,-3.4623,-32.4324,-8.9347
1992-10-01,18.5115,1.9576,0.6784,-23.8806,-8.6505
1992-11-01,6.7826,8.7764,3.8814,-12.9032,-8.7108
1992-12-01,16.4875,3.2787,2.2378,-19.3548,-6.6901
1993-01-01,-11.8343,-1.6667,-3.6755,3.8462,-5.3381
1993-02-01,-5.4773,10.4096,3.1768,8.1633,-0.7435
1993-03-01,8.8608,4.1667,1.2431,-11.4754,-3.2258
1993-04-01,28.3883,5.8333,2.3448,-22.9508,-0.7299
1993-05-01,12.9964,14.9558,4.3151,-11.6667,0.7326
1993-06-01,9.5638,0.0,-0.6139,-7.1429,0.7326
1993-07-01,4.4657,5.0,4.1394,0.0,2.583
1993-08-01,1.4151,2.5101,3.6476,5.7692,6.3197
1993-09-01,11.6923,8.2845,5.5556,-2.0,8.3019
1993-10-01,13.3655,0.0,-1.0108,-1.9608,9.8485
1993-11-01,25.2443,0.8534,3.6005,-11.1111,11.8321
1993-12-01,24.9231,-0.7937,0.1368,-10.0,10.566
1994-01-01,3.8591,6.7797,10.4392,9.2593,10.5263
1994-02-01,13.5762,0.3864,0.8701,-5.6604,10.4869
1994-03-01,24.0864,5.84,4.2292,-11.1111,10.3704
1994-04-01,-1.2839,1.5748,3.0323,10.6383,9.1912
1994-05-01,10.3834,0.0,-0.3283,0.0,9.8182
1994-06-01,-4.9005,7.2289,8.7165,19.2308,14.5455
1994-07-01,-4.1221,0.4036,0.6974,18.8679,14.7482
1994-08-01,1.7054,5.2923,2.8552,10.9091,12.9371
1994-09-01,-6.7493,0.2318,4.7302,22.449,15.331
1994-10-01,1.5625,5.6,4.1525,12.0,13.7931
1994-11-01,-15.9948,-0.0769,1.9016,31.25,13.6519
1994-12-01,-22.5369,8.0,9.0164,46.6667,14.6758
1995-01-01,1.1309,1.5079,-3.9113,15.2542,15.9864
1995-02-01,-18.5131,3.9261,6.3039,46.0,17.2881
1995-03-01,-17.5368,-1.7385,0.3272,41.6667,16.1074
1995-04-01,-10.2601,3.876,3.2047,28.8462,17.1717
1995-05-01,-2.4602,3.0793,4.0843,18.8679,15.5629
1995-06-01,16.7472,0.1498,1.1364,-6.4516,10.4762
1995-07-01,21.8153,5.3055,6.7867,-11.1111,7.837
1995-08-01,6.8598,1.2003,4.5836,0.0,8.3591
1995-09-01,0.1477,0.2313,-1.0178,5.0,6.6465
1995-10-01,-2.6573,2.4242,2.0915,12.5,8.7879
1995-11-01,2.7864,5.4657,3.4106,7.9365,9.9099
1995-12-01,12.7186,2.6667,3.7594,-3.0303,10.119
1996-01-01,14.0575,3.1274,5.3596,-5.8824,8.2111
1996-02-01,37.5671,3.2593,2.1848,-27.3973,2.6012
1996-03-01,17.0455,5.3846,5.7404,-8.8235,6.3584
1996-04-01,18.5185,4.4776,7.7313,-10.4478,5.7471
1996-05-01,10.6825,1.9417,3.3544,-6.3492,3.4384
1996-06-01,-0.5517,4.712,3.9326,3.4483,2.0115
1996-07-01,0.6536,10.0763,9.2088,1.7857,1.7442
1996-08-01,17.8317,1.5567,-1.4198,-18.0328,-2.2857
1996-09-01,13.5693,6.9231,7.5835,-17.4603,-6.5156
1996-10-01,3.4483,6.3609,7.8105,-11.1111,-8.6351
1996-11-01,16.1145,4.7445,7.0317,-23.5294,-9.8361
1996-12-01,13.5402,4.5455,3.744,-21.875,-12.973
1997-01-01,16.2465,9.9318,10.689,-26.5625,-16.5312
1997-02-01,4.1612,2.5825,4.5205,-15.0943,-15.2113
1997-03-01,15.2566,8.0292,6.5392,-33.871,-21.7391
1997-04-01,1.087,7.1429,5.5882,-21.6667,-21.1957
1997-05-01,1.8767,3.2967,4.5315,-22.0339,-20.4986
1997-06-01,9.9861,3.5714,7.7477,-26.6667,-18.8732
1997-07-01,4.5455,1.1789,4.2162,-22.807,-17.4286
1997-08-01,-1.3317,5.1095,6.8879,-14.0,-16.0819
1997-09-01,9.0909,5.2518,6.0335,-19.2308,-13.9394
1997-10-01,11.1111,-1.5994,2.6722,-23.2143,-13.4146
1997-11-01,12.0623,1.0453,1.9767,-25.0,-14.8485
1997-12-01,-1.4907,0.6901,2.3283,-12.0,-12.7329
1998-01-01,5.0602,2.069,3.8976,-14.8936,-8.4416
1998-02-01,8.1149,9.0909,6.1368,-13.3333,-6.6445
1998-03-01,0.6017,3.1757,3.3584,0.0,-1.3889
1998-04-01,16.3978,-1.3333,-1.5599,-14.8936,-1.0345
1998-05-01,16.7105,8.6525,7.4985,-15.2174,0.0
1998-06-01,16.3934,2.069,-1.9509,-13.6364,-0.6944
1998-07-01,8.8199,2.7416,2.4501,-9.0909,-1.3841
1998-08-01,3.8037,7.5694,9.256,-4.6512,-0.3484
1998-09-01,2.8571,5.9467,2.9296,-2.381,1.7606
1998-10-01,11.625,9.1873,5.7259,-6.9767,3.169
1998-11-01,15.162,4.1379,1.8244,-10.2564,3.9146
1998-12-01,19.6721,4.5236,4.2662,-13.6364,4.6263
1999-01-01,0.344,3.4459,2.4076,-2.5,0.7092
1999-02-01,-2.0785,2.5641,5.3965,2.5641,1.4235
1999-03-01,3.2297,3.0124,6.0504,0.0,1.7606
1999-04-01,6.0046,8.0405,8.7719,-2.5,1.0453
1999-05-01,0.1127,0.7833,2.3978,2.5641,2.7875
1999-06-01,0.0,7.6351,10.2331,2.6316,3.1469
1999-07-01,2.7397,5.537,5.1724,0.0,4.2105
1999-08-01,5.5556,-0.0646,3.5389,-2.439,4.1958
1999-09-01,-4.3981,5.2903,6.6229,9.7561,4.1522
1999-10-01,-2.3516,4.2718,9.5186,5.0,3.413
1999-11-01,-13.2663,13.9073,18.4211,22.8571,4.4521
1999-12-01,-8.0084,8.0656,10.2564,13.1579,4.7619
2000-01-01,-0.2286,6.7929,9.5134,10.2564,9.507
2000-02-01,0.9434,1.5,4.0752,7.5,4.9123
2000-03-01,4.2874,4.9587,8.2409,4.878,8.3045
2000-04-01,-8.3878,1.6886,7.8564,12.8205,5.1724
2000-05-01,-3.491,6.671,6.4396,10.0,3.3898
2000-06-01,-14.0845,0.5022,1.9598,23.0769,3.7288
2000-07-01,-1.4444,6.8268,6.9276,2.5,2.0202
2000-08-01,-5.0392,7.6227,3.6769,10.0,1.3423
2000-09-01,10.4116,5.0858,6.9302,-11.1111,-0.3322
2000-10-01,6.9954,9.4351,7.4426,-4.7619,-0.6601
2000-11-01,1.9699,1.5698,-0.3783,-2.3256,0.0
2000-12-01,12.6002,-1.699,2.9688,-16.2791,-3.2468
2001-01-01,7.2165,4.7706,4.3435,-11.6279,-4.8232
2001-02-01,12.5,4.1256,5.9237,-13.9535,-1.0033
2001-03-01,4.3333,0.7268,2.5866,-11.6279,-6.7093
2001-04-01,8.0856,7.7491,-0.8683,-11.3636,-3.6066
2001-05-01,3.2672,6.4359,5.7,-9.0909,-3.2787
2001-06-01,11.2232,12.055,7.0814,-12.5,-1.634
2001-07-01,-0.7892,3.5503,3.5114,2.439,0.6601
2001-08-01,2.1226,4.2617,3.6464,0.0,1.9868
2001-09-01,-6.4693,-2.9738,-2.4004,10.0,3.3333
2001-10-01,-6.6452,-2.8361,-3.7192,7.5,2.3256
2001-11-01,5.0,-3.7779,-1.8035,-2.381,0.9836
2001-12-01,-0.4069,11.2346,9.8991,5.5556,3.3557
2002-01-01,-5.9829,9.2236,8.5646,10.5263,4.7297
2002-02-01,-1.5576,13.0101,7.346,8.1081,5.7432
2002-03-01,-1.7039,10.2826,8.04,7.8947,8.2192
2002-04-01,2.9703,6.7922,10.9976,10.2564,10.2041
2002-05-01,10.5085,3.2516,7.1429,0.0,10.8475
2002-06-01,8.5034,6.243,6.3769,0.0,8.9701
2002-07-01,8.6364,0.3429,4.0612,0.0,9.1803
2002-08-01,17.0901,2.9937,6.6506,-9.0909,8.4416
2002-09-01,22.3916,6.6707,5.9026,-11.3636,7.4194
2002-10-01,15.4994,10.4495,11.6852,-6.9767,8.7662
2002-11-01,10.8225,7.793,9.7632,-2.439,9.7403
2002-12-01,7.048,9.6559,3.979,5.2632,10.0649
2003-01-01,13.5227,-2.8862,1.4544,-4.7619,10.0
2003-02-01,-1.2658,-2.1455,3.0464,12.5,8.9457
2003-03-01,8.234,0.9269,1.7613,0.0,6.962
2003-04-01,8.1197,1.2827,3.9895,-4.6512,4.9383
2003-05-01,10.2249,8.011,7.5938,-2.5,4.893
2003-06-01,24.6604,-1.4166,6.4387,-16.6667,4.5732
2003-07-01,22.1757,8.3144,14.0496,-14.2857,2.7027
2003-08-01,18.9349,6.4841,8.9019,-12.5,3.5928
2003-09-01,8.3333,8.169,18.2072,-2.5641,5.1051
2003-10-01,13.7177,2.5899,4.9719,-5.0,7.7612
2003-11-01,6.7383,14.2936,18.1418,2.5,8.284
2003-12-01,7.729,-0.8097,6.7704,0.0,9.1445
2004-01-01,16.6166,15.2999,13.8575,-5.0,9.6774
2004-02-01,23.8248,17.4332,13.1534,-17.7778,9.0909
2004-03-01,27.7277,13.2361,12.9381,-12.1951,12.7219
2004-04-01,17.1937,17.3087,13.5329,-2.439,12.6471
2004-05-01,15.1206,8.2864,6.8527,-2.5641,11.6618
2004-06-01,-1.0897,14.7951,9.8039,11.4286,11.6618
2004-07-01,-6.8493,11.6719,12.3994,25.0,16.9591
2004-08-01,-2.5705,14.4882,12.9461,22.8571,17.052
2004-09-01,7.3386,10.2083,5.776,7.8947,17.1429
2004-10-01,14.0734,18.0835,19.2751,2.6316,14.4044
2004-11-01,7.8683,8.4017,5.5535,4.878,14.2077
2004-12-01,10.0089,17.1429,11.9732,2.5,14.0541
2005-01-01,3.2618,6.4916,7.9741,15.7895,17.9144
2005-02-01,13.805,8.0601,9.4661,16.2162,19.8925
2005-03-01,4.0752,9.3989,10.9579,13.8889,16.7979
2005-04-01,6.2395,6.2978,7.3524,7.5,16.188
2005-05-01,3.6261,7.8413,10.3687,10.5263,17.4935
2005-06-01,7.9661,4.8215,6.231,10.2564,18.799
2005-07-01,27.6654,7.9096,3.6175,-6.6667,16.0
2005-08-01,6.8085,10.0871,8.3762,4.6512,17.5309
2005-09-01,2.4712,13.6106,11.2927,14.6341,18.7805
2005-10-01,2.3755,6.4136,1.3812,15.3846,18.6441
2005-11-01,2.9686,5.9688,3.9548,16.2791,20.0957
2005-12-01,-0.2415,3.9199,2.0753,19.5122,21.09
2006-01-01,-2.4106,9.7714,6.3604,20.4545,18.5941
2006-02-01,-19.5603,5.689,6.5029,41.8605,20.852
2006-03-01,-15.9639,4.143,3.1768,43.9024,24.0449
2006-04-01,-10.873,8.7601,7.3331,46.5116,26.9663
2006-05-01,-15.5521,4.3364,2.2617,47.619,25.5556
2006-06-01,-15.6986,7.563,9.0844,46.5116,24.3956
2006-07-01,-30.5256,3.8831,7.6046,73.8095,23.2759
2006-08-01,-17.5299,1.5827,7.5593,48.8889,18.9076
2006-09-01,-18.328,-5.6988,-1.1348,42.5532,14.7844
2006-10-01,-29.5659,2.665,4.4959,62.2222,13.0612
2006-11-01,-17.3806,0.9248,-0.8832,32.0,8.1673
2006-12-01,-19.4512,2.5566,4.0317,32.6531,4.8924
2007-01-01,-24.1056,3.8791,4.5183,35.8491,2.8681
2007-02-01,-21.9604,0.0,4.417,29.5082,0.9276
2007-03-01,-25.3584,9.9665,10.241,33.8983,-1.2681
2007-04-01,-21.0151,-5.642,0.4512,17.4603,-3.0088
2007-05-01,-22.4678,2.8547,5.376,25.8065,-3.5398
2007-06-01,-26.1639,-3.1661,0.4918,30.1587,-4.2403
2007-07-01,-19.3782,3.4019,-1.3492,13.6986,-6.1189
2007-08-01,-32.4638,-3.034,-5.0425,37.3134,-5.8304
2007-09-01,-32.4803,5.9991,-1.3504,37.3134,-5.7245
2007-10-01,-22.7418,-6.4297,1.0756,16.4384,-7.2202
2007-11-01,-36.0917,3.7484,8.5675,42.4242,-7.3665
2007-12-01,-37.976,-6.9473,-5.7966,47.6923,-7.2761
2008-01-01,-29.6296,-8.6478,-9.5359,29.1667,-9.4796
2008-02-01,-28.3816,-2.193,-6.3142,22.7848,-12.3162
2008-03-01,-35.7743,-12.6809,-12.6897,32.9114,-13.7615
2008-04-01,-39.5716,1.6082,0.8341,39.1892,-16.4234
2008-05-01,-40.1425,-6.4082,-3.7133,37.1795,-17.2477
2008-06-01,-38.5876,-0.5096,-2.3165,30.4878,-19.7417
2008-07-01,-38.6889,-3.6149,-1.6933,26.506,-21.9739
2008-08-01,-37.7682,-6.5539,-11.8818,22.8261,-23.2645
2008-09-01,-36.8805,-6.2838,-1.7454,18.4783,-25.0474
2008-10-01,-45.9422,-9.0055,-11.6414,36.4706,-25.8755
2008-11-01,-39.3136,-11.0397,-8.428,21.2766,-26.2425
2008-12-01,-39.0953,0.8344,-7.4895,16.6667,-28.9738
2009-01-01,-46.4115,-10.241,-13.844,31.1828,-29.9795
2009-02-01,-37.2681,-14.5128,-14.1434,8.2474,-31.6562
2009-03-01,-36.6355,-10.5539,-9.6662,4.7619,-33.8298
2009-04-01,-37.1269,-11.039,-14.1584,3.8835,-34.4978
2009-05-01,-25.3968,-3.0528,-7.9142,-13.0841,-35.4767
2009-06-01,-19.3018,-8.3653,-8.2164,-20.5607,-35.6322
2009-07-01,-13.8365,-9.7345,-10.2021,-24.7619,-35.5609
2009-08-01,-3.908,-6.2896,-2.9002,-33.6283,-36.1858
2009-09-01,-10.8545,-3.8188,1.1146,-28.4404,-36.2025
2009-10-01,0.7634,0.8912,-3.7226,-36.2069,-36.2205
2009-11-01,-3.599,-1.2635,-5.3085,-33.3333,-36.1186
2009-12-01,-6.6313,-3.0488,5.7773,-28.5714,-33.711
2010-01-01,2.6786,4.6021,15.5791,-33.6066,-31.6716
2010-02-01,-9.6774,5.8178,9.8608,-20.9524,-29.1411
2010-03-01,12.3894,9.6051,1.1932,-35.4545,-27.0096
2010-04-01,25.2226,-4.9726,0.2595,-42.0561,-27.6667
2010-05-01,-25.5319,3.6887,2.3671,0.0,-25.7732
2010-06-01,-22.3919,2.2357,-6.5866,-2.3529,-24.2857
2010-07-01,-31.1436,-0.9804,-7.0085,12.6582,-22.5926
2010-08-01,-32.5359,9.4157,4.2669,17.3333,-21.0728
2010-09-01,-17.8756,5.2632,-6.7172,-2.5641,-20.2381
2010-10-01,-26.5152,-5.0674,-3.5633,10.8108,-18.107
2010-11-01,-23.4667,0.3656,2.5482,7.8947,-17.7215
2010-12-01,-7.3864,8.3558,4.8149,-12.5,-18.8034
2011-01-01,-11.0145,10.0367,-2.717,-9.8765,-19.7425
2011-02-01,-19.6429,-0.8112,-7.4974,-2.4096,-20.7792
2011-03-01,-21.2598,-1.9128,-0.7988,1.4085,-21.1454
2011-04-01,-26.5403,7.8733,-0.5915,8.0645,-20.2765
2011-05-01,8.9286,-3.6876,-6.5457,-29.0323,-22.2222
2011-06-01,-1.3115,9.4305,6.3888,-20.4819,-21.6981
2011-07-01,4.5936,8.3923,7.2194,-24.7191,-20.5742
2011-08-01,6.0284,-3.0891,-3.5342,-26.1364,-21.3592
2011-09-01,-4.1009,-4.8246,-5.6869,-17.1053,-20.398
2011-10-01,8.5911,10.0881,1.533,-26.8293,-20.603
2011-11-01,14.2857,-2.4135,-11.2531,-30.4878,-20.5128
2011-12-01,4.6012,-9.3698,-9.8732,-24.2857,-20.5263
2012-01-01,9.1205,-7.6635,-3.6271,-27.3973,-20.3209
2012-02-01,35.5556,8.9959,4.2618,-40.7407,-19.6721
2012-03-01,18.0,8.7528,8.7423,-31.9444,-18.9944
2012-04-01,14.1935,5.2069,7.0658,-26.8657,-16.763
2012-05-01,21.3115,7.7477,6.9281,-28.7879,-14.2857
2012-06-01,19.6013,-3.164,-0.476,-27.2727,-12.6506
2012-07-01,24.6622,3.2623,4.4395,-31.3433,-14.4578
2012-08-01,25.4181,15.3005,17.8172,-29.2308,-11.7284
2012-09-01,26.6447,17.3272,16.5623,-28.5714,-10.0
2012-10-01,13.2911,9.9644,10.4917,-18.3333,-6.962
2012-11-01,19.5122,14.3257,16.28,-19.2982,-3.2258
2012-12-01,17.0088,18.161,13.8075,-15.0943,-0.6623
2013-01-01,33.1343,13.4416,15.5062,-24.5283,0.0
2013-02-01,22.1311,10.5044,14.0511,-14.5833,3.4014
2013-03-01,25.4237,7.3812,5.8533,-14.2857,6.8966
2013-04-01,24.5763,18.1472,17.0545,-10.2041,11.8056
2013-05-01,15.6757,10.2425,11.7836,-2.1277,13.1944
2013-06-01,30.5556,11.6939,12.6196,-14.5833,11.0345
2013-07-01,1.626,10.4465,16.8615,19.5652,20.4225
2013-08-01,1.6,0.8294,1.7349,19.5652,22.3776
2013-09-01,4.6753,5.9701,7.961,20.0,27.0833
2013-10-01,24.0223,6.9175,17.6244,0.0,24.4898
2013-11-01,13.7755,13.102,15.4455,8.6957,22.6667
2013-12-01,8.5213,6.6589,7.3529,15.5556,24.0
2014-01-01,-0.6726,7.2763,9.9055,27.5,26.8456
2014-02-01,-6.0403,1.2448,4.288,29.2683,23.0263
2014-03-01,-8.7838,9.6311,10.4264,33.3333,22.5806
2014-04-01,-8.6168,-1.7186,-3.5312,29.5455,18.0124
2014-05-01,5.3738,8.3049,3.0255,13.0435,19.0184
2014-06-01,-11.0638,10.4696,10.4541,39.0244,23.6025
2014-07-01,7.2,6.9413,4.6378,12.7273,21.0526
2014-08-01,19.685,14.2577,14.6075,-1.8182,18.2857
2014-09-01,16.6253,-3.0764,-0.7156,0.0,14.7541
2014-10-01,7.2072,12.3723,12.4516,8.1633,14.2077
2014-11-01,-0.8969,7.6507,3.9631,14.0,14.6739
2014-12-01,14.7806,9.4374,16.1893,-1.9231,12.9032
2015-01-01,16.2528,8.2283,3.2612,-5.8824,9.5238
2015-02-01,28.5714,6.7809,6.2596,-15.0943,8.5561
2015-03-01,18.5185,1.5232,5.3695,-8.9286,7.3684
2015-04-01,24.5658,7.286,4.7062,-14.0351,8.4211
2015-05-01,11.3082,0.6653,3.9258,-3.8462,8.7629
2015-06-01,14.8325,-0.662,-3.3126,-5.2632,8.5427
2015-07-01,25.8706,4.2439,-1.1587,-16.129,5.314
2015-08-01,13.5965,0.4457,-3.6216,-7.4074,4.8309
2015-09-01,-2.9787,14.5315,11.9398,9.2593,6.6667
2015-10-01,1.2605,0.3367,-2.2781,5.6604,8.134
2015-11-01,14.0271,4.7938,6.9647,-3.5088,8.5308
2015-12-01,9.8592,-1.4594,-5.5466,0.0,10.4762
2016-01-01,-1.9417,-1.2329,3.7037,16.6667,14.0097
2016-02-01,-4.2593,6.6992,-1.3283,22.2222,17.734
2016-03-01,10.8333,5.792,2.777,7.8431,18.6275
2016-04-01,14.741,8.0815,8.49,2.0408,17.4757
2016-05-01,13.745,2.6783,4.0155,2.0,14.218
2016-06-01,16.0417,9.1547,9.4524,-1.8519,12.963
2016-07-01,24.1107,1.7448,3.4584,-13.4615,9.1743
2016-08-01,11.0039,2.0137,3.4372,0.0,10.5991
2016-09-01,22.3684,5.1085,2.4916,-11.8644,8.4821
2016-10-01,19.2946,1.6107,-4.527,-7.1429,10.177
2016-11-01,13.2937,0.7678,-2.6259,-5.4545,8.2969
2016-12-01,2.7473,10.064,8.5106,5.8824,9.4828
2017-01-01,13.4653,9.2926,-0.969,-3.5714,8.8983
2017-02-01,13.5397,-2.5507,8.4284,-3.6364,9.205
2017-03-01,18.797,6.1016,7.0752,-9.0909,9.5041
2017-04-01,3.8194,-2.262,-0.9477,8.0,10.7438
2017-05-01,11.2084,9.6206,8.207,0.0,12.4481
2017-06-01,11.1311,1.2853,3.5774,0.0,12.2951
2017-07-01,-8.9172,8.5743,5.4958,28.8889,16.3866
2017-08-01,-3.3043,5.1188,3.9707,22.0,17.0833
2017-09-01,14.1577,5.305,3.6056,1.9231,16.0494
2017-10-01,8.8696,5.5152,11.8683,5.7692,14.8594
2017-11-01,24.5184,9.0159,6.907,-7.6923,15.7258
2017-12-01,12.2995,4.9847,5.3333,3.7037,15.3543
2018-01-01,2.9668,4.5685,5.6192,11.1111,14.0078
2018-02-01,5.2811,9.7987,0.8367,7.5472,13.41
2018-03-01,7.4367,4.2586,-3.9542,4.0,12.0755
2018-04-01,7.3579,1.0608,5.2761,3.7037,11.9403
2018-05-01,4.252,-2.1323,-1.5328,7.8431,11.0701
2018-06-01,2.7464,-1.4911,-0.1349,9.434,13.1387
2018-07-01,9.7902,1.4246,5.3437,3.4483,12.9964
2018-08-01,6.6547,2.2915,3.169,6.5574,13.5231
2018-09-01,-6.5934,-0.9653,1.8719,24.5283,15.2482
2018-10-01,-11.5016,2.7543,0.2284,30.9091,15.7343
2018-11-01,-12.0956,-10.1631,-5.5084,33.3333,16.3763
2018-12-01,-13.3333,-3.9615,-5.237,35.7143,18.0887
2019-01-01,0.8475,-7.3422,-4.4203,16.6667,18.0887
2019-02-01,4.8544,-1.956,2.6767,10.5263,14.8649
2019-03-01,5.7437,-7.3942,0.948,7.6923,13.468
2019-04-01,9.3458,7.8244,0.0779,1.7857,11.0
2019-05-01,-6.6465,-1.263,1.7445,18.1818,11.6279
2019-06-01,14.6226,0.4187,-2.2156,-6.8966,6.7742
2019-07-01,3.1847,-5.8626,-4.7923,1.6667,4.7923
2019-08-01,20.0675,1.7424,3.0979,-15.3846,2.1944
2019-09-01,19.6639,-3.838,-3.7008,-18.1818,-0.6154
2019-10-01,30.3249,-1.7971,-3.6971,-26.3889,-3.3233
2019-11-01,14.08,6.3209,4.7126,-15.625,-3.8922
2019-12-01,28.2051,-0.0607,-1.0739,-27.6316,-7.2254
2020-01-01,15.7983,7.6948,6.3417,-18.5714,-6.0694
2020-02-01,9.1049,3.4289,0.6778,-11.1111,-3.5294
2020-03-01,-12.8134,5.6665,0.7244,14.2857,-1.4837
2020-04-01,-17.9487,-8.7021,-6.876,19.2982,-2.7027
2020-05-01,14.4013,1.0233,-3.2181,-18.4615,-6.8452
2020-06-01,23.594,4.3938,4.4211,-25.9259,-9.0634
2020-07-01,51.3889,3.9247,2.9451,-42.623,-11.8902
2020-08-01,42.6966,-1.7125,-0.5348,-38.1818,-12.8834
2020-09-01,37.5,5.2265,10.5348,-35.1852,-12.0743
2020-10-01,42.7978,3.9082,3.7076,-37.7358,-12.1875
2020-11-01,23.0014,1.7073,3.4079,-27.7778,-10.2804
2020-12-01,24.8571,2.9742,2.4093,-25.4545,-7.4766
2021-01-01,30.3338,7.8747,7.2656,-28.0702,-6.4615
2021-02-01,10.0424,5.9072,9.71,-14.2857,-5.4878
2021-03-01,39.1374,4.418,8.7107,-32.8125,-6.9277
2021-04-01,43.75,17.7383,19.0025,-32.3529,-1.8519
2021-05-01,2.546,17.9804,17.0074,3.7736,5.4313
2021-06-01,-22.8635,10.937,11.7227,50.0,15.6146
2021-07-01,-25.9939,20.1623,13.6541,71.4286,25.2595
2021-08-01,-32.4803,25.2956,26.2417,94.1176,32.7465
2021-09-01,-25.6384,19.9579,12.5456,77.1429,32.0423
2021-10-01,-33.6566,24.4179,21.5771,106.0606,37.0107
2021-11-01,-10.0342,25.7794,24.2013,51.2821,35.4167
2021-12-01,-5.6064,21.0139,29.757,36.5854,30.303
2022-01-01,-10.1336,16.5727,18.4268,41.4634,29.2763
2022-02-01,1.2853,14.4849,16.9932,25.0,27.7419
2022-03-01,-17.3364,22.5854,20.8527,58.1395,32.0388
2022-04-01,-24.6377,20.6092,25.9658,80.4348,36.1635
2022-05-01,-11.1724,15.2133,18.5418,49.0909,33.0303
2022-06-01,-21.0072,19.5514,18.8773,61.6667,28.1609
2022-07-01,-28.5124,15.039,23.8444,76.6667,27.0718
2022-08-01,-6.9971,7.2511,4.563,31.8182,22.8117
2022-09-01,-24.1758,8.9586,7.237,62.9032,24.0
2022-10-01,-15.3509,10.4367,9.6976,42.6471,21.2987
2022-11-01,-24.3346,1.9304,2.5116,55.9322,17.1795
2022-12-01,-24.7273,4.2133,2.8292,55.3571,16.7959
2023-01-01,-19.4548,-1.3056,-0.1845,39.6552,11.7048
2023-02-01,-19.2893,7.7057,0.6859,36.6667,10.101
2023-03-01,-9.5833,4.4751,5.3528,16.1765,5.6373
2023-04-01,6.5705,-5.0739,-6.8959,-7.2289,-0.9238
2023-05-01,14.7516,-1.9096,-2.5742,-15.8537,-2.9613
2023-06-01,22.7687,-3.2662,1.1755,-20.6186,-3.5874
2023-07-01,35.2601,-1.6031,-6.2084,-31.1321,-7.3913
2023-08-01,1.0972,2.0838,2.8704,-8.046,-7.5594
2023-09-01,23.3696,-1.8655,3.747,-23.7624,-6.0215
2023-10-01,17.6166,-9.2983,-5.1711,-19.5876,-5.3533
2023-11-01,2.1776,0.4442,-3.3788,-4.3478,-1.9694
2023-12-01,3.5427,-2.2435,-4.4759,-3.4483,0.0
2024-01-01,4.7692,5.4385,8.4001,0.0,4.5558
2024-02-01,3.4591,-2.8618,2.1238,2.439,5.9633
2024-03-01,6.298,-0.5696,0.5581,2.5316,7.8886
2024-04-01,8.1203,-0.4554,-0.0599,0.0,8.1585
2024-05-01,-10.0135,-1.6382,0.7059,23.1884,10.0939
2024-06-01,-0.4451,-0.8621,-2.4222,9.0909,9.5349
2024-07-01,1.1396,-1.5603,1.1032,8.2192,9.1549
2024-08-01,7.4419,-7.961,-10.3318,2.5,10.0467
2024-09-01,5.2863,-1.1734,-1.7864,2.5974,8.238
2024-10-01,-8.8106,2.1078,4.6311,19.2308,8.5973
2024-11-01,10.6557,-7.4488,-1.227,-1.1364,8.9286
2024-12-01,11.6641,1.1236,3.2252,-2.381,8.1858
2025-01-01,-2.79,-0.1859,-1.8189,11.1111,8.061
2025-02-01,-2.4316,-1.378,-2.0797,10.7143,8.0087
2025-03-01,-4.6243,-5.385,-2.5455,13.5802,8.3871
2025-04-01,-1.8081,-0.4093,2.7367,10.3896,7.7586
2025-05-01,-5.7143,2.5344,3.1043,12.9412,7.4627
2025-06-01,-1.3413,-1.1594,2.664,8.3333,6.5817
2025-07-01,-10.0,-7.3893,-5.9236,17.7215,6.6667
2025-08-01,1.8759,2.9818,10.4079,2.439,4.4586
2025-09-01,0.2789,-1.0211,0.1977,2.5316,2.7484
2025-10-01,5.6361,-5.4187,-0.1341,-3.2258,1.875
2025-11-01,12.2963,0.0,9.7723,-11.4943,-0.8197
2025-12-01,3.7604,-2.0331,4.6571,-7.3171,-3.0675
2026-01-01,-11.3293,-6.7737,-3.6086,7.7778,-4.0323
