date,Unemployment Rate YoY %,U-1 Unemployed 15+ Weeks as % of Labor Force YoY %,U-2 Job Losers as % of Labor Force YoY %,U-4 + Discouraged Workers YoY %,U-5 + Other Marginally Attached YoY %,U-6 + Part-Time for Economic Reasons YoY %,Unemployed Less Than 5 Weeks (000s) YoY %,Unemployed 5-14 Weeks (000s) YoY %,Unemployed 15-26 Weeks (000s) YoY %,Unemployed 27+ Weeks (000s) YoY %,Total Unemployed (000s) YoY %,Median Duration of Unemployment (Weeks) YoY %,Average Duration of Unemployment (Weeks) YoY %
1949-01-01,,,,,,,27.1,41.03,15.3,-18.75,27.63,,-7.87
1949-02-01,,,,,,,16.41,31.31,50.62,7.44,22.38,,-1.19
1949-03-01,,,,,,,27.52,23.49,63.74,5.45,26.3,,-4.6
1949-04-01,,,,,,,13.07,68.73,51.16,44.95,36.63,,3.53
1949-05-01,,,,,,,64.4,85.84,86.36,76.15,75.02,,0.0
1949-06-01,,,,,,,34.34,129.95,123.04,111.86,70.55,,13.64
1949-07-01,,,,,,,47.1,119.28,186.7,188.79,85.77,,25.58
1949-08-01,,,,,,,24.02,149.07,183.33,164.84,78.43,,25.0
1949-09-01,,,,,,,32.61,98.42,261.4,179.53,75.89,,37.65
1949-10-01,,,,,,,92.73,111.45,236.17,170.59,117.62,,14.74
1949-11-01,,,,,,,39.65,82.11,234.76,352.63,74.88,,48.72
1949-12-01,,,,,,,22.07,101.15,167.96,313.13,67.27,,45.68
1950-01-01,,,,,,,17.88,75.66,160.19,282.69,55.08,,37.8
1950-02-01,,,,,,,-0.19,49.94,121.72,212.31,38.15,,42.17
1950-03-01,,,,,,,-7.85,29.66,64.43,263.79,27.92,,49.4
1950-04-01,,,,,,,-10.9,-3.84,38.46,197.47,9.66,,43.18
1950-05-01,,,,,,,-22.29,-18.93,15.85,116.15,-7.36,,39.56
1950-06-01,,,,,,,-15.1,-22.42,-2.2,69.2,-10.83,,31.0
1950-07-01,,,,,,,-23.81,-32.27,-20.04,9.39,-24.11,,15.74
1950-08-01,,,,,,,-33.24,-35.26,-42.04,-12.09,-33.25,,10.91
1950-09-01,,,,,,,-22.96,-41.04,-43.37,-16.06,-31.49,,4.27
1950-10-01,,,,,,,-45.88,-45.7,-57.91,-24.18,-46.6,,12.84
1950-11-01,,,,,,,-22.5,-39.21,-60.54,-39.53,-35.21,,-7.76
1950-12-01,,,,,,,-16.53,-48.21,-51.99,-46.94,-35.05,,-9.32
1951-01-01,,,,,,,-37.36,-45.3,-52.82,-55.03,-42.75,,-6.19
1951-02-01,,,,,,,-30.81,-54.39,-65.25,-51.23,-46.21,,-8.47
1951-03-01,,,,,,,-19.16,-58.01,-58.78,-63.74,-45.18,,-18.55
1951-04-01,,,,,,,-21.2,-55.33,-65.78,-70.21,-46.32,,-15.87
1951-05-01,,,,,,,-23.16,-51.53,-70.74,-68.67,-45.95,,-22.05
1951-06-01,,,,,,,-23.37,-39.82,-67.87,-72.81,-40.75,,-33.59
1951-07-01,,,,,,,-16.16,-49.74,-69.14,-62.43,-37.5,,-26.4
1951-08-01,,,,,,,-5.36,-45.23,-60.6,-60.74,-30.94,,-25.41
1951-09-01,,,,,,,1.73,-38.18,-70.0,-60.4,-25.49,,-25.41
1951-10-01,,,,,,,1.35,-16.62,-36.09,-64.52,-16.42,,-27.64
1951-11-01,,,,,,,-8.94,-16.56,-34.82,-40.38,-15.87,,-9.35
1951-12-01,,,,,,,-22.0,-21.52,-37.36,-52.53,-25.73,,-13.08
1952-01-01,,,,,,,-4.39,-20.09,-31.27,-41.9,-14.45,,-12.26
1952-02-01,,,,,,,6.68,-11.02,-14.89,-55.56,-7.56,,-18.52
1952-03-01,,,,,,,-5.35,-14.52,-27.23,-43.14,-14.68,,-16.83
1952-04-01,,,,,,,-1.98,-4.57,-19.48,-15.71,-5.63,,-15.09
1952-05-01,,,,,,,4.8,4.29,-2.16,-36.15,0.38,,-21.21
1952-06-01,,,,,,,6.31,-26.52,-0.7,-40.87,-5.56,,-16.09
1952-07-01,,,,,,,0.34,19.38,-4.51,-47.24,2.1,,-18.48
1952-08-01,,,,,,,7.26,11.88,12.88,-47.01,7.97,,-16.48
1952-09-01,,,,,,,-12.67,-1.46,76.19,-45.76,-6.34,,-10.99
1952-10-01,,,,,,,-17.9,-12.6,-16.47,-11.11,-16.18,,2.25
1952-11-01,,,,,,,-17.52,-21.75,-7.45,-56.77,-19.97,,-2.06
1952-12-01,,,,,,,-8.26,-28.65,-19.28,0.97,-14.95,,-5.38
1953-01-01,,,,,,,-0.66,-14.57,1.69,-16.35,-6.74,,0.0
1953-02-01,,,,,,,-9.57,-24.4,-20.62,-7.95,-16.4,,-4.55
1953-03-01,,,,,,,-10.52,-6.71,-12.24,-3.45,-9.16,,1.19
1953-04-01,,,,,,,-0.53,1.25,-11.29,-40.68,-4.86,,-13.33
1953-05-01,,,,,,,-17.47,-3.33,-5.88,-42.17,-14.33,,1.28
1953-06-01,,,,,,,-17.64,-15.77,-15.49,36.76,-14.7,,12.33
1953-07-01,,,,,,,-15.59,-20.94,-24.41,7.46,-16.62,,5.33
1953-08-01,,,,,,,-15.28,-32.53,-25.5,6.45,-20.22,,5.26
1953-09-01,,,,,,,2.92,-17.56,-40.54,6.25,-5.94,,-12.35
1953-10-01,,,,,,,18.29,-9.31,-12.68,-25.0,7.34,,-20.88
1953-11-01,,,,,,,28.52,19.88,9.4,43.28,26.85,,-16.84
1953-12-01,,,,,,,68.68,85.22,47.01,7.69,69.05,,-9.09
1954-01-01,,,,,,,54.01,105.12,24.86,67.82,67.32,,-6.45
1954-02-01,,,,,,,59.74,164.06,199.21,87.65,103.61,,13.1
1954-03-01,,,,,,,68.03,143.37,313.18,176.19,119.0,,24.71
1954-04-01,,,,,,,52.52,143.42,350.91,297.14,117.59,,39.74
1954-05-01,,,,,,,68.86,146.56,339.06,560.42,136.03,,46.84
1954-06-01,,,,,,,59.7,181.03,369.17,240.86,120.97,,50.0
1954-07-01,,,,,,,61.98,130.24,528.12,356.94,120.42,,58.23
1954-08-01,,,,,,,47.49,212.94,424.32,536.36,131.47,,60.0
1954-09-01,,,,,,,41.01,216.59,431.82,535.29,115.65,,81.69
1954-10-01,,,,,,,23.59,128.57,347.58,587.88,85.71,,84.72
1954-11-01,,,,,,,11.48,80.88,234.97,346.88,53.87,,67.09
1954-12-01,,,,,,,-19.7,34.84,120.3,250.89,13.41,,67.5
1955-01-01,,,,,,,-14.29,-8.63,103.98,188.36,2.6,,54.02
1955-02-01,,,,,,,-24.03,-20.65,1.84,188.82,-10.87,,49.47
1955-03-01,,,,,,,-31.52,-19.39,-18.95,65.52,-19.1,,26.42
1955-04-01,,,,,,,-24.58,-28.32,-17.14,43.88,-18.67,,31.19
1955-05-01,,,,,,,-21.18,-44.33,-32.38,11.67,-27.08,,24.14
1955-06-01,,,,,,,-17.04,-31.55,-40.85,5.68,-23.94,,8.94
1955-07-01,,,,,,,-21.01,-34.9,-43.12,-9.73,-28.07,,10.4
1955-08-01,,,,,,,-8.95,-36.42,-55.33,-34.52,-27.76,,-3.91
1955-09-01,,,,,,,-17.26,-42.85,-47.35,-42.13,-31.81,,-9.3
1955-10-01,,,,,,,-6.91,-25.62,-40.9,-46.26,-22.8,,-13.53
1955-11-01,,,,,,,-4.87,-21.33,-47.07,-35.9,-18.28,,-14.39
1955-12-01,,,,,,,-5.37,-17.16,-32.03,-27.23,-13.61,,-10.45
1956-01-01,,,,,,,-4.43,-18.66,-32.75,-40.38,-15.55,,-12.69
1956-02-01,,,,,,,-0.54,-9.68,-30.49,-37.13,-12.23,,-11.97
1956-03-01,,,,,,,26.86,-9.62,-35.19,-37.24,-5.28,,-13.43
1956-04-01,,,,,,,4.0,-2.83,-34.06,-48.75,-13.09,,-23.08
1956-05-01,,,,,,,14.52,35.4,-19.74,-43.22,4.15,,-27.78
1956-06-01,,,,,,,15.33,23.82,-0.9,-44.48,6.7,,-24.63
1956-07-01,,,,,,,14.59,33.43,-7.58,-30.64,12.16,,-23.91
1956-08-01,,,,,,,-4.78,0.26,18.46,-14.55,-2.98,,-2.44
1956-09-01,,,,,,,-0.07,-10.04,8.77,-3.2,-1.61,,0.85
1956-10-01,,,,,,,-7.7,-12.19,-13.72,1.23,-9.15,,0.87
1956-11-01,,,,,,,6.85,-10.7,16.96,-13.82,2.91,,-3.54
1956-12-01,,,,,,,8.07,-5.95,4.41,-9.44,1.05,,-5.0
1957-01-01,,,,,,,2.77,19.86,6.77,-29.08,4.88,,-11.11
1957-02-01,,,,,,,0.31,2.45,13.38,-18.48,0.61,,-14.4
1957-03-01,,,,,,,-17.38,-0.51,5.71,-9.54,-9.23,,-6.9
1957-04-01,,,,,,,-1.33,-10.44,4.43,13.66,-1.89,,-3.64
1957-05-01,,,,,,,-4.05,-15.47,-1.97,18.91,-5.28,,0.0
1957-06-01,,,,,,,-7.51,4.24,-19.39,39.78,-0.9,,0.99
1957-07-01,,,,,,,-7.01,-3.86,-11.36,23.3,-5.28,,-3.81
1957-08-01,,,,,,,1.38,3.05,0.65,-1.28,1.7,,-12.5
1957-09-01,,,,,,,9.44,27.41,0.9,-8.68,11.69,,-16.95
1957-10-01,,,,,,,6.07,34.77,26.15,18.62,17.46,,-4.31
1957-11-01,,,,,,,7.9,48.2,17.46,16.88,20.73,,-4.59
1957-12-01,,,,,,,9.61,50.63,52.92,0.39,24.59,,-8.77
1958-01-01,,,,,,,23.89,49.12,75.53,67.42,38.59,,0.96
1958-02-01,,,,,,,45.63,80.2,115.41,54.67,64.11,,2.8
1958-03-01,,,,,,,55.76,88.92,162.16,61.47,79.04,,3.7
1958-04-01,,,,,,,40.9,115.18,209.54,119.31,92.92,,14.15
1958-05-01,,,,,,,30.36,104.9,208.36,138.91,85.28,,25.96
1958-06-01,,,,,,,26.08,52.38,264.66,171.92,73.11,,41.18
1958-07-01,,,,,,,33.09,64.52,240.93,229.92,81.65,,44.55
1958-08-01,,,,,,,26.16,73.7,198.71,314.66,82.93,,49.52
1958-09-01,,,,,,,9.57,60.86,130.18,360.18,63.81,,68.37
1958-10-01,,,,,,,17.44,23.9,117.93,217.41,51.32,,48.65
1958-11-01,,,,,,,-4.19,1.53,87.66,197.83,21.25,,57.69
1958-12-01,,,,,,,6.75,-4.62,40.76,218.08,20.57,,50.96
1959-01-01,,,,,,,-7.47,-8.53,2.24,169.13,4.98,,55.24
1959-02-01,,,,,,,-17.47,-18.54,-17.05,110.34,-7.85,,40.91
1959-03-01,,,,,,,-24.52,-26.3,-31.7,93.18,-15.38,,36.61
1959-04-01,,,,,,,-20.57,-41.18,-53.42,23.48,-28.81,,23.14
1959-05-01,,,,,,,-20.27,-36.79,-57.7,0.7,-30.71,,12.21
1959-06-01,,,,,,,-13.28,-37.3,-57.22,-22.49,-30.64,,3.47
1959-07-01,,,,,,,-12.49,-26.94,-58.87,-40.93,-30.54,,-2.05
1959-08-01,,,,,,,-8.69,-20.9,-56.05,-49.9,-28.6,,-12.74
1959-09-01,,,,,,,-1.48,-14.31,-42.29,-56.15,-21.7,,-16.97
1959-10-01,,,,,,,6.51,4.28,-43.96,-51.94,-14.44,,-21.82
1959-11-01,,,,,,,13.98,6.64,-32.21,-42.18,-4.42,,-20.12
1959-12-01,,,,,,,-2.07,-1.15,-31.67,-43.53,-12.84,,-16.56
1960-01-01,,,,,,,4.07,-10.61,-24.24,-42.02,-11.14,,-17.18
1960-02-01,,,,,,,-7.92,-11.17,-24.4,-41.39,-16.04,,-15.48
1960-03-01,,,,,,,14.19,2.47,-2.08,-35.29,-1.97,,-15.03
1960-04-01,,,,,,,16.13,7.28,13.97,-31.7,1.37,,-15.44
1960-05-01,,,,,,,16.16,6.87,4.62,-32.35,2.59,,-19.05
1960-06-01,,,,,,,14.19,22.74,10.36,-27.74,9.83,,-20.13
1960-07-01,,,,,,,7.42,13.09,32.23,-19.19,8.73,,-11.89
1960-08-01,,,,,,,8.65,15.63,27.03,-14.94,9.98,,-10.95
1960-09-01,,,,,,,4.68,-4.86,14.92,4.48,2.89,,-5.84
1960-10-01,,,,,,,0.91,-0.77,42.89,26.62,8.75,,4.65
1960-11-01,,,,,,,-1.55,13.44,33.27,15.3,8.17,,6.11
1960-12-01,,,,,,,26.86,30.84,29.8,18.63,26.39,,-5.34
1961-01-01,,,,,,,15.02,41.34,52.89,37.63,29.21,,1.48
1961-02-01,,,,,,,42.35,36.07,82.28,55.01,45.15,,3.82
1961-03-01,,,,,,,11.82,31.79,48.17,57.73,30.25,,8.46
1961-04-01,,,,,,,-0.35,42.42,71.18,86.08,35.17,,23.02
1961-05-01,,,,,,,1.75,33.33,102.7,120.82,40.18,,31.09
1961-06-01,,,,,,,5.93,20.05,57.86,134.34,29.71,,36.13
1961-07-01,,,,,,,4.68,14.53,61.04,147.75,28.47,,37.3
1961-08-01,,,,,,,-2.58,7.77,44.87,119.51,18.65,,39.34
1961-09-01,,,,,,,10.85,6.92,32.95,81.33,20.39,,24.81
1961-10-01,,,,,,,2.55,0.47,5.78,45.23,7.55,,17.78
1961-11-01,,,,,,,-4.66,-7.17,-7.58,39.27,-0.81,,22.3
1961-12-01,,,,,,,-17.51,-19.96,5.95,33.21,-9.53,,27.42
1962-01-01,,,,,,,-9.71,-21.39,-18.46,5.31,-12.63,,11.68
1962-02-01,,,,,,,-26.17,-20.54,-25.3,2.71,-19.89,,17.65
1962-03-01,,,,,,,-7.62,-28.93,-31.99,-7.93,-19.2,,6.38
1962-04-01,,,,,,,-5.78,-22.56,-37.31,-22.32,-20.17,,-3.87
1962-05-01,,,,,,,-11.73,-21.02,-38.69,-27.01,-22.79,,-0.64
1962-06-01,,,,,,,-13.2,-22.41,-30.01,-38.25,-21.31,,-6.79
1962-07-01,,,,,,,-11.01,-15.78,-42.31,-42.99,-22.5,,-15.61
1962-08-01,,,,,,,1.76,-10.74,-35.25,-33.78,-14.29,,-14.71
1962-09-01,,,,,,,-5.92,-8.1,-17.35,-37.4,-15.29,,-12.42
1962-10-01,,,,,,,-9.66,-11.18,-21.7,-38.44,-16.84,,-11.32
1962-11-01,,,,,,,12.21,-15.21,-1.77,-42.56,-6.31,,-21.76
1962-12-01,,,,,,,-0.12,-0.34,-10.43,-30.89,-6.46,,-13.92
1963-01-01,,,,,,,1.7,7.92,3.03,-19.29,-0.17,,-9.8
1963-02-01,,,,,,,23.54,14.76,-3.74,-12.59,9.48,,-11.88
1963-03-01,,,,,,,-1.16,20.69,-6.69,-6.26,3.85,,-3.33
1963-04-01,,,,,,,5.4,10.95,-3.81,-5.14,3.81,,-2.68
1963-05-01,,,,,,,21.19,2.56,8.88,-3.51,9.16,,-6.45
1963-06-01,,,,,,,7.57,14.35,12.06,-12.74,3.46,,-7.28
1963-07-01,,,,,,,6.34,12.87,7.85,-3.01,6.07,,-4.11
1963-08-01,,,,,,,-3.12,-7.11,22.27,-12.58,-3.36,,-4.14
1963-09-01,,,,,,,-3.09,2.77,-10.05,5.67,-0.1,,0.71
1963-10-01,,,,,,,6.23,1.66,4.84,4.74,4.84,,-1.42
1963-11-01,,,,,,,1.14,14.03,-12.77,18.41,3.16,,0.0
1963-12-01,,,,,,,2.42,3.59,-7.35,-3.92,1.74,,-2.21
1964-01-01,,,,,,,4.34,-7.74,-4.33,-7.35,-1.1,,-2.17
1964-02-01,,,,,,,-8.07,-5.22,-2.22,-18.43,-7.22,,-6.38
1964-03-01,,,,,,,4.82,-11.22,9.43,-15.69,-3.0,,-6.9
1964-04-01,,,,,,,2.91,-2.77,-3.33,-20.47,-3.38,,-14.48
1964-05-01,,,,,,,-10.11,-5.69,-14.67,-16.69,-10.74,,-6.21
1964-06-01,,,,,,,0.0,-11.91,-4.94,1.6,-4.1,,-2.86
1964-07-01,,,,,,,-12.23,-13.73,-8.24,-4.56,-10.94,,5.0
1964-08-01,,,,,,,1.13,-6.61,-28.16,-2.5,-5.75,,-6.47
1964-09-01,,,,,,,0.47,-10.45,-10.39,-17.71,-6.19,,-10.56
1964-10-01,,,,,,,0.92,-9.29,-13.12,-18.3,-6.55,,-9.35
1964-11-01,,,,,,,-14.15,-14.67,-9.19,-15.93,-14.45,,5.26
1964-12-01,,,,,,,-5.75,-12.86,-14.12,-12.45,-8.15,,-4.51
1965-01-01,,,,,,,-9.92,-5.54,-26.94,-22.82,-11.34,,-9.63
1965-02-01,,,,,,,2.05,-10.36,-3.98,-15.4,-5.14,,-4.55
1965-03-01,,,,,,,-4.54,-8.45,-18.16,-28.91,-11.14,,-11.11
1965-04-01,,,,,,,-1.13,-14.6,-7.76,-21.7,-8.24,,-8.06
1965-05-01,,,,,,,-0.65,-4.66,-18.26,-30.36,-8.82,,-18.38
1965-06-01,,,,,,,-3.66,-9.02,-22.63,-27.36,-11.2,,-14.71
1965-07-01,,,,,,,11.31,-13.76,-25.05,-38.05,-8.51,,-21.09
1965-08-01,,,,,,,-4.89,-12.48,-4.69,-35.63,-10.97,,-8.46
1965-09-01,,,,,,,-4.46,-21.6,-17.72,-22.61,-13.36,,-6.3
1965-10-01,,,,,,,-12.6,-12.8,-28.51,-22.4,-15.65,,-3.97
1965-11-01,,,,,,,-4.07,-14.52,-30.99,-29.0,-13.46,,-16.43
1965-12-01,,,,,,,-14.11,-18.92,-17.57,-31.7,-16.98,,-10.24
1966-01-01,,,,,,,-6.33,-28.85,-17.57,-25.45,-16.35,,-2.46
1966-02-01,,,,,,,-13.65,-30.46,-36.09,-34.47,-24.4,,-11.11
1966-03-01,,,,,,,-10.52,-20.89,-27.92,-25.35,-17.75,,-7.5
1966-04-01,,,,,,,-10.53,-35.85,-24.3,-31.79,-21.34,,-5.26
1966-05-01,,,,,,,-2.34,-21.28,-35.32,-18.8,-14.04,,-8.11
1966-06-01,,,,,,,-0.54,-22.79,-41.25,-37.67,-15.21,,-16.38
1966-07-01,,,,,,,-0.85,-15.64,-39.28,-35.49,-12.87,,-16.38
1966-08-01,,,,,,,0.56,-12.02,-36.21,-37.31,-10.88,,-17.65
1966-09-01,,,,,,,-4.43,-7.79,-23.94,-43.26,-13.0,,-15.13
1966-10-01,,,,,,,0.52,-15.22,-18.75,-34.23,-10.98,,-14.88
1966-11-01,,,,,,,-2.09,-13.3,-20.96,-35.69,-9.86,,-17.09
1966-12-01,,,,,,,10.17,-13.07,-24.04,-28.33,-3.93,,-16.67
1967-01-01,,,,,,,5.58,9.91,-14.11,-30.0,-0.67,,-21.85
1967-02-01,,,,,,,6.05,13.72,-20.37,-25.56,3.37,,-17.86
1967-03-01,,,,,,,4.14,6.76,-18.73,-32.84,0.07,,-19.82
1967-04-01,,,,,,,-1.02,37.21,-21.6,-30.68,2.37,,-18.52
1967-05-01,,,,,,,-3.07,10.23,6.02,-46.32,-0.71,,-14.71
1967-06-01,,,,,,,3.46,13.35,11.02,-34.78,4.18,,-14.43
1967-07-01,,,,,,,0.12,6.67,19.72,-27.75,2.36,,-14.43
1967-08-01,,,,,,,-1.66,12.21,-6.95,-2.44,1.55,,-9.18
1967-09-01,,,,,,,7.2,12.86,0.0,-19.8,5.72,,-16.83
1967-10-01,,,,,,,12.26,23.33,7.69,-19.46,12.33,,-15.53
1967-11-01,,,,,,,12.07,16.62,16.67,-9.0,10.69,,-8.25
1967-12-01,,,,,,,2.15,23.49,4.32,-7.14,3.64,,-9.47
1968-01-01,,,,,,,-9.33,5.85,9.44,-6.4,-3.03,,1.08
1968-02-01,,,,,,,7.14,-1.97,12.02,-10.95,2.95,,-5.43
1968-03-01,,,,,,,4.1,-9.78,4.69,-0.56,-0.42,,-4.49
1968-04-01,,,,,,,-7.18,-4.46,-3.94,-14.37,-6.42,,-1.14
1968-05-01,,,,,,,-0.89,-17.68,-1.89,-11.11,-6.45,,-5.75
1968-06-01,,,,,,,2.99,-7.59,-10.66,8.0,-1.8,,-4.82
1968-07-01,,,,,,,0.3,-3.71,2.3,5.3,-2.07,0.0,1.2
1968-08-01,,,,,,,3.13,-17.56,-0.41,-23.5,-6.01,-10.64,-6.74
1968-09-01,,,,,,,-7.98,-12.74,-15.03,-18.52,-9.2,0.0,-2.38
1968-10-01,,,,,,,-12.89,-16.94,-14.29,-24.72,-14.44,-2.04,-3.45
1968-11-01,,,,,,,-5.18,-15.14,-26.62,-28.02,-11.45,-6.38,-8.99
1968-12-01,,,,,,,-5.51,-13.04,-34.14,-17.95,-11.03,-8.33,-4.65
1969-01-01,,,,,,,6.58,-13.16,-33.23,-31.58,-5.56,-13.73,-13.83
1969-02-01,,,,,,,-15.67,2.13,-15.92,-35.75,-10.3,8.89,-9.2
1969-03-01,,,,,,,-2.91,-1.79,-12.69,-33.52,-5.74,-2.44,-7.06
1969-04-01,,,,,,,11.42,-10.75,3.69,-10.74,1.81,-13.04,-9.2
1969-05-01,,,,,,,5.23,-11.81,0.77,-7.35,-0.99,-4.55,-3.66
1969-06-01,,,,,,,-5.19,-2.08,0.41,-23.46,-4.15,0.0,-2.53
1969-07-01,,,,,,,2.37,-1.81,-18.73,0.63,-0.52,-2.22,-7.14
1969-08-01,,,,,,,-0.49,13.07,0.42,-13.73,3.18,4.76,-4.82
1969-09-01,,,,,,,10.37,23.3,0.0,12.12,13.18,2.17,-2.44
1969-10-01,,,,,,,20.37,6.76,-5.56,1.49,13.39,-6.25,-9.52
1969-11-01,,,,,,,-0.82,15.62,8.85,11.45,5.19,9.09,-1.23
1969-12-01,,,,,,,3.8,10.38,47.12,-17.5,7.41,4.55,-2.44
1970-01-01,,,,,,,15.83,18.85,37.8,10.0,17.77,4.55,-2.47
1970-02-01,,,,,,,35.23,21.44,27.16,40.0,28.27,-8.16,1.27
1970-03-01,,,,,,,23.39,47.14,50.85,52.1,34.03,15.0,5.06
1970-04-01,,,,,,,33.69,44.76,58.1,51.88,37.67,2.5,3.8
1970-05-01,,,,,,,27.9,88.89,37.93,83.33,44.45,11.9,8.86
1970-06-01,,,,,,,26.2,61.45,77.46,80.65,44.57,11.36,11.69
1970-07-01,,,,,,,26.45,62.87,97.24,46.25,45.57,15.91,14.1
1970-08-01,,,,,,,33.29,55.84,88.38,90.15,49.02,22.73,11.39
1970-09-01,,,,,,,32.01,50.36,108.64,89.86,46.58,10.64,11.25
1970-10-01,,,,,,,31.53,72.33,115.13,90.44,50.57,15.56,14.47
1970-11-01,,,,,,,47.97,92.91,119.11,127.4,71.5,16.67,16.25
1970-12-01,,,,,,,49.46,79.61,155.87,190.15,76.01,28.26,22.5
1971-01-01,,,,,,,27.89,74.28,137.15,200.7,55.76,34.78,32.91
1971-02-01,,,,,,,11.69,55.82,100.65,178.26,41.99,40.0,30.0
1971-03-01,,,,,,,8.39,44.48,82.72,150.28,37.19,39.13,27.71
1971-04-01,,,,,,,3.13,42.41,73.75,124.75,30.6,58.54,32.93
1971-05-01,,,,,,,5.69,26.19,84.72,119.91,27.48,42.55,30.23
1971-06-01,,,,,,,3.81,24.5,44.57,141.52,21.57,16.33,34.88
1971-07-01,,,,,,,3.66,16.55,59.81,142.31,20.6,21.57,29.21
1971-08-01,,,,,,,7.1,16.32,56.61,119.12,20.63,18.52,30.68
1971-09-01,,,,,,,2.95,8.29,33.33,100.36,13.15,11.54,33.71
1971-10-01,,,,,,,-6.87,5.17,32.23,128.19,7.91,25.0,44.83
1971-11-01,,,,,,,-1.45,-4.9,29.13,75.0,5.37,14.29,29.03
1971-12-01,,,,,,,-2.07,-4.29,-2.64,52.22,1.54,5.08,17.35
1972-01-01,,,,,,,0.96,-8.43,-2.78,37.91,0.66,0.0,15.24
1972-02-01,,,,,,,-3.08,-9.98,3.39,45.31,0.51,4.76,19.23
1972-03-01,,,,,,,7.42,-13.38,-6.98,39.51,1.02,3.12,16.04
1972-04-01,,,,,,,1.04,-4.76,-23.74,48.24,0.0,3.08,13.76
1972-05-01,,,,,,,-1.66,-2.04,-11.58,14.17,-1.48,-1.49,9.82
1972-06-01,,,,,,,4.54,-7.29,-5.59,1.66,-0.53,-5.26,6.9
1972-07-01,,,,,,,1.72,-2.19,-7.16,-8.47,-2.42,-1.61,2.61
1972-08-01,,,,,,,-2.23,-1.72,-12.94,-2.36,-3.8,-6.25,2.61
1972-09-01,,,,,,,2.26,-11.35,-13.76,-2.66,-3.83,-3.45,1.68
1972-10-01,,,,,,,5.81,-4.79,-11.23,-11.68,-1.59,-12.31,-7.14
1972-11-01,,,,,,,-4.9,-14.92,-18.1,-19.1,-10.83,-10.94,-5.0
1972-12-01,,,,,,,-13.66,-3.82,-21.29,-21.96,-11.85,-1.61,-0.87
1973-01-01,,,,,,,-12.44,-9.74,-19.13,-30.86,-13.81,-8.06,-9.09
1973-02-01,,,,,,,7.01,-14.08,-18.56,-42.86,-9.66,-21.21,-15.32
1973-03-01,,,,,,,-7.25,-5.5,-16.5,-38.61,-12.78,-16.67,-13.82
1973-04-01,,,,,,,1.39,-1.73,-11.51,-49.48,-10.08,-25.37,-19.35
1973-05-01,,,,,,,1.41,-13.95,-20.58,-39.83,-12.05,-25.76,-17.89
1973-06-01,,,,,,,1.89,-16.19,-23.18,-40.91,-11.38,-7.41,-22.58
1973-07-01,,,,,,,1.02,-13.27,-25.35,-45.66,-12.38,-14.75,-18.64
1973-08-01,,,,,,,0.22,-18.23,-26.66,-37.8,-12.84,-18.33,-16.95
1973-09-01,,,,,,,-6.03,-3.17,-15.95,-46.17,-10.29,-3.57,-22.31
1973-10-01,,,,,,,-12.25,-10.26,-23.96,-35.63,-14.99,-3.51,-12.82
1973-11-01,,,,,,,4.43,-9.38,-15.44,-25.53,-4.48,-10.53,-13.16
1973-12-01,,,,,,,16.43,-10.27,-20.33,-27.91,-1.19,-22.95,-16.67
1974-01-01,,,,,,,17.94,4.46,-13.04,-19.02,7.35,-12.28,-13.64
1974-02-01,,,,,,,7.66,12.91,-5.17,-10.22,6.27,-1.92,-8.57
1974-03-01,,,,,,,12.97,4.7,3.59,-14.95,5.46,-12.73,-8.49
1974-04-01,,,,,,,3.41,-1.22,14.07,4.12,3.57,0.0,-2.0
1974-05-01,,,,,,,10.53,6.74,12.21,2.01,8.69,-6.12,-4.95
1974-06-01,,,,,,,7.54,21.55,23.13,12.92,12.93,6.0,1.04
1974-07-01,,,,,,,11.23,21.92,13.29,37.23,17.61,9.62,3.13
1974-08-01,,,,,,,13.93,17.7,25.99,16.17,16.66,2.04,0.0
1974-09-01,,,,,,,23.16,24.81,28.57,32.54,24.99,-1.85,2.13
1974-10-01,,,,,,,31.99,33.99,47.48,18.45,33.28,0.0,-2.94
1974-11-01,,,,,,,33.39,52.71,44.81,22.86,39.67,1.96,-3.03
1974-12-01,,,,,,,34.01,64.2,79.5,64.02,47.83,21.28,6.32
1975-01-01,,,,,,,37.21,88.46,99.14,88.25,61.52,26.0,12.63
1975-02-01,,,,,,,21.18,83.45,127.07,114.67,58.95,39.22,21.87
1975-03-01,,,,,,,32.32,87.46,151.45,133.03,72.16,50.0,21.65
1975-04-01,,,,,,,24.73,86.74,176.26,172.32,77.78,74.0,31.63
1975-05-01,,,,,,,24.18,91.06,196.56,205.9,79.23,104.35,39.58
1975-06-01,,,,,,,15.02,66.51,175.13,255.59,66.84,66.04,57.73
1975-07-01,,,,,,,14.09,41.57,187.15,262.02,60.52,50.88,51.52
1975-08-01,,,,,,,7.63,59.88,143.01,279.38,57.87,84.0,59.18
1975-09-01,,,,,,,5.69,40.3,107.62,308.7,45.72,73.58,67.71
1975-10-01,,,,,,,8.78,35.14,84.12,263.82,42.98,56.36,55.56
1975-11-01,,,,,,,-10.94,22.26,63.9,282.56,26.94,82.69,72.92
1975-12-01,,,,,,,-11.62,1.86,62.69,194.8,16.7,57.89,63.37
1976-01-01,,,,,,,-16.52,-18.59,21.72,152.96,0.44,42.86,55.14
1976-02-01,,,,,,,-5.02,-24.31,-12.28,113.81,-2.58,15.49,39.32
1976-03-01,,,,,,,-17.69,-24.14,-24.83,89.86,-9.38,20.83,39.83
1976-04-01,,,,,,,0.79,-26.04,-45.81,46.16,-10.72,-5.75,23.26
1976-05-01,,,,,,,-8.39,-23.89,-42.34,11.94,-16.36,-11.7,11.94
1976-06-01,,,,,,,-2.96,-9.7,-36.35,3.68,-10.92,-11.36,10.46
1976-07-01,,,,,,,2.88,-3.84,-30.87,-10.78,-7.84,-10.47,4.67
1976-08-01,,,,,,,3.03,-2.02,-21.01,-13.04,-5.17,-14.13,0.0
1976-09-01,,,,,,,1.11,-1.19,-16.51,-24.66,-6.85,-15.22,-5.59
1976-10-01,,,,,,,-0.57,-4.47,-14.5,-14.99,-5.91,-10.47,-1.3
1976-11-01,,,,,,,3.97,4.43,-5.94,-22.31,-2.23,-11.58,-7.83
1976-12-01,,,,,,,5.76,5.16,-18.8,-15.89,-2.57,-11.11,-8.48
1977-01-01,,,,,,,5.27,2.41,-12.63,-23.4,-3.37,-16.67,-8.43
1977-02-01,,,,,,,7.72,13.13,-1.72,-21.4,1.6,-12.2,-9.82
1977-03-01,,,,,,,13.89,10.93,-8.87,-20.34,1.07,-17.24,-12.12
1977-04-01,,,,,,,2.62,-0.85,1.87,-20.51,-3.7,-10.98,-9.43
1977-05-01,,,,,,,-1.47,5.91,-4.13,-12.31,-2.01,-4.82,-0.67
1977-06-01,,,,,,,12.59,-8.9,-8.89,-24.17,-2.57,-20.51,-14.79
1977-07-01,,,,,,,-3.58,-5.55,-12.38,-22.16,-8.83,-7.79,-8.92
1977-08-01,,,,,,,0.1,-4.99,-14.57,-29.84,-7.89,-11.39,-10.9
1977-09-01,,,,,,,-0.93,-8.76,-16.3,-22.01,-8.52,-14.1,-7.89
1977-10-01,,,,,,,-2.11,-6.91,-17.44,-25.83,-8.98,-10.39,-9.87
1977-11-01,,,,,,,3.47,-15.07,-15.61,-29.89,-10.56,-16.67,-11.11
1977-12-01,,,,,,,-6.57,-15.76,-17.48,-35.68,-15.36,-15.0,-9.93
1978-01-01,,,,,,,-2.42,-9.84,-16.08,-32.87,-10.87,-13.33,-15.13
1978-02-01,,,,,,,-8.33,-13.3,-5.37,-44.65,-15.11,-6.94,-14.97
1978-03-01,,,,,,,-4.08,-11.16,-8.61,-38.61,-13.27,-13.89,-14.48
1978-04-01,,,,,,,-8.79,-5.32,0.74,-39.29,-12.45,-16.44,-14.58
1978-05-01,,,,,,,4.21,-15.81,-15.25,-35.27,-11.34,-27.85,-18.79
1978-06-01,,,,,,,-11.15,-6.35,-20.18,-37.62,-15.5,-3.23,-15.97
1978-07-01,,,,,,,7.35,-9.37,-23.45,-32.37,-7.61,-18.31,-16.08
1978-08-01,,,,,,,-1.31,-10.87,-32.84,-31.85,-12.2,-17.14,-17.99
1978-09-01,,,,,,,2.01,-11.34,-25.16,-33.55,-9.27,-16.42,-18.57
1978-10-01,,,,,,,-3.36,-13.82,-17.47,-34.72,-12.07,-14.49,-14.6
1978-11-01,,,,,,,-0.72,-9.57,-21.92,-40.51,-10.83,-21.43,-18.38
1978-12-01,,,,,,,9.12,3.25,-11.64,-40.56,-2.47,-17.65,-22.06
1979-01-01,,,,,,,-1.17,0.7,-13.61,-34.44,-5.86,-9.23,-13.95
1979-02-01,,,,,,,4.88,1.13,-18.76,-17.24,-2.3,-11.94,-10.4
1979-03-01,,,,,,,-0.98,-1.58,-5.39,-17.09,-3.6,-4.84,-5.65
1979-04-01,,,,,,,6.84,1.06,-12.04,-19.26,-1.8,-11.48,-10.57
1979-05-01,,,,,,,-3.38,3.83,-1.24,-24.86,-4.68,-1.75,-8.26
1979-06-01,,,,,,,5.7,-6.68,-8.71,-18.59,-1.14,-6.67,-14.05
1979-07-01,,,,,,,-5.83,6.16,-8.67,-28.57,-4.96,1.72,-14.17
1979-08-01,,,,,,,15.33,-7.47,6.19,-12.75,3.95,-17.24,-7.02
1979-09-01,,,,,,,0.17,9.02,-6.43,-14.74,1.06,-1.79,-7.89
1979-10-01,,,,,,,9.08,9.71,-4.7,-11.07,5.87,-6.78,-10.26
1979-11-01,,,,,,,4.37,0.11,-2.96,3.38,2.65,-3.64,-4.5
1979-12-01,,,,,,,1.18,1.45,-3.43,6.67,1.56,1.79,1.89
1980-01-01,,,,,,,15.19,3.0,12.27,2.81,9.4,-10.17,-6.31
1980-02-01,,,,,,,8.11,12.02,14.09,-7.97,8.57,-1.69,-5.36
1980-03-01,,,,,,,8.93,17.42,8.02,5.07,10.15,1.69,-5.98
1980-04-01,,,,,,,14.84,25.16,38.73,25.87,21.24,7.41,3.64
1980-05-01,,,,,,,35.38,37.48,42.0,38.27,36.71,1.79,-1.8
1980-06-01,,,,,,,15.68,58.54,51.85,48.37,35.9,14.29,8.65
1980-07-01,,,,,,,19.65,42.13,70.14,88.09,39.48,18.64,14.56
1980-08-01,,,,,,,3.61,46.04,84.16,74.16,31.03,56.25,16.98
1980-09-01,,,,,,,6.92,27.22,109.84,81.58,29.58,40.0,22.86
1980-10-01,,,,,,,6.48,26.5,80.84,100.0,28.46,36.36,24.76
1980-11-01,,,,,,,3.83,32.66,73.84,105.63,28.61,45.28,28.3
1980-12-01,,,,,,,2.79,9.89,71.76,110.85,22.02,31.58,26.85
1981-01-01,,,,,,,3.2,13.14,39.88,130.47,20.77,39.62,37.5
1981-02-01,,,,,,,4.88,9.64,29.29,145.08,20.13,22.41,33.02
1981-03-01,,,,,,,7.46,6.87,26.83,95.66,18.62,18.33,27.27
1981-04-01,,,,,,,-5.6,2.01,9.57,63.82,6.94,27.59,21.93
1981-05-01,,,,,,,-9.19,-0.54,5.0,59.81,2.38,21.05,24.77
1981-06-01,,,,,,,-2.02,-16.53,14.18,45.28,0.0,3.12,21.24
1981-07-01,,,,,,,-4.37,-14.52,-2.79,22.85,-5.98,1.43,16.95
1981-08-01,,,,,,,-2.78,-6.43,-12.58,25.16,-2.96,-4.0,16.13
1981-09-01,,,,,,,10.89,-3.41,-14.59,15.32,2.61,-11.69,5.43
1981-10-01,,,,,,,12.98,4.32,-6.18,6.98,6.9,-9.33,3.05
1981-11-01,,,,,,,21.17,12.49,0.5,0.88,12.54,-10.39,-3.68
1981-12-01,,,,,,,27.51,33.8,-4.45,2.09,20.07,-8.0,-4.38
1982-01-01,,,,,,,18.26,31.71,8.61,-6.1,16.43,-4.05,-6.29
1982-02-01,,,,,,,15.85,29.44,34.58,2.73,20.54,5.63,0.0
1982-03-01,,,,,,,17.07,27.97,51.75,11.59,23.97,8.45,0.71
1982-04-01,,,,,,,24.05,32.47,44.22,32.6,30.18,9.46,4.32
1982-05-01,,,,,,,13.96,27.02,54.76,40.73,26.44,23.19,9.56
1982-06-01,,,,,,,7.96,42.03,47.91,58.86,30.13,43.94,14.6
1982-07-01,,,,,,,18.81,37.04,61.02,67.22,37.98,19.72,11.59
1982-08-01,,,,,,,17.32,34.86,69.92,60.31,35.4,20.83,12.5
1982-09-01,,,,,,,13.54,38.43,63.12,81.15,36.29,39.71,22.06
1982-10-01,,,,,,,5.94,30.78,65.87,98.06,33.34,42.65,27.41
1982-11-01,,,,,,,4.25,25.2,78.62,104.55,32.22,44.93,30.53
1982-12-01,,,,,,,-0.25,14.59,74.4,118.96,30.04,47.83,38.17
1983-01-01,,,,,,,-6.88,7.74,63.61,124.87,22.74,56.34,44.78
1983-02-01,,,,,,,-2.39,1.76,30.16,112.35,18.96,30.67,36.17
1983-03-01,,,,,,,-10.11,1.38,16.12,102.21,15.29,35.06,37.59
1983-04-01,,,,,,,-10.43,-3.56,4.73,80.55,10.0,34.57,34.48
1983-05-01,,,,,,,-9.11,-9.59,7.78,70.07,7.92,44.71,37.58
1983-06-01,,,,,,,2.22,-14.27,-4.92,61.72,6.72,18.95,32.48
1983-07-01,,,,,,,-11.96,-14.52,-0.23,42.84,-2.77,18.82,37.66
1983-08-01,,,,,,,-6.75,-9.51,-15.85,35.58,-2.37,6.9,23.46
1983-09-01,,,,,,,-4.99,-20.61,-24.48,20.96,-8.34,-2.11,21.69
1983-10-01,,,,,,,-9.86,-21.18,-29.29,1.38,-14.24,-3.09,17.44
1983-11-01,,,,,,,-15.78,-24.84,-36.28,-7.31,-20.43,-7.0,15.2
1983-12-01,,,,,,,-12.29,-26.39,-37.18,-19.62,-22.57,-14.71,6.08
1984-01-01,,,,,,,-9.44,-23.55,-39.33,-23.51,-21.9,-18.02,5.15
1984-02-01,,,,,,,-10.49,-21.78,-39.9,-32.47,-23.85,-15.31,-1.04
1984-03-01,,,,,,,-4.77,-20.6,-41.0,-35.18,-23.33,-20.19,-1.55
1984-04-01,,,,,,,-5.0,-20.98,-34.1,-34.91,-22.24,-24.77,-3.08
1984-05-01,,,,,,,-10.31,-19.87,-33.28,-38.51,-24.19,-26.02,-8.29
1984-06-01,,,,,,,-11.53,-22.32,-34.64,-45.37,-26.85,-33.63,-12.98
1984-07-01,,,,,,,-1.94,-12.37,-39.6,-38.7,-19.07,-25.74,-15.09
1984-08-01,,,,,,,-1.79,-20.43,-29.29,-40.12,-19.81,-21.51,-13.5
1984-09-01,,,,,,,-11.76,-7.79,-23.07,-40.56,-18.62,-18.28,-15.84
1984-10-01,,,,,,,-1.95,-12.57,-19.84,-37.33,-15.23,-23.4,-17.33
1984-11-01,,,,,,,1.34,-10.89,-25.73,-34.38,-13.7,-22.58,-13.71
1984-12-01,,,,,,,-2.43,2.26,-23.52,-32.41,-10.43,-16.09,-12.5
1985-01-01,,,,,,,10.82,0.16,-20.18,-35.54,-6.49,-25.27,-22.06
1985-02-01,,,,,,,4.33,-1.33,-9.68,-26.72,-5.35,-14.46,-16.32
1985-03-01,,,,,,,5.52,-2.32,-5.09,-24.21,-4.65,-14.46,-15.71
1985-04-01,,,,,,,4.07,1.46,-7.22,-21.88,-4.19,-15.85,-13.23
1985-05-01,,,,,,,10.61,7.08,-11.4,-26.97,-1.82,-24.18,-18.62
1985-06-01,,,,,,,8.49,10.73,-0.68,-18.72,2.84,-12.0,-14.36
1985-07-01,,,,,,,4.81,3.32,1.34,-20.31,-0.28,-8.0,-13.89
1985-08-01,,,,,,,-3.59,4.14,-4.87,-19.34,-3.79,-2.74,-11.56
1985-09-01,,,,,,,5.08,0.47,-7.18,-15.02,-1.42,-9.21,-10.0
1985-10-01,,,,,,,0.03,6.4,-0.27,-15.98,-0.99,-1.39,-8.38
1985-11-01,,,,,,,2.09,4.24,-10.43,-8.79,-0.85,-2.78,-7.65
1985-12-01,,,,,,,0.65,-1.32,-0.5,-13.5,-2.63,-6.85,-10.12
1986-01-01,,,,,,,-9.11,-4.81,3.41,-17.34,-7.46,-1.47,-6.92
1986-02-01,,,,,,,1.3,4.77,7.66,-11.98,0.97,-2.82,-4.4
1986-03-01,,,,,,,0.6,5.85,4.11,-13.05,0.53,-4.23,-9.32
1986-04-01,,,,,,,2.83,6.85,-2.66,-14.8,-0.37,-2.9,-10.37
1986-05-01,,,,,,,2.37,4.46,0.66,-5.43,1.65,-1.45,-3.92
1986-06-01,,,,,,,-1.38,7.47,1.07,-0.08,0.57,6.06,-1.94
1986-07-01,,,,,,,-3.07,-0.23,-0.56,-4.26,-2.28,0.0,-1.94
1986-08-01,,,,,,,0.0,-4.65,4.63,-2.45,-0.74,0.0,1.31
1986-09-01,,,,,,,-2.55,2.8,7.14,0.32,0.75,7.25,0.65
1986-10-01,,,,,,,-0.23,2.12,-11.13,1.25,-0.66,-1.41,-0.65
1986-11-01,,,,,,,-3.47,7.08,13.96,-10.18,0.38,1.43,-4.46
1986-12-01,,,,,,,-2.83,-5.78,0.8,-4.56,-3.13,4.41,-0.66
1987-01-01,,,,,,,1.71,-0.62,2.59,4.88,1.24,2.99,0.68
1987-02-01,,,,,,,-5.49,-5.99,-10.76,-5.92,-6.39,-4.35,-3.29
1987-03-01,,,,,,,-4.35,-7.46,-12.78,-4.43,-6.21,-2.94,2.05
1987-04-01,,,,,,,-12.12,-16.13,2.43,-8.09,-9.83,5.97,0.68
1987-05-01,,,,,,,-7.56,-21.35,-6.77,-4.79,-10.25,-2.94,1.36
1987-06-01,,,,,,,-9.23,-19.67,-2.69,-16.02,-13.05,-7.14,-1.97
1987-07-01,,,,,,,-6.65,-15.78,-11.17,-18.96,-12.63,-5.8,-6.58
1987-08-01,,,,,,,-7.21,-10.13,-23.15,-12.33,-10.74,-9.86,-7.1
1987-09-01,,,,,,,-5.32,-23.13,-18.87,-20.05,-14.54,-18.92,-7.79
1987-10-01,,,,,,,-5.12,-16.81,-13.96,-21.25,-12.33,-10.0,-7.89
1987-11-01,,,,,,,-5.12,-20.8,-16.01,-20.52,-13.78,-12.68,-6.67
1987-12-01,,,,,,,-3.61,-17.44,-14.24,-21.74,-12.01,-15.49,-5.33
1988-01-01,,,,,,,-8.97,-10.34,-17.8,-23.77,-11.9,-10.14,-4.7
1988-02-01,,,,,,,-8.0,-12.63,-15.34,-20.22,-11.9,-4.55,-2.04
1988-03-01,,,,,,,-10.16,-12.79,-5.58,-24.35,-12.54,-3.03,-8.05
1988-04-01,,,,,,,-1.74,-13.69,-25.59,-24.93,-12.48,-16.9,-10.14
1988-05-01,,,,,,,-6.64,-3.05,-19.25,-23.92,-10.5,-10.61,-7.38
1988-06-01,,,,,,,-2.08,-11.46,-28.26,-25.12,-11.52,-10.77,-12.08
1988-07-01,,,,,,,-6.81,-3.68,-14.18,-19.02,-9.12,-6.15,-5.63
1988-08-01,,,,,,,-0.6,-8.45,1.32,-23.92,-5.76,-7.81,-5.56
1988-09-01,,,,,,,-2.23,-7.43,-13.8,-17.8,-7.01,-5.0,-4.23
1988-10-01,,,,,,,-4.17,-13.78,-5.25,-19.67,-9.12,-11.11,-4.29
1988-11-01,,,,,,,-2.36,-5.57,-12.17,-24.08,-7.08,-8.06,-10.0
1988-12-01,,,,,,,-6.48,2.22,-13.38,-17.89,-6.03,-1.67,-9.15
1989-01-01,,,,,,,1.94,-6.56,-11.48,-15.77,-3.9,-9.68,-11.27
1989-02-01,,,,,,,4.48,-11.04,-21.29,-28.49,-8.23,-14.29,-13.89
1989-03-01,,,,,,,0.0,-11.36,-23.77,-20.99,-9.76,-15.62,-10.22
1989-04-01,,,,,,,0.1,2.8,-9.69,-11.48,-2.01,-8.47,-6.02
1989-05-01,,,,,,,-1.39,-2.41,-10.86,-25.06,-5.96,-10.17,-13.04
1989-06-01,,,,,,,6.51,4.99,-5.37,-23.85,0.47,-6.9,-15.27
1989-07-01,,,,,,,5.84,-5.13,1.12,-21.98,-1.67,-8.2,-11.94
1989-08-01,,,,,,,-2.59,3.29,-12.09,-29.56,-4.85,-15.25,-16.18
1989-09-01,,,,,,,1.97,5.37,0.66,-26.32,-0.21,-14.04,-15.44
1989-10-01,,,,,,,3.61,6.87,-6.05,-15.89,0.94,-12.5,-11.19
1989-11-01,,,,,,,4.84,3.46,-0.26,-6.83,2.88,-15.79,-7.14
1989-12-01,,,,,,,10.2,-1.78,-1.46,-14.07,2.29,-16.95,-10.08
1990-01-01,,,,,,,1.37,4.03,2.41,-11.75,1.05,-8.93,-6.35
1990-02-01,,,,,,,0.91,10.07,8.52,-1.73,4.59,-1.85,-6.45
1990-03-01,,,,,,,5.39,13.57,1.61,-4.93,6.33,-5.56,-4.88
1990-04-01,,,,,,,5.11,9.43,6.91,-9.48,5.09,-11.11,-5.6
1990-05-01,,,,,,,2.13,14.19,7.98,1.58,5.76,-1.89,-2.5
1990-06-01,,,,,,,-4.6,4.85,15.87,4.4,0.2,-3.7,4.5
1990-07-01,,,,,,,1.51,14.23,3.93,10.79,6.57,-3.57,0.85
1990-08-01,,,,,,,7.44,10.6,18.19,30.36,10.4,8.0,7.02
1990-09-01,,,,,,,2.05,19.84,20.11,30.38,11.81,14.29,7.83
1990-10-01,,,,,,,4.01,21.29,22.12,20.43,12.5,18.37,2.52
1990-11-01,,,,,,,6.01,21.13,30.8,27.18,15.45,18.75,5.98
1990-12-01,,,,,,,5.71,29.09,31.49,30.87,18.51,20.41,7.76
1991-01-01,,,,,,,8.81,25.78,30.29,34.37,18.71,17.65,3.39
1991-02-01,,,,,,,11.23,32.09,44.77,44.87,24.27,16.98,9.48
1991-03-01,,,,,,,10.39,39.46,70.89,49.29,30.13,31.37,10.26
1991-04-01,,,,,,,4.01,29.02,68.78,50.85,24.16,37.5,14.41
1991-05-01,,,,,,,16.17,26.22,56.68,62.11,29.58,23.08,10.26
1991-06-01,,,,,,,8.79,35.13,78.89,73.28,31.9,32.69,18.1
1991-07-01,,,,,,,6.24,25.13,51.3,61.05,24.04,29.63,15.97
1991-08-01,,,,,,,3.8,22.09,47.32,60.0,20.56,35.19,13.93
1991-09-01,,,,,,,6.04,15.16,42.89,52.5,18.38,21.43,12.9
1991-10-01,,,,,,,3.76,15.02,54.01,58.74,18.54,24.14,18.03
1991-11-01,,,,,,,0.52,12.82,34.47,65.19,15.03,31.58,19.35
1991-12-01,,,,,,,0.32,9.67,42.65,80.99,16.42,32.2,23.2
1992-01-01,,,,,,,-2.07,7.45,43.99,86.98,15.82,35.0,31.97
1992-02-01,,,,,,,-8.59,8.21,40.63,88.5,14.39,32.26,31.5
1992-03-01,,,,,,,-3.59,-4.4,20.15,86.23,10.18,23.88,32.56
1992-04-01,,,,,,,-3.06,0.71,12.47,78.75,11.57,28.79,28.89
1992-05-01,,,,,,,-5.63,-2.65,20.86,90.04,11.54,37.5,37.98
1992-06-01,,,,,,,2.63,-1.85,12.92,93.87,15.51,26.09,32.85
1992-07-01,,,,,,,0.47,1.03,16.41,91.7,14.72,22.86,31.16
1992-08-01,,,,,,,-0.29,3.2,16.56,77.48,12.94,20.55,29.5
1992-09-01,,,,,,,-1.44,5.41,6.66,77.25,12.14,26.47,29.29
1992-10-01,,,,,,,-3.37,-5.36,-6.56,77.65,6.29,25.0,31.25
1992-11-01,,,,,,,-4.13,5.11,4.69,44.77,7.1,20.0,20.95
1992-12-01,,,,,,,-8.18,-1.92,14.91,36.7,3.9,19.23,23.38
1993-01-01,,,,,,,-2.91,-6.26,-3.97,21.13,0.45,6.17,13.66
1993-02-01,,,,,,,5.61,-12.63,-13.19,11.91,-2.87,3.66,8.98
1993-03-01,,,,,,,-4.45,-4.82,-8.14,1.98,-4.27,2.41,2.92
1993-04-01,,,,,,,1.64,-7.13,0.07,-6.69,-3.24,-1.18,1.15
1993-05-01,,,,,,,-1.58,-6.13,-9.25,-10.48,-6.11,-7.95,-1.69
1993-06-01,,,,,,,-8.53,-1.1,-15.73,-16.93,-9.15,-4.6,-2.2
1993-07-01,,,,,,,-4.25,-8.69,-14.36,-16.67,-9.34,-4.65,-2.21
1993-08-01,,,,,,,-7.57,-8.63,-16.6,-14.62,-10.46,-6.82,0.0
1993-09-01,,,,,,,-8.78,-12.7,-7.68,-16.82,-10.91,-3.49,0.0
1993-10-01,,,,,,,-0.6,-4.41,-6.94,-17.55,-6.9,-11.11,-4.23
1993-11-01,,,,,,,-6.93,-13.86,-15.59,-9.64,-10.7,-7.78,3.91
1993-12-01,,,,,,,1.79,-14.39,-25.64,-13.33,-11.3,-10.75,-3.68
1994-01-01,,,,,,,-3.49,-10.0,-3.84,-11.85,-7.45,0.0,1.64
1994-02-01,,,,,,,-23.37,5.19,5.92,-7.76,-6.53,8.24,4.4
1994-03-01,,,,,,,-14.45,-4.61,-2.6,-1.44,-6.47,9.41,7.95
1994-04-01,,,,,,,-15.16,-7.25,-14.92,6.92,-8.55,8.33,7.95
1994-05-01,,,,,,,-21.14,-5.92,-13.96,-4.5,-13.49,13.58,11.43
1994-06-01,,,,,,,-14.33,-11.84,-14.76,-11.53,-13.09,12.05,5.62
1994-07-01,,,,,,,-14.34,-10.44,-1.25,-11.75,-11.02,9.76,7.34
1994-08-01,,,,,,,-15.9,-1.0,-5.97,-11.36,-9.47,8.54,4.44
1994-09-01,,,,,,,-14.58,-7.91,-6.45,-12.13,-11.25,10.84,3.31
1994-10-01,,,,,,,-27.34,-9.19,11.8,-12.05,-12.78,25.0,6.63
1994-11-01,,,,,,,-15.16,-14.06,0.84,-18.33,-13.66,8.43,-3.23
1994-12-01,,,,,,,-20.49,-9.14,-5.48,-23.29,-14.71,4.82,-2.73
1995-01-01,,,,,,,-13.19,-9.23,-20.42,-22.68,-14.54,-6.98,-8.06
1995-02-01,,,,,,,-2.79,-19.05,-17.66,-30.3,-16.26,-11.96,-10.53
1995-03-01,,,,,,,-7.78,-10.5,-25.57,-24.83,-15.55,-10.75,-8.95
1995-04-01,,,,,,,-3.94,-2.47,-9.79,-19.07,-8.23,-8.79,-7.37
1995-05-01,,,,,,,-1.85,-5.28,10.61,-22.41,-6.13,-1.09,-12.82
1995-06-01,,,,,,,-0.47,-3.88,-10.74,-21.84,-6.31,-15.05,-15.43
1995-07-01,,,,,,,-6.84,10.75,-15.79,-19.97,-5.27,-5.56,-13.16
1995-08-01,,,,,,,2.28,-5.25,-2.12,-21.29,-5.66,-6.74,-13.83
1995-09-01,,,,,,,6.96,-0.91,-13.13,-18.28,-3.31,-14.13,-13.37
1995-10-01,,,,,,,12.42,4.25,-22.87,-23.32,-3.98,-18.0,-17.1
1995-11-01,,,,,,,7.37,8.73,-9.28,-14.69,0.69,-11.11,-8.89
1995-12-01,,,,,,,3.14,12.49,-0.36,-11.19,2.67,-4.6,-8.43
1996-01-01,,,,,,,-1.41,10.3,10.04,-9.78,1.57,3.75,-5.85
1996-02-01,,,,,,,5.24,3.14,-1.16,-2.04,1.75,-3.7,-3.53
1996-03-01,,,,,,,0.86,-0.75,18.44,-0.6,2.31,0.0,0.0
1996-04-01,,,,,,,-7.33,-0.51,4.53,-4.67,-3.01,3.61,0.0
1996-05-01,,,,,,,6.22,0.73,-17.21,3.27,-0.09,-5.49,0.0
1996-06-01,,,,,,,-7.0,-8.16,-4.46,10.93,-4.47,5.06,10.69
1996-07-01,,,,,,,1.71,-9.08,-9.43,6.88,-2.52,-2.35,1.21
1996-08-01,,,,,,,-8.64,-10.15,-13.32,2.43,-8.04,1.2,6.79
1996-09-01,,,,,,,-11.62,-3.57,-3.73,-3.73,-6.67,7.59,3.7
1996-10-01,,,,,,,-9.1,-1.93,3.04,-2.95,-4.05,1.22,1.88
1996-11-01,,,,,,,3.84,-6.2,-6.64,-8.61,-2.56,-3.75,-3.05
1996-12-01,,,,,,,-1.54,0.12,-13.16,-4.94,-2.29,-6.02,-4.29
1997-01-01,,,,,,,1.21,-7.04,-12.91,-4.88,-4.45,-6.02,-0.62
1997-02-01,,,,,,,-6.04,4.02,-6.78,-7.66,-2.89,3.85,-3.66
1997-03-01,,,,,,,0.31,2.83,-9.96,-17.44,-4.35,-4.82,-10.4
1997-04-01,,,,,,,-3.6,-7.12,-3.34,-17.97,-7.31,-3.49,-11.36
1997-05-01,,,,,,,-8.61,-12.26,2.49,-22.66,-10.35,-6.98,-9.41
1997-06-01,,,,,,,0.39,0.6,2.44,-21.46,-4.17,-3.61,-11.93
1997-07-01,,,,,,,-10.1,-10.21,8.32,-19.31,-9.3,0.0,-1.8
1997-08-01,,,,,,,1.16,-3.06,-7.29,-15.02,-3.98,-7.14,-7.51
1997-09-01,,,,,,,-2.02,-5.06,-0.6,-11.53,-4.63,-3.53,-5.36
1997-10-01,,,,,,,3.59,-15.77,-15.5,-12.67,-8.21,-7.23,-1.23
1997-11-01,,,,,,,-15.1,-8.16,-13.23,-18.15,-12.82,-1.3,-3.14
1997-12-01,,,,,,,-3.32,-19.86,-5.46,-14.73,-10.71,-3.85,1.92
1998-01-01,,,,,,,-6.2,-13.07,-17.19,-13.48,-11.04,-5.13,-2.5
1998-02-01,,,,,,,0.9,-18.63,-17.36,-13.71,-11.21,-13.58,-2.53
1998-03-01,,,,,,,7.19,-15.11,-15.61,-16.39,-8.26,-13.92,-6.45
1998-04-01,,,,,,,7.75,-12.42,-44.54,-20.09,-13.56,-19.28,-5.77
1998-05-01,,,,,,,4.51,-5.39,-39.16,-20.17,-9.14,-25.0,-4.55
1998-06-01,,,,,,,-0.62,-4.41,-18.33,-26.67,-8.63,-13.75,-9.03
1998-07-01,,,,,,,7.95,-4.25,-27.47,-23.84,-5.95,-19.28,-14.02
1998-08-01,,,,,,,2.85,-7.41,-13.02,-23.91,-6.49,-12.82,-14.38
1998-09-01,,,,,,,6.06,-5.57,-22.8,-14.71,-5.35,-18.29,-9.43
1998-10-01,,,,,,,10.02,-2.9,-21.07,-17.02,-2.7,-24.68,-12.42
1998-11-01,,,,,,,1.25,-1.43,-18.66,-6.72,-3.3,-13.16,-5.84
1998-12-01,,,,,,,2.09,-6.76,-17.56,-18.39,-6.86,-9.33,-11.95
1999-01-01,,,,,,,-4.83,3.32,-7.52,-28.24,-6.16,-6.76,-14.1
1999-02-01,,,,,,,-0.23,1.46,-12.09,-16.3,-3.09,-2.86,-10.39
1999-03-01,,,,,,,-11.33,-3.4,-11.24,-22.22,-9.95,0.0,-7.59
1999-04-01,,,,,,,5.82,-3.65,31.65,-20.95,1.06,-7.46,-9.52
1999-05-01,,,,,,,-4.92,-8.26,20.89,-14.42,-4.15,8.33,-8.84
1999-06-01,,,,,,,-0.98,-14.72,-1.46,2.92,-4.2,-8.7,1.42
1999-07-01,,,,,,,1.93,-11.07,3.44,-10.84,-3.74,-13.43,-3.55
1999-08-01,,,,,,,-1.96,-7.08,-7.43,-13.69,-5.52,-4.41,-4.38
1999-09-01,,,,,,,-0.5,-7.56,-4.27,-22.6,-6.11,-10.45,-9.03
1999-10-01,,,,,,,-10.17,-3.25,-1.38,-15.62,-7.99,5.17,-5.67
1999-11-01,,,,,,,2.07,-11.16,-2.52,-22.06,-6.3,-6.06,-11.03
1999-12-01,,,,,,,2.13,-10.63,-7.94,-15.32,-6.28,-14.71,-7.86
2000-01-01,,,,,,,3.21,-12.24,-14.97,0.98,-4.48,-15.94,-2.24
2000-02-01,,,,,,,1.48,-1.75,-10.41,-21.47,-4.14,-10.29,-8.7
2000-03-01,,,,,,,12.41,-6.51,-12.14,-9.52,-0.86,-11.76,-5.22
2000-04-01,,,,,,,-9.74,-0.16,-15.35,-14.18,-8.71,-1.61,-6.77
2000-05-01,,,,,,,2.11,6.82,-13.21,-10.45,-0.66,-10.77,-5.97
2000-06-01,,,,,,,2.3,-1.13,-24.14,-22.78,-5.04,-9.52,-13.99
2000-07-01,,,,,,,-5.49,2.3,-17.41,-4.64,-4.61,3.45,-1.47
2000-08-01,,,,,,,0.16,3.78,-8.42,0.42,0.26,-3.08,-1.53
2000-09-01,,,,,,,-1.53,-4.85,-12.86,-8.89,-4.9,-13.33,-6.87
2000-10-01,,,,,,,-1.54,-6.66,-0.42,-13.4,-4.22,0.0,-4.51
2000-11-01,,,,,,,-1.95,0.85,3.73,-13.05,-1.35,-1.61,-3.88
2000-12-01,,,,,,,-6.25,13.07,-1.29,-5.59,-0.34,3.45,-3.1
2001-01-01,,,,,,,4.21,11.84,5.61,-6.24,5.52,0.0,-3.05
2001-02-01,,,,,,,9.49,-7.74,15.8,13.51,3.94,0.0,1.59
2001-03-01,,,,,,,-3.56,15.61,23.87,7.74,7.12,10.0,0.79
2001-04-01,,,,,,,18.41,7.86,18.88,18.86,14.41,-3.28,0.0
2001-05-01,,,,,,,5.34,7.01,28.4,-2.95,8.13,8.62,-3.97
2001-06-01,,,,,,,8.88,15.52,33.44,13.24,14.74,5.26,3.25
2001-07-01,,,,,,,5.76,19.9,47.44,0.57,14.55,13.33,-3.73
2001-08-01,,,,,,,16.31,15.53,46.57,20.87,20.31,9.52,3.1
2001-09-01,,,,,,,10.35,34.59,75.62,26.78,26.97,38.46,8.2
2001-10-01,,,,,,,24.59,46.81,65.21,44.98,39.03,19.67,4.72
2001-11-01,,,,,,,23.01,43.35,67.77,86.51,41.92,26.23,15.32
2001-12-01,,,,,,,22.61,53.26,91.85,75.39,46.57,36.67,16.0
2002-01-01,,,,,,,14.95,33.23,97.56,77.96,35.85,44.83,15.75
2002-02-01,,,,,,,4.67,46.09,79.41,70.03,34.92,36.07,17.19
2002-03-01,,,,,,,14.66,24.48,68.48,91.09,35.22,27.27,20.31
2002-04-01,,,,,,,-1.35,44.32,77.26,104.63,37.12,50.85,31.45
2002-05-01,,,,,,,5.26,26.36,58.84,152.24,34.9,50.79,38.84
2002-06-01,,,,,,,-3.45,31.06,68.13,131.13,29.44,83.33,33.07
2002-07-01,,,,,,,9.42,12.8,45.32,125.64,27.45,30.88,31.01
2002-08-01,,,,,,,-1.31,15.45,30.78,83.55,17.92,30.43,24.06
2002-09-01,,,,,,,-2.29,7.49,22.99,92.92,15.53,31.94,33.33
2002-10-01,,,,,,,-11.12,-0.75,18.33,81.85,7.97,31.51,33.83
2002-11-01,,,,,,,-4.53,-2.38,8.74,57.59,6.46,20.78,23.08
2002-12-01,,,,,,,-6.55,-7.44,2.2,70.87,4.63,17.07,27.59
2003-01-01,,,,,,,-6.18,-0.92,2.18,46.3,4.13,14.29,25.85
2003-02-01,,,,,,,-6.23,1.32,-6.96,53.54,4.91,14.46,23.33
2003-03-01,,,,,,,-7.91,0.16,-1.94,35.19,3.42,15.48,17.53
2003-04-01,,,,,,,-4.71,-7.35,1.86,32.26,2.83,14.61,19.02
2003-05-01,,,,,,,5.1,1.82,-0.29,22.55,6.64,4.21,13.1
2003-06-01,,,,,,,7.19,3.43,5.14,27.97,10.4,4.55,17.75
2003-07-01,,,,,,,-5.91,6.04,20.19,24.49,7.4,15.73,16.57
2003-08-01,,,,,,,-4.3,3.96,18.89,26.83,7.13,12.22,16.36
2003-09-01,,,,,,,-2.45,9.86,5.82,27.47,8.12,7.37,10.8
2003-10-01,,,,,,,-1.99,3.22,7.49,18.51,5.12,8.33,8.43
2003-11-01,,,,,,,-9.97,0.16,7.2,15.09,0.66,10.75,13.07
2003-12-01,,,,,,,-10.01,-5.18,6.53,0.36,-3.74,8.33,7.03
2004-01-01,,,,,,,-5.99,-8.25,3.42,8.58,-1.76,10.42,7.57
2004-02-01,,,,,,,-13.33,-6.7,7.32,-0.43,-5.23,7.37,8.65
2004-03-01,,,,,,,-6.85,-5.18,-2.35,10.29,-1.13,5.15,9.39
2004-04-01,,,,,,,-0.5,-9.81,-17.95,-6.33,-7.6,-6.86,1.03
2004-05-01,,,,,,,-8.87,-9.62,-6.12,-6.74,-8.32,0.0,4.21
2004-06-01,,,,,,,-7.88,-13.04,-11.63,-12.05,-10.58,-4.35,3.02
2004-07-01,,,,,,,3.68,-8.87,-25.53,-14.76,-9.71,-13.59,-4.57
2004-08-01,,,,,,,-5.03,-2.36,-22.74,-17.79,-10.18,-8.91,-2.08
2004-09-01,,,,,,,2.0,-17.98,-17.87,-15.49,-11.14,-5.88,-0.51
2004-10-01,,,,,,,0.81,-11.18,-12.6,-11.33,-7.68,-8.65,1.04
2004-11-01,,,,,,,-0.68,-6.78,-11.03,-15.15,-7.51,-5.83,-1.01
2004-12-01,,,,,,,8.38,-7.62,-11.22,-14.4,-4.61,-8.65,-2.02
2005-01-01,,,,,,,-1.86,-3.0,-17.21,-13.76,-7.0,-11.32,-2.01
2005-02-01,,,,,,,13.36,-3.74,-8.91,-12.28,-2.29,-9.8,-4.98
2005-03-01,,,,,,,-5.84,-4.35,-13.07,-16.29,-8.88,-8.82,-1.52
2005-04-01,,,,,,,-3.31,-4.62,-8.32,-10.86,-6.1,-5.26,0.0
2005-05-01,,,,,,,1.14,-6.18,-12.19,-14.51,-6.83,-8.08,-6.06
2005-06-01,,,,,,,-0.67,-1.09,-19.78,-25.55,-9.2,-18.18,-12.68
2005-07-01,,,,,,,-8.94,-0.67,-13.66,-17.91,-8.97,-1.12,-6.38
2005-08-01,,,,,,,-3.38,-10.11,-3.73,-14.21,-8.07,0.0,-2.13
2005-09-01,,,,,,,0.18,0.79,-9.18,-15.45,-4.72,-12.5,-7.73
2005-10-01,,,,,,,-0.48,-0.3,-17.94,-18.13,-7.54,-9.47,-8.21
2005-11-01,,,,,,,7.01,-2.44,-11.29,-19.51,-4.61,-12.37,-11.17
2005-12-01,,,,,,,-6.5,-0.84,-15.78,-17.97,-8.26,-8.42,-9.79
2006-01-01,,,,,,,-4.1,-4.53,-8.56,-29.0,-9.25,-8.51,-13.33
2006-02-01,,,,,,,-6.26,-10.96,-5.76,-17.08,-9.97,-1.09,-6.81
2006-03-01,,,,,,,7.09,-14.13,-8.04,-21.14,-8.6,-6.45,-12.31
2006-04-01,,,,,,,-0.86,-6.42,-4.4,-17.28,-7.19,-6.67,-14.8
2006-05-01,,,,,,,-7.59,-1.88,-15.37,-13.33,-8.77,-6.59,-8.06
2006-06-01,,,,,,,1.73,-12.07,-4.66,-16.73,-6.95,-18.89,-7.26
2006-07-01,,,,,,,5.96,-10.22,-7.68,-5.51,-3.12,-9.09,-2.84
2006-08-01,,,,,,,1.28,-2.52,-14.99,-7.18,-3.46,-8.7,-7.07
2006-09-01,,,,,,,-5.61,-10.51,-10.2,-13.48,-9.35,-4.76,-4.47
2006-10-01,,,,,,,-3.79,-8.41,-8.04,-24.19,-9.74,-8.14,-8.94
2006-11-01,,,,,,,-11.05,-3.07,-7.89,-17.45,-9.17,-2.35,-7.43
2006-12-01,,,,,,,0.31,-8.98,-7.74,-19.4,-7.1,-13.79,-8.0
2007-01-01,,,,,,,1.35,3.33,-7.73,-2.48,0.74,-3.49,-3.55
2007-02-01,,,,,,,-0.12,3.83,-19.5,-7.48,-3.58,-6.59,-6.18
2007-03-01,,,,,,,-13.24,6.95,-5.08,-4.89,-4.82,4.6,4.09
2007-04-01,,,,,,,-7.84,1.68,5.19,-9.39,-3.79,2.38,1.2
2007-05-01,,,,,,,-3.18,-0.27,13.52,-15.08,-3.07,-3.53,-2.92
2007-06-01,,,,,,,-5.69,2.79,15.89,-0.17,-0.31,5.48,-0.6
2007-07-01,,,,,,,-8.05,3.62,8.82,-1.0,-0.36,8.75,0.58
2007-08-01,,,,,,,0.42,-4.01,10.03,-4.59,-0.34,4.76,-0.58
2007-09-01,,,,,,,-1.96,11.64,10.65,1.53,4.72,8.75,-4.68
2007-10-01,,,,,,,-2.71,18.97,1.93,20.41,7.58,6.33,4.29
2007-11-01,,,,,,,5.34,1.31,-3.5,21.49,5.36,3.61,6.79
2007-12-01,,,,,,,4.7,16.07,18.89,21.13,13.06,12.0,3.11
2008-01-01,,,,,,,-0.27,6.13,13.5,21.65,8.0,8.43,7.36
2008-02-01,,,,,,,3.07,9.32,16.01,6.41,8.23,2.35,1.2
2008-03-01,,,,,,,22.37,18.66,15.64,6.27,16.21,-4.4,-7.3
2008-04-01,,,,,,,1.51,18.18,22.23,13.76,11.49,9.3,0.0
2008-05-01,,,,,,,33.04,13.42,10.82,37.9,24.08,-3.66,0.0
2008-06-01,,,,,,,7.92,41.33,17.49,37.88,22.87,16.88,3.64
2008-07-01,,,,,,,14.07,28.6,35.14,28.89,25.01,11.49,-1.16
2008-08-01,,,,,,,24.56,27.92,43.09,49.76,33.55,10.23,4.12
2008-09-01,,,,,,,11.38,32.42,46.56,60.36,32.41,17.24,14.11
2008-10-01,,,,,,,24.56,22.1,70.49,75.65,39.2,23.81,17.06
2008-11-01,,,,,,,26.09,45.47,71.77,61.5,45.55,13.95,9.25
2008-12-01,,,,,,,19.76,47.22,64.49,97.13,47.63,25.0,19.88
2009-01-01,,,,,,,37.98,52.2,79.25,94.45,56.9,18.89,13.14
2009-02-01,,,,,,,30.04,66.08,120.07,125.66,72.04,34.48,19.53
2009-03-01,,,,,,,22.74,62.48,124.74,146.41,71.64,41.38,26.67
2009-04-01,,,,,,,33.89,60.76,100.46,173.47,81.39,39.36,28.4
2009-05-01,,,,,,,-0.98,80.05,150.12,154.52,72.71,79.75,34.94
2009-06-01,,,,,,,13.11,34.35,160.88,175.95,71.51,91.11,39.77
2009-07-01,,,,,,,9.92,23.72,101.59,195.49,63.38,64.95,47.65
2009-08-01,,,,,,,-9.71,42.39,79.6,169.94,56.96,68.04,42.94
2009-09-01,,,,,,,-0.25,24.38,81.86,171.04,58.09,74.51,43.01
2009-10-01,,,,,,,1.67,16.27,75.79,147.5,52.39,81.73,38.19
2009-11-01,,,,,,,-15.56,6.04,67.08,166.25,44.42,102.04,52.91
2009-12-01,,,,,,,-11.55,-1.17,40.08,134.56,33.78,91.43,49.25
2010-01-01,,,,,,,-17.11,-7.43,24.65,134.12,24.78,86.92,53.03
2010-02-01,,,,,,,-18.64,-13.87,13.72,104.37,17.17,70.09,47.52
2010-03-01,,,,,,,-20.09,-20.09,-3.16,100.77,13.23,65.85,51.2
2010-04-01,,,,,,,-18.36,-25.42,-11.54,81.24,10.63,68.7,53.46
2010-05-01,,,,,,,-14.57,-29.86,-25.88,67.08,2.41,57.04,51.79
2010-06-01,,,,,,,-13.84,-22.04,-34.52,52.29,-1.58,46.51,44.35
2010-07-01,,,,,,,-10.55,-15.21,-24.46,32.32,-0.61,39.38,35.06
2010-08-01,,,,,,,-9.15,-10.01,-22.54,24.26,-1.12,28.83,33.2
2010-09-01,,,,,,,-0.77,-12.37,-21.22,12.18,-2.86,14.04,25.56
2010-10-01,,,,,,,-17.62,-5.83,-20.59,10.35,-5.45,12.17,23.64
2010-11-01,,,,,,,3.41,-3.93,-16.75,7.08,-0.91,6.06,17.3
2010-12-01,,,,,,,-6.46,-8.33,-21.83,5.01,-4.97,8.96,16.84
2011-01-01,,,,,,,-8.05,-10.53,-13.83,-2.28,-6.87,7.5,22.77
2011-02-01,,,,,,,-12.04,-8.02,-18.22,-3.87,-8.56,6.03,25.5
2011-03-01,,,,,,,-8.45,-9.53,-18.92,-6.72,-9.64,5.39,23.73
2011-04-01,,,,,,,2.28,-3.21,-10.3,-12.87,-8.93,-5.43,16.22
2011-05-01,,,,,,,-3.79,-7.16,-9.2,-7.31,-6.69,-3.14,16.47
2011-06-01,,,,,,,9.32,-5.44,-18.08,-5.31,-3.54,-11.11,15.65
2011-07-01,,,,,,,-6.2,-1.38,-10.24,-4.78,-5.16,-1.35,20.06
2011-08-01,,,,,,,-0.79,-15.42,1.71,-3.37,-5.67,6.67,20.18
2011-09-01,,,,,,,-2.31,-12.91,-12.18,2.29,-4.33,8.37,20.96
2011-10-01,,,,,,,0.49,-2.84,-17.72,-6.25,-6.35,-2.83,13.82
2011-11-01,,,,,,,-12.23,-12.29,-15.23,-9.93,-11.8,-0.95,18.58
2011-12-01,,,,,,,-0.56,-9.34,-7.59,-13.11,-8.75,-6.39,16.43
2012-01-01,,,,,,,-7.89,-4.12,-11.77,-11.32,-8.68,-3.26,8.06
2012-02-01,,,,,,,5.71,-8.66,-10.2,-11.03,-7.29,-6.64,6.15
2012-03-01,,,,,,,6.82,-6.44,-5.87,-14.23,-7.45,-10.7,0.51
2012-04-01,,,,,,,-5.85,-3.65,-7.18,-13.38,-9.39,-8.61,1.29
2012-05-01,,,,,,,-4.42,3.55,-17.64,-12.22,-8.63,-7.87,0.0
2012-06-01,,,,,,,-6.34,-6.06,-2.89,-13.75,-9.1,-8.93,1.0
2012-07-01,,,,,,,1.14,1.81,-10.54,-15.9,-8.04,-20.45,-3.44
2012-08-01,,,,,,,5.06,-5.96,-16.05,-16.63,-9.75,-17.86,-2.22
2012-09-01,,,,,,,-7.84,-2.15,-7.41,-22.1,-13.14,-14.55,-1.49
2012-10-01,,,,,,,-1.24,-12.03,-8.55,-14.56,-10.81,-3.4,2.33
2012-11-01,,,,,,,2.5,-4.7,-13.14,-15.67,-9.75,-10.58,-2.99
2012-12-01,,,,,,,2.91,0.97,-5.0,-14.64,-6.07,-13.66,-6.93
2013-01-01,,,,,,,12.37,7.12,-3.37,-14.52,-2.55,-24.04,-11.44
2013-02-01,,,,,,,3.95,-1.72,-13.9,-10.51,-6.74,-12.69,-8.31
2013-03-01,,,,,,,-9.08,1.36,-5.67,-12.85,-8.05,-8.33,-5.85
2013-04-01,,,,,,,-5.22,1.04,0.67,-12.94,-7.01,-10.47,-6.89
2013-05-01,,,,,,,4.86,-12.48,17.51,-19.51,-7.95,-14.07,-7.07
2013-06-01,,,,,,,-2.44,1.6,3.25,-19.49,-7.41,-16.67,-9.68
2013-07-01,,,,,,,-6.35,-7.24,1.02,-18.27,-10.44,-7.43,-5.09
2013-08-01,,,,,,,-11.1,-4.38,-9.15,-14.8,-9.56,-10.33,-5.05
2013-09-01,,,,,,,2.6,-4.54,-3.54,-15.86,-6.97,-12.23,-6.03
2013-10-01,,,,,,,7.13,-7.69,-3.29,-19.33,-8.15,-18.09,-11.36
2013-11-01,,,,,,,-8.05,-6.84,-2.87,-15.88,-10.15,-8.06,-6.15
2013-12-01,,,,,,,-15.53,-12.27,-9.94,-18.98,-15.4,-2.26,-2.93
2014-01-01,,,,,,,-11.04,-21.96,-10.31,-22.94,-18.19,-2.53,-1.4
2014-02-01,,,,,,,-12.42,-7.47,-8.21,-19.36,-13.4,-7.56,0.27
2014-03-01,,,,,,,-1.18,-9.38,-6.5,-18.83,-11.2,-10.23,-4.59
2014-04-01,,,,,,,-2.53,-18.26,-23.09,-22.14,-17.5,-8.19,-4.38
2014-05-01,,,,,,,-3.29,-10.41,-28.25,-22.71,-15.4,-14.62,-6.52
2014-06-01,,,,,,,-9.81,-14.87,-19.88,-28.45,-19.5,-18.82,-6.87
2014-07-01,,,,,,,4.33,-12.86,-17.53,-26.35,-15.24,-19.14,-12.33
2014-08-01,,,,,,,5.86,-11.12,-10.2,-31.15,-14.89,-21.82,-14.89
2014-09-01,,,,,,,-9.18,-4.87,-19.98,-28.65,-17.82,-18.79,-14.71
2014-10-01,,,,,,,-11.65,-12.85,-19.4,-28.13,-19.27,-16.56,-7.98
2014-11-01,,,,,,,2.7,-7.08,-17.4,-30.03,-15.73,-23.98,-10.66
2014-12-01,,,,,,,1.8,-8.84,-24.22,-27.54,-16.21,-25.43,-10.41
2015-01-01,,,,,,,-3.23,-4.61,-18.81,-23.09,-12.91,-14.29,-8.83
2015-02-01,,,,,,,0.67,-13.59,-17.77,-29.74,-16.91,-18.87,-14.52
2015-03-01,,,,,,,0.45,-10.04,-27.24,-31.37,-17.97,-24.05,-13.6
2015-04-01,,,,,,,12.05,-1.35,-27.36,-26.42,-11.87,-26.75,-11.46
2015-05-01,,,,,,,-4.45,6.49,-11.86,-25.51,-10.4,-20.55,-10.76
2015-06-01,,,,,,,-4.47,-1.28,-6.99,-30.62,-12.82,-14.49,-16.22
2015-07-01,,,,,,,-1.04,-7.88,-14.62,-32.17,-15.0,-16.79,-14.07
2015-08-01,,,,,,,-20.88,-2.51,-14.81,-26.57,-16.74,-9.3,-11.25
2015-09-01,,,,,,,-0.04,-11.17,-14.19,-28.87,-14.63,-15.67,-19.44
2015-10-01,,,,,,,-4.89,-1.0,-13.43,-26.35,-11.88,-16.91,-14.86
2015-11-01,,,,,,,-3.72,-4.45,-9.07,-26.66,-11.99,-15.38,-14.68
2015-12-01,,,,,,,1.22,-5.56,-2.99,-24.01,-9.29,-14.73,-14.68
2016-01-01,,,,,,,-9.49,-1.25,-17.5,-24.98,-14.16,-14.39,-9.06
2016-02-01,,,,,,,-6.56,-2.28,-12.75,-19.11,-10.43,-12.4,-5.77
2016-03-01,,,,,,,-1.02,-5.9,-7.79,-12.23,-6.51,-5.83,-7.21
2016-04-01,,,,,,,-4.49,-9.08,10.82,-16.13,-5.65,-3.48,-9.71
2016-05-01,,,,,,,-8.38,-9.8,-12.74,-23.09,-13.38,-7.76,-12.38
2016-06-01,,,,,,,3.77,-8.39,-20.1,-8.14,-6.1,-8.47,-1.41
2016-07-01,,,,,,,-14.41,2.7,-3.09,-8.65,-6.44,1.83,-1.07
2016-08-01,,,,,,,10.23,0.99,-14.73,-9.3,-2.6,-8.55,-4.23
2016-09-01,,,,,,,9.98,0.62,-4.05,-7.82,0.58,-9.73,3.11
2016-10-01,,,,,,,2.61,-0.18,-1.82,-8.64,-1.4,-10.62,-3.27
2016-11-01,,,,,,,0.92,-5.79,-12.96,-10.08,-5.59,-6.36,-7.17
2016-12-01,,,,,,,-1.88,-3.38,0.73,-12.55,-4.88,-3.64,-5.73
2017-01-01,,,,,,,11.91,-11.18,5.37,-10.33,-2.08,-8.85,-13.06
2017-02-01,,,,,,,12.35,-2.65,-11.26,-16.14,-4.19,-10.62,-13.27
2017-03-01,,,,,,,-3.8,-4.47,-10.8,-24.83,-11.15,-8.85,-11.31
2017-04-01,,,,,,,-10.41,-2.91,-19.02,-20.4,-12.12,-10.81,-13.62
2017-05-01,,,,,,,-6.54,-12.99,-1.92,-10.6,-8.52,-1.87,-8.18
2017-06-01,,,,,,,-3.13,-12.35,-17.99,-16.72,-11.25,-7.41,-12.14
2017-07-01,,,,,,,-5.81,-11.22,-16.69,-11.48,-9.8,-8.11,-11.51
2017-08-01,,,,,,,-1.18,-12.2,1.19,-14.37,-9.02,-3.74,-11.76
2017-09-01,,,,,,,-13.65,-16.74,-13.51,-12.93,-13.82,-0.98,-1.51
2017-10-01,,,,,,,-12.65,-13.73,-22.27,-17.32,-14.22,-3.96,-1.5
2017-11-01,,,,,,,-5.24,-12.81,-10.92,-14.8,-10.31,-4.85,-0.77
2017-12-01,,,,,,,-4.97,-7.13,-24.9,-18.49,-11.82,-12.26,-7.98
2018-01-01,,,,,,,-8.66,-6.83,-20.47,-21.38,-13.11,-5.83,-4.35
2018-02-01,,,,,,,-1.67,-11.09,-15.41,-20.58,-10.81,-8.91,-10.2
2018-03-01,,,,,,,-1.03,-3.33,-22.36,-19.8,-8.5,-14.56,-4.38
2018-04-01,,,,,,,-7.83,-3.67,-9.3,-19.54,-8.89,-3.03,-6.64
2018-05-01,,,,,,,-5.62,-1.42,-13.02,-28.36,-11.49,-12.38,-14.57
2018-06-01,,,,,,,-2.24,-3.07,-3.82,-15.11,-6.2,-10.0,-15.45
2018-07-01,,,,,,,-5.16,-10.96,-1.18,-17.67,-10.11,-3.92,-6.1
2018-08-01,,,,,,,-0.75,-16.22,-10.12,-23.71,-13.08,-9.71,-6.67
2018-09-01,,,,,,,-7.62,-9.13,-8.59,-19.73,-11.39,-8.91,-7.28
2018-10-01,,,,,,,-3.34,-6.17,-0.54,-16.22,-7.3,-3.09,-11.83
2018-11-01,,,,,,,-4.83,-4.19,-8.41,-22.72,-9.73,-9.18,-14.01
2018-12-01,,,,,,,-3.93,3.41,0.21,-13.85,-3.66,3.23,-9.5
2019-01-01,,,,,,,5.51,4.49,-7.46,-12.27,-0.22,-2.06,-15.29
2019-02-01,,,,,,,-8.79,-6.39,2.41,-10.41,-6.76,4.35,-4.8
2019-03-01,,,,,,,-5.6,-6.99,13.96,-6.02,-4.17,9.09,-7.5
2019-04-01,,,,,,,-8.22,-5.97,-11.82,-10.55,-7.71,-4.17,0.0
2019-05-01,,,,,,,5.86,-20.19,-16.15,5.35,-4.29,0.0,13.74
2019-06-01,,,,,,,-16.75,-3.22,-5.22,-5.06,-7.94,6.67,3.85
2019-07-01,,,,,,,7.22,1.5,-10.74,-13.35,-2.16,-9.18,-15.15
2019-08-01,,,,,,,1.2,-1.16,-14.87,-2.33,-3.43,-6.45,-2.23
2019-09-01,,,,,,,-10.85,0.69,-9.62,-0.96,-5.27,0.0,-7.02
2019-10-01,,,,,,,-6.47,-4.35,-0.54,-4.23,-5.47,-4.26,-3.03
2019-11-01,,,,,,,-4.66,-4.76,-1.88,-1.63,-4.04,0.0,-8.14
2019-12-01,,,,,,,-2.75,-12.25,-11.24,-9.04,-8.39,-5.21,-5.48
2020-01-01,,,,,,,-12.24,-11.52,0.68,-8.62,-9.36,5.26,6.83
2020-02-01,,,,,,,-7.28,0.45,-11.74,-13.48,-6.24,-2.08,-5.5
2020-03-01,,,,,,,57.41,-0.91,-13.47,-9.81,16.19,-37.5,-23.42
2020-04-01,,,,,,,625.48,276.85,-0.13,-26.02,287.25,-76.09,-68.0
2020-05-01,,,,,,,82.92,855.23,35.33,-11.7,252.93,-16.3,-56.25
2020-06-01,,,,,,,54.0,538.34,129.58,1.65,197.42,39.58,-33.33
2020-07-01,,,,,,,48.82,180.99,620.27,25.84,169.79,65.17,-13.27
2020-08-01,,,,,,,2.12,81.58,668.12,29.83,126.43,86.21,-9.13
2020-09-01,,,,,,,38.29,56.91,481.32,82.74,118.22,90.22,-4.44
2020-10-01,,,,,,,29.03,33.07,186.89,178.16,88.59,111.11,-1.79
2020-11-01,,,,,,,20.51,41.78,112.63,224.83,82.24,105.62,14.78
2020-12-01,,,,,,,39.38,31.39,89.87,233.92,84.01,84.62,12.08
2021-01-01,,,,,,,11.07,42.24,51.75,243.45,74.82,60.0,18.72
2021-02-01,,,,,,,4.45,23.88,75.41,273.78,74.05,95.74,33.98
2021-03-01,,,,,,,-36.82,6.78,78.57,266.32,35.61,238.33,74.12
2021-04-01,,,,,,,-83.05,-72.09,59.46,348.24,-57.75,818.18,294.44
2021-05-01,,,,,,,-48.38,-85.32,22.53,223.98,-55.76,153.25,182.86
2021-06-01,,,,,,,-30.53,-81.1,-30.62,194.39,-46.29,47.76,122.22
2021-07-01,,,,,,,-28.44,-63.87,-82.1,124.81,-46.61,0.0,75.29
2021-08-01,,,,,,,-10.62,-37.49,-82.02,94.91,-38.57,-12.35,47.74
2021-09-01,,,,,,,-11.42,-37.37,-79.81,10.92,-39.38,-24.57,32.56
2021-10-01,,,,,,,-16.45,-19.94,-63.05,-34.09,-34.37,-34.74,21.82
2021-11-01,,,,,,,-20.47,-31.23,-53.39,-44.5,-37.08,-32.24,24.03
2021-12-01,,,,,,,-31.38,-31.57,-49.87,-49.76,-40.45,-32.14,20.69
2022-01-01,,,,,,,7.99,-34.75,-37.07,-58.83,-36.33,-38.12,-5.77
2022-02-01,,,,,,,-3.39,-20.05,-46.53,-59.15,-36.85,-45.65,-4.35
2022-03-01,,,,,,,5.64,-13.55,-55.71,-66.81,-38.26,-56.65,-18.24
2022-04-01,,,,,,,-5.38,-19.32,-49.08,-66.09,-38.54,-57.92,-12.68
2022-05-01,,,,,,,1.55,-19.33,-42.62,-64.96,-35.43,-53.33,-24.24
2022-06-01,,,,,,,12.72,-29.94,-43.38,-66.01,-36.98,-59.6,-30.31
2022-07-01,,,,,,,-7.08,0.54,-39.9,-67.91,-33.91,-43.54,-25.84
2022-08-01,,,,,,,5.07,-4.43,-30.68,-61.58,-28.54,-39.44,-24.15
2022-09-01,,,,,,,-3.44,-6.01,-14.0,-58.85,-24.48,-38.64,-29.12
2022-10-01,,,,,,,6.76,-3.84,-21.13,-48.88,-18.14,-34.68,-22.76
2022-11-01,,,,,,,13.07,-0.95,-10.13,-43.02,-12.05,-32.26,-25.61
2022-12-01,,,,,,,12.31,3.18,3.55,-46.21,-9.85,-28.95,-30.71
2023-01-01,,,,,,,-21.43,11.75,8.38,-34.22,-11.68,-3.03,-16.73
2023-02-01,,,,,,,6.83,3.97,10.54,-37.35,-5.31,-11.0,-26.52
2023-03-01,,,,,,,-1.23,2.35,28.55,-23.02,-2.88,-4.55,-19.42
2023-04-01,,,,,,,-17.79,19.23,22.68,-22.2,-4.14,2.35,-15.73
2023-05-01,,,,,,,2.32,6.05,22.25,-11.6,1.76,0.0,-5.78
2023-06-01,,,,,,,-7.59,20.25,19.26,-17.26,0.17,8.75,-7.17
2023-07-01,,,,,,,-4.26,-5.99,37.64,6.82,2.65,7.23,-6.79
2023-08-01,,,,,,,0.18,4.74,14.06,11.29,6.19,3.49,-8.52
2023-09-01,,,,,,,-4.48,26.15,20.73,11.2,9.17,12.35,5.94
2023-10-01,,,,,,,3.66,1.77,34.12,9.67,8.64,6.17,3.86
2023-11-01,,,,,,,-7.99,23.83,22.91,-6.04,5.2,5.95,-9.77
2023-12-01,,,,,,,-1.07,9.18,30.6,18.75,9.48,16.05,14.43
2024-01-01,,,,,,,10.51,3.36,-4.79,16.91,7.02,-2.08,2.45
2024-02-01,,,,,,,2.93,5.4,19.07,14.78,8.33,3.37,7.73
2024-03-01,,,,,,,-3.1,13.2,23.59,17.99,11.3,13.1,10.77
2024-04-01,,,,,,,21.58,3.74,13.74,16.08,12.86,1.15,-4.31
2024-05-01,,,,,,,10.99,2.74,6.25,17.81,8.93,0.0,0.47
2024-06-01,,,,,,,2.38,15.04,19.04,36.72,14.97,12.64,0.0
2024-07-01,,,,,,,17.71,24.08,12.32,29.16,19.84,6.74,0.0
2024-08-01,,,,,,,12.12,5.2,24.97,12.94,12.56,7.87,2.94
2024-09-01,,,,,,,3.64,-3.59,9.12,29.9,9.16,9.89,5.61
2024-10-01,,,,,,,-7.63,13.41,19.49,20.87,7.55,18.6,6.51
2024-11-01,,,,,,,6.36,0.1,26.78,41.6,13.86,20.22,22.16
2024-12-01,,,,,,,-2.07,11.46,12.65,21.84,9.34,8.51,6.76
2025-01-01,,,,,,,7.35,4.15,32.49,13.29,11.17,7.45,5.26
2025-02-01,,,,,,,0.73,11.85,6.06,19.85,9.53,7.61,2.39
2025-03-01,,,,,,,8.05,9.17,2.54,19.06,9.37,2.11,6.02
2025-04-01,,,,,,,-4.07,14.94,12.08,33.87,10.31,15.91,16.0
2025-05-01,,,,,,,6.69,15.34,7.53,7.96,9.37,4.4,2.82
2025-06-01,,,,,,,4.59,0.85,-0.47,7.63,2.51,3.06,11.59
2025-07-01,,,,,,,-2.08,-6.38,8.36,18.54,2.45,7.37,16.5
2025-08-01,,,,,,,1.31,0.68,-9.08,25.26,4.49,3.13,16.67
2025-09-01,,,,,,,3.09,20.33,14.31,12.59,11.04,1.0,6.64
2025-11-01,,,,,,,15.88,6.31,-3.33,15.69,9.76,-8.41,-2.53
2025-12-01,,,,,,,5.24,2.73,-0.58,25.6,8.42,11.76,2.95
2026-01-01,,,,,,,-5.5,9.97,3.8,25.12,7.33,8.91,7.73
2026-02-01,,,,,,,-0.64,-3.84,16.75,29.98,6.57,12.12,20.09
