date,Median Existing-Home Price / Median Household Income
1984-01-01,3.153
1984-02-01,3.185
1984-03-01,3.202
1984-04-01,3.216
1984-05-01,3.243
1984-06-01,3.274
1984-07-01,3.31
1984-08-01,3.278
1984-09-01,3.207
1984-10-01,3.207
1984-11-01,3.207
1984-12-01,3.216
1985-01-01,3.124
1985-02-01,3.133
1985-03-01,3.158
1985-04-01,3.167
1985-05-01,3.184
1985-06-01,3.239
1985-07-01,3.247
1985-08-01,3.268
1985-09-01,3.213
1985-10-01,3.184
1985-11-01,3.171
1985-12-01,3.196
1986-01-01,3.096
1986-02-01,3.108
1986-03-01,3.205
1986-04-01,3.221
1986-05-01,3.341
1986-06-01,3.317
1986-07-01,3.209
1986-08-01,3.293
1986-09-01,3.225
1986-10-01,3.189
1986-11-01,3.229
1986-12-01,3.245
1987-01-01,3.181
1987-02-01,3.285
1987-03-01,3.269
1987-04-01,3.3
1987-05-01,3.3
1987-06-01,3.296
1987-07-01,3.388
1987-08-01,3.319
1987-09-01,3.281
1987-10-01,3.246
1987-11-01,3.262
1987-12-01,3.277
1988-01-01,3.235
1988-02-01,3.265
1988-03-01,3.265
1988-04-01,3.232
1988-05-01,3.29
1988-06-01,3.313
1988-07-01,3.331
1988-08-01,3.36
1988-09-01,3.25
1988-10-01,3.265
1988-11-01,3.25
1988-12-01,3.257
1989-01-01,2.982
1989-02-01,3.044
1989-03-01,3.051
1989-04-01,3.075
1989-05-01,3.068
1989-06-01,3.099
1989-07-01,3.141
1989-08-01,3.189
1989-09-01,3.12
1989-10-01,3.085
1989-11-01,3.148
1989-12-01,3.113
1990-01-01,3.039
1990-02-01,3.043
1990-03-01,3.1
1990-04-01,3.09
1990-05-01,3.059
1990-06-01,3.196
1990-07-01,3.173
1990-08-01,3.09
1990-09-01,3.066
1990-10-01,2.996
1990-11-01,2.976
1990-12-01,2.973
1991-01-01,3.083
1991-02-01,3.057
1991-03-01,3.173
1991-04-01,3.226
1991-05-01,3.239
1991-06-01,3.279
1991-07-01,3.342
1991-08-01,3.292
1991-09-01,3.223
1991-10-01,3.206
1991-11-01,3.173
1991-12-01,3.233
1992-01-01,3.205
1992-02-01,3.225
1992-03-01,3.26
1992-04-01,3.241
1992-05-01,3.238
1992-06-01,3.306
1992-07-01,3.244
1992-08-01,3.283
1992-09-01,3.251
1992-10-01,3.264
1992-11-01,3.238
1992-12-01,3.254
1993-01-01,3.143
1993-02-01,3.127
1993-03-01,3.198
1993-04-01,3.233
1993-05-01,3.262
1993-06-01,3.393
1993-07-01,3.361
1993-08-01,3.374
1993-09-01,3.335
1993-10-01,3.319
1993-11-01,3.329
1993-12-01,3.348
1994-01-01,3.252
1994-02-01,3.205
1994-03-01,3.236
1994-04-01,3.277
1994-05-01,3.314
1994-06-01,3.425
1994-07-01,3.397
1994-08-01,3.425
1994-09-01,3.311
1994-10-01,3.295
1994-11-01,3.298
1994-12-01,3.323
1995-01-01,3.096
1995-02-01,3.06
1995-03-01,3.093
1995-04-01,3.099
1995-05-01,3.146
1995-06-01,3.327
1995-07-01,3.339
1995-08-01,3.377
1995-09-01,3.304
1995-10-01,3.263
1995-11-01,3.283
1995-12-01,3.278
1996-01-01,3.184
1996-02-01,3.13
1996-03-01,3.19
1996-04-01,3.215
1996-05-01,3.243
1996-06-01,3.373
1996-07-01,3.342
1996-08-01,3.345
1996-09-01,3.266
1996-10-01,3.229
1996-11-01,3.257
1996-12-01,3.294
1997-01-01,3.178
1997-02-01,3.118
1997-03-01,3.178
1997-04-01,3.205
1997-05-01,3.267
1997-06-01,3.364
1997-07-01,3.356
1997-08-01,3.394
1997-09-01,3.345
1997-10-01,3.299
1997-11-01,3.307
1997-12-01,3.348
1998-01-01,3.196
1998-02-01,3.147
1998-03-01,3.204
1998-04-01,3.235
1998-05-01,3.314
1998-06-01,3.376
1998-07-01,3.392
1998-08-01,3.363
1998-09-01,3.327
1998-10-01,3.294
1998-11-01,3.327
1998-12-01,3.304
1999-01-01,3.292
1999-02-01,3.219
1999-03-01,3.292
1999-04-01,3.292
1999-05-01,3.366
1999-06-01,3.489
1999-07-01,3.44
1999-08-01,3.464
1999-09-01,3.44
1999-10-01,3.366
1999-11-01,3.391
1999-12-01,3.391
2000-01-01,3.263
2000-02-01,3.263
2000-03-01,3.31
2000-04-01,3.334
2000-05-01,3.382
2000-06-01,3.453
2000-07-01,3.501
2000-08-01,3.477
2000-09-01,3.501
2000-10-01,3.382
2000-11-01,3.429
2000-12-01,3.453
2001-01-01,3.363
2001-02-01,3.386
2001-03-01,3.481
2001-04-01,3.481
2001-05-01,3.552
2001-06-01,3.718
2001-07-01,3.694
2001-08-01,3.718
2001-09-01,3.623
2001-10-01,3.552
2001-11-01,3.599
2001-12-01,3.765
2002-01-01,3.678
2002-02-01,3.655
2002-03-01,3.726
2002-04-01,3.749
2002-05-01,3.82
2002-06-01,4.032
2002-07-01,3.985
2002-08-01,3.938
2002-09-01,3.891
2002-10-01,3.914
2002-11-01,3.961
2002-12-01,4.032
2003-01-01,3.855
2003-02-01,3.832
2003-03-01,3.901
2003-04-01,3.97
2003-05-01,4.04
2003-06-01,4.247
2003-07-01,4.247
2003-08-01,4.247
2003-09-01,4.178
2003-10-01,4.155
2003-11-01,4.132
2003-12-01,4.271
2004-01-01,4.038
2004-02-01,4.083
2004-03-01,4.128
2004-04-01,4.218
2004-05-01,4.354
2004-06-01,4.557
2004-07-01,4.534
2004-08-01,4.467
2004-09-01,4.467
2004-10-01,4.421
2004-11-01,4.489
2004-12-01,4.534
2005-01-01,4.252
2005-02-01,4.295
2005-03-01,4.382
2005-04-01,4.619
2005-05-01,4.684
2005-06-01,4.943
2005-07-01,4.921
2005-08-01,4.943
2005-09-01,4.856
2005-10-01,4.943
2005-11-01,4.856
2005-12-01,4.792
2006-01-01,4.508
2006-02-01,4.473
2006-03-01,4.519
2006-04-01,4.616
2006-05-01,4.741
2006-06-01,4.759
2006-07-01,4.778
2006-08-01,4.649
2006-09-01,4.581
2006-10-01,4.539
2006-11-01,4.515
2006-12-01,4.602
2007-01-01,4.201
2007-02-01,4.254
2007-03-01,4.332
2007-04-01,4.372
2007-05-01,4.434
2007-06-01,4.559
2007-07-01,4.547
2007-08-01,4.471
2007-09-01,4.191
2007-10-01,4.115
2007-11-01,4.157
2007-12-01,4.119
2008-01-01,3.972
2008-02-01,3.891
2008-03-01,3.978
2008-04-01,3.996
2008-05-01,4.129
2008-06-01,4.276
2008-07-01,4.181
2008-08-01,4.034
2008-09-01,3.797
2008-10-01,3.708
2008-11-01,3.581
2008-12-01,3.493
2009-01-01,3.307
2009-02-01,3.379
2009-03-01,3.413
2009-04-01,3.347
2009-05-01,3.509
2009-06-01,3.652
2009-07-01,3.642
2009-08-01,3.562
2009-09-01,3.538
2009-10-01,3.459
2009-11-01,3.415
2009-12-01,3.429
2010-01-01,3.346
2010-02-01,3.34
2010-03-01,3.442
2010-04-01,3.496
2010-05-01,3.543
2010-06-01,3.711
2010-07-01,3.695
2010-08-01,3.598
2010-09-01,3.478
2010-10-01,3.462
2010-11-01,3.454
2010-12-01,3.425
2011-01-01,3.155
2011-02-01,3.119
2011-03-01,3.193
2011-04-01,3.219
2011-05-01,3.383
2011-06-01,3.508
2011-07-01,3.421
2011-08-01,3.421
2011-09-01,3.303
2011-10-01,3.213
2011-11-01,3.277
2011-12-01,3.241
2012-01-01,3.03
2012-02-01,3.05
2012-03-01,3.23
2012-04-01,3.405
2012-05-01,3.534
2012-06-01,3.701
2012-07-01,3.681
2012-08-01,3.624
2012-09-01,3.495
2012-10-01,3.467
2012-11-01,3.516
2012-12-01,3.532
2013-01-01,3.183
2013-02-01,3.232
2013-03-01,3.433
2013-04-01,3.579
2013-05-01,3.79
2013-06-01,3.993
2013-07-01,3.963
2013-08-01,3.913
2013-09-01,3.704
2013-10-01,3.685
2013-11-01,3.648
2013-12-01,3.689
2014-01-01,3.502
2014-02-01,3.511
2014-03-01,3.666
2014-04-01,3.755
2014-05-01,3.951
2014-06-01,4.137
2014-07-01,4.13
2014-08-01,4.07
2014-09-01,3.897
2014-10-01,3.867
2014-11-01,3.861
2014-12-01,3.88
2015-01-01,3.496
2015-02-01,3.572
2015-03-01,3.728
2015-04-01,3.869
2015-05-01,4.05
2015-06-01,4.181
2015-07-01,4.101
2015-08-01,4.043
2015-09-01,3.923
2015-10-01,3.877
2015-11-01,3.892
2015-12-01,3.949
2016-01-01,3.62
2016-02-01,3.592
2016-03-01,3.75
2016-04-01,3.911
2016-05-01,4.046
2016-06-01,4.194
2016-07-01,4.119
2016-08-01,4.065
2016-09-01,3.984
2016-10-01,3.965
2016-11-01,3.97
2016-12-01,3.952
2017-01-01,3.718
2017-02-01,3.732
2017-03-01,3.87
2017-04-01,4.007
2017-05-01,4.13
2017-06-01,4.307
2017-07-01,4.221
2017-08-01,4.14
2017-09-01,4.05
2017-10-01,4.024
2017-11-01,4.043
2017-12-01,4.032
2018-01-01,3.811
2018-02-01,3.811
2018-03-01,3.954
2018-04-01,4.082
2018-05-01,4.196
2018-06-01,4.334
2018-07-01,4.262
2018-08-01,4.204
2018-09-01,4.066
2018-10-01,4.038
2018-11-01,4.074
2018-12-01,4.031
2019-01-01,3.63
2019-02-01,3.64
2019-03-01,3.78
2019-04-01,3.886
2019-05-01,4.049
2019-06-01,4.154
2019-07-01,4.082
2019-08-01,4.058
2019-09-01,3.952
2019-10-01,3.946
2019-11-01,3.949
2019-12-01,3.996
2020-01-01,3.916
2020-02-01,3.976
2020-03-01,4.127
2020-04-01,4.217
2020-05-01,4.169
2020-06-01,4.329
2020-07-01,4.493
2020-08-01,4.564
2020-09-01,4.58
2020-10-01,4.602
2020-11-01,4.57
2020-12-01,4.546
2021-01-01,4.289
2021-02-01,4.39
2021-03-01,4.61
2021-04-01,4.812
2021-05-01,4.951
2021-06-01,5.126
2021-07-01,5.079
2021-08-01,5.054
2021-09-01,4.962
2021-10-01,4.983
2021-11-01,5.007
2021-12-01,5.01
2022-01-01,4.697
2022-02-01,4.791
2022-03-01,5.032
2022-04-01,5.245
2022-05-01,5.465
2022-06-01,5.578
2022-07-01,5.414
2022-08-01,5.223
2022-09-01,5.142
2022-10-01,5.079
2022-11-01,4.971
2022-12-01,4.914
2023-01-01,4.481
2023-02-01,4.511
2023-03-01,4.656
2023-04-01,4.786
2023-05-01,4.919
2023-06-01,5.087
2023-07-01,5.032
2023-08-01,5.014
2023-09-01,4.872
2023-10-01,4.858
2023-11-01,4.811
2023-12-01,4.731
2024-01-01,4.522
2024-02-01,4.584
2024-03-01,4.692
2024-04-01,4.856
2024-05-01,4.983
2024-06-01,5.099
2024-07-01,5.033
2024-08-01,4.947
2024-09-01,4.857
2024-10-01,4.858
2024-11-01,4.83
2024-12-01,4.821
2025-01-01,4.698
2025-02-01,4.739
2025-03-01,4.814
2025-04-01,4.944
2025-05-01,5.06
2025-06-01,5.168
2025-07-01,5.084
2025-08-01,5.045
2025-09-01,4.924
2025-10-01,4.955
2025-11-01,4.897
2025-12-01,4.838
2026-01-01,4.718
2026-02-01,4.753
2026-03-01,4.882
2026-04-01,4.989
2026-05-01,5.127
2026-06-01,5.262
2026-07-01,5.185
