date,Total Building Permits,Single-Family Permits,2-4 Unit Permits,5+ Unit Permits,Permits - Northeast,Permits - Midwest,Permits - South,Permits - West
1960-01-01,1092.0,846.0,67.0,179.0,246.0,253.0,331.0,262.0
1960-02-01,1088.0,868.0,71.0,149.0,232.0,256.0,305.0,295.0
1960-03-01,955.0,729.0,60.0,166.0,166.0,189.0,273.0,327.0
1960-04-01,1016.0,778.0,57.0,181.0,189.0,244.0,286.0,297.0
1960-05-01,1052.0,758.0,63.0,231.0,224.0,240.0,302.0,286.0
1960-06-01,958.0,749.0,68.0,141.0,176.0,213.0,285.0,284.0
1960-07-01,999.0,732.0,77.0,190.0,219.0,224.0,268.0,288.0
1960-08-01,994.0,732.0,65.0,197.0,208.0,230.0,270.0,286.0
1960-09-01,984.0,704.0,63.0,217.0,205.0,220.0,264.0,295.0
1960-10-01,972.0,711.0,58.0,203.0,196.0,232.0,263.0,281.0
1960-11-01,979.0,707.0,71.0,201.0,205.0,223.0,274.0,277.0
1960-12-01,951.0,688.0,65.0,198.0,169.0,238.0,280.0,264.0
1961-01-01,969.0,703.0,59.0,207.0,172.0,236.0,275.0,286.0
1961-02-01,961.0,673.0,63.0,225.0,176.0,251.0,258.0,276.0
1961-03-01,1000.0,699.0,59.0,242.0,201.0,229.0,282.0,288.0
1961-04-01,1002.0,687.0,69.0,246.0,205.0,213.0,292.0,292.0
1961-05-01,1027.0,706.0,66.0,255.0,219.0,222.0,290.0,296.0
1961-06-01,1070.0,716.0,69.0,285.0,221.0,220.0,305.0,324.0
1961-07-01,1083.0,741.0,64.0,278.0,237.0,228.0,308.0,310.0
1961-08-01,1159.0,747.0,71.0,341.0,301.0,225.0,319.0,314.0
1961-09-01,1098.0,738.0,72.0,288.0,226.0,235.0,315.0,322.0
1961-10-01,1123.0,766.0,76.0,281.0,235.0,228.0,325.0,335.0
1961-11-01,1152.0,768.0,74.0,310.0,252.0,231.0,314.0,355.0
1961-12-01,1161.0,774.0,72.0,315.0,275.0,227.0,321.0,338.0
1962-01-01,1122.0,717.0,82.0,323.0,269.0,199.0,323.0,331.0
1962-02-01,1194.0,741.0,81.0,372.0,275.0,253.0,339.0,327.0
1962-03-01,1134.0,706.0,83.0,345.0,243.0,223.0,330.0,338.0
1962-04-01,1235.0,746.0,83.0,406.0,290.0,236.0,327.0,382.0
1962-05-01,1142.0,710.0,96.0,336.0,220.0,238.0,341.0,343.0
1962-06-01,1154.0,704.0,79.0,371.0,233.0,241.0,329.0,351.0
1962-07-01,1189.0,717.0,92.0,380.0,226.0,251.0,346.0,366.0
1962-08-01,1200.0,725.0,84.0,391.0,228.0,233.0,359.0,380.0
1962-09-01,1223.0,718.0,88.0,417.0,222.0,258.0,355.0,388.0
1962-10-01,1181.0,690.0,86.0,405.0,241.0,234.0,347.0,359.0
1962-11-01,1236.0,700.0,95.0,441.0,242.0,233.0,364.0,397.0
1962-12-01,1236.0,702.0,106.0,428.0,231.0,249.0,346.0,410.0
1963-01-01,1248.0,695.0,104.0,449.0,245.0,201.0,370.0,432.0
1963-02-01,1212.0,699.0,103.0,410.0,233.0,193.0,375.0,411.0
1963-03-01,1258.0,738.0,116.0,404.0,230.0,251.0,361.0,416.0
1963-04-01,1288.0,777.0,104.0,407.0,230.0,285.0,382.0,391.0
1963-05-01,1350.0,740.0,117.0,493.0,247.0,270.0,406.0,427.0
1963-06-01,1345.0,771.0,143.0,431.0,213.0,285.0,399.0,448.0
1963-07-01,1321.0,752.0,126.0,443.0,226.0,268.0,409.0,418.0
1963-08-01,1310.0,756.0,107.0,447.0,224.0,277.0,392.0,417.0
1963-09-01,1413.0,784.0,132.0,497.0,268.0,274.0,428.0,443.0
1963-10-01,1414.0,771.0,132.0,511.0,261.0,281.0,425.0,447.0
1963-11-01,1357.0,735.0,126.0,496.0,235.0,299.0,422.0,401.0
1963-12-01,1423.0,714.0,115.0,594.0,243.0,274.0,476.0,430.0
1964-01-01,1296.0,708.0,114.0,474.0,198.0,298.0,401.0,399.0
1964-02-01,1442.0,820.0,131.0,491.0,269.0,343.0,405.0,425.0
1964-03-01,1313.0,737.0,99.0,477.0,262.0,297.0,398.0,356.0
1964-04-01,1264.0,688.0,99.0,477.0,232.0,264.0,398.0,370.0
1964-05-01,1299.0,727.0,104.0,468.0,244.0,279.0,399.0,377.0
1964-06-01,1280.0,710.0,103.0,467.0,264.0,269.0,391.0,356.0
1964-07-01,1304.0,709.0,104.0,491.0,244.0,276.0,414.0,370.0
1964-08-01,1306.0,714.0,94.0,498.0,250.0,295.0,434.0,327.0
1964-09-01,1265.0,713.0,92.0,460.0,241.0,299.0,401.0,324.0
1964-10-01,1230.0,705.0,98.0,427.0,223.0,301.0,392.0,314.0
1964-11-01,1254.0,731.0,93.0,430.0,243.0,295.0,411.0,305.0
1964-12-01,1164.0,699.0,75.0,390.0,248.0,252.0,367.0,297.0
1965-01-01,1264.0,728.0,94.0,442.0,221.0,338.0,420.0,285.0
1965-02-01,1185.0,687.0,79.0,419.0,219.0,270.0,404.0,292.0
1965-03-01,1211.0,674.0,82.0,455.0,251.0,253.0,391.0,316.0
1965-04-01,1162.0,684.0,87.0,391.0,223.0,300.0,376.0,263.0
1965-05-01,1207.0,707.0,82.0,418.0,252.0,309.0,381.0,265.0
1965-06-01,1241.0,696.0,86.0,459.0,258.0,308.0,419.0,256.0
1965-07-01,1237.0,709.0,89.0,439.0,240.0,345.0,402.0,250.0
1965-08-01,1249.0,724.0,86.0,439.0,261.0,320.0,397.0,271.0
1965-09-01,1227.0,701.0,87.0,439.0,264.0,306.0,403.0,254.0
1965-10-01,1279.0,749.0,77.0,453.0,273.0,305.0,448.0,253.0
1965-11-01,1306.0,737.0,79.0,490.0,279.0,308.0,424.0,295.0
1965-12-01,1315.0,741.0,85.0,489.0,273.0,380.0,441.0,221.0
1966-01-01,1325.0,739.0,89.0,497.0,304.0,338.0,430.0,253.0
1966-02-01,1159.0,631.0,71.0,457.0,234.0,317.0,382.0,226.0
1966-03-01,1234.0,711.0,84.0,439.0,273.0,344.0,395.0,222.0
1966-04-01,1145.0,647.0,73.0,425.0,245.0,291.0,394.0,215.0
1966-05-01,1078.0,589.0,68.0,421.0,234.0,275.0,369.0,200.0
1966-06-01,956.0,574.0,58.0,324.0,204.0,246.0,327.0,179.0
1966-07-01,932.0,544.0,58.0,330.0,226.0,228.0,306.0,172.0
1966-08-01,877.0,505.0,51.0,321.0,208.0,220.0,305.0,144.0
1966-09-01,774.0,467.0,44.0,263.0,159.0,218.0,261.0,136.0
1966-10-01,739.0,446.0,47.0,246.0,141.0,197.0,261.0,140.0
1966-11-01,736.0,442.0,44.0,250.0,170.0,189.0,251.0,126.0
1966-12-01,743.0,458.0,44.0,241.0,151.0,176.0,285.0,131.0
1967-01-01,995.0,577.0,56.0,362.0,289.0,234.0,322.0,150.0
1967-02-01,907.0,564.0,56.0,287.0,200.0,229.0,310.0,168.0
1967-03-01,955.0,570.0,61.0,324.0,172.0,248.0,354.0,181.0
1967-04-01,1035.0,606.0,61.0,368.0,220.0,276.0,356.0,183.0
1967-05-01,1076.0,636.0,66.0,374.0,204.0,277.0,393.0,202.0
1967-06-01,1169.0,673.0,76.0,420.0,226.0,306.0,406.0,231.0
1967-07-01,1177.0,675.0,77.0,425.0,228.0,329.0,396.0,224.0
1967-08-01,1229.0,697.0,80.0,452.0,220.0,337.0,407.0,265.0
1967-09-01,1279.0,701.0,81.0,497.0,243.0,363.0,429.0,244.0
1967-10-01,1280.0,707.0,90.0,483.0,233.0,361.0,433.0,253.0
1967-11-01,1297.0,695.0,86.0,516.0,228.0,356.0,462.0,251.0
1967-12-01,1315.0,701.0,83.0,531.0,240.0,359.0,441.0,275.0
1968-01-01,1179.0,679.0,81.0,419.0,181.0,333.0,414.0,251.0
1968-02-01,1342.0,711.0,89.0,542.0,224.0,381.0,460.0,277.0
1968-03-01,1370.0,691.0,80.0,599.0,297.0,332.0,454.0,287.0
1968-04-01,1286.0,675.0,81.0,530.0,243.0,330.0,446.0,267.0
1968-05-01,1297.0,665.0,83.0,549.0,218.0,369.0,435.0,275.0
1968-06-01,1300.0,654.0,83.0,563.0,250.0,317.0,464.0,269.0
1968-07-01,1344.0,689.0,75.0,580.0,222.0,327.0,502.0,293.0
1968-08-01,1357.0,700.0,79.0,578.0,245.0,336.0,481.0,295.0
1968-09-01,1464.0,738.0,88.0,638.0,234.0,393.0,522.0,315.0
1968-10-01,1421.0,717.0,84.0,620.0,242.0,358.0,521.0,300.0
1968-11-01,1436.0,729.0,90.0,617.0,204.0,400.0,490.0,342.0
1968-12-01,1389.0,688.0,94.0,607.0,224.0,316.0,533.0,316.0
1969-01-01,1459.0,683.0,82.0,694.0,239.0,388.0,517.0,315.0
1969-02-01,1495.0,707.0,97.0,691.0,243.0,423.0,525.0,304.0
1969-03-01,1438.0,665.0,97.0,676.0,254.0,366.0,507.0,311.0
1969-04-01,1441.0,662.0,89.0,690.0,242.0,351.0,502.0,346.0
1969-05-01,1328.0,634.0,84.0,610.0,242.0,290.0,470.0,326.0
1969-06-01,1349.0,642.0,86.0,621.0,211.0,322.0,456.0,360.0
1969-07-01,1278.0,595.0,89.0,594.0,209.0,304.0,448.0,317.0
1969-08-01,1317.0,591.0,83.0,643.0,198.0,299.0,507.0,313.0
1969-09-01,1263.0,591.0,78.0,594.0,199.0,286.0,456.0,322.0
1969-10-01,1216.0,589.0,83.0,544.0,198.0,289.0,413.0,316.0
1969-11-01,1191.0,585.0,81.0,525.0,178.0,276.0,442.0,295.0
1969-12-01,1155.0,587.0,77.0,491.0,184.0,271.0,409.0,291.0
1970-01-01,1062.0,486.0,73.0,503.0,150.0,216.0,407.0,289.0
1970-02-01,1118.0,558.0,73.0,487.0,192.0,240.0,401.0,285.0
1970-03-01,1132.0,557.0,68.0,507.0,177.0,258.0,410.0,287.0
1970-04-01,1224.0,611.0,75.0,538.0,181.0,235.0,466.0,342.0
1970-05-01,1328.0,602.0,81.0,645.0,200.0,259.0,528.0,341.0
1970-06-01,1322.0,623.0,85.0,614.0,217.0,298.0,494.0,313.0
1970-07-01,1324.0,648.0,87.0,589.0,226.0,309.0,480.0,309.0
1970-08-01,1394.0,684.0,100.0,610.0,221.0,311.0,513.0,349.0
1970-09-01,1426.0,702.0,121.0,603.0,208.0,287.0,549.0,382.0
1970-10-01,1564.0,717.0,97.0,750.0,249.0,322.0,569.0,424.0
1970-11-01,1502.0,710.0,99.0,693.0,265.0,330.0,564.0,343.0
1970-12-01,1767.0,854.0,97.0,816.0,314.0,350.0,669.0,434.0
1971-01-01,1643.0,796.0,111.0,736.0,264.0,366.0,635.0,378.0
1971-02-01,1588.0,776.0,118.0,694.0,202.0,308.0,632.0,446.0
1971-03-01,1759.0,844.0,120.0,795.0,273.0,395.0,659.0,432.0
1971-04-01,1745.0,865.0,122.0,758.0,251.0,400.0,655.0,439.0
1971-05-01,1972.0,939.0,133.0,900.0,342.0,430.0,720.0,480.0
1971-06-01,1903.0,923.0,145.0,835.0,293.0,420.0,716.0,474.0
1971-07-01,2069.0,960.0,140.0,969.0,333.0,435.0,790.0,511.0
1971-08-01,2004.0,911.0,143.0,950.0,331.0,426.0,740.0,507.0
1971-09-01,1996.0,907.0,141.0,948.0,344.0,427.0,758.0,467.0
1971-10-01,2026.0,918.0,134.0,974.0,318.0,431.0,776.0,501.0
1971-11-01,2079.0,969.0,137.0,973.0,316.0,458.0,794.0,511.0
1971-12-01,2133.0,994.0,135.0,1004.0,313.0,476.0,821.0,523.0
1972-01-01,2238.0,1115.0,145.0,978.0,372.0,416.0,852.0,597.0
1972-02-01,2169.0,992.0,135.0,1042.0,350.0,416.0,802.0,601.0
1972-03-01,2105.0,1000.0,140.0,965.0,290.0,404.0,873.0,538.0
1972-04-01,2139.0,1008.0,154.0,977.0,333.0,455.0,872.0,480.0
1972-05-01,2067.0,961.0,149.0,957.0,308.0,447.0,785.0,527.0
1972-06-01,2183.0,1018.0,148.0,1017.0,301.0,445.0,889.0,549.0
1972-07-01,2195.0,1027.0,141.0,1027.0,311.0,423.0,932.0,530.0
1972-08-01,2263.0,1074.0,146.0,1043.0,322.0,460.0,953.0,528.0
1972-09-01,2393.0,1050.0,149.0,1194.0,318.0,507.0,1044.0,523.0
1972-10-01,2354.0,1150.0,180.0,1024.0,341.0,435.0,1009.0,569.0
1972-11-01,2234.0,1033.0,145.0,1056.0,366.0,412.0,909.0,548.0
1972-12-01,2419.0,1034.0,150.0,1235.0,426.0,461.0,1010.0,522.0
1973-01-01,2271.0,1108.0,148.0,1015.0,357.0,472.0,910.0,532.0
1973-02-01,2226.0,1074.0,137.0,1015.0,317.0,500.0,905.0,504.0
1973-03-01,2062.0,992.0,134.0,936.0,341.0,406.0,817.0,498.0
1973-04-01,1908.0,938.0,128.0,842.0,299.0,372.0,813.0,424.0
1973-05-01,1931.0,957.0,126.0,848.0,267.0,393.0,824.0,447.0
1973-06-01,2051.0,932.0,127.0,992.0,307.0,337.0,963.0,444.0
1973-07-01,1819.0,897.0,128.0,794.0,279.0,382.0,735.0,422.0
1973-08-01,1809.0,825.0,114.0,870.0,284.0,381.0,735.0,409.0
1973-09-01,1704.0,812.0,104.0,788.0,242.0,326.0,693.0,443.0
1973-10-01,1411.0,689.0,90.0,632.0,207.0,298.0,582.0,324.0
1973-11-01,1402.0,691.0,81.0,630.0,217.0,294.0,599.0,292.0
1973-12-01,1288.0,665.0,83.0,540.0,197.0,247.0,520.0,324.0
1974-01-01,1331.0,675.0,87.0,569.0,212.0,279.0,540.0,300.0
1974-02-01,1360.0,727.0,86.0,547.0,206.0,292.0,543.0,319.0
1974-03-01,1440.0,786.0,89.0,565.0,201.0,338.0,544.0,357.0
1974-04-01,1254.0,714.0,79.0,461.0,178.0,247.0,485.0,344.0
1974-05-01,1138.0,667.0,71.0,400.0,177.0,250.0,415.0,296.0
1974-06-01,1086.0,657.0,64.0,365.0,167.0,246.0,386.0,287.0
1974-07-01,1002.0,621.0,57.0,324.0,146.0,225.0,372.0,259.0
1974-08-01,917.0,614.0,55.0,248.0,131.0,226.0,314.0,246.0
1974-09-01,840.0,578.0,42.0,220.0,139.0,218.0,264.0,219.0
1974-10-01,824.0,560.0,48.0,216.0,144.0,217.0,253.0,210.0
1974-11-01,783.0,543.0,42.0,198.0,131.0,193.0,243.0,216.0
1974-12-01,869.0,535.0,49.0,285.0,179.0,188.0,266.0,236.0
1975-01-01,726.0,527.0,45.0,154.0,97.0,191.0,235.0,203.0
1975-02-01,729.0,528.0,56.0,145.0,112.0,177.0,223.0,217.0
1975-03-01,709.0,532.0,43.0,134.0,103.0,168.0,215.0,223.0
1975-04-01,866.0,616.0,63.0,187.0,133.0,211.0,283.0,239.0
1975-05-01,914.0,657.0,58.0,199.0,135.0,238.0,272.0,269.0
1975-06-01,946.0,671.0,64.0,211.0,126.0,235.0,310.0,275.0
1975-07-01,1020.0,697.0,71.0,252.0,139.0,283.0,306.0,292.0
1975-08-01,994.0,726.0,62.0,206.0,135.0,251.0,316.0,292.0
1975-09-01,1064.0,763.0,69.0,232.0,148.0,262.0,334.0,320.0
1975-10-01,1096.0,786.0,84.0,226.0,139.0,278.0,341.0,338.0
1975-11-01,1110.0,805.0,79.0,226.0,141.0,285.0,347.0,337.0
1975-12-01,1091.0,810.0,73.0,208.0,139.0,285.0,349.0,318.0
1976-01-01,1195.0,855.0,80.0,260.0,136.0,284.0,374.0,401.0
1976-02-01,1190.0,865.0,84.0,241.0,141.0,318.0,385.0,346.0
1976-03-01,1164.0,838.0,82.0,244.0,143.0,313.0,365.0,343.0
1976-04-01,1132.0,832.0,77.0,223.0,139.0,288.0,357.0,348.0
1976-05-01,1194.0,830.0,83.0,281.0,144.0,297.0,396.0,357.0
1976-06-01,1188.0,846.0,83.0,259.0,132.0,307.0,370.0,379.0
1976-07-01,1245.0,877.0,83.0,285.0,151.0,300.0,388.0,406.0
1976-08-01,1309.0,878.0,101.0,330.0,163.0,315.0,395.0,436.0
1976-09-01,1481.0,917.0,112.0,452.0,159.0,391.0,469.0,462.0
1976-10-01,1425.0,967.0,109.0,349.0,163.0,364.0,421.0,477.0
1976-11-01,1531.0,1029.0,115.0,387.0,166.0,366.0,449.0,550.0
1976-12-01,1511.0,1028.0,113.0,370.0,170.0,351.0,462.0,528.0
1977-01-01,1466.0,996.0,116.0,354.0,136.0,326.0,457.0,547.0
1977-02-01,1560.0,1091.0,114.0,355.0,140.0,351.0,508.0,561.0
1977-03-01,1660.0,1140.0,114.0,406.0,212.0,393.0,514.0,541.0
1977-04-01,1660.0,1089.0,113.0,458.0,177.0,418.0,547.0,518.0
1977-05-01,1668.0,1107.0,114.0,447.0,181.0,407.0,556.0,524.0
1977-06-01,1752.0,1121.0,118.0,513.0,239.0,414.0,571.0,528.0
1977-07-01,1687.0,1125.0,129.0,433.0,165.0,412.0,571.0,539.0
1977-08-01,1780.0,1156.0,134.0,490.0,176.0,446.0,613.0,545.0
1977-09-01,1674.0,1137.0,119.0,418.0,171.0,381.0,568.0,554.0
1977-10-01,1758.0,1159.0,123.0,476.0,204.0,381.0,610.0,563.0
1977-11-01,1771.0,1176.0,142.0,453.0,166.0,414.0,597.0,594.0
1977-12-01,1754.0,1161.0,119.0,474.0,182.0,402.0,620.0,550.0
1978-01-01,1740.0,1186.0,113.0,441.0,193.0,351.0,649.0,547.0
1978-02-01,1736.0,1112.0,124.0,500.0,167.0,406.0,620.0,543.0
1978-03-01,1799.0,1160.0,134.0,505.0,174.0,408.0,647.0,570.0
1978-04-01,1948.0,1279.0,128.0,541.0,204.0,415.0,771.0,558.0
1978-05-01,1766.0,1178.0,126.0,462.0,184.0,387.0,644.0,551.0
1978-06-01,1983.0,1254.0,169.0,560.0,192.0,384.0,648.0,759.0
1978-07-01,1786.0,1146.0,118.0,522.0,218.0,399.0,656.0,513.0
1978-08-01,1691.0,1113.0,118.0,460.0,202.0,388.0,635.0,466.0
1978-09-01,1751.0,1150.0,125.0,476.0,203.0,391.0,654.0,503.0
1978-10-01,1781.0,1182.0,130.0,469.0,183.0,383.0,683.0,532.0
1978-11-01,1795.0,1176.0,134.0,485.0,201.0,363.0,725.0,506.0
1978-12-01,1818.0,1247.0,140.0,431.0,212.0,372.0,699.0,535.0
1979-01-01,1461.0,959.0,117.0,385.0,190.0,213.0,591.0,467.0
1979-02-01,1492.0,935.0,101.0,456.0,164.0,260.0,593.0,475.0
1979-03-01,1720.0,1139.0,134.0,447.0,157.0,320.0,753.0,490.0
1979-04-01,1597.0,1062.0,127.0,408.0,159.0,314.0,621.0,503.0
1979-05-01,1684.0,1067.0,128.0,489.0,177.0,341.0,660.0,506.0
1979-06-01,1640.0,1041.0,131.0,468.0,181.0,330.0,639.0,490.0
1979-07-01,1534.0,989.0,130.0,415.0,161.0,287.0,599.0,487.0
1979-08-01,1591.0,989.0,141.0,461.0,152.0,297.0,640.0,502.0
1979-09-01,1638.0,965.0,134.0,539.0,201.0,303.0,660.0,474.0
1979-10-01,1481.0,901.0,132.0,448.0,142.0,263.0,643.0,433.0
1979-11-01,1276.0,770.0,96.0,410.0,151.0,203.0,554.0,368.0
1979-12-01,1254.0,777.0,119.0,358.0,152.0,224.0,517.0,361.0
1980-01-01,1280.0,786.0,113.0,381.0,126.0,232.0,563.0,359.0
1980-02-01,1199.0,733.0,108.0,358.0,131.0,191.0,529.0,348.0
1980-03-01,988.0,576.0,95.0,317.0,123.0,131.0,462.0,272.0
1980-04-01,808.0,476.0,68.0,264.0,89.0,125.0,393.0,201.0
1980-05-01,861.0,508.0,87.0,266.0,105.0,135.0,403.0,218.0
1980-06-01,1118.0,650.0,100.0,368.0,120.0,161.0,545.0,292.0
1980-07-01,1259.0,772.0,119.0,368.0,118.0,217.0,584.0,340.0
1980-08-01,1367.0,846.0,135.0,386.0,122.0,221.0,632.0,392.0
1980-09-01,1484.0,881.0,145.0,458.0,136.0,239.0,722.0,387.0
1980-10-01,1366.0,824.0,134.0,408.0,135.0,240.0,631.0,360.0
1980-11-01,1383.0,819.0,142.0,422.0,127.0,221.0,654.0,381.0
1980-12-01,1249.0,745.0,123.0,381.0,114.0,211.0,621.0,303.0
1981-01-01,1221.0,693.0,140.0,388.0,111.0,199.0,608.0,303.0
1981-02-01,1199.0,702.0,117.0,380.0,120.0,179.0,603.0,297.0
1981-03-01,1183.0,690.0,113.0,380.0,126.0,196.0,565.0,296.0
1981-04-01,1190.0,686.0,126.0,378.0,129.0,164.0,575.0,322.0
1981-05-01,1173.0,654.0,110.0,409.0,111.0,145.0,578.0,339.0
1981-06-01,976.0,565.0,107.0,304.0,109.0,137.0,466.0,264.0
1981-07-01,935.0,543.0,99.0,293.0,118.0,121.0,469.0,227.0
1981-08-01,889.0,512.0,90.0,287.0,115.0,114.0,439.0,221.0
1981-09-01,847.0,461.0,80.0,306.0,95.0,110.0,428.0,214.0
1981-10-01,731.0,401.0,85.0,245.0,105.0,100.0,343.0,183.0
1981-11-01,748.0,411.0,78.0,259.0,87.0,100.0,395.0,166.0
1981-12-01,796.0,458.0,86.0,252.0,90.0,103.0,431.0,172.0
1982-01-01,794.0,444.0,71.0,279.0,72.0,79.0,472.0,171.0
1982-02-01,808.0,445.0,73.0,290.0,87.0,77.0,473.0,171.0
1982-03-01,891.0,473.0,78.0,340.0,95.0,101.0,492.0,203.0
1982-04-01,888.0,467.0,75.0,346.0,98.0,108.0,502.0,180.0
1982-05-01,953.0,487.0,104.0,362.0,114.0,145.0,490.0,204.0
1982-06-01,913.0,506.0,86.0,321.0,101.0,116.0,492.0,204.0
1982-07-01,1044.0,506.0,84.0,454.0,97.0,152.0,540.0,255.0
1982-08-01,926.0,523.0,88.0,315.0,109.0,114.0,509.0,194.0
1982-09-01,1042.0,584.0,97.0,361.0,113.0,141.0,558.0,230.0
1982-10-01,1149.0,657.0,86.0,406.0,127.0,141.0,615.0,266.0
1982-11-01,1229.0,737.0,95.0,397.0,133.0,144.0,661.0,291.0
1982-12-01,1351.0,755.0,115.0,481.0,114.0,163.0,745.0,329.0
1983-01-01,1426.0,863.0,113.0,450.0,148.0,181.0,765.0,332.0
1983-02-01,1471.0,823.0,118.0,530.0,184.0,164.0,792.0,331.0
1983-03-01,1475.0,854.0,125.0,496.0,143.0,177.0,843.0,312.0
1983-04-01,1566.0,874.0,141.0,551.0,157.0,176.0,860.0,373.0
1983-05-01,1669.0,959.0,139.0,571.0,155.0,194.0,915.0,405.0
1983-06-01,1769.0,1025.0,144.0,600.0,183.0,201.0,945.0,440.0
1983-07-01,1795.0,960.0,142.0,693.0,187.0,188.0,1000.0,420.0
1983-08-01,1713.0,923.0,138.0,652.0,187.0,207.0,917.0,402.0
1983-09-01,1585.0,878.0,137.0,570.0,174.0,189.0,821.0,401.0
1983-10-01,1716.0,934.0,152.0,630.0,171.0,202.0,926.0,417.0
1983-11-01,1668.0,942.0,147.0,579.0,158.0,192.0,910.0,408.0
1983-12-01,1627.0,939.0,145.0,543.0,179.0,180.0,823.0,445.0
1984-01-01,1816.0,1003.0,148.0,665.0,175.0,246.0,890.0,505.0
1984-02-01,1987.0,1141.0,165.0,681.0,229.0,292.0,952.0,514.0
1984-03-01,1725.0,971.0,161.0,593.0,188.0,195.0,831.0,511.0
1984-04-01,1776.0,968.0,156.0,652.0,194.0,231.0,872.0,479.0
1984-05-01,1741.0,945.0,152.0,644.0,211.0,211.0,849.0,470.0
1984-06-01,1814.0,931.0,148.0,735.0,194.0,221.0,894.0,505.0
1984-07-01,1605.0,863.0,141.0,601.0,187.0,215.0,777.0,426.0
1984-08-01,1530.0,849.0,131.0,550.0,186.0,190.0,741.0,413.0
1984-09-01,1523.0,874.0,125.0,524.0,206.0,181.0,734.0,402.0
1984-10-01,1490.0,834.0,123.0,533.0,192.0,188.0,710.0,400.0
1984-11-01,1643.0,862.0,127.0,654.0,227.0,220.0,751.0,445.0
1984-12-01,1626.0,878.0,132.0,616.0,237.0,214.0,746.0,429.0
1985-01-01,1660.0,905.0,134.0,621.0,285.0,189.0,723.0,463.0
1985-02-01,1662.0,969.0,104.0,589.0,272.0,191.0,688.0,511.0
1985-03-01,1727.0,997.0,136.0,594.0,266.0,235.0,762.0,464.0
1985-04-01,1664.0,927.0,118.0,619.0,259.0,228.0,729.0,448.0
1985-05-01,1709.0,921.0,124.0,664.0,260.0,243.0,759.0,447.0
1985-06-01,1716.0,945.0,127.0,644.0,263.0,243.0,752.0,458.0
1985-07-01,1697.0,955.0,117.0,625.0,240.0,244.0,746.0,467.0
1985-08-01,1808.0,1001.0,123.0,684.0,262.0,256.0,780.0,510.0
1985-09-01,1916.0,963.0,128.0,825.0,241.0,238.0,776.0,661.0
1985-10-01,1743.0,997.0,108.0,638.0,271.0,242.0,749.0,481.0
1985-11-01,1692.0,950.0,112.0,630.0,273.0,209.0,730.0,480.0
1985-12-01,1794.0,967.0,109.0,718.0,247.0,279.0,836.0,432.0
1986-01-01,1847.0,1064.0,131.0,652.0,277.0,288.0,786.0,496.0
1986-02-01,1767.0,1017.0,113.0,637.0,253.0,288.0,754.0,472.0
1986-03-01,1780.0,1014.0,100.0,666.0,265.0,272.0,717.0,526.0
1986-04-01,1858.0,1127.0,115.0,616.0,299.0,314.0,728.0,517.0
1986-05-01,1797.0,1089.0,119.0,589.0,285.0,296.0,698.0,518.0
1986-06-01,1790.0,1107.0,106.0,577.0,284.0,289.0,724.0,493.0
1986-07-01,1780.0,1102.0,107.0,571.0,302.0,297.0,701.0,480.0
1986-08-01,1726.0,1056.0,109.0,561.0,284.0,304.0,662.0,476.0
1986-09-01,1686.0,1077.0,101.0,508.0,304.0,273.0,631.0,478.0
1986-10-01,1675.0,1050.0,107.0,518.0,273.0,264.0,633.0,505.0
1986-11-01,1644.0,1027.0,93.0,524.0,265.0,295.0,607.0,477.0
1986-12-01,1903.0,1184.0,105.0,614.0,292.0,313.0,591.0,707.0
1987-01-01,1690.0,1088.0,100.0,502.0,286.0,351.0,570.0,483.0
1987-02-01,1689.0,1195.0,103.0,391.0,306.0,371.0,603.0,409.0
1987-03-01,1704.0,1132.0,97.0,475.0,317.0,319.0,625.0,443.0
1987-04-01,1601.0,1057.0,97.0,447.0,287.0,298.0,604.0,412.0
1987-05-01,1500.0,1006.0,91.0,403.0,267.0,278.0,576.0,379.0
1987-06-01,1522.0,1015.0,86.0,421.0,272.0,268.0,587.0,395.0
1987-07-01,1516.0,996.0,88.0,432.0,279.0,266.0,553.0,418.0
1987-08-01,1511.0,1008.0,85.0,418.0,259.0,252.0,598.0,402.0
1987-09-01,1514.0,989.0,85.0,440.0,248.0,284.0,577.0,405.0
1987-10-01,1447.0,960.0,78.0,409.0,244.0,279.0,554.0,370.0
1987-11-01,1457.0,973.0,83.0,401.0,270.0,267.0,542.0,378.0
1987-12-01,1345.0,950.0,81.0,314.0,254.0,232.0,479.0,380.0
1988-01-01,1244.0,899.0,68.0,277.0,255.0,221.0,422.0,346.0
1988-02-01,1438.0,991.0,73.0,374.0,248.0,256.0,568.0,366.0
1988-03-01,1525.0,1039.0,84.0,402.0,298.0,277.0,551.0,399.0
1988-04-01,1429.0,952.0,73.0,404.0,244.0,268.0,518.0,399.0
1988-05-01,1444.0,988.0,76.0,380.0,241.0,268.0,533.0,402.0
1988-06-01,1485.0,1009.0,77.0,399.0,235.0,278.0,564.0,408.0
1988-07-01,1439.0,980.0,75.0,384.0,229.0,257.0,552.0,401.0
1988-08-01,1460.0,1002.0,70.0,388.0,216.0,248.0,556.0,440.0
1988-09-01,1436.0,975.0,74.0,387.0,190.0,259.0,542.0,445.0
1988-10-01,1516.0,1023.0,82.0,411.0,218.0,260.0,568.0,470.0
1988-11-01,1508.0,1018.0,76.0,414.0,199.0,249.0,575.0,485.0
1988-12-01,1501.0,1050.0,75.0,376.0,201.0,347.0,545.0,408.0
1989-01-01,1466.0,1040.0,71.0,355.0,234.0,280.0,556.0,396.0
1989-02-01,1383.0,943.0,82.0,358.0,198.0,268.0,518.0,399.0
1989-03-01,1214.0,860.0,67.0,287.0,178.0,243.0,441.0,352.0
1989-04-01,1376.0,948.0,67.0,361.0,202.0,253.0,525.0,396.0
1989-05-01,1381.0,910.0,72.0,399.0,175.0,250.0,536.0,420.0
1989-06-01,1322.0,882.0,64.0,376.0,176.0,241.0,507.0,398.0
1989-07-01,1283.0,913.0,67.0,303.0,165.0,234.0,483.0,401.0
1989-08-01,1334.0,935.0,70.0,329.0,179.0,261.0,514.0,380.0
1989-09-01,1314.0,948.0,62.0,304.0,171.0,248.0,504.0,391.0
1989-10-01,1365.0,953.0,61.0,351.0,167.0,277.0,500.0,421.0
1989-11-01,1344.0,986.0,64.0,294.0,169.0,269.0,489.0,417.0
1989-12-01,1422.0,983.0,63.0,376.0,169.0,233.0,526.0,494.0
1990-01-01,1748.0,989.0,85.0,674.0,193.0,462.0,656.0,437.0
1990-02-01,1329.0,963.0,60.0,306.0,183.0,281.0,455.0,410.0
1990-03-01,1246.0,912.0,56.0,278.0,150.0,250.0,459.0,387.0
1990-04-01,1136.0,818.0,58.0,260.0,119.0,241.0,428.0,348.0
1990-05-01,1067.0,793.0,51.0,223.0,126.0,219.0,410.0,312.0
1990-06-01,1108.0,795.0,48.0,265.0,122.0,227.0,421.0,338.0
1990-07-01,1078.0,775.0,59.0,244.0,115.0,225.0,416.0,322.0
1990-08-01,1069.0,764.0,62.0,243.0,115.0,222.0,410.0,322.0
1990-09-01,976.0,721.0,48.0,207.0,113.0,217.0,373.0,273.0
1990-10-01,925.0,708.0,46.0,171.0,113.0,194.0,361.0,257.0
1990-11-01,941.0,682.0,41.0,218.0,108.0,202.0,378.0,253.0
1990-12-01,861.0,655.0,45.0,161.0,101.0,187.0,340.0,233.0
1991-01-01,786.0,587.0,41.0,158.0,92.0,180.0,297.0,217.0
1991-02-01,853.0,680.0,42.0,131.0,96.0,196.0,341.0,220.0
1991-03-01,911.0,694.0,46.0,171.0,103.0,203.0,353.0,252.0
1991-04-01,916.0,742.0,46.0,128.0,108.0,208.0,364.0,236.0
1991-05-01,991.0,763.0,39.0,189.0,107.0,218.0,391.0,275.0
1991-06-01,964.0,763.0,48.0,153.0,109.0,218.0,378.0,259.0
1991-07-01,973.0,787.0,41.0,145.0,111.0,225.0,391.0,246.0
1991-08-01,944.0,772.0,40.0,132.0,114.0,217.0,375.0,238.0
1991-09-01,974.0,788.0,44.0,142.0,109.0,213.0,409.0,243.0
1991-10-01,991.0,787.0,41.0,163.0,122.0,229.0,384.0,256.0
1991-11-01,984.0,789.0,46.0,149.0,122.0,221.0,398.0,243.0
1991-12-01,1061.0,860.0,41.0,160.0,113.0,240.0,432.0,276.0
1992-01-01,1077.0,893.0,44.0,140.0,127.0,263.0,422.0,265.0
1992-02-01,1146.0,951.0,43.0,152.0,129.0,311.0,432.0,274.0
1992-03-01,1082.0,897.0,44.0,141.0,123.0,265.0,445.0,249.0
1992-04-01,1054.0,868.0,43.0,143.0,118.0,243.0,425.0,268.0
1992-05-01,1056.0,885.0,45.0,126.0,125.0,258.0,419.0,254.0
1992-06-01,1057.0,888.0,46.0,123.0,122.0,242.0,437.0,256.0
1992-07-01,1089.0,884.0,42.0,163.0,129.0,252.0,441.0,267.0
1992-08-01,1075.0,883.0,53.0,139.0,124.0,254.0,425.0,272.0
1992-09-01,1114.0,914.0,44.0,156.0,127.0,262.0,447.0,278.0
1992-10-01,1132.0,944.0,50.0,138.0,116.0,254.0,485.0,277.0
1992-11-01,1118.0,945.0,48.0,125.0,134.0,260.0,448.0,276.0
1992-12-01,1176.0,1017.0,45.0,114.0,129.0,280.0,478.0,289.0
1993-01-01,1177.0,989.0,47.0,141.0,142.0,281.0,485.0,269.0
1993-02-01,1148.0,953.0,52.0,143.0,143.0,267.0,486.0,252.0
1993-03-01,1056.0,881.0,44.0,131.0,108.0,253.0,423.0,272.0
1993-04-01,1104.0,922.0,52.0,130.0,117.0,240.0,475.0,272.0
1993-05-01,1112.0,911.0,48.0,153.0,128.0,257.0,458.0,269.0
1993-06-01,1130.0,932.0,51.0,147.0,129.0,266.0,455.0,280.0
1993-07-01,1174.0,977.0,53.0,144.0,127.0,261.0,500.0,286.0
1993-08-01,1230.0,1000.0,52.0,178.0,130.0,281.0,522.0,297.0
1993-09-01,1251.0,1028.0,59.0,164.0,137.0,286.0,514.0,314.0
1993-10-01,1287.0,1071.0,58.0,158.0,146.0,299.0,541.0,301.0
1993-11-01,1357.0,1125.0,58.0,174.0,141.0,329.0,557.0,330.0
1993-12-01,1461.0,1161.0,55.0,245.0,171.0,326.0,646.0,318.0
1994-01-01,1390.0,1112.0,68.0,210.0,102.0,298.0,599.0,391.0
1994-02-01,1269.0,1065.0,56.0,148.0,112.0,278.0,545.0,334.0
1994-03-01,1342.0,1078.0,61.0,203.0,121.0,305.0,576.0,340.0
1994-04-01,1392.0,1084.0,62.0,246.0,135.0,306.0,600.0,351.0
1994-05-01,1396.0,1110.0,66.0,220.0,143.0,315.0,592.0,346.0
1994-06-01,1357.0,1067.0,58.0,232.0,146.0,301.0,565.0,345.0
1994-07-01,1335.0,1041.0,60.0,234.0,161.0,300.0,567.0,307.0
1994-08-01,1377.0,1054.0,60.0,263.0,143.0,303.0,589.0,342.0
1994-09-01,1412.0,1056.0,60.0,296.0,135.0,295.0,608.0,374.0
1994-10-01,1397.0,1042.0,68.0,287.0,131.0,318.0,591.0,357.0
1994-11-01,1340.0,1014.0,66.0,260.0,137.0,298.0,590.0,315.0
1994-12-01,1396.0,1086.0,62.0,248.0,167.0,323.0,603.0,303.0
1995-01-01,1282.0,967.0,66.0,249.0,139.0,285.0,567.0,291.0
1995-02-01,1254.0,916.0,52.0,286.0,112.0,274.0,536.0,332.0
1995-03-01,1226.0,914.0,64.0,248.0,128.0,274.0,558.0,266.0
1995-04-01,1259.0,925.0,60.0,274.0,129.0,278.0,539.0,313.0
1995-05-01,1271.0,958.0,61.0,252.0,121.0,278.0,546.0,326.0
1995-06-01,1305.0,982.0,64.0,259.0,119.0,295.0,565.0,326.0
1995-07-01,1354.0,1019.0,61.0,274.0,117.0,303.0,598.0,336.0
1995-08-01,1386.0,1045.0,63.0,278.0,121.0,310.0,600.0,355.0
1995-09-01,1421.0,1079.0,68.0,274.0,128.0,315.0,638.0,340.0
1995-10-01,1400.0,1052.0,65.0,283.0,128.0,322.0,634.0,316.0
1995-11-01,1430.0,1060.0,70.0,300.0,126.0,314.0,622.0,368.0
1995-12-01,1442.0,1091.0,62.0,289.0,129.0,300.0,618.0,395.0
1996-01-01,1387.0,1051.0,63.0,273.0,97.0,313.0,610.0,367.0
1996-02-01,1420.0,1085.0,60.0,275.0,116.0,318.0,615.0,371.0
1996-03-01,1437.0,1108.0,60.0,269.0,137.0,335.0,596.0,369.0
1996-04-01,1463.0,1108.0,74.0,281.0,145.0,333.0,636.0,349.0
1996-05-01,1457.0,1096.0,66.0,295.0,139.0,314.0,663.0,341.0
1996-06-01,1429.0,1089.0,64.0,276.0,132.0,307.0,640.0,350.0
1996-07-01,1450.0,1074.0,67.0,309.0,137.0,338.0,617.0,358.0
1996-08-01,1413.0,1061.0,63.0,289.0,147.0,312.0,627.0,327.0
1996-09-01,1392.0,1037.0,70.0,285.0,143.0,303.0,598.0,348.0
1996-10-01,1358.0,1010.0,68.0,280.0,142.0,305.0,581.0,330.0
1996-11-01,1412.0,1031.0,68.0,313.0,140.0,313.0,636.0,323.0
1996-12-01,1411.0,1015.0,62.0,334.0,142.0,309.0,629.0,331.0
1997-01-01,1382.0,1046.0,64.0,272.0,160.0,295.0,590.0,337.0
1997-02-01,1445.0,1070.0,65.0,310.0,173.0,301.0,609.0,362.0
1997-03-01,1436.0,1031.0,66.0,339.0,153.0,300.0,647.0,336.0
1997-04-01,1421.0,1054.0,70.0,297.0,129.0,312.0,646.0,334.0
1997-05-01,1414.0,1046.0,65.0,303.0,132.0,289.0,618.0,375.0
1997-06-01,1402.0,1057.0,67.0,278.0,141.0,301.0,624.0,336.0
1997-07-01,1440.0,1050.0,74.0,316.0,136.0,287.0,658.0,359.0
1997-08-01,1449.0,1061.0,65.0,323.0,141.0,309.0,626.0,373.0
1997-09-01,1494.0,1091.0,67.0,336.0,138.0,304.0,654.0,398.0
1997-10-01,1499.0,1098.0,76.0,325.0,134.0,297.0,677.0,391.0
1997-11-01,1469.0,1093.0,62.0,314.0,141.0,297.0,652.0,379.0
1997-12-01,1456.0,1080.0,77.0,299.0,149.0,307.0,621.0,379.0
1998-01-01,1555.0,1158.0,71.0,326.0,173.0,336.0,655.0,391.0
1998-02-01,1647.0,1191.0,77.0,379.0,170.0,373.0,703.0,401.0
1998-03-01,1605.0,1162.0,71.0,372.0,149.0,316.0,747.0,393.0
1998-04-01,1547.0,1157.0,57.0,333.0,140.0,304.0,690.0,413.0
1998-05-01,1554.0,1165.0,66.0,323.0,142.0,321.0,723.0,368.0
1998-06-01,1551.0,1148.0,73.0,330.0,155.0,314.0,687.0,395.0
1998-07-01,1610.0,1181.0,76.0,353.0,158.0,313.0,735.0,404.0
1998-08-01,1654.0,1196.0,72.0,386.0,157.0,309.0,790.0,398.0
1998-09-01,1577.0,1187.0,68.0,322.0,162.0,319.0,708.0,388.0
1998-10-01,1719.0,1217.0,70.0,432.0,174.0,338.0,789.0,418.0
1998-11-01,1672.0,1248.0,59.0,365.0,174.0,330.0,717.0,451.0
1998-12-01,1742.0,1317.0,75.0,350.0,179.0,408.0,750.0,405.0
1999-01-01,1732.0,1259.0,81.0,392.0,167.0,321.0,804.0,440.0
1999-02-01,1720.0,1291.0,68.0,361.0,176.0,343.0,802.0,399.0
1999-03-01,1665.0,1239.0,65.0,361.0,167.0,350.0,740.0,408.0
1999-04-01,1600.0,1227.0,65.0,308.0,166.0,341.0,700.0,393.0
1999-05-01,1640.0,1254.0,58.0,328.0,160.0,347.0,712.0,421.0
1999-06-01,1702.0,1276.0,64.0,362.0,175.0,338.0,762.0,427.0
1999-07-01,1682.0,1276.0,62.0,344.0,162.0,337.0,770.0,413.0
1999-08-01,1671.0,1243.0,66.0,362.0,166.0,344.0,767.0,394.0
1999-09-01,1551.0,1198.0,64.0,289.0,154.0,336.0,682.0,379.0
1999-10-01,1649.0,1208.0,63.0,378.0,146.0,343.0,772.0,388.0
1999-11-01,1672.0,1233.0,69.0,370.0,169.0,378.0,737.0,388.0
1999-12-01,1683.0,1257.0,71.0,355.0,174.0,362.0,746.0,401.0
2000-01-01,1727.0,1277.0,64.0,386.0,192.0,377.0,726.0,432.0
2000-02-01,1692.0,1241.0,70.0,381.0,176.0,366.0,735.0,415.0
2000-03-01,1651.0,1253.0,65.0,333.0,174.0,366.0,715.0,396.0
2000-04-01,1597.0,1192.0,61.0,344.0,167.0,347.0,688.0,395.0
2000-05-01,1543.0,1182.0,70.0,291.0,162.0,317.0,691.0,373.0
2000-06-01,1572.0,1156.0,61.0,355.0,160.0,318.0,694.0,400.0
2000-07-01,1542.0,1152.0,57.0,333.0,159.0,317.0,691.0,375.0
2000-08-01,1552.0,1173.0,68.0,311.0,155.0,305.0,684.0,408.0
2000-09-01,1570.0,1189.0,67.0,314.0,169.0,304.0,708.0,389.0
2000-10-01,1577.0,1224.0,68.0,285.0,160.0,330.0,695.0,392.0
2000-11-01,1614.0,1208.0,66.0,340.0,165.0,290.0,733.0,426.0
2000-12-01,1543.0,1180.0,60.0,303.0,154.0,268.0,678.0,443.0
2001-01-01,1699.0,1251.0,61.0,387.0,150.0,330.0,740.0,479.0
2001-02-01,1656.0,1242.0,69.0,345.0,189.0,330.0,721.0,416.0
2001-03-01,1659.0,1232.0,69.0,358.0,158.0,336.0,728.0,437.0
2001-04-01,1666.0,1259.0,65.0,342.0,158.0,333.0,744.0,431.0
2001-05-01,1665.0,1240.0,69.0,356.0,153.0,334.0,756.0,422.0
2001-06-01,1626.0,1252.0,81.0,293.0,151.0,350.0,719.0,406.0
2001-07-01,1598.0,1235.0,62.0,301.0,160.0,338.0,709.0,391.0
2001-08-01,1615.0,1241.0,65.0,309.0,161.0,328.0,711.0,415.0
2001-09-01,1565.0,1192.0,54.0,319.0,149.0,321.0,699.0,396.0
2001-10-01,1566.0,1185.0,60.0,321.0,166.0,310.0,707.0,383.0
2001-11-01,1651.0,1229.0,62.0,360.0,161.0,354.0,757.0,379.0
2001-12-01,1680.0,1251.0,73.0,356.0,171.0,341.0,772.0,396.0
2002-01-01,1665.0,1285.0,69.0,311.0,171.0,344.0,768.0,382.0
2002-02-01,1787.0,1401.0,66.0,320.0,211.0,367.0,808.0,401.0
2002-03-01,1691.0,1289.0,72.0,330.0,151.0,341.0,783.0,416.0
2002-04-01,1669.0,1285.0,68.0,316.0,165.0,334.0,755.0,415.0
2002-05-01,1716.0,1289.0,71.0,356.0,180.0,346.0,767.0,423.0
2002-06-01,1758.0,1314.0,82.0,362.0,176.0,347.0,817.0,418.0
2002-07-01,1738.0,1307.0,69.0,362.0,177.0,352.0,796.0,413.0
2002-08-01,1695.0,1317.0,72.0,306.0,165.0,341.0,768.0,421.0
2002-09-01,1803.0,1366.0,92.0,345.0,184.0,361.0,790.0,468.0
2002-10-01,1799.0,1382.0,71.0,346.0,172.0,359.0,795.0,473.0
2002-11-01,1771.0,1382.0,70.0,319.0,161.0,338.0,782.0,490.0
2002-12-01,1896.0,1409.0,78.0,409.0,177.0,402.0,856.0,461.0
2003-01-01,1808.0,1416.0,89.0,303.0,169.0,367.0,796.0,476.0
2003-02-01,1854.0,1357.0,80.0,417.0,166.0,330.0,808.0,550.0
2003-03-01,1757.0,1359.0,74.0,324.0,164.0,339.0,801.0,453.0
2003-04-01,1803.0,1391.0,85.0,327.0,172.0,354.0,820.0,457.0
2003-05-01,1835.0,1389.0,82.0,364.0,177.0,358.0,820.0,480.0
2003-06-01,1875.0,1461.0,79.0,335.0,171.0,387.0,859.0,458.0
2003-07-01,1885.0,1478.0,77.0,330.0,184.0,376.0,845.0,480.0
2003-08-01,1966.0,1521.0,83.0,362.0,204.0,388.0,885.0,489.0
2003-09-01,1961.0,1533.0,92.0,336.0,181.0,393.0,892.0,495.0
2003-10-01,2012.0,1566.0,80.0,366.0,200.0,378.0,907.0,527.0
2003-11-01,1918.0,1513.0,94.0,311.0,190.0,393.0,845.0,490.0
2003-12-01,1987.0,1549.0,76.0,362.0,200.0,370.0,926.0,491.0
2004-01-01,1952.0,1539.0,93.0,320.0,191.0,362.0,898.0,501.0
2004-02-01,1966.0,1564.0,87.0,315.0,187.0,351.0,913.0,515.0
2004-03-01,2066.0,1648.0,100.0,318.0,207.0,376.0,949.0,534.0
2004-04-01,2070.0,1617.0,94.0,359.0,200.0,380.0,952.0,538.0
2004-05-01,2150.0,1675.0,89.0,386.0,202.0,370.0,1022.0,556.0
2004-06-01,2020.0,1615.0,83.0,322.0,207.0,350.0,931.0,532.0
2004-07-01,2112.0,1620.0,106.0,386.0,198.0,363.0,986.0,565.0
2004-08-01,2056.0,1609.0,83.0,364.0,180.0,384.0,958.0,534.0
2004-09-01,2041.0,1586.0,80.0,375.0,200.0,383.0,931.0,527.0
2004-10-01,2097.0,1593.0,87.0,417.0,183.0,368.0,1020.0,526.0
2004-11-01,2079.0,1572.0,92.0,415.0,203.0,343.0,948.0,585.0
2004-12-01,2082.0,1613.0,90.0,379.0,190.0,392.0,946.0,554.0
2005-01-01,2139.0,1654.0,76.0,409.0,197.0,334.0,1051.0,557.0
2005-02-01,2114.0,1630.0,89.0,395.0,197.0,368.0,995.0,554.0
2005-03-01,2062.0,1580.0,80.0,402.0,183.0,340.0,993.0,546.0
2005-04-01,2150.0,1654.0,75.0,421.0,202.0,371.0,1025.0,552.0
2005-05-01,2085.0,1644.0,81.0,360.0,206.0,351.0,979.0,549.0
2005-06-01,2178.0,1683.0,87.0,408.0,215.0,355.0,1064.0,544.0
2005-07-01,2203.0,1722.0,96.0,385.0,205.0,371.0,1045.0,582.0
2005-08-01,2219.0,1716.0,87.0,416.0,207.0,350.0,1104.0,558.0
2005-09-01,2263.0,1798.0,88.0,377.0,213.0,356.0,1075.0,619.0
2005-10-01,2170.0,1742.0,84.0,344.0,200.0,361.0,1056.0,553.0
2005-11-01,2218.0,1730.0,82.0,406.0,213.0,359.0,1071.0,575.0
2005-12-01,2120.0,1661.0,84.0,375.0,208.0,325.0,1066.0,521.0
2006-01-01,2212.0,1689.0,101.0,422.0,211.0,350.0,1090.0,561.0
2006-02-01,2141.0,1643.0,85.0,413.0,205.0,354.0,1030.0,552.0
2006-03-01,2118.0,1551.0,83.0,484.0,211.0,323.0,1070.0,514.0
2006-04-01,1998.0,1496.0,78.0,424.0,184.0,283.0,1017.0,514.0
2006-05-01,1905.0,1450.0,81.0,374.0,167.0,288.0,953.0,497.0
2006-06-01,1867.0,1393.0,72.0,402.0,172.0,286.0,929.0,480.0
2006-07-01,1763.0,1307.0,78.0,378.0,172.0,277.0,898.0,416.0
2006-08-01,1722.0,1282.0,77.0,363.0,166.0,272.0,871.0,413.0
2006-09-01,1655.0,1218.0,72.0,365.0,164.0,248.0,837.0,406.0
2006-10-01,1570.0,1175.0,69.0,326.0,152.0,238.0,808.0,372.0
2006-11-01,1535.0,1163.0,58.0,314.0,147.0,234.0,801.0,353.0
2006-12-01,1638.0,1198.0,72.0,368.0,172.0,246.0,831.0,389.0
2007-01-01,1626.0,1174.0,70.0,382.0,184.0,267.0,785.0,390.0
2007-02-01,1598.0,1136.0,70.0,392.0,144.0,222.0,815.0,417.0
2007-03-01,1596.0,1147.0,69.0,380.0,164.0,244.0,777.0,411.0
2007-04-01,1470.0,1058.0,60.0,352.0,159.0,222.0,727.0,362.0
2007-05-01,1493.0,1042.0,64.0,387.0,145.0,226.0,766.0,356.0
2007-06-01,1407.0,995.0,57.0,355.0,153.0,219.0,705.0,330.0
2007-07-01,1361.0,978.0,57.0,326.0,151.0,207.0,666.0,337.0
2007-08-01,1321.0,916.0,57.0,348.0,150.0,194.0,622.0,355.0
2007-09-01,1261.0,855.0,50.0,356.0,136.0,202.0,626.0,297.0
2007-10-01,1192.0,821.0,50.0,321.0,146.0,185.0,559.0,302.0
2007-11-01,1224.0,795.0,52.0,377.0,131.0,188.0,625.0,280.0
2007-12-01,1149.0,742.0,57.0,350.0,136.0,169.0,584.0,260.0
2008-01-01,1094.0,708.0,42.0,344.0,131.0,181.0,570.0,212.0
2008-02-01,1014.0,664.0,41.0,309.0,110.0,145.0,518.0,241.0
2008-03-01,967.0,642.0,38.0,287.0,116.0,133.0,521.0,197.0
2008-04-01,1008.0,661.0,41.0,306.0,111.0,163.0,511.0,223.0
2008-05-01,995.0,633.0,36.0,326.0,142.0,148.0,471.0,234.0
2008-06-01,1180.0,605.0,35.0,540.0,306.0,153.0,477.0,244.0
2008-07-01,921.0,571.0,34.0,316.0,101.0,140.0,486.0,194.0
2008-08-01,858.0,543.0,33.0,282.0,85.0,142.0,445.0,186.0
2008-09-01,797.0,529.0,36.0,232.0,88.0,132.0,408.0,169.0
2008-10-01,736.0,469.0,33.0,234.0,75.0,126.0,375.0,160.0
2008-11-01,626.0,420.0,20.0,186.0,71.0,98.0,297.0,160.0
2008-12-01,554.0,364.0,21.0,169.0,61.0,84.0,293.0,116.0
2009-01-01,545.0,337.0,23.0,185.0,59.0,89.0,282.0,115.0
2009-02-01,558.0,377.0,20.0,161.0,74.0,89.0,296.0,99.0
2009-03-01,513.0,361.0,21.0,131.0,61.0,86.0,262.0,104.0
2009-04-01,521.0,391.0,21.0,109.0,58.0,83.0,270.0,110.0
2009-05-01,556.0,431.0,21.0,104.0,64.0,95.0,285.0,112.0
2009-06-01,601.0,458.0,25.0,118.0,63.0,100.0,320.0,118.0
2009-07-01,595.0,489.0,19.0,87.0,64.0,109.0,292.0,130.0
2009-08-01,616.0,491.0,20.0,105.0,70.0,106.0,316.0,124.0
2009-09-01,609.0,477.0,19.0,113.0,70.0,105.0,309.0,125.0
2009-10-01,583.0,472.0,16.0,95.0,67.0,104.0,299.0,113.0
2009-11-01,623.0,483.0,26.0,114.0,74.0,114.0,318.0,117.0
2009-12-01,664.0,508.0,18.0,138.0,101.0,116.0,319.0,128.0
2010-01-01,636.0,504.0,21.0,111.0,75.0,99.0,313.0,149.0
2010-02-01,650.0,510.0,20.0,120.0,78.0,110.0,312.0,150.0
2010-03-01,687.0,536.0,23.0,128.0,72.0,115.0,357.0,143.0
2010-04-01,637.0,476.0,18.0,143.0,75.0,116.0,319.0,127.0
2010-05-01,575.0,435.0,20.0,120.0,64.0,102.0,299.0,110.0
2010-06-01,587.0,425.0,23.0,139.0,77.0,97.0,296.0,117.0
2010-07-01,579.0,411.0,21.0,147.0,67.0,102.0,297.0,113.0
2010-08-01,580.0,402.0,22.0,156.0,71.0,98.0,284.0,127.0
2010-09-01,563.0,404.0,28.0,131.0,68.0,95.0,288.0,112.0
2010-10-01,558.0,408.0,21.0,129.0,67.0,112.0,266.0,113.0
2010-11-01,560.0,418.0,20.0,122.0,64.0,95.0,280.0,121.0
2010-12-01,632.0,447.0,25.0,160.0,113.0,98.0,257.0,164.0
2011-01-01,576.0,420.0,22.0,134.0,77.0,101.0,288.0,110.0
2011-02-01,542.0,379.0,16.0,147.0,60.0,89.0,296.0,97.0
2011-03-01,583.0,399.0,16.0,168.0,59.0,95.0,309.0,120.0
2011-04-01,581.0,403.0,23.0,155.0,58.0,98.0,299.0,126.0
2011-05-01,618.0,411.0,22.0,185.0,81.0,99.0,303.0,135.0
2011-06-01,636.0,413.0,22.0,201.0,69.0,102.0,327.0,138.0
2011-07-01,621.0,416.0,23.0,182.0,60.0,101.0,329.0,131.0
2011-08-01,647.0,428.0,27.0,192.0,63.0,111.0,331.0,142.0
2011-09-01,610.0,425.0,21.0,164.0,68.0,109.0,301.0,132.0
2011-10-01,671.0,439.0,23.0,209.0,68.0,108.0,360.0,135.0
2011-11-01,706.0,449.0,22.0,235.0,82.0,103.0,357.0,164.0
2011-12-01,697.0,458.0,23.0,216.0,76.0,111.0,358.0,152.0
2012-01-01,712.0,462.0,21.0,229.0,77.0,109.0,395.0,131.0
2012-02-01,738.0,493.0,24.0,221.0,96.0,125.0,374.0,143.0
2012-03-01,806.0,482.0,25.0,299.0,79.0,132.0,404.0,191.0
2012-04-01,732.0,485.0,23.0,224.0,90.0,115.0,366.0,161.0
2012-05-01,796.0,494.0,23.0,279.0,79.0,120.0,421.0,176.0
2012-06-01,794.0,501.0,22.0,271.0,81.0,120.0,409.0,184.0
2012-07-01,849.0,522.0,29.0,298.0,90.0,120.0,435.0,204.0
2012-08-01,840.0,517.0,28.0,295.0,82.0,125.0,440.0,193.0
2012-09-01,930.0,562.0,28.0,340.0,86.0,150.0,474.0,220.0
2012-10-01,887.0,568.0,27.0,292.0,86.0,155.0,457.0,189.0
2012-11-01,917.0,568.0,31.0,318.0,76.0,167.0,486.0,188.0
2012-12-01,941.0,582.0,30.0,329.0,95.0,153.0,473.0,220.0
2013-01-01,940.0,590.0,28.0,322.0,100.0,153.0,461.0,226.0
2013-02-01,980.0,612.0,35.0,333.0,87.0,158.0,499.0,236.0
2013-03-01,936.0,610.0,26.0,300.0,98.0,145.0,485.0,208.0
2013-04-01,1012.0,620.0,29.0,363.0,101.0,168.0,519.0,224.0
2013-05-01,1003.0,623.0,29.0,351.0,105.0,148.0,509.0,241.0
2013-06-01,942.0,628.0,29.0,285.0,107.0,144.0,475.0,216.0
2013-07-01,997.0,619.0,30.0,348.0,118.0,156.0,473.0,250.0
2013-08-01,964.0,635.0,26.0,303.0,127.0,159.0,440.0,238.0
2013-09-01,1004.0,625.0,28.0,351.0,100.0,176.0,517.0,211.0
2013-10-01,1044.0,623.0,29.0,392.0,106.0,162.0,535.0,241.0
2013-11-01,1029.0,642.0,26.0,361.0,108.0,163.0,521.0,237.0
2013-12-01,1005.0,602.0,31.0,372.0,116.0,142.0,478.0,269.0
2014-01-01,976.0,615.0,29.0,332.0,102.0,162.0,489.0,223.0
2014-02-01,1039.0,609.0,24.0,406.0,111.0,134.0,542.0,252.0
2014-03-01,1067.0,623.0,28.0,416.0,140.0,166.0,502.0,259.0
2014-04-01,1090.0,620.0,28.0,442.0,120.0,160.0,545.0,265.0
2014-05-01,1018.0,627.0,31.0,360.0,115.0,164.0,511.0,228.0
2014-06-01,1010.0,649.0,40.0,321.0,115.0,198.0,475.0,222.0
2014-07-01,1076.0,648.0,29.0,399.0,124.0,180.0,520.0,252.0
2014-08-01,1047.0,650.0,35.0,362.0,121.0,167.0,544.0,215.0
2014-09-01,1077.0,662.0,26.0,389.0,132.0,170.0,534.0,241.0
2014-10-01,1094.0,647.0,32.0,415.0,117.0,154.0,543.0,280.0
2014-11-01,1059.0,658.0,28.0,373.0,134.0,143.0,512.0,270.0
2014-12-01,1072.0,670.0,24.0,378.0,94.0,169.0,574.0,235.0
2015-01-01,1049.0,662.0,25.0,362.0,116.0,140.0,523.0,270.0
2015-02-01,1127.0,628.0,27.0,472.0,90.0,161.0,592.0,284.0
2015-03-01,1072.0,658.0,27.0,387.0,125.0,153.0,526.0,268.0
2015-04-01,1166.0,679.0,33.0,454.0,193.0,147.0,561.0,265.0
2015-05-01,1272.0,701.0,36.0,535.0,287.0,175.0,546.0,264.0
2015-06-01,1379.0,706.0,35.0,638.0,281.0,185.0,608.0,305.0
2015-07-01,1140.0,700.0,30.0,410.0,118.0,175.0,570.0,277.0
2015-08-01,1165.0,718.0,30.0,417.0,115.0,174.0,583.0,293.0
2015-09-01,1144.0,711.0,38.0,395.0,117.0,178.0,568.0,281.0
2015-10-01,1160.0,721.0,35.0,404.0,127.0,173.0,597.0,263.0
2015-11-01,1244.0,730.0,27.0,487.0,123.0,205.0,613.0,303.0
2015-12-01,1211.0,719.0,36.0,456.0,172.0,172.0,609.0,258.0
2016-01-01,1171.0,720.0,35.0,416.0,87.0,198.0,571.0,315.0
2016-02-01,1172.0,723.0,32.0,417.0,125.0,177.0,568.0,302.0
2016-03-01,1118.0,737.0,37.0,344.0,98.0,184.0,573.0,263.0
2016-04-01,1160.0,753.0,32.0,375.0,111.0,187.0,577.0,285.0
2016-05-01,1205.0,748.0,33.0,424.0,106.0,178.0,587.0,334.0
2016-06-01,1208.0,752.0,31.0,425.0,118.0,175.0,613.0,302.0
2016-07-01,1198.0,720.0,32.0,446.0,110.0,196.0,614.0,278.0
2016-08-01,1201.0,751.0,36.0,414.0,125.0,190.0,593.0,293.0
2016-09-01,1303.0,752.0,40.0,511.0,152.0,185.0,626.0,340.0
2016-10-01,1254.0,769.0,33.0,452.0,120.0,196.0,595.0,343.0
2016-11-01,1230.0,770.0,41.0,419.0,116.0,185.0,598.0,331.0
2016-12-01,1248.0,809.0,39.0,400.0,118.0,182.0,612.0,336.0
2017-01-01,1303.0,790.0,29.0,484.0,147.0,198.0,665.0,293.0
2017-02-01,1234.0,811.0,44.0,379.0,108.0,241.0,610.0,275.0
2017-03-01,1272.0,826.0,37.0,409.0,133.0,185.0,636.0,318.0
2017-04-01,1251.0,793.0,36.0,422.0,125.0,191.0,600.0,335.0
2017-05-01,1208.0,795.0,36.0,377.0,123.0,175.0,594.0,316.0
2017-06-01,1353.0,822.0,38.0,493.0,107.0,220.0,660.0,366.0
2017-07-01,1256.0,818.0,41.0,397.0,120.0,179.0,640.0,317.0
2017-08-01,1319.0,816.0,37.0,466.0,118.0,189.0,630.0,382.0
2017-09-01,1273.0,830.0,36.0,407.0,129.0,195.0,605.0,344.0
2017-10-01,1356.0,852.0,36.0,468.0,124.0,196.0,655.0,381.0
2017-11-01,1299.0,859.0,41.0,399.0,115.0,184.0,646.0,354.0
2017-12-01,1311.0,862.0,38.0,411.0,138.0,218.0,606.0,349.0
2018-01-01,1317.0,856.0,45.0,416.0,104.0,170.0,673.0,370.0
2018-02-01,1321.0,865.0,47.0,409.0,136.0,182.0,639.0,364.0
2018-03-01,1385.0,847.0,41.0,497.0,128.0,200.0,676.0,381.0
2018-04-01,1378.0,865.0,42.0,471.0,103.0,194.0,742.0,339.0
2018-05-01,1338.0,859.0,37.0,442.0,149.0,213.0,642.0,334.0
2018-06-01,1345.0,864.0,38.0,443.0,121.0,179.0,701.0,344.0
2018-07-01,1334.0,884.0,30.0,420.0,135.0,188.0,686.0,325.0
2018-08-01,1273.0,840.0,38.0,395.0,113.0,194.0,645.0,321.0
2018-09-01,1314.0,858.0,43.0,413.0,105.0,179.0,688.0,342.0
2018-10-01,1272.0,849.0,36.0,387.0,139.0,184.0,626.0,323.0
2018-11-01,1340.0,845.0,44.0,451.0,130.0,177.0,709.0,324.0
2018-12-01,1317.0,812.0,40.0,465.0,117.0,138.0,708.0,354.0
2019-01-01,1254.0,797.0,45.0,412.0,135.0,178.0,619.0,322.0
2019-02-01,1286.0,796.0,38.0,452.0,140.0,184.0,681.0,281.0
2019-03-01,1295.0,809.0,36.0,450.0,127.0,171.0,672.0,325.0
2019-04-01,1322.0,796.0,48.0,478.0,141.0,188.0,652.0,341.0
2019-05-01,1347.0,833.0,36.0,478.0,107.0,175.0,712.0,353.0
2019-06-01,1299.0,848.0,47.0,404.0,128.0,179.0,655.0,337.0
2019-07-01,1379.0,865.0,47.0,467.0,137.0,176.0,699.0,367.0
2019-08-01,1482.0,906.0,42.0,534.0,165.0,194.0,774.0,349.0
2019-09-01,1469.0,904.0,40.0,525.0,135.0,182.0,773.0,379.0
2019-10-01,1523.0,934.0,47.0,542.0,171.0,182.0,793.0,377.0
2019-11-01,1535.0,944.0,40.0,551.0,172.0,211.0,769.0,383.0
2019-12-01,1443.0,934.0,47.0,462.0,146.0,202.0,724.0,371.0
2020-01-01,1495.0,967.0,40.0,488.0,171.0,212.0,741.0,371.0
2020-02-01,1455.0,982.0,46.0,427.0,131.0,194.0,759.0,371.0
2020-03-01,1346.0,874.0,48.0,424.0,113.0,161.0,732.0,340.0
2020-04-01,1076.0,665.0,32.0,379.0,65.0,144.0,616.0,251.0
2020-05-01,1250.0,746.0,42.0,462.0,104.0,171.0,682.0,293.0
2020-06-01,1334.0,865.0,42.0,427.0,135.0,195.0,697.0,307.0
2020-07-01,1546.0,1012.0,49.0,485.0,150.0,244.0,777.0,375.0
2020-08-01,1533.0,1068.0,55.0,410.0,120.0,198.0,836.0,379.0
2020-09-01,1636.0,1142.0,48.0,446.0,171.0,219.0,861.0,385.0
2020-10-01,1613.0,1149.0,56.0,408.0,147.0,221.0,856.0,389.0
2020-11-01,1703.0,1158.0,58.0,487.0,165.0,233.0,904.0,401.0
2020-12-01,1752.0,1236.0,50.0,466.0,149.0,257.0,900.0,446.0
2021-01-01,1855.0,1243.0,55.0,557.0,186.0,244.0,944.0,481.0
2021-02-01,1711.0,1110.0,49.0,552.0,173.0,243.0,866.0,429.0
2021-03-01,1756.0,1172.0,59.0,525.0,156.0,236.0,934.0,430.0
2021-04-01,1721.0,1128.0,48.0,545.0,176.0,224.0,900.0,421.0
2021-05-01,1703.0,1120.0,56.0,527.0,151.0,224.0,921.0,407.0
2021-06-01,1654.0,1086.0,50.0,518.0,139.0,212.0,917.0,386.0
2021-07-01,1658.0,1069.0,53.0,536.0,133.0,218.0,878.0,429.0
2021-08-01,1736.0,1066.0,45.0,625.0,154.0,215.0,926.0,441.0
2021-09-01,1640.0,1060.0,49.0,531.0,134.0,219.0,896.0,391.0
2021-10-01,1707.0,1091.0,51.0,565.0,130.0,233.0,896.0,448.0
2021-11-01,1765.0,1134.0,50.0,581.0,157.0,215.0,954.0,439.0
2021-12-01,1919.0,1145.0,68.0,706.0,282.0,262.0,949.0,426.0
2022-01-01,1920.0,1243.0,57.0,620.0,144.0,272.0,1028.0,476.0
2022-02-01,1857.0,1187.0,56.0,614.0,189.0,233.0,959.0,476.0
2022-03-01,1868.0,1136.0,58.0,674.0,196.0,239.0,980.0,453.0
2022-04-01,1859.0,1087.0,55.0,717.0,177.0,253.0,995.0,434.0
2022-05-01,1704.0,1032.0,59.0,613.0,140.0,231.0,931.0,402.0
2022-06-01,1737.0,950.0,54.0,733.0,178.0,203.0,933.0,423.0
2022-07-01,1703.0,926.0,57.0,720.0,160.0,222.0,935.0,386.0
2022-08-01,1557.0,886.0,51.0,620.0,147.0,203.0,836.0,371.0
2022-09-01,1600.0,862.0,55.0,683.0,154.0,213.0,860.0,373.0
2022-10-01,1594.0,843.0,56.0,695.0,121.0,221.0,912.0,340.0
2022-11-01,1401.0,790.0,56.0,555.0,135.0,199.0,790.0,277.0
2022-12-01,1410.0,742.0,50.0,618.0,141.0,180.0,769.0,320.0
2023-01-01,1410.0,757.0,59.0,594.0,136.0,177.0,794.0,303.0
2023-02-01,1618.0,801.0,50.0,767.0,149.0,192.0,892.0,385.0
2023-03-01,1480.0,844.0,56.0,580.0,169.0,202.0,789.0,320.0
2023-04-01,1474.0,875.0,61.0,538.0,130.0,181.0,817.0,346.0
2023-05-01,1575.0,922.0,56.0,597.0,169.0,201.0,847.0,358.0
2023-06-01,1464.0,953.0,54.0,457.0,136.0,200.0,794.0,334.0
2023-07-01,1522.0,960.0,51.0,511.0,122.0,199.0,853.0,348.0
2023-08-01,1561.0,973.0,62.0,526.0,155.0,213.0,828.0,365.0
2023-09-01,1537.0,985.0,52.0,500.0,131.0,201.0,859.0,346.0
2023-10-01,1528.0,983.0,53.0,492.0,150.0,174.0,865.0,339.0
2023-11-01,1503.0,996.0,52.0,455.0,114.0,199.0,811.0,379.0
2023-12-01,1519.0,1012.0,52.0,455.0,127.0,202.0,856.0,334.0
2024-01-01,1545.0,1039.0,52.0,454.0,148.0,220.0,826.0,351.0
2024-02-01,1577.0,1032.0,58.0,487.0,224.0,234.0,796.0,323.0
2024-03-01,1476.0,986.0,51.0,439.0,139.0,196.0,798.0,343.0
2024-04-01,1459.0,983.0,56.0,420.0,152.0,170.0,836.0,301.0
2024-05-01,1407.0,959.0,55.0,393.0,120.0,183.0,781.0,323.0
2024-06-01,1461.0,945.0,48.0,468.0,118.0,208.0,809.0,326.0
2024-07-01,1436.0,945.0,53.0,438.0,140.0,194.0,787.0,315.0
2024-08-01,1476.0,967.0,57.0,452.0,142.0,209.0,813.0,312.0
2024-09-01,1434.0,962.0,60.0,412.0,123.0,204.0,769.0,338.0
2024-10-01,1428.0,967.0,53.0,408.0,137.0,200.0,761.0,330.0
2024-11-01,1508.0,973.0,51.0,484.0,134.0,221.0,814.0,339.0
2024-12-01,1480.0,989.0,57.0,434.0,144.0,221.0,804.0,311.0
2025-01-01,1460.0,988.0,56.0,416.0,133.0,220.0,796.0,311.0
2025-02-01,1454.0,992.0,58.0,404.0,117.0,239.0,803.0,295.0
2025-03-01,1481.0,972.0,58.0,451.0,119.0,209.0,834.0,319.0
2025-04-01,1422.0,923.0,61.0,438.0,136.0,194.0,762.0,330.0
2025-05-01,1394.0,899.0,53.0,442.0,123.0,217.0,742.0,312.0
2025-06-01,1393.0,866.0,50.0,477.0,103.0,218.0,775.0,297.0
2025-07-01,1362.0,875.0,55.0,432.0,125.0,221.0,742.0,274.0
2025-08-01,1330.0,858.0,52.0,420.0,121.0,202.0,699.0,308.0
2025-09-01,1415.0,880.0,56.0,479.0,147.0,203.0,756.0,309.0
2025-10-01,1411.0,878.0,55.0,478.0,147.0,198.0,729.0,337.0
2025-11-01,1388.0,896.0,56.0,436.0,117.0,197.0,747.0,327.0
2025-12-01,1455.0,881.0,51.0,523.0,167.0,210.0,716.0,362.0
2026-01-01,1386.0,876.0,52.0,458.0,153.0,226.0,695.0,312.0
2026-02-01,1538.0,930.0,50.0,558.0,162.0,219.0,777.0,380.0
2026-03-01,1363.0,895.0,49.0,419.0,113.0,212.0,715.0,326.0
