date,Total Existing Home Sales (NSA),Existing Home Sales - Northeast (NSA),Existing Home Sales - Midwest (NSA),Existing Home Sales - South (NSA),Existing Home Sales - West (NSA),Median Sales Price - National,Median Sales Price - Northeast,Median Sales Price - Midwest,Median Sales Price - South,Median Sales Price - West,Housing Inventory,Months Supply of Inventory
1968-01-01,,,,,,19700.0,,,,,,
1968-02-01,,,,,,19900.0,,,,,,
1968-03-01,,,,,,19700.0,,,,,,
1968-04-01,,,,,,20000.0,,,,,,
1968-05-01,,,,,,20100.0,,,,,,
1968-06-01,,,,,,20700.0,,,,,,
1968-07-01,,,,,,20800.0,,,,,,
1968-08-01,,,,,,20600.0,,,,,,
1968-09-01,,,,,,20500.0,,,,,,
1968-10-01,,,,,,20100.0,,,,,,
1968-11-01,,,,,,20500.0,,,,,,
1968-12-01,,,,,,20900.0,,,,,,
1969-01-01,,,,,,21100.0,,,,,,
1969-02-01,,,,,,21000.0,,,,,,
1969-03-01,,,,,,21200.0,,,,,,
1969-04-01,,,,,,21500.0,,,,,,
1969-05-01,,,,,,21600.0,,,,,,
1969-06-01,,,,,,22200.0,,,,,,
1969-07-01,,,,,,23000.0,,,,,,
1969-08-01,,,,,,22600.0,,,,,,
1969-09-01,,,,,,21700.0,,,,,,
1969-10-01,,,,,,21900.0,,,,,,
1969-11-01,,,,,,22100.0,,,,,,
1969-12-01,,,,,,22000.0,,,,,,
1970-01-01,,,,,,22200.0,,,,,,
1970-02-01,,,,,,22500.0,,,,,,
1970-03-01,,,,,,22800.0,,,,,,
1970-04-01,,,,,,22900.0,,,,,,
1970-05-01,,,,,,23100.0,,,,,,
1970-06-01,,,,,,23300.0,,,,,,
1970-07-01,,,,,,23700.0,,,,,,
1970-08-01,,,,,,23500.0,,,,,,
1970-09-01,,,,,,23100.0,,,,,,
1970-10-01,,,,,,22700.0,,,,,,
1970-11-01,,,,,,23200.0,,,,,,
1970-12-01,,,,,,22800.0,,,,,,
1971-01-01,,,,,,23700.0,,,,,,
1971-02-01,,,,,,24200.0,,,,,,
1971-03-01,,,,,,24300.0,,,,,,
1971-04-01,,,,,,24600.0,,,,,,
1971-05-01,,,,,,25100.0,,,,,,
1971-06-01,,,,,,25100.0,,,,,,
1971-07-01,,,,,,25400.0,,,,,,
1971-08-01,,,,,,25300.0,,,,,,
1971-09-01,,,,,,24800.0,,,,,,
1971-10-01,,,,,,24800.0,,,,,,
1971-11-01,,,,,,25100.0,,,,,,
1971-12-01,,,,,,24900.0,,,,,,
1972-01-01,,,,,,25300.0,,,,,,
1972-02-01,,,,,,25400.0,,,,,,
1972-03-01,,,,,,25900.0,,,,,,
1972-04-01,,,,,,26300.0,,,,,,
1972-05-01,,,,,,26900.0,,,,,,
1972-06-01,,,,,,27300.0,,,,,,
1972-07-01,,,,,,27500.0,,,,,,
1972-08-01,,,,,,27400.0,,,,,,
1972-09-01,,,,,,27000.0,,,,,,
1972-10-01,,,,,,26900.0,,,,,,
1972-11-01,,,,,,27000.0,,,,,,
1972-12-01,,,,,,27100.0,,,,,,
1973-01-01,,,,,,27400.0,,,,,,
1973-02-01,,,,,,28000.0,,,,,,
1973-03-01,,,,,,28400.0,,,,,,
1973-04-01,,,,,,28500.0,,,,,,
1973-05-01,,,,,,28800.0,,,,,,
1973-06-01,,,,,,29200.0,,,,,,
1973-07-01,,,,,,29900.0,,,,,,
1973-08-01,,,,,,29900.0,,,,,,
1973-09-01,,,,,,29100.0,,,,,,
1973-10-01,,,,,,28900.0,,,,,,
1973-11-01,,,,,,29700.0,,,,,,
1973-12-01,,,,,,29500.0,,,,,,
1974-01-01,,,,,,30600.0,,,,,,
1974-02-01,,,,,,30600.0,,,,,,
1974-03-01,,,,,,31400.0,,,,,,
1974-04-01,,,,,,31700.0,,,,,,
1974-05-01,,,,,,32100.0,,,,,,
1974-06-01,,,,,,32900.0,,,,,,
1974-07-01,,,,,,33000.0,,,,,,
1974-08-01,,,,,,32900.0,,,,,,
1974-09-01,,,,,,32400.0,,,,,,
1974-10-01,,,,,,31900.0,,,,,,
1974-11-01,,,,,,32100.0,,,,,,
1974-12-01,,,,,,32700.0,,,,,,
1975-01-01,,,,,,33200.0,,,,,,
1975-02-01,,,,,,33900.0,,,,,,
1975-03-01,,,,,,34200.0,,,,,,
1975-04-01,,,,,,34900.0,,,,,,
1975-05-01,,,,,,35200.0,,,,,,
1975-06-01,,,,,,36200.0,,,,,,
1975-07-01,,,,,,35900.0,,,,,,
1975-08-01,,,,,,36800.0,,,,,,
1975-09-01,,,,,,35800.0,,,,,,
1975-10-01,,,,,,35400.0,,,,,,
1975-11-01,,,,,,35700.0,,,,,,
1975-12-01,,,,,,35800.0,,,,,,
1976-01-01,,,,,,36300.0,,,,,,
1976-02-01,,,,,,36200.0,,,,,,
1976-03-01,,,,,,37200.0,,,,,,
1976-04-01,,,,,,37700.0,,,,,,
1976-05-01,,,,,,37600.0,,,,,,
1976-06-01,,,,,,38600.0,,,,,,
1976-07-01,,,,,,38900.0,,,,,,
1976-08-01,,,,,,39400.0,,,,,,
1976-09-01,,,,,,38700.0,,,,,,
1976-10-01,,,,,,38500.0,,,,,,
1976-11-01,,,,,,38800.0,,,,,,
1976-12-01,,,,,,39000.0,,,,,,
1977-01-01,,,,,,39600.0,,,,,,
1977-02-01,,,,,,40700.0,,,,,,
1977-03-01,,,,,,41000.0,,,,,,
1977-04-01,,,,,,42000.0,,,,,,
1977-05-01,,,,,,42200.0,,,,,,
1977-06-01,,,,,,43400.0,,,,,,
1977-07-01,,,,,,43700.0,,,,,,
1977-08-01,,,,,,43900.0,,,,,,
1977-09-01,,,,,,43800.0,,,,,,
1977-10-01,,,,,,44000.0,,,,,,
1977-11-01,,,,,,44500.0,,,,,,
1977-12-01,,,,,,44200.0,,,,,,
1978-01-01,,,,,,45500.0,,,,,,
1978-02-01,,,,,,46300.0,,,,,,
1978-03-01,,,,,,46500.0,,,,,,
1978-04-01,,,,,,48200.0,,,,,,
1978-05-01,,,,,,47800.0,,,,,,
1978-06-01,,,,,,48400.0,,,,,,
1978-07-01,,,,,,49400.0,,,,,,
1978-08-01,,,,,,50300.0,,,,,,
1978-09-01,,,,,,50200.0,,,,,,
1978-10-01,,,,,,50100.0,,,,,,
1978-11-01,,,,,,50700.0,,,,,,
1978-12-01,,,,,,50900.0,,,,,,
1979-01-01,,,,,,52000.0,,,,,,
1979-02-01,,,,,,51900.0,,,,,,
1979-03-01,,,,,,53800.0,,,,,,
1979-04-01,,,,,,54700.0,,,,,,
1979-05-01,,,,,,55900.0,,,,,,
1979-06-01,,,,,,56800.0,,,,,,
1979-07-01,,,,,,57900.0,,,,,,
1979-08-01,,,,,,57700.0,,,,,,
1979-09-01,,,,,,57300.0,,,,,,
1979-10-01,,,,,,56300.0,,,,,,
1979-11-01,,,,,,55600.0,,,,,,
1979-12-01,,,,,,56500.0,,,,,,
1980-01-01,,,,,,57900.0,,,,,,
1980-02-01,,,,,,59000.0,,,,,,
1980-03-01,,,,,,59500.0,,,,,,
1980-04-01,,,,,,60400.0,,,,,,
1980-05-01,,,,,,61200.0,,,,,,
1980-06-01,,,,,,63400.0,,,,,,
1980-07-01,,,,,,64100.0,,,,,,
1980-08-01,,,,,,64900.0,,,,,,
1980-09-01,,,,,,64200.0,,,,,,
1980-10-01,,,,,,62700.0,,,,,,
1980-11-01,,,,,,64300.0,,,,,,
1980-12-01,,,,,,63000.0,,,,,,
1981-01-01,,,,,,64500.0,,,,,,
1981-02-01,,,,,,64100.0,,,,,,
1981-03-01,,,,,,64400.0,,,,,,
1981-04-01,,,,,,65300.0,,,,,,
1981-05-01,,,,,,66300.0,,,,,,
1981-06-01,,,,,,67700.0,,,,,,
1981-07-01,,,,,,67500.0,,,,,,
1981-08-01,,,,,,68100.0,,,,,,
1981-09-01,,,,,,67100.0,,,,,,
1981-10-01,,,,,,66000.0,,,,,,
1981-11-01,,,,,,65900.0,,,,,,
1981-12-01,,,,,,66600.0,,,,,,
1982-01-01,,,,,,66400.0,,,,,,
1982-02-01,,,,,,66900.0,,,,,,
1982-03-01,,,,,,67000.0,,,,,,
1982-04-01,,,,,,67100.0,,,,,,
1982-05-01,,,,,,67800.0,,,,,,
1982-06-01,,,,,,69400.0,,,,,,
1982-07-01,,,,,,69200.0,,,,,,
1982-08-01,,,,,,68900.0,,,,,,
1982-09-01,,,,,,67300.0,,,,,,
1982-10-01,,,,,,66900.0,,,,,,
1982-11-01,,,,,,67700.0,,,,,,
1982-12-01,,,,,,67800.0,,,,,,
1983-01-01,,,,,,68100.0,,,,,,
1983-02-01,,,,,,68200.0,,,,,,
1983-03-01,,,,,,68900.0,,,,,,
1983-04-01,,,,,,68800.0,,,,,,
1983-05-01,,,,,,69200.0,,,,,,
1983-06-01,,,,,,71400.0,,,,,,
1983-07-01,,,,,,71800.0,,,,,,
1983-08-01,,,,,,71500.0,,,,,,
1983-09-01,,,,,,69900.0,,,,,,
1983-10-01,,,,,,69800.0,,,,,,
1983-11-01,,,,,,70400.0,,,,,,
1983-12-01,,,,,,69900.0,,,,,,
1984-01-01,,,,,,70700.0,,,,,,
1984-02-01,,,,,,71400.0,,,,,,
1984-03-01,,,,,,71800.0,,,,,,
1984-04-01,,,,,,72100.0,,,,,,
1984-05-01,,,,,,72700.0,,,,,,
1984-06-01,,,,,,73400.0,,,,,,
1984-07-01,,,,,,74200.0,,,,,,
1984-08-01,,,,,,73500.0,,,,,,
1984-09-01,,,,,,71900.0,,,,,,
1984-10-01,,,,,,71900.0,,,,,,
1984-11-01,,,,,,71900.0,,,,,,
1984-12-01,,,,,,72100.0,,,,,,
1985-01-01,,,,,,73800.0,,,,,,
1985-02-01,,,,,,74000.0,,,,,,
1985-03-01,,,,,,74600.0,,,,,,
1985-04-01,,,,,,74800.0,,,,,,
1985-05-01,,,,,,75200.0,,,,,,
1985-06-01,,,,,,76500.0,,,,,,
1985-07-01,,,,,,76700.0,,,,,,
1985-08-01,,,,,,77200.0,,,,,,
1985-09-01,,,,,,75900.0,,,,,,
1985-10-01,,,,,,75200.0,,,,,,
1985-11-01,,,,,,74900.0,,,,,,
1985-12-01,,,,,,75500.0,,,,,,
1986-01-01,,,,,,77100.0,,,,,,
1986-02-01,,,,,,77400.0,,,,,,
1986-03-01,,,,,,79800.0,,,,,,
1986-04-01,,,,,,80200.0,,,,,,
1986-05-01,,,,,,83200.0,,,,,,
1986-06-01,,,,,,82600.0,,,,,,
1986-07-01,,,,,,79900.0,,,,,,
1986-08-01,,,,,,82000.0,,,,,,
1986-09-01,,,,,,80300.0,,,,,,
1986-10-01,,,,,,79400.0,,,,,,
1986-11-01,,,,,,80400.0,,,,,,
1986-12-01,,,,,,80800.0,,,,,,
1987-01-01,,,,,,82900.0,,,,,,
1987-02-01,,,,,,85600.0,,,,,,
1987-03-01,,,,,,85200.0,,,,,,
1987-04-01,,,,,,86000.0,,,,,,
1987-05-01,,,,,,86000.0,,,,,,
1987-06-01,,,,,,85900.0,,,,,,
1987-07-01,,,,,,88300.0,,,,,,
1987-08-01,,,,,,86500.0,,,,,,
1987-09-01,,,,,,85500.0,,,,,,
1987-10-01,,,,,,84600.0,,,,,,
1987-11-01,,,,,,85000.0,,,,,,
1987-12-01,,,,,,85400.0,,,,,,
1988-01-01,,,,,,88100.0,,,,,,
1988-02-01,,,,,,88900.0,,,,,,
1988-03-01,,,,,,88900.0,,,,,,
1988-04-01,,,,,,88000.0,,,,,,
1988-05-01,,,,,,89600.0,,,,,,
1988-06-01,,,,,,90200.0,,,,,,
1988-07-01,,,,,,90700.0,,,,,,
1988-08-01,,,,,,91500.0,,,,,,
1988-09-01,,,,,,88500.0,,,,,,
1988-10-01,,,,,,88900.0,,,,,,
1988-11-01,,,,,,88500.0,,,,,,
1988-12-01,,,,,,88700.0,,,,,,
1989-01-01,,,,,,86200.0,,,,,,
1989-02-01,,,,,,88000.0,,,,,,
1989-03-01,,,,,,88200.0,,,,,,
1989-04-01,,,,,,88900.0,,,,,,
1989-05-01,,,,,,88700.0,,,,,,
1989-06-01,,,,,,89600.0,,,,,,
1989-07-01,,,,,,90800.0,,,,,,
1989-08-01,,,,,,92200.0,,,,,,
1989-09-01,,,,,,90200.0,,,,,,
1989-10-01,,,,,,89200.0,,,,,,
1989-11-01,,,,,,91000.0,,,,,,
1989-12-01,,,,,,90000.0,,,,,,
1990-01-01,,,,,,91000.0,,,,,,
1990-02-01,,,,,,91100.0,,,,,,
1990-03-01,,,,,,92800.0,,,,,,
1990-04-01,,,,,,92500.0,,,,,,
1990-05-01,,,,,,91600.0,,,,,,
1990-06-01,,,,,,95700.0,,,,,,
1990-07-01,,,,,,95000.0,,,,,,
1990-08-01,,,,,,92500.0,,,,,,
1990-09-01,,,,,,91800.0,,,,,,
1990-10-01,,,,,,89700.0,,,,,,
1990-11-01,,,,,,89100.0,,,,,,
1990-12-01,,,,,,89000.0,,,,,,
1991-01-01,,,,,,92900.0,,,,,,
1991-02-01,,,,,,92100.0,,,,,,
1991-03-01,,,,,,95600.0,,,,,,
1991-04-01,,,,,,97200.0,,,,,,
1991-05-01,,,,,,97600.0,,,,,,
1991-06-01,,,,,,98800.0,,,,,,
1991-07-01,,,,,,100700.0,,,,,,
1991-08-01,,,,,,99200.0,,,,,,
1991-09-01,,,,,,97100.0,,,,,,
1991-10-01,,,,,,96600.0,,,,,,
1991-11-01,,,,,,95600.0,,,,,,
1991-12-01,,,,,,97400.0,,,,,,
1992-01-01,,,,,,98200.0,,,,,,
1992-02-01,,,,,,98800.0,,,,,,
1992-03-01,,,,,,99900.0,,,,,,
1992-04-01,,,,,,99300.0,,,,,,
1992-05-01,,,,,,99200.0,,,,,,
1992-06-01,,,,,,101300.0,,,,,,
1992-07-01,,,,,,99400.0,,,,,,
1992-08-01,,,,,,100600.0,,,,,,
1992-09-01,,,,,,99600.0,,,,,,
1992-10-01,,,,,,100000.0,,,,,,
1992-11-01,,,,,,99200.0,,,,,,
1992-12-01,,,,,,99700.0,,,,,,
1993-01-01,,,,,,98200.0,,,,,,
1993-02-01,,,,,,97700.0,,,,,,
1993-03-01,,,,,,99900.0,,,,,,
1993-04-01,,,,,,101000.0,,,,,,
1993-05-01,,,,,,101900.0,,,,,,
1993-06-01,,,,,,106000.0,,,,,,
1993-07-01,,,,,,105000.0,,,,,,
1993-08-01,,,,,,105400.0,,,,,,
1993-09-01,,,,,,104200.0,,,,,,
1993-10-01,,,,,,103700.0,,,,,,
1993-11-01,,,,,,104000.0,,,,,,
1993-12-01,,,,,,104600.0,,,,,,
1994-01-01,,,,,,104900.0,,,,,,
1994-02-01,,,,,,103400.0,,,,,,
1994-03-01,,,,,,104400.0,,,,,,
1994-04-01,,,,,,105700.0,,,,,,
1994-05-01,,,,,,106900.0,,,,,,
1994-06-01,,,,,,110500.0,,,,,,
1994-07-01,,,,,,109600.0,,,,,,
1994-08-01,,,,,,110500.0,,,,,,
1994-09-01,,,,,,106800.0,,,,,,
1994-10-01,,,,,,106300.0,,,,,,
1994-11-01,,,,,,106400.0,,,,,,
1994-12-01,,,,,,107200.0,,,,,,
1995-01-01,,,,,,105500.0,,,,,,
1995-02-01,,,,,,104300.0,,,,,,
1995-03-01,,,,,,105400.0,,,,,,
1995-04-01,,,,,,105600.0,,,,,,
1995-05-01,,,,,,107200.0,,,,,,
1995-06-01,,,,,,113400.0,,,,,,
1995-07-01,,,,,,113800.0,,,,,,
1995-08-01,,,,,,115100.0,,,,,,
1995-09-01,,,,,,112600.0,,,,,,
1995-10-01,,,,,,111200.0,,,,,,
1995-11-01,,,,,,111900.0,,,,,,
1995-12-01,,,,,,111700.0,,,,,,
1996-01-01,,,,,,113000.0,,,,,,
1996-02-01,,,,,,111100.0,,,,,,
1996-03-01,,,,,,113200.0,,,,,,
1996-04-01,,,,,,114100.0,,,,,,
1996-05-01,,,,,,115100.0,,,,,,
1996-06-01,,,,,,119700.0,,,,,,
1996-07-01,,,,,,118600.0,,,,,,
1996-08-01,,,,,,118700.0,,,,,,
1996-09-01,,,,,,115900.0,,,,,,
1996-10-01,,,,,,114600.0,,,,,,
1996-11-01,,,,,,115600.0,,,,,,
1996-12-01,,,,,,116900.0,,,,,,
1997-01-01,,,,,,117600.0,,,,,,
1997-02-01,,,,,,115400.0,,,,,,
1997-03-01,,,,,,117600.0,,,,,,
1997-04-01,,,,,,118600.0,,,,,,
1997-05-01,,,,,,120900.0,,,,,,
1997-06-01,,,,,,124500.0,,,,,,
1997-07-01,,,,,,124200.0,,,,,,
1997-08-01,,,,,,125600.0,,,,,,
1997-09-01,,,,,,123800.0,,,,,,
1997-10-01,,,,,,122100.0,,,,,,
1997-11-01,,,,,,122400.0,,,,,,
1997-12-01,,,,,,123900.0,,,,,,
1998-01-01,,,,,,124300.0,,,,,,
1998-02-01,,,,,,122400.0,,,,,,
1998-03-01,,,,,,124600.0,,,,,,
1998-04-01,,,,,,125800.0,,,,,,
1998-05-01,,,,,,128900.0,,,,,,
1998-06-01,,,,,,131300.0,,,,,,
1998-07-01,,,,,,131900.0,,,,,,
1998-08-01,,,,,,130800.0,,,,,,
1998-09-01,,,,,,129400.0,,,,,,
1998-10-01,,,,,,128100.0,,,,,,
1998-11-01,,,,,,129400.0,,,,,,
1998-12-01,,,,,,128500.0,,,,,,
1999-01-01,,,,,,134000.0,,,,,,
1999-02-01,,,,,,131000.0,,,,,,
1999-03-01,,,,,,134000.0,,,,,,
1999-04-01,,,,,,134000.0,,,,,,
1999-05-01,,,,,,137000.0,,,,,,
1999-06-01,,,,,,142000.0,,,,,,
1999-07-01,,,,,,140000.0,,,,,,
1999-08-01,,,,,,141000.0,,,,,,
1999-09-01,,,,,,140000.0,,,,,,
1999-10-01,,,,,,137000.0,,,,,,
1999-11-01,,,,,,138000.0,,,,,,
1999-12-01,,,,,,138000.0,,,,,,
2000-01-01,,,,,,137000.0,,,,,,
2000-02-01,,,,,,137000.0,,,,,,
2000-03-01,,,,,,139000.0,,,,,,
2000-04-01,,,,,,140000.0,,,,,,
2000-05-01,,,,,,142000.0,,,,,,
2000-06-01,,,,,,145000.0,,,,,,
2000-07-01,,,,,,147000.0,,,,,,
2000-08-01,,,,,,146000.0,,,,,,
2000-09-01,,,,,,147000.0,,,,,,
2000-10-01,,,,,,142000.0,,,,,,
2000-11-01,,,,,,144000.0,,,,,,
2000-12-01,,,,,,145000.0,,,,,,
2001-01-01,,,,,,142000.0,,,,,,
2001-02-01,,,,,,143000.0,,,,,,
2001-03-01,,,,,,147000.0,,,,,,
2001-04-01,,,,,,147000.0,,,,,,
2001-05-01,,,,,,150000.0,,,,,,
2001-06-01,,,,,,157000.0,,,,,,
2001-07-01,,,,,,156000.0,,,,,,
2001-08-01,,,,,,157000.0,,,,,,
2001-09-01,,,,,,153000.0,,,,,,
2001-10-01,,,,,,150000.0,,,,,,
2001-11-01,,,,,,152000.0,,,,,,
2001-12-01,,,,,,159000.0,,,,,,
2002-01-01,,,,,,156000.0,,,,,,
2002-02-01,,,,,,155000.0,,,,,,
2002-03-01,,,,,,158000.0,,,,,,
2002-04-01,,,,,,159000.0,,,,,,
2002-05-01,,,,,,162000.0,,,,,,
2002-06-01,,,,,,171000.0,,,,,,
2002-07-01,,,,,,169000.0,,,,,,
2002-08-01,,,,,,167000.0,,,,,,
2002-09-01,,,,,,165000.0,,,,,,
2002-10-01,,,,,,166000.0,,,,,,
2002-11-01,,,,,,168000.0,,,,,,
2002-12-01,,,,,,171000.0,,,,,,
2003-01-01,,,,,,167000.0,,,,,,
2003-02-01,,,,,,166000.0,,,,,,
2003-03-01,,,,,,169000.0,,,,,,
2003-04-01,,,,,,172000.0,,,,,,
2003-05-01,,,,,,175000.0,,,,,,
2003-06-01,,,,,,184000.0,,,,,,
2003-07-01,,,,,,184000.0,,,,,,
2003-08-01,,,,,,184000.0,,,,,,
2003-09-01,,,,,,181000.0,,,,,,
2003-10-01,,,,,,180000.0,,,,,,
2003-11-01,,,,,,179000.0,,,,,,
2003-12-01,,,,,,185000.0,,,,,,
2004-01-01,,,,,,179000.0,,,,,,
2004-02-01,,,,,,181000.0,,,,,,
2004-03-01,,,,,,183000.0,,,,,,
2004-04-01,,,,,,187000.0,,,,,,
2004-05-01,,,,,,193000.0,,,,,,
2004-06-01,,,,,,202000.0,,,,,,
2004-07-01,,,,,,201000.0,,,,,,
2004-08-01,,,,,,198000.0,,,,,,
2004-09-01,,,,,,198000.0,,,,,,
2004-10-01,,,,,,196000.0,,,,,,
2004-11-01,,,,,,199000.0,,,,,,
2004-12-01,,,,,,201000.0,,,,,,
2005-01-01,,,,,,197000.0,,,,,,
2005-02-01,,,,,,199000.0,,,,,,
2005-03-01,,,,,,203000.0,,,,,,
2005-04-01,,,,,,214000.0,,,,,,
2005-05-01,,,,,,217000.0,,,,,,
2005-06-01,,,,,,229000.0,,,,,,
2005-07-01,,,,,,228000.0,,,,,,
2005-08-01,,,,,,229000.0,,,,,,
2005-09-01,,,,,,225000.0,,,,,,
2005-10-01,,,,,,229000.0,,,,,,
2005-11-01,,,,,,225000.0,,,,,,
2005-12-01,,,,,,222000.0,,,,,,
2006-01-01,,,,,,217300.0,,,,,,
2006-02-01,,,,,,215600.0,,,,,,
2006-03-01,,,,,,217800.0,,,,,,
2006-04-01,,,,,,222500.0,,,,,,
2006-05-01,,,,,,228500.0,,,,,,
2006-06-01,,,,,,229400.0,,,,,,
2006-07-01,,,,,,230300.0,,,,,,
2006-08-01,,,,,,224100.0,,,,,,
2006-09-01,,,,,,220800.0,,,,,,
2006-10-01,,,,,,218800.0,,,,,,
2006-11-01,,,,,,217600.0,,,,,,
2006-12-01,,,,,,221800.0,,,,,,
2007-01-01,,,,,,211000.0,,,,,,
2007-02-01,,,,,,213700.0,,,,,,
2007-03-01,,,,,,217600.0,,,,,,
2007-04-01,,,,,,219600.0,,,,,,
2007-05-01,,,,,,222700.0,,,,,,
2007-06-01,,,,,,229000.0,,,,,,
2007-07-01,,,,,,228400.0,,,,,,
2007-08-01,,,,,,224600.0,,,,,,
2007-09-01,,,,,,210500.0,,,,,,
2007-10-01,,,,,,206700.0,,,,,,
2007-11-01,,,,,,208800.0,,,,,,
2007-12-01,,,,,,206900.0,,,,,,
2008-01-01,,,,,,199800.0,,,,,,
2008-02-01,,,,,,195700.0,,,,,,
2008-03-01,,,,,,200100.0,,,,,,
2008-04-01,,,,,,201000.0,,,,,,
2008-05-01,,,,,,207700.0,,,,,,
2008-06-01,,,,,,215100.0,,,,,,
2008-07-01,,,,,,210300.0,,,,,,
2008-08-01,,,,,,202900.0,,,,,,
2008-09-01,,,,,,191000.0,,,,,,
2008-10-01,,,,,,186500.0,,,,,,
2008-11-01,,,,,,180100.0,,,,,,
2008-12-01,,,,,,175700.0,,,,,,
2009-01-01,,,,,,164600.0,,,,,,
2009-02-01,,,,,,168200.0,,,,,,
2009-03-01,,,,,,169900.0,,,,,,
2009-04-01,,,,,,166600.0,,,,,,
2009-05-01,,,,,,174700.0,,,,,,
2009-06-01,,,,,,181800.0,,,,,,
2009-07-01,,,,,,181300.0,,,,,,
2009-08-01,,,,,,177300.0,,,,,,
2009-09-01,,,,,,176100.0,,,,,,
2009-10-01,,,,,,172200.0,,,,,,
2009-11-01,,,,,,170000.0,,,,,,
2009-12-01,,,,,,170700.0,,,,,,
2010-01-01,,,,,,164900.0,,,,,,
2010-02-01,,,,,,164600.0,,,,,,
2010-03-01,,,,,,169600.0,,,,,,
2010-04-01,,,,,,172300.0,,,,,,
2010-05-01,,,,,,174600.0,,,,,,
2010-06-01,,,,,,182900.0,,,,,,
2010-07-01,,,,,,182100.0,,,,,,
2010-08-01,,,,,,177300.0,,,,,,
2010-09-01,,,,,,171400.0,,,,,,
2010-10-01,,,,,,170600.0,,,,,,
2010-11-01,,,,,,170200.0,,,,,,
2010-12-01,,,,,,168800.0,,,,,,
2011-01-01,,,,,,157900.0,,,,,,
2011-02-01,,,,,,156100.0,,,,,,
2011-03-01,,,,,,159800.0,,,,,,
2011-04-01,,,,,,161100.0,,,,,,
2011-05-01,,,,,,169300.0,,,,,,
2011-06-01,,,,,,175600.0,,,,,,
2011-07-01,,,,,,171200.0,,,,,,
2011-08-01,,,,,,171200.0,,,,,,
2011-09-01,,,,,,165300.0,,,,,,
2011-10-01,,,,,,160800.0,,,,,,
2011-11-01,,,,,,164000.0,,,,,,
2011-12-01,,,,,,162200.0,,,,,,
2012-01-01,,,,,,154600.0,,,,,,
2012-02-01,,,,,,155600.0,,,,,,
2012-03-01,,,,,,164800.0,,,,,,
2012-04-01,,,,,,173700.0,,,,,,
2012-05-01,,,,,,180300.0,,,,,,
2012-06-01,,,,,,188800.0,,,,,,
2012-07-01,,,,,,187800.0,,,,,,
2012-08-01,,,,,,184900.0,,,,,,
2012-09-01,,,,,,178300.0,,,,,,
2012-10-01,,,,,,176900.0,,,,,,
2012-11-01,,,,,,179400.0,,,,,,
2012-12-01,,,,,,180200.0,,,,,,
2013-01-01,,,,,,170600.0,,,,,,
2013-02-01,,,,,,173200.0,,,,,,
2013-03-01,,,,,,184000.0,,,,,,
2013-04-01,,,,,,191800.0,,,,,,
2013-05-01,,,,,,203100.0,,,,,,
2013-06-01,,,,,,214000.0,,,,,,
2013-07-01,,,,,,212400.0,,,,,,
2013-08-01,,,,,,209700.0,,,,,,
2013-09-01,,,,,,198500.0,,,,,,
2013-10-01,,,,,,197500.0,,,,,,
2013-11-01,,,,,,195500.0,,,,,,
2013-12-01,,,,,,197700.0,,,,,,
2014-01-01,,,,,,187900.0,,,,,,
2014-02-01,,,,,,188400.0,,,,,,
2014-03-01,,,,,,196700.0,,,,,,
2014-04-01,,,,,,201500.0,,,,,,
2014-05-01,,,,,,212000.0,,,,,,
2014-06-01,,,,,,222000.0,,,,,,
2014-07-01,,,,,,221600.0,,,,,,
2014-08-01,,,,,,218400.0,,,,,,
2014-09-01,,,,,,209100.0,,,,,,
2014-10-01,,,,,,207500.0,,,,,,
2014-11-01,,,,,,207200.0,,,,,,
2014-12-01,,,,,,208200.0,,,,,,
2015-01-01,,,,,,197600.0,,,,,,
2015-02-01,,,,,,201900.0,,,,,,
2015-03-01,,,,,,210700.0,,,,,,
2015-04-01,,,,,,218700.0,,,,,,
2015-05-01,,,,,,228900.0,,,,,,
2015-06-01,,,,,,236300.0,,,,,,
2015-07-01,,,,,,231800.0,,,,,,
2015-08-01,,,,,,228500.0,,,,,,
2015-09-01,,,,,,221700.0,,,,,,
2015-10-01,,,,,,219100.0,,,,,,
2015-11-01,,,,,,220000.0,,,,,,
2015-12-01,,,,,,223200.0,,,,,,
2016-01-01,,,,,,213700.0,,,,,,
2016-02-01,,,,,,212100.0,,,,,,
2016-03-01,,,,,,221400.0,,,,,,
2016-04-01,,,,,,230900.0,,,,,,
2016-05-01,,,,,,238900.0,,,,,,
2016-06-01,,,,,,247600.0,,,,,,
2016-07-01,,,,,,243200.0,,,,,,
2016-08-01,,,,,,240000.0,,,,,,
2016-09-01,,,,,,235200.0,,,,,,
2016-10-01,,,,,,234100.0,,,,,,
2016-11-01,,,,,,234400.0,,,,,,
2016-12-01,,,,,,233300.0,,,,,,
2017-01-01,,,,,,227300.0,,,,,,
2017-02-01,,,,,,228200.0,,,,,,
2017-03-01,,,,,,236600.0,,,,,,
2017-04-01,,,,,,245000.0,,,,,,
2017-05-01,,,,,,252500.0,,,,,,
2017-06-01,,,,,,263300.0,,,,,,
2017-07-01,,,,,,258100.0,,,,,,
2017-08-01,,,,,,253100.0,,,,,,
2017-09-01,,,,,,247600.0,,,,,,
2017-10-01,,,,,,246000.0,,,,,,
2017-11-01,,,,,,247200.0,,,,,,
2017-12-01,,,,,,246500.0,,,,,,
2018-01-01,,,,,,240800.0,,,,,,
2018-02-01,,,,,,240800.0,,,,,,
2018-03-01,,,,,,249800.0,,,,,,
2018-04-01,,,,,,257900.0,,,,,,
2018-05-01,,,,,,265100.0,,,,,,
2018-06-01,,,,,,273800.0,,,,,,
2018-07-01,,,,,,269300.0,,,,,,
2018-08-01,,,,,,265600.0,,,,,,
2018-09-01,,,,,,256900.0,,,,,,
2018-10-01,,,,,,255100.0,,,,,,
2018-11-01,,,,,,257400.0,,,,,,
2018-12-01,,,,,,254700.0,,,,,,
2019-01-01,,,,,,249400.0,,,,,,
2019-02-01,,,,,,250100.0,,,,,,
2019-03-01,,,,,,259700.0,,,,,,
2019-04-01,,,,,,267000.0,,,,,,
2019-05-01,,,,,,278200.0,,,,,,
2019-06-01,,,,,,285400.0,,,,,,
2019-07-01,,,,,,280400.0,,,,,,
2019-08-01,,,,,,278800.0,,,,,,
2019-09-01,,,,,,271500.0,,,,,,
2019-10-01,,,,,,271100.0,,,,,,
2019-11-01,,,,,,271300.0,,,,,,
2019-12-01,,,,,,274500.0,,,,,,
2020-01-01,,,,,,266300.0,,,,,,
2020-02-01,,,,,,270400.0,,,,,,
2020-03-01,,,,,,280700.0,,,,,,
2020-04-01,,,,,,286800.0,,,,,,
2020-05-01,,,,,,283500.0,,,,,,
2020-06-01,,,,,,294400.0,,,,,,
2020-07-01,,,,,,305600.0,,,,,,
2020-08-01,,,,,,310400.0,,,,,,
2020-09-01,,,,,,311500.0,,,,,,
2020-10-01,,,,,,313000.0,,,,,,
2020-11-01,,,,,,310800.0,,,,,,
2020-12-01,,,,,,309200.0,,,,,,
2021-01-01,,,,,,303600.0,,,,,,
2021-02-01,,,,,,310700.0,,,,,,
2021-03-01,,,,,,326300.0,,,,,,
2021-04-01,,,,,,340600.0,,,,,,
2021-05-01,,,,,,350400.0,,,,,,
2021-06-01,,,,,,362800.0,,,,,,
2021-07-01,,,,,,359500.0,,,,,,
2021-08-01,,,,,,357700.0,,,,,,
2021-09-01,,,,,,351200.0,,,,,,
2021-10-01,,,,,,352700.0,,,,,,
2021-11-01,,,,,,354400.0,,,,,,
2021-12-01,,,,,,354600.0,,,,,,
2022-01-01,,,,,,350300.0,,,,,,
2022-02-01,,,,,,357300.0,,,,,,
2022-03-01,,,,,,375300.0,,,,,,
2022-04-01,,,,,,391200.0,,,,,,
2022-05-01,,,,,,407600.0,,,,,,
2022-06-01,,,,,,416000.0,,,,,,
2022-07-01,,,,,,403800.0,,,,,,
2022-08-01,,,,,,389500.0,,,,,,
2022-09-01,,,,,,383500.0,,,,,,
2022-10-01,,,,,,378800.0,,,,,,
2022-11-01,,,,,,370700.0,,,,,,
2022-12-01,,,,,,366500.0,,,,,,
2023-01-01,,,,,,361200.0,,,,,,
2023-02-01,,,,,,363600.0,,,,,,
2023-03-01,,,,,,375300.0,,,,,,
2023-04-01,,,,,,385800.0,,,,,,
2023-05-01,,,,,,396500.0,,,,,,
2023-06-01,,,,,,410100.0,,,,,,
2023-07-01,,,,,,405600.0,,,,,,
2023-08-01,,,,,,404200.0,,,,,,
2023-09-01,,,,,,392700.0,,,,,,
2023-10-01,,,,,,391600.0,,,,,,
2023-11-01,,,,,,387800.0,,,,,,
2023-12-01,,,,,,381400.0,,,,,,
2024-01-01,,,,,,378600.0,,,,,,
2024-02-01,,,,,,383800.0,,,,,,
2024-03-01,,,,,,392900.0,,,,,,
2024-04-01,,,,,,406600.0,,,,,,
2024-05-01,,,,,,417200.0,,,,,,
2024-06-01,,,,,,426900.0,,,,,,
2024-07-01,,,,,,421400.0,,,,,,
2024-08-01,,,,,,414200.0,,,,,,
2024-09-01,,,,,,406700.0,,,,,,
2024-10-01,,,,,,406800.0,,,,,,
2024-11-01,,,,,,404400.0,,,,,,
2024-12-01,,,,,,403700.0,,,,,,
2025-01-01,,,,,,393400.0,,,,,,
2025-02-01,257000.0,26000.0,56000.0,124000.0,51000.0,396800.0,464400.0,295300.0,356000.0,614600.0,1230000.0,3.6
2025-03-01,315000.0,33000.0,68000.0,151000.0,63000.0,403100.0,468000.0,300900.0,359800.0,621200.0,1330000.0,4.0
2025-04-01,349000.0,36000.0,81000.0,164000.0,68000.0,414000.0,487400.0,313300.0,365300.0,628500.0,1450000.0,4.3
2025-05-01,390000.0,43000.0,96000.0,181000.0,70000.0,423700.0,513200.0,327200.0,369000.0,630000.0,1540000.0,4.6
2025-06-01,391000.0,47000.0,99000.0,176000.0,69000.0,432700.0,543400.0,337600.0,374200.0,627700.0,1540000.0,4.6
2025-07-01,389000.0,51000.0,97000.0,173000.0,68000.0,425700.0,535700.0,333400.0,368300.0,620700.0,1550000.0,4.6
2025-08-01,376000.0,50000.0,94000.0,166000.0,66000.0,422400.0,534100.0,329500.0,364100.0,620300.0,1530000.0,4.6
2025-09-01,355000.0,45000.0,86000.0,158000.0,66000.0,412300.0,500300.0,319600.0,360300.0,615600.0,1530000.0,4.5
2025-10-01,359000.0,46000.0,90000.0,157000.0,66000.0,414900.0,503600.0,319500.0,362300.0,624600.0,1520000.0,4.4
2025-11-01,295000.0,38000.0,72000.0,132000.0,53000.0,410000.0,499800.0,317100.0,359700.0,614900.0,1440000.0,4.2
2025-12-01,346000.0,44000.0,77000.0,163000.0,62000.0,405100.0,499900.0,306400.0,359400.0,598300.0,1230000.0,3.5
2026-01-01,228000.0,29000.0,49000.0,108000.0,42000.0,395000.0,504000.0,298100.0,350900.0,585600.0,1260000.0,3.8
2026-02-01,259000.0,25000.0,55000.0,128000.0,51000.0,398000.0,478000.0,303900.0,356600.0,597200.0,1320000.0,3.8
2026-03-01,329000.0,31000.0,70000.0,161000.0,67000.0,408800.0,494500.0,315500.0,362600.0,613400.0,1390000.0,4.1
2026-04-01,354000.0,34000.0,80000.0,170000.0,70000.0,417700.0,510800.0,324500.0,366600.0,619600.0,1470000.0,4.4
