date,PPI Final Demand (Headline),PPI Final Demand Less Food & Energy (Core),"PPI Final Demand Less Food, Energy & Trade Services",PPI Final Demand Goods,PPI Final Demand Services,PPI Final Demand Finished Consumer Foods,PPI Final Demand Finished Consumer Energy Goods,PPI Processed Goods for Intermediate Demand,PPI Unprocessed Goods for Intermediate Demand,PPI Final Demand - Finished Goods,PPI Final Demand - Less Food & Energy
1947-04-01,,,,,,31.5,,23.1,30.7,26.0,
1947-05-01,,,,,,31.0,,23.0,30.4,26.1,
1947-06-01,,,,,,31.1,,23.2,30.6,26.2,
1947-07-01,,,,,,31.0,,23.2,31.0,26.2,
1947-08-01,,,,,,31.4,,23.3,31.6,26.3,
1947-09-01,,,,,,32.3,,23.7,32.4,26.7,
1947-10-01,,,,,,32.8,,24.0,33.7,26.8,
1947-11-01,,,,,,33.3,,24.3,33.9,27.1,
1947-12-01,,,,,,34.4,,24.5,35.3,27.7,
1948-01-01,,,,,,35.5,,25.0,36.2,28.1,
1948-02-01,,,,,,34.8,,24.7,34.4,27.9,
1948-03-01,,,,,,34.7,,24.8,33.5,28.0,
1948-04-01,,,,,,35.2,,25.1,34.2,28.1,
1948-05-01,,,,,,35.3,,25.1,35.3,28.4,
1948-06-01,,,,,,35.5,,25.4,36.2,28.6,
1948-07-01,,,,,,35.5,,25.4,36.1,28.8,
1948-08-01,,,,,,35.5,,25.5,35.5,28.9,
1948-09-01,,,,,,35.0,,25.5,34.9,28.8,
1948-10-01,,,,,,34.4,,25.5,33.8,28.7,
1948-11-01,,,,,,34.0,,25.4,33.5,28.5,
1948-12-01,,,,,,33.6,,25.2,33.0,28.5,
1949-01-01,,,,,,33.3,,25.2,32.0,28.3,
1949-02-01,,,,,,32.5,,24.8,30.9,28.0,
1949-03-01,,,,,,32.6,,24.7,30.8,28.0,
1949-04-01,,,,,,32.5,,24.5,30.2,27.9,
1949-05-01,,,,,,32.4,,24.3,30.1,27.8,
1949-06-01,,,,,,32.4,,24.1,29.7,27.7,
1949-07-01,,,,,,31.9,,24.1,29.2,27.5,
1949-08-01,,,,,,31.8,,23.9,29.2,27.4,
1949-09-01,,,,,,31.7,,23.9,29.5,27.4,
1949-10-01,,,,,,31.3,,23.8,29.5,27.3,
1949-11-01,,,,,,31.4,,23.7,29.6,27.2,
1949-12-01,,,,,,31.1,,23.8,29.6,27.2,
1950-01-01,,,,,,31.0,,23.8,29.6,27.2,
1950-02-01,,,,,,31.4,,23.9,30.5,27.2,
1950-03-01,,,,,,31.5,,24.1,30.3,27.3,
1950-04-01,,,,,,31.3,,24.2,30.5,27.3,
1950-05-01,,,,,,31.6,,24.6,31.6,27.5,
1950-06-01,,,,,,31.9,,24.7,32.1,27.6,
1950-07-01,,,,,,33.1,,25.3,33.3,28.0,
1950-08-01,,,,,,33.8,,25.6,34.0,28.6,
1950-09-01,,,,,,34.0,,26.2,34.5,28.9,
1950-10-01,,,,,,33.5,,26.7,34.5,29.0,
1950-11-01,,,,,,34.0,,26.9,35.4,29.4,
1950-12-01,,,,,,35.3,,27.8,36.7,30.0,
1951-01-01,,,,,,36.0,,28.5,38.2,30.5,
1951-02-01,,,,,,37.2,,28.7,39.6,30.8,
1951-03-01,,,,,,36.8,,28.8,39.1,30.9,
1951-04-01,,,,,,36.9,,28.8,39.1,30.9,
1951-05-01,,,,,,37.0,,28.8,38.4,31.1,
1951-06-01,,,,,,36.9,,28.7,38.1,31.0,
1951-07-01,,,,,,35.9,,28.4,36.8,30.8,
1951-08-01,,,,,,36.2,,28.0,36.2,30.7,
1951-09-01,,,,,,36.3,,28.0,35.9,30.6,
1951-10-01,,,,,,36.9,,27.9,36.7,30.8,
1951-11-01,,,,,,37.1,,27.9,36.4,30.9,
1951-12-01,,,,,,37.3,,27.8,36.6,30.9,
1952-01-01,,,,,,37.0,,27.8,35.8,30.8,
1952-02-01,,,,,,36.7,,27.7,35.5,30.7,
1952-03-01,,,,,,36.7,,27.6,35.0,30.9,
1952-04-01,,,,,,36.5,,27.5,34.9,30.7,
1952-05-01,,,,,,36.3,,27.5,34.8,30.7,
1952-06-01,,,,,,36.3,,27.6,34.6,30.7,
1952-07-01,,,,,,36.7,,27.5,34.6,30.8,
1952-08-01,,,,,,36.7,,27.6,34.7,30.7,
1952-09-01,,,,,,36.4,,27.6,33.8,30.6,
1952-10-01,,,,,,36.2,,27.5,33.8,30.5,
1952-11-01,,,,,,35.9,,27.4,33.7,30.4,
1952-12-01,,,,,,35.1,,27.3,32.9,30.2,
1953-01-01,,,,,,35.2,,27.4,32.5,30.3,
1953-02-01,,,,,,34.9,,27.4,32.4,30.2,
1953-03-01,,,,,,34.7,,27.5,32.4,30.3,
1953-04-01,,,,,,34.3,,27.5,31.6,30.2,
1953-05-01,,,,,,34.4,,27.6,31.8,30.3,
1953-06-01,,,,,,34.4,,27.7,31.4,30.4,
1953-07-01,,,,,,34.3,,28.0,32.3,30.5,
1953-08-01,,,,,,34.2,,27.9,31.8,30.4,
1953-09-01,,,,,,34.7,,27.9,32.0,30.4,
1953-10-01,,,,,,34.4,,27.9,31.4,30.4,
1953-11-01,,,,,,34.1,,27.8,31.2,30.3,
1953-12-01,,,,,,34.3,,27.8,31.7,30.4,
1954-01-01,,,,,,34.8,,27.9,32.0,30.5,
1954-02-01,,,,,,34.3,,27.9,32.0,30.4,
1954-03-01,,,,,,34.4,,27.9,32.1,30.4,
1954-04-01,,,,,,34.5,,27.9,32.2,30.6,
1954-05-01,,,,,,34.7,,27.9,32.1,30.6,
1954-06-01,,,,,,33.9,,27.8,31.5,30.4,
1954-07-01,,,,,,34.5,,27.9,31.4,30.5,
1954-08-01,,,,,,34.4,,27.9,31.3,30.4,
1954-09-01,,,,,,33.8,,27.8,31.5,30.3,
1954-10-01,,,,,,33.7,,27.8,31.2,30.2,
1954-11-01,,,,,,33.8,,27.9,31.4,30.3,
1954-12-01,,,,,,33.7,,27.9,30.8,30.3,
1955-01-01,,,,,,33.9,,27.9,31.1,30.4,
1955-02-01,,,,,,34.1,,28.0,31.0,30.5,
1955-03-01,,,,,,33.6,,28.0,30.7,30.3,
1955-04-01,,,,,,34.0,,28.1,31.0,30.4,
1955-05-01,,,,,,33.4,,28.1,30.2,30.4,
1955-06-01,,,,,,33.7,,28.2,30.7,30.5,
1955-07-01,,,,,,33.1,,28.4,30.4,30.4,
1955-08-01,,,,,,33.1,,28.5,30.1,30.4,
1955-09-01,,,,,,33.2,,28.8,30.4,30.5,
1955-10-01,,,,,,32.7,,28.9,30.4,30.6,
1955-11-01,,,,,,32.7,,28.9,29.4,30.6,
1955-12-01,,,,,,32.7,,29.0,29.5,30.7,
1956-01-01,,,,,,32.4,,29.1,29.4,30.7,
1956-02-01,,,,,,32.5,,29.2,29.9,30.8,
1956-03-01,,,,,,32.8,,29.4,29.8,30.9,
1956-04-01,,,,,,32.8,,29.5,30.3,31.0,
1956-05-01,,,,,,33.5,,29.6,30.7,31.2,
1956-06-01,,,,,,33.6,,29.6,30.5,31.4,
1956-07-01,,,,,,33.4,,29.4,30.5,31.3,
1956-08-01,,,,,,33.2,,29.7,31.0,31.4,
1956-09-01,,,,,,33.7,,29.8,31.0,31.6,
1956-10-01,,,,,,33.8,,30.0,31.0,31.8,
1956-11-01,,,,,,34.0,,30.0,31.1,31.9,
1956-12-01,,,,,,33.9,,30.1,31.7,31.9,
1957-01-01,,,,,,33.9,,30.3,31.3,32.1,
1957-02-01,,,,,,33.8,,30.3,31.0,32.2,
1957-03-01,,,,,,33.8,,30.3,30.9,32.1,
1957-04-01,,,,,,33.9,,30.2,30.8,32.3,
1957-05-01,,,,,,34.0,,30.2,30.7,32.3,
1957-06-01,,,,,,34.2,,30.3,31.5,32.5,
1957-07-01,,,,,,34.7,,30.3,32.0,32.6,
1957-08-01,,,,,,34.9,,30.4,32.0,32.6,
1957-09-01,,,,,,34.6,,30.4,31.2,32.6,
1957-10-01,,,,,,34.9,,30.3,31.0,32.7,
1957-11-01,,,,,,35.2,,30.4,31.1,32.9,
1957-12-01,,,,,,35.6,,30.4,31.5,33.0,
1958-01-01,,,,,,36.1,,30.4,31.4,33.2,
1958-02-01,,,,,,36.4,,30.3,31.9,33.2,
1958-03-01,,,,,,37.6,,30.3,32.3,33.4,
1958-04-01,,,,,,36.9,,30.2,31.8,33.2,
1958-05-01,,,,,,37.1,,30.3,32.4,33.2,
1958-06-01,,,,,,36.8,,30.3,32.0,33.3,
1958-07-01,,,,,,36.6,,30.3,32.1,33.2,
1958-08-01,,,,,,36.3,,30.4,31.9,33.2,
1958-09-01,,,,,,36.2,,30.4,31.6,33.2,
1958-10-01,,,,,,36.0,,30.4,31.9,33.2,
1958-11-01,,,,,,35.8,,30.5,32.1,33.2,
1958-12-01,,,,,,35.8,,30.6,31.6,33.1,
1959-01-01,,,,,,35.5,,30.6,31.6,33.1,
1959-02-01,,,,,,35.3,,30.7,31.4,33.2,
1959-03-01,,,,,,34.9,,30.7,31.5,33.2,
1959-04-01,,,,,,35.0,,30.7,31.7,33.2,
1959-05-01,,,,,,34.9,,30.9,31.5,33.3,
1959-06-01,,,,,,34.8,,30.9,31.3,33.2,
1959-07-01,,,,,,34.6,,30.8,31.0,33.1,
1959-08-01,,,,,,34.2,,30.8,30.7,33.0,
1959-09-01,,,,,,35.1,,30.8,30.9,33.4,
1959-10-01,,,,,,34.4,,30.8,30.7,33.1,
1959-11-01,,,,,,34.1,,30.9,30.5,33.0,
1959-12-01,,,,,,34.4,,30.9,30.3,33.0,
1960-01-01,,,,,,34.5,,30.8,30.4,33.1,
1960-02-01,,,,,,34.5,,30.9,30.4,33.1,
1960-03-01,,,,,,35.4,,30.9,30.7,33.4,
1960-04-01,,,,,,35.4,,30.8,30.8,33.4,
1960-05-01,,,,,,35.5,,30.8,30.8,33.4,
1960-06-01,,,,,,35.4,,30.9,30.4,33.4,
1960-07-01,,,,,,35.6,,30.8,30.4,33.5,
1960-08-01,,,,,,35.3,,30.8,29.8,33.4,
1960-09-01,,,,,,35.6,,30.8,30.0,33.4,
1960-10-01,,,,,,36.1,,30.8,30.2,33.7,
1960-11-01,,,,,,36.4,,30.7,30.2,33.7,
1960-12-01,,,,,,36.2,,30.7,30.3,33.6,
1961-01-01,,,,,,35.9,,30.6,30.4,33.6,
1961-02-01,,,,,,36.1,,30.7,30.5,33.7,
1961-03-01,,,,,,35.7,,30.8,30.3,33.6,
1961-04-01,,,,,,35.3,,30.7,30.2,33.4,
1961-05-01,,,,,,35.0,,30.6,29.9,33.3,
1961-06-01,,,,,,34.7,,30.5,29.5,33.3,
1961-07-01,,,,,,35.1,,30.5,29.7,33.3,
1961-08-01,,,,,,35.3,,30.5,30.5,33.4,
1961-09-01,,,,,,35.2,,30.5,30.3,33.3,
1961-10-01,,,,,,35.1,,30.4,30.3,33.3,
1961-11-01,,,,,,35.1,,30.5,30.2,33.4,
1961-12-01,,,,,,35.5,,30.6,30.6,33.4,
1962-01-01,,,,,,35.8,,30.5,30.6,33.5,
1962-02-01,,,,,,36.0,,30.6,30.5,33.6,
1962-03-01,,,,,,35.9,,30.6,30.5,33.5,
1962-04-01,,,,,,35.4,,30.6,30.1,33.5,
1962-05-01,,,,,,35.3,,30.6,30.1,33.4,
1962-06-01,,,,,,35.1,,30.6,29.9,33.4,
1962-07-01,,,,,,35.1,,30.6,30.2,33.4,
1962-08-01,,,,,,35.7,,30.6,30.5,33.5,
1962-09-01,,,,,,36.5,,30.6,31.2,33.8,
1962-10-01,,,,,,35.8,,30.5,30.8,33.6,
1962-11-01,,,,,,35.9,,30.5,31.0,33.6,
1962-12-01,,,,,,35.7,,30.5,30.6,33.5,
1963-01-01,,,,,,35.6,,30.5,30.3,33.4,
1963-02-01,,,,,,35.4,,30.5,30.0,33.4,
1963-03-01,,,,,,34.9,,30.5,29.6,33.3,
1963-04-01,,,,,,34.8,,30.5,29.8,33.3,
1963-05-01,,,,,,35.3,,30.7,29.6,33.4,
1963-06-01,,,,,,35.4,,30.7,29.9,33.5,
1963-07-01,,,,,,35.4,,30.7,30.0,33.4,
1963-08-01,,,,,,35.3,,30.7,29.9,33.4,
1963-09-01,,,,,,35.2,,30.7,29.8,33.4,
1963-10-01,,,,,,35.3,,30.8,29.9,33.5,
1963-11-01,,,,,,35.5,,30.8,30.2,33.5,
1963-12-01,,,,,,35.1,,30.8,29.4,33.4,
1964-01-01,,,,,,35.6,,30.8,29.8,33.5,
1964-02-01,,,,,,35.1,,30.8,29.4,33.5,
1964-03-01,,,,,,35.3,,30.8,29.5,33.4,
1964-04-01,,,,,,35.4,,30.8,29.5,33.5,
1964-05-01,,,,,,35.1,,30.7,29.4,33.5,
1964-06-01,,,,,,35.5,,30.6,29.0,33.5,
1964-07-01,,,,,,35.5,,30.7,29.2,33.5,
1964-08-01,,,,,,35.4,,30.6,29.4,33.6,
1964-09-01,,,,,,35.8,,30.7,30.1,33.6,
1964-10-01,,,,,,35.7,,30.8,29.8,33.6,
1964-11-01,,,,,,35.5,,30.8,29.9,33.6,
1964-12-01,,,,,,35.3,,30.9,29.8,33.6,
1965-01-01,,,,,,35.4,,30.9,29.5,33.6,
1965-02-01,,,,,,35.5,,30.9,29.9,33.7,
1965-03-01,,,,,,35.8,,31.0,30.0,33.7,
1965-04-01,,,,,,36.4,,31.1,30.4,34.0,
1965-05-01,,,,,,36.8,,31.1,30.8,34.1,
1965-06-01,,,,,,37.1,,31.2,31.6,34.2,
1965-07-01,,,,,,37.0,,31.2,31.2,34.1,
1965-08-01,,,,,,37.1,,31.3,31.5,34.2,
1965-09-01,,,,,,37.2,,31.3,31.4,34.3,
1965-10-01,,,,,,37.5,,31.3,31.8,34.4,
1965-11-01,,,,,,37.8,,31.4,32.1,34.5,
1965-12-01,,,,,,38.6,,31.4,32.7,34.7,
1966-01-01,,,,,,38.5,,31.4,33.1,34.7,
1966-02-01,,,,,,39.3,,31.6,33.7,35.0,
1966-03-01,,,,,,39.4,,31.7,33.5,35.0,
1966-04-01,,,,,,39.4,,31.8,33.3,35.1,
1966-05-01,,,,,,38.8,,32.0,33.0,35.1,
1966-06-01,,,,,,38.3,,32.0,33.0,34.9,
1966-07-01,,,,,,38.8,,32.2,33.4,35.1,
1966-08-01,,,,,,39.7,,32.3,33.5,35.4,
1966-09-01,,,,,,40.1,,32.2,33.4,35.6,
1966-10-01,,,,,,39.7,,32.1,32.9,35.5,
1966-11-01,,,,,,39.3,,32.2,32.3,35.5,
1966-12-01,,,,,,39.0,,32.2,32.1,35.4,
1967-01-01,,,,,,38.7,,32.2,32.2,35.4,
1967-02-01,,,,,,38.3,,32.1,31.5,35.3,
1967-03-01,,,,,,37.9,,32.1,31.1,35.3,
1967-04-01,,,,,,38.0,,32.1,30.7,35.3,
1967-05-01,,,,,,38.1,,32.1,31.1,35.4,
1967-06-01,,,,,,38.9,,32.2,31.4,35.7,
1967-07-01,,,,,,38.7,,32.2,31.3,35.7,
1967-08-01,,,,,,38.7,,32.2,31.3,35.8,
1967-09-01,,,,,,38.8,,32.3,31.2,35.8,
1967-10-01,,,,,,38.9,,32.3,31.3,35.9,
1967-11-01,,,,,,38.8,,32.4,31.1,35.9,
1967-12-01,,,,,,39.0,,32.6,31.5,36.0,
1968-01-01,,,,,,38.8,,32.6,31.4,36.1,
1968-02-01,,,,,,39.2,,32.7,31.5,36.2,
1968-03-01,,,,,,39.3,,32.8,31.6,36.3,
1968-04-01,,,,,,39.7,,32.8,31.7,36.5,
1968-05-01,,,,,,39.8,,32.8,31.5,36.5,
1968-06-01,,,,,,39.8,,32.9,31.3,36.6,
1968-07-01,,,,,,40.0,,33.0,31.6,36.7,
1968-08-01,,,,,,40.1,,33.0,31.7,36.8,
1968-09-01,,,,,,40.7,,33.1,31.9,37.0,
1968-10-01,,,,,,40.7,,33.2,32.1,37.0,
1968-11-01,,,,,,40.8,,33.2,32.8,37.1,
1968-12-01,,,,,,40.8,,33.4,32.4,37.1,
1969-01-01,,,,,,41.0,,33.6,32.6,37.2,
1969-02-01,,,,,,40.8,,33.7,32.3,37.2,
1969-03-01,,,,,,41.1,,33.9,32.7,37.4,
1969-04-01,,,,,,41.5,,33.8,33.1,37.6,
1969-05-01,,,,,,42.3,,33.9,34.0,37.8,
1969-06-01,,,,,,42.7,,34.0,34.5,38.0,
1969-07-01,,,,,,42.5,,34.0,34.1,38.1,
1969-08-01,,,,,,42.8,,34.2,34.4,38.2,
1969-09-01,,,,,,42.9,,34.2,34.4,38.3,
1969-10-01,,,,,,43.3,,34.4,34.8,38.5,
1969-11-01,,,,,,44.1,,34.6,35.2,38.8,
1969-12-01,,,,,,44.1,,34.7,35.1,38.9,
1970-01-01,,,,,,44.4,,35.0,35.1,39.1,
1970-02-01,,,,,,44.1,,35.0,35.2,39.0,
1970-03-01,,,,,,44.2,,34.9,35.6,39.1,
1970-04-01,,,,,,44.0,,35.1,35.5,39.1,
1970-05-01,,,,,,43.5,,35.2,35.0,39.1,
1970-06-01,,,,,,43.7,,35.3,35.0,39.2,
1970-07-01,,,,,,43.8,,35.5,35.1,39.2,
1970-08-01,,,,,,43.3,,35.5,34.7,39.2,
1970-09-01,,,,,,44.1,,35.6,35.5,39.6,
1970-10-01,,,,,,43.6,,35.8,35.5,39.6,
1970-11-01,,,,,,43.8,,35.9,35.1,39.8,
1970-12-01,,,,,,43.0,,35.9,34.5,39.8,
1971-01-01,,,,,,43.2,,36.0,34.8,39.9,
1971-02-01,,,,,,43.6,,36.1,35.9,40.1,
1971-03-01,,,,,,43.9,,36.3,35.4,40.2,
1971-04-01,,,,,,44.4,,36.3,36.0,40.3,
1971-05-01,,,,,,44.7,,36.5,36.0,40.5,
1971-06-01,,,,,,45.0,,36.7,36.2,40.6,
1971-07-01,,,,,,44.1,,36.9,35.9,40.4,
1971-08-01,,,,,,44.7,,37.2,35.8,40.7,
1971-09-01,,,,,,44.5,,37.2,35.7,40.7,
1971-10-01,,,,,,44.9,,37.1,36.4,40.7,
1971-11-01,,,,,,45.2,,37.2,37.0,40.8,
1971-12-01,,,,,,45.7,,37.4,37.2,41.1,
1972-01-01,,,,,,45.5,,37.5,37.8,41.0,
1972-02-01,,,,,,45.9,,37.7,38.1,41.3,
1972-03-01,,,,,,45.7,,37.8,38.1,41.3,
1972-04-01,,,,,,45.7,,37.9,38.7,41.3,
1972-05-01,,,,,,46.3,,38.0,39.3,41.5,
1972-06-01,,,,,,46.8,,38.0,39.4,41.7,
1972-07-01,,,,,,47.1,,38.1,40.0,41.8,
1972-08-01,,,,,,47.3,,38.2,40.3,42.0,
1972-09-01,,,,,,47.8,,38.5,40.5,42.2,
1972-10-01,,,,,,47.6,,38.7,40.9,42.0,
1972-11-01,,,,,,48.3,,39.0,42.0,42.3,
1972-12-01,,,,,,49.3,,39.6,43.8,42.7,
1973-01-01,,,,,,50.5,,39.8,45.0,43.0,
1973-02-01,,,,,,51.2,,40.4,47.1,43.5,
1973-03-01,,,,,,53.9,,41.1,49.3,44.4,
1973-04-01,,,,,,54.5,,41.3,50.1,44.7,
1973-05-01,,,,,,55.0,,42.2,52.5,45.0,
1973-06-01,,,,,,56.2,,43.0,55.0,45.5,
1973-07-01,,,,,,55.7,,42.3,52.5,45.4,
1973-08-01,,,,,,61.0,,43.5,64.1,47.0,
1973-09-01,,,,,,60.3,,43.0,60.9,46.9,
1973-10-01,,,,,,59.6,,43.4,58.5,46.8,
1973-11-01,,,,,,59.8,,43.8,59.0,47.2,
1973-12-01,,,,,,60.1,,44.8,59.1,47.6,
1974-01-01,,,,,,62.2,20.0,45.9,63.3,48.8,49.7
1974-02-01,,,,,,63.8,22.0,46.8,64.3,49.7,50.0
1974-03-01,,,,,,63.5,24.0,48.1,62.3,50.2,50.5
1974-04-01,,,,,,63.0,25.3,49.0,60.6,50.7,51.1
1974-05-01,,,,,,62.9,25.9,50.6,58.3,51.3,52.2
1974-06-01,,,,,,60.8,26.9,51.5,55.4,51.3,53.1
1974-07-01,,,,,,63.1,27.6,53.4,59.8,52.7,54.0
1974-08-01,,,,,,64.6,27.9,55.8,62.9,53.7,55.0
1974-09-01,,,,,,65.1,28.3,55.9,60.9,54.3,55.7
1974-10-01,,,,,,66.3,28.8,57.2,63.2,55.3,56.7
1974-11-01,,,,,,69.1,28.3,57.8,64.2,56.4,57.4
1974-12-01,,,,,,68.0,28.6,57.8,61.5,56.4,57.9
1975-01-01,,,,,,68.0,29.3,58.0,59.6,56.7,58.3
1975-02-01,,,,,,67.3,29.3,57.8,57.9,56.6,58.7
1975-03-01,,,,,,66.7,29.3,57.4,57.1,56.6,59.0
1975-04-01,,,,,,67.8,29.6,57.5,59.5,57.1,59.2
1975-05-01,,,,,,68.5,30.1,57.3,61.2,57.4,59.3
1975-06-01,,,,,,69.5,30.5,57.3,61.5,57.9,59.5
1975-07-01,,,,,,70.5,31.1,57.5,62.4,58.4,59.8
1975-08-01,,,,,,71.3,32.3,58.0,63.0,58.9,59.9
1975-09-01,,,,,,71.8,33.0,58.2,64.5,59.3,60.2
1975-10-01,,,,,,72.4,33.5,58.8,65.1,59.8,60.6
1975-11-01,,,,,,72.3,34.0,59.0,64.4,60.0,61.0
1975-12-01,,,,,,71.9,34.0,59.2,64.0,60.1,61.4
1976-01-01,,,,,,70.9,33.1,59.4,63.0,60.0,61.7
1976-02-01,,,,,,69.7,33.0,59.6,62.1,59.9,61.9
1976-03-01,,,,,,69.5,32.8,59.8,61.5,60.0,62.2
1976-04-01,,,,,,70.7,32.8,60.0,63.9,60.3,62.3
1976-05-01,,,,,,70.6,32.7,60.3,63.6,60.4,62.4
1976-06-01,,,,,,69.8,33.3,60.8,65.2,60.5,62.8
1976-07-01,,,,,,69.5,33.9,61.1,64.8,60.7,63.1
1976-08-01,,,,,,68.9,34.5,61.3,63.6,60.9,63.5
1976-09-01,,,,,,68.5,34.8,61.9,63.4,61.1,63.9
1976-10-01,,,,,,68.7,36.2,62.0,63.0,61.4,64.1
1976-11-01,,,,,,68.6,37.5,62.4,63.4,61.9,64.6
1976-12-01,,,,,,70.1,37.0,62.8,64.5,62.4,64.9
1977-01-01,,,,,,70.2,36.7,63.0,64.3,62.5,65.1
1977-02-01,,,,,,71.5,38.1,63.3,65.7,63.2,65.4
1977-03-01,,,,,,72.6,39.0,63.9,66.6,63.7,65.7
1977-04-01,,,,,,72.8,39.5,64.4,68.3,64.0,65.9
1977-05-01,,,,,,73.7,40.1,64.9,67.6,64.4,66.1
1977-06-01,,,,,,73.2,40.1,64.9,65.5,64.6,66.5
1977-07-01,,,,,,73.7,40.2,65.1,64.7,64.8,66.8
1977-08-01,,,,,,74.1,40.2,65.4,63.9,65.2,67.3
1977-09-01,,,,,,73.7,40.3,65.7,63.7,65.5,67.8
1977-10-01,,,,,,73.9,40.4,65.8,64.0,65.9,68.2
1977-11-01,,,,,,74.6,41.0,66.3,65.4,66.4,68.8
1977-12-01,,,,,,74.9,41.4,66.6,66.4,66.7,69.0
1978-01-01,,,,,,75.6,41.4,66.9,67.3,67.0,69.2
1978-02-01,,,,,,77.1,41.2,67.4,68.4,67.5,69.5
1978-03-01,,,,,,77.6,41.1,67.8,69.8,67.8,69.9
1978-04-01,,,,,,79.1,41.2,68.1,72.1,68.6,70.6
1978-05-01,,,,,,79.4,41.3,68.7,72.8,69.1,71.1
1978-06-01,,,,,,80.5,41.7,69.2,74.6,69.7,71.7
1978-07-01,,,,,,80.7,42.0,69.4,74.2,70.3,72.3
1978-08-01,,,,,,80.0,42.3,69.9,73.7,70.4,72.8
1978-09-01,,,,,,80.8,42.8,70.5,75.1,71.1,73.5
1978-10-01,,,,,,82.2,43.3,71.3,77.0,71.4,73.4
1978-11-01,,,,,,82.4,44.0,71.9,77.4,72.0,74.1
1978-12-01,,,,,,83.6,45.0,72.4,78.0,72.8,74.7
1979-01-01,,,,,,85.0,45.9,73.1,80.1,73.7,75.3
1979-02-01,,,,,,86.5,46.5,73.7,82.1,74.4,75.9
1979-03-01,,,,,,87.2,47.4,74.6,83.8,75.0,76.4
1979-04-01,,,,,,87.6,49.2,75.7,84.4,75.8,77.0
1979-05-01,,,,,,86.8,51.8,76.6,84.7,76.2,77.4
1979-06-01,,,,,,85.9,54.3,77.5,85.6,76.6,78.0
1979-07-01,,,,,,86.2,57.4,78.7,86.5,77.4,78.5
1979-08-01,,,,,,86.7,60.6,79.8,85.5,78.2,78.8
1979-09-01,,,,,,87.8,64.4,81.1,87.9,79.5,79.7
1979-10-01,,,,,,87.8,67.3,82.4,88.8,80.4,80.4
1979-11-01,,,,,,89.5,69.3,83.2,90.0,81.4,81.0
1979-12-01,,,,,,90.0,71.1,84.0,91.2,82.2,81.7
1980-01-01,,,,,,89.5,73.8,86.0,90.9,83.4,83.3
1980-02-01,,,,,,89.3,78.6,87.6,92.6,84.6,84.2
1980-03-01,,,,,,90.0,82.1,88.2,90.8,85.5,84.7
1980-04-01,,,,,,88.6,86.2,88.5,88.3,86.2,85.5
1980-05-01,,,,,,89.1,86.6,89.0,89.5,86.6,85.7
1980-06-01,,,,,,89.8,86.5,89.8,90.1,87.3,86.6
1980-07-01,,,,,,92.8,86.8,90.5,94.6,88.7,87.7
1980-08-01,,,,,,95.2,87.0,91.5,99.0,89.7,88.4
1980-09-01,,,,,,95.3,87.4,91.9,100.4,90.1,88.8
1980-10-01,,,,,,96.1,87.7,92.8,102.2,90.8,89.6
1980-11-01,,,,,,96.5,89.1,93.5,103.5,91.4,90.1
1980-12-01,,,,,,96.6,90.6,94.4,102.7,91.8,90.4
1981-01-01,,,,,,96.8,93.0,95.6,103.4,92.8,91.4
1981-02-01,,,,,,96.5,96.8,96.1,104.2,93.6,92.0
1981-03-01,,,,,,97.2,101.5,97.1,103.8,94.7,92.6
1981-04-01,,,,,,97.2,105.6,98.3,104.2,95.7,93.5
1981-05-01,,,,,,97.4,104.2,98.7,103.8,96.0,94.0
1981-06-01,,,,,,98.0,104.0,99.0,104.9,96.5,94.6
1981-07-01,,,,,,99.0,102.7,99.2,105.0,96.7,94.8
1981-08-01,,,,,,98.9,101.1,99.7,104.0,96.8,95.3
1981-09-01,,,,,,98.7,101.9,99.7,102.7,97.2,95.9
1981-10-01,,,,,,98.5,101.6,99.8,101.2,97.6,96.5
1981-11-01,,,,,,98.1,102.2,99.9,99.7,97.9,97.0
1981-12-01,,,,,,98.1,103.2,100.0,98.8,98.3,97.6
1982-01-01,,,,,,98.9,103.2,100.4,99.7,98.9,98.1
1982-02-01,,,,,,99.2,102.1,100.3,100.0,98.8,98.1
1982-03-01,,,,,,99.0,98.5,99.9,99.7,98.8,98.7
1982-04-01,,,,,,100.2,96.2,99.7,100.2,99.0,99.0
1982-05-01,,,,,,100.9,92.8,99.7,101.9,99.0,99.4
1982-06-01,,,,,,101.6,95.9,99.8,101.8,99.8,99.9
1982-07-01,,,,,,100.1,100.6,100.0,100.7,100.2,100.1
1982-08-01,,,,,,100.1,101.4,99.9,99.8,100.6,100.6
1982-09-01,,,,,,100.1,101.5,100.0,99.2,100.7,100.8
1982-10-01,,,,,,100.0,101.2,99.9,98.7,101.0,101.3
1982-11-01,,,,,,100.0,103.1,100.1,99.2,101.4,101.6
1982-12-01,,,,,,100.1,102.8,100.1,98.8,101.8,102.2
1983-01-01,,,,,,99.6,99.0,99.8,98.8,101.0,101.8
1983-02-01,,,,,,100.3,96.6,100.0,100.0,101.1,102.2
1983-03-01,,,,,,100.5,93.9,99.7,100.5,101.0,102.5
1983-04-01,,,,,,101.1,93.5,99.5,101.2,101.1,102.4
1983-05-01,,,,,,101.1,94.7,99.8,100.9,101.4,102.6
1983-06-01,,,,,,100.7,96.5,100.2,100.5,101.6,102.8
1983-07-01,,,,,,100.2,96.0,100.5,99.5,101.6,103.1
1983-08-01,,,,,,100.6,96.0,100.9,102.2,101.9,103.5
1983-09-01,,,,,,101.5,95.8,101.6,103.3,102.2,103.5
1983-10-01,,,,,,102.4,94.6,101.7,103.2,102.2,103.6
1983-11-01,,,,,,101.6,93.2,101.8,102.3,102.0,103.8
1983-12-01,,,,,,102.3,92.7,101.9,103.5,102.3,104.1
1984-01-01,,,,,,104.8,92.0,102.1,104.6,103.0,104.5
1984-02-01,,,,,,105.3,92.9,102.5,103.8,103.4,104.7
1984-03-01,,,,,,106.2,92.1,103.0,105.7,103.8,105.2
1984-04-01,,,,,,105.2,94.0,103.2,105.2,103.9,105.3
1984-05-01,,,,,,104.7,94.1,103.4,104.5,103.8,105.3
1984-06-01,,,,,,104.5,93.3,103.6,103.3,103.8,105.5
1984-07-01,,,,,,105.9,91.3,103.4,104.0,104.0,105.7
1984-08-01,,,,,,105.8,89.3,103.2,103.3,103.8,105.9
1984-09-01,,,,,,105.5,88.2,103.1,102.8,103.8,106.2
1984-10-01,,,,,,105.2,89.1,103.2,101.5,103.6,105.9
1984-11-01,,,,,,105.6,89.5,103.3,101.9,104.0,106.2
1984-12-01,,,,,,105.6,88.7,103.2,101.4,104.0,106.3
1985-01-01,,,,,,105.4,86.9,103.1,99.9,104.0,106.9
1985-02-01,,,,,,106.0,84.8,102.8,99.4,104.1,107.3
1985-03-01,,,,,,105.4,84.2,102.7,97.6,104.1,107.6
1985-04-01,,,,,,104.8,89.4,102.9,96.7,104.6,107.6
1985-05-01,,,,,,103.8,91.9,103.2,95.8,104.9,107.8
1985-06-01,,,,,,103.7,88.5,102.6,95.2,104.6,108.2
1985-07-01,,,,,,104.3,87.0,102.3,94.9,104.7,108.4
1985-08-01,,,,,,103.8,86.4,102.3,92.9,104.5,108.5
1985-09-01,,,,,,102.5,86.3,102.2,91.8,103.8,107.9
1985-10-01,,,,,,103.9,87.1,102.3,94.1,104.9,108.9
1985-11-01,,,,,,105.3,87.9,102.5,95.7,105.5,109.1
1985-12-01,,,,,,106.1,90.0,102.9,95.5,106.0,109.1
1986-01-01,,,,,,105.8,86.3,102.4,94.2,105.5,109.3
1986-02-01,,,,,,104.8,77.9,101.2,90.5,104.1,109.5
1986-03-01,,,,,,104.8,68.2,99.9,88.2,102.8,109.6
1986-04-01,,,,,,105.0,62.7,98.9,85.6,102.3,110.1
1986-05-01,,,,,,106.1,63.9,98.7,86.5,102.8,110.2
1986-06-01,,,,,,106.2,64.5,98.6,86.2,103.1,110.5
1986-07-01,,,,,,107.6,55.5,98.0,86.4,102.3,110.7
1986-08-01,,,,,,109.5,55.0,98.0,86.7,102.7,110.8
1986-09-01,,,,,,109.0,57.2,98.5,86.6,102.9,110.7
1986-10-01,,,,,,109.8,55.2,98.3,87.4,103.5,111.8
1986-11-01,,,,,,109.5,55.0,98.3,87.6,103.4,112.0
1986-12-01,,,,,,109.3,55.6,98.5,86.9,103.6,112.1
1987-01-01,,,,,,108.0,59.2,99.0,89.3,104.1,112.5
1987-02-01,,,,,,108.6,60.7,99.8,90.2,104.4,112.3
1987-03-01,,,,,,108.3,61.4,99.9,90.5,104.5,112.4
1987-04-01,,,,,,109.6,61.7,100.3,92.5,105.1,112.9
1987-05-01,,,,,,110.5,60.7,100.8,93.8,105.2,113.0
1987-06-01,,,,,,110.4,61.9,101.4,94.5,105.5,113.1
1987-07-01,,,,,,110.2,62.7,101.9,95.6,105.7,113.3
1987-08-01,,,,,,109.4,64.0,102.4,96.5,105.9,113.6
1987-09-01,,,,,,110.3,63.1,102.6,96.0,106.2,113.9
1987-10-01,,,,,,109.9,62.8,103.1,95.8,106.0,114.0
1987-11-01,,,,,,109.9,61.8,103.5,95.1,106.0,114.2
1987-12-01,,,,,,109.1,61.6,103.8,94.9,105.8,114.3
1988-01-01,,,,,,110.7,60.1,104.1,94.2,106.4,115.0
1988-02-01,,,,,,109.9,59.8,104.4,95.2,106.3,115.3
1988-03-01,,,,,,110.3,59.7,104.8,94.1,106.6,115.6
1988-04-01,,,,,,110.4,61.4,105.5,95.4,107.0,115.9
1988-05-01,,,,,,110.7,60.8,106.2,95.8,107.2,116.2
1988-06-01,,,,,,111.7,59.8,107.4,97.0,107.5,116.6
1988-07-01,,,,,,113.0,60.7,108.3,96.7,108.4,117.2
1988-08-01,,,,,,113.7,60.1,108.5,97.0,108.8,117.7
1988-09-01,,,,,,115.3,58.2,108.7,97.0,109.0,118.1
1988-10-01,,,,,,114.9,58.6,108.6,96.6,109.2,118.4
1988-11-01,,,,,,115.1,59.4,108.8,95.2,109.6,118.7
1988-12-01,,,,,,115.7,59.2,109.4,98.1,110.0,119.2
1989-01-01,,,,,,116.9,61.8,110.8,102.0,111.1,119.9
1989-02-01,,,,,,117.6,63.4,111.3,101.7,111.9,120.5
1989-03-01,,,,,,118.2,64.2,111.9,102.9,112.3,120.7
1989-04-01,,,,,,117.8,69.2,112.5,104.1,113.1,120.8
1989-05-01,,,,,,118.3,71.0,112.6,104.5,114.0,121.6
1989-06-01,,,,,,118.0,69.5,112.5,103.2,114.0,122.2
1989-07-01,,,,,,118.4,67.7,112.2,103.5,113.8,122.1
1989-08-01,,,,,,118.7,62.4,111.8,101.2,113.4,122.7
1989-09-01,,,,,,118.7,64.8,112.1,102.5,114.0,123.1
1989-10-01,,,,,,119.9,64.9,112.2,102.7,114.6,123.5
1989-11-01,,,,,,120.5,63.6,112.0,103.5,114.8,123.9
1989-12-01,,,,,,121.8,65.1,112.2,105.1,115.5,124.2
1990-01-01,,,,,,124.2,73.8,113.7,106.7,117.7,124.5
1990-02-01,,,,,,124.9,71.0,112.8,106.8,117.6,124.9
1990-03-01,,,,,,124.5,69.2,112.9,105.1,117.5,125.3
1990-04-01,,,,,,123.3,69.4,113.1,102.7,117.4,125.5
1990-05-01,,,,,,123.8,67.6,113.1,103.1,117.5,126.0
1990-06-01,,,,,,123.6,67.4,112.9,100.6,117.6,126.4
1990-07-01,,,,,,124.5,67.0,112.8,101.0,117.9,126.6
1990-08-01,,,,,,124.7,73.1,114.0,110.5,119.2,127.1
1990-09-01,,,,,,124.3,80.3,115.8,115.8,120.7,127.7
1990-10-01,,,,,,124.7,86.3,117.4,125.8,121.9,128.0
1990-11-01,,,,,,125.4,87.4,117.7,117.8,122.6,128.4
1990-12-01,,,,,,124.7,84.5,116.9,110.8,122.0,128.6
1991-01-01,,,,,,125.0,84.8,116.9,113.3,122.6,129.5
1991-02-01,,,,,,124.7,80.6,115.9,104.1,121.8,129.8
1991-03-01,,,,,,125.0,77.8,114.7,100.5,121.3,130.1
1991-04-01,,,,,,125.2,77.2,114.2,100.2,121.3,130.4
1991-05-01,,,,,,125.3,77.6,114.1,100.9,121.6,130.6
1991-06-01,,,,,,124.9,76.8,113.9,99.2,121.4,130.7
1991-07-01,,,,,,124.3,75.5,113.6,99.4,121.1,131.0
1991-08-01,,,,,,123.0,76.8,113.8,99.1,121.3,131.3
1991-09-01,,,,,,122.8,76.9,114.0,98.4,121.5,131.8
1991-10-01,,,,,,123.1,77.1,114.0,100.8,121.9,132.3
1991-11-01,,,,,,123.4,78.3,114.1,100.7,122.4,132.5
1991-12-01,,,,,,122.8,78.1,114.0,98.2,122.3,132.6
1992-01-01,,,,,,122.8,75.8,113.4,97.2,122.0,133.0
1992-02-01,,,,,,123.5,76.5,113.8,98.6,122.3,133.1
1992-03-01,,,,,,123.1,76.2,113.9,97.1,122.4,133.4
1992-04-01,,,,,,122.6,76.4,114.1,98.1,122.5,133.8
1992-05-01,,,,,,122.5,77.0,114.5,100.3,122.9,134.3
1992-06-01,,,,,,122.9,79.0,115.1,101.6,123.4,134.1
1992-07-01,,,,,,122.7,78.7,115.2,101.6,123.3,134.3
1992-08-01,,,,,,123.3,78.5,115.1,100.7,123.4,134.3
1992-09-01,,,,,,123.5,78.7,115.3,102.8,123.7,134.6
1992-10-01,,,,,,123.9,79.5,115.3,102.8,124.2,134.9
1992-11-01,,,,,,123.8,78.9,115.1,102.5,124.1,135.1
1992-12-01,,,,,,124.7,78.2,115.1,101.3,124.2,135.2
1993-01-01,,,,,,124.8,78.1,115.4,101.7,124.4,135.6
1993-02-01,,,,,,124.7,78.6,115.9,101.2,124.7,135.9
1993-03-01,,,,,,124.5,79.4,116.3,101.7,125.0,136.1
1993-04-01,,,,,,126.5,79.5,116.6,103.2,125.7,136.5
1993-05-01,,,,,,126.8,79.4,116.3,105.6,125.7,136.6
1993-06-01,,,,,,125.3,78.8,116.3,103.8,125.2,136.4
1993-07-01,,,,,,125.0,78.2,116.3,101.6,125.1,136.6
1993-08-01,,,,,,125.0,77.4,116.2,100.8,123.9,134.9
1993-09-01,,,,,,125.5,77.5,116.3,101.2,124.1,134.9
1993-10-01,,,,,,125.4,78.1,116.4,103.7,124.2,135.0
1993-11-01,,,,,,126.8,76.5,116.5,103.0,124.4,135.3
1993-12-01,,,,,,127.5,74.6,116.2,101.7,124.4,135.7
1994-01-01,,,,,,127.4,75.3,116.5,103.8,124.8,136.3
1994-02-01,,,,,,126.9,76.8,116.9,102.1,125.0,136.3
1994-03-01,,,,,,127.3,76.4,117.1,103.8,125.1,136.4
1994-04-01,,,,,,127.2,76.2,117.1,103.8,125.1,136.6
1994-05-01,,,,,,126.5,75.5,117.2,102.2,125.1,137.0
1994-06-01,,,,,,126.0,76.2,117.8,102.7,125.2,137.2
1994-07-01,,,,,,126.3,77.8,118.3,101.7,125.7,137.3
1994-08-01,,,,,,126.1,79.6,119.1,101.6,126.2,137.6
1994-09-01,,,,,,126.0,77.8,119.6,99.7,125.9,137.7
1994-10-01,,,,,,126.0,76.9,120.1,98.6,125.5,137.4
1994-11-01,,,,,,126.8,78.4,121.0,99.8,126.1,137.6
1994-12-01,,,,,,128.7,77.8,121.5,101.1,126.6,137.9
1995-01-01,,,,,,128.2,78.3,122.8,102.1,126.9,138.4
1995-02-01,,,,,,128.4,78.5,123.7,102.9,127.2,138.7
1995-03-01,,,,,,128.7,78.6,124.3,102.3,127.4,139.0
1995-04-01,,,,,,128.9,78.8,125.0,103.7,127.7,139.3
1995-05-01,,,,,,127.8,79.4,125.2,102.4,127.8,139.7
1995-06-01,,,,,,127.5,79.3,125.5,103.0,127.8,139.8
1995-07-01,,,,,,128.6,78.2,125.6,101.6,128.0,140.2
1995-08-01,,,,,,128.3,77.9,125.6,99.7,127.9,140.2
1995-09-01,,,,,,129.9,77.2,125.5,102.0,128.1,140.2
1995-10-01,,,,,,129.9,76.9,125.4,101.9,128.4,141.0
1995-11-01,,,,,,131.1,75.7,125.2,104.1,128.7,141.3
1995-12-01,,,,,,131.0,78.3,125.4,106.5,129.3,141.5
1996-01-01,,,,,,131.1,80.1,125.5,109.8,129.7,141.5
1996-02-01,,,,,,130.8,79.7,125.0,111.6,129.7,141.6
1996-03-01,,,,,,132.3,82.2,125.3,109.8,130.5,141.6
1996-04-01,,,,,,131.7,84.1,125.7,114.2,130.9,141.6
1996-05-01,,,,,,131.4,83.7,126.2,114.6,130.9,142.0
1996-06-01,,,,,,133.7,82.6,125.8,112.2,131.3,142.2
1996-07-01,,,,,,133.7,82.3,125.5,114.6,131.2,142.2
1996-08-01,,,,,,134.7,82.8,125.6,115.3,131.6,142.3
1996-09-01,,,,,,135.1,83.0,126.1,112.7,131.7,142.2
1996-10-01,,,,,,136.5,84.4,126.0,111.9,132.4,142.3
1996-11-01,,,,,,136.3,85.5,125.8,115.7,132.5,142.1
1996-12-01,,,,,,135.4,87.6,126.4,122.5,132.9,142.3
1997-01-01,,,,,,134.8,88.3,126.6,127.5,133.0,142.5
1997-02-01,,,,,,134.3,87.4,126.5,116.6,132.7,142.4
1997-03-01,,,,,,135.7,85.3,126.1,107.5,132.6,142.6
1997-04-01,,,,,,134.9,82.7,125.6,107.8,131.8,142.6
1997-05-01,,,,,,135.1,81.4,125.4,109.1,131.5,142.4
1997-06-01,,,,,,133.9,81.5,125.4,106.2,131.3,142.4
1997-07-01,,,,,,133.6,81.1,125.1,106.2,130.9,142.2
1997-08-01,,,,,,134.0,82.3,125.3,106.8,131.4,142.3
1997-09-01,,,,,,133.9,82.9,125.5,108.4,131.6,142.6
1997-10-01,,,,,,134.9,82.8,125.4,113.4,131.9,142.6
1997-11-01,,,,,,134.7,82.6,125.6,115.8,131.6,142.4
1997-12-01,,,,,,134.4,82.2,125.4,108.8,131.4,142.3
1998-01-01,,,,,,133.7,79.2,124.6,102.8,130.7,142.4
1998-02-01,,,,,,134.2,77.9,124.2,100.8,130.6,142.6
1998-03-01,,,,,,134.0,75.9,123.7,99.5,130.5,143.3
1998-04-01,,,,,,134.6,75.6,123.6,100.6,130.7,143.4
1998-05-01,,,,,,133.7,75.8,123.5,99.6,130.5,143.5
1998-06-01,,,,,,133.7,75.3,123.1,97.1,130.4,143.5
1998-07-01,,,,,,134.3,75.1,123.0,97.4,130.7,143.8
1998-08-01,,,,,,134.5,73.8,122.7,93.6,130.4,143.8
1998-09-01,,,,,,134.4,73.3,122.3,91.4,130.4,144.0
1998-10-01,,,,,,135.1,74.0,122.2,93.9,130.9,144.2
1998-11-01,,,,,,134.7,73.8,122.0,93.6,130.8,144.3
1998-12-01,,,,,,134.6,72.3,121.3,90.2,131.3,145.8
1999-01-01,,,,,,136.3,72.8,121.2,91.0,131.7,145.6
1999-02-01,,,,,,134.7,71.8,120.8,89.0,131.2,145.7
1999-03-01,,,,,,135.3,72.7,121.1,89.6,131.5,145.7
1999-04-01,,,,,,133.9,76.9,121.9,91.3,132.1,145.7
1999-05-01,,,,,,134.5,77.0,122.2,96.8,132.3,145.7
1999-06-01,,,,,,135.0,76.9,122.6,97.0,132.4,145.8
1999-07-01,,,,,,134.3,78.9,123.4,97.3,132.7,145.8
1999-08-01,,,,,,135.2,81.7,124.1,102.4,133.5,145.7
1999-09-01,,,,,,135.9,83.4,124.6,106.4,134.5,146.5
1999-10-01,,,,,,135.4,82.6,124.9,103.8,134.4,146.9
1999-11-01,,,,,,135.4,84.8,125.4,109.7,134.9,146.9
1999-12-01,,,,,,135.8,85.7,125.8,104.4,135.2,147.0
2000-01-01,,,,,,135.5,86.4,126.4,106.8,135.2,146.8
2000-02-01,,,,,,136.4,90.3,127.5,111.0,136.6,147.3
2000-03-01,,,,,,136.4,93.1,128.4,113.2,137.3,147.4
2000-04-01,,,,,,137.5,90.3,128.3,111.3,136.9,147.4
2000-05-01,,,,,,138.0,89.3,128.2,115.1,137.0,147.8
2000-06-01,,,,,,137.4,94.8,129.3,124.8,138.1,147.8
2000-07-01,,,,,,137.2,94.6,129.6,122.1,138.2,148.1
2000-08-01,,,,,,136.6,93.6,129.3,117.6,137.9,148.2
2000-09-01,,,,,,137.0,97.3,130.3,125.6,139.0,148.6
2000-10-01,,,,,,137.7,98.6,130.7,130.2,139.5,148.5
2000-11-01,,,,,,138.4,100.7,130.7,129.1,140.2,148.7
2000-12-01,,,,,,138.3,101.5,131.3,141.1,140.5,148.9
2001-01-01,,,,,,139.0,104.8,132.1,165.6,141.7,149.5
2001-02-01,,,,,,140.3,105.2,131.8,141.7,141.9,149.2
2001-03-01,,,,,,141.3,100.2,131.0,132.4,141.2,149.5
2001-04-01,,,,,,142.0,102.2,130.9,133.0,142.0,149.8
2001-05-01,,,,,,142.0,102.8,131.1,130.5,142.3,150.1
2001-06-01,,,,,,141.7,100.4,130.9,119.9,141.8,150.2
2001-07-01,,,,,,141.1,93.1,129.4,113.3,140.1,150.5
2001-08-01,,,,,,142.1,94.5,129.1,112.3,140.7,150.5
2001-09-01,,,,,,142.5,96.1,129.3,107.2,141.3,150.7
2001-10-01,,,,,,141.9,89.1,127.6,97.4,139.0,149.8
2001-11-01,,,,,,141.0,86.9,127.0,102.7,138.5,150.2
2001-12-01,,,,,,140.8,84.1,126.1,95.5,138.0,150.4
2002-01-01,,,,,,141.3,82.9,125.7,99.8,137.7,150.0
2002-02-01,,,,,,142.5,82.9,125.5,98.4,138.0,150.1
2002-03-01,,,,,,143.5,85.8,126.4,103.8,138.8,150.0
2002-04-01,,,,,,139.3,88.4,127.2,108.1,138.7,150.3
2002-05-01,,,,,,139.2,87.4,127.1,109.0,138.4,150.2
2002-06-01,,,,,,139.7,87.7,127.3,105.1,138.8,150.5
2002-07-01,,,,,,139.7,88.5,127.7,106.5,138.6,150.0
2002-08-01,,,,,,139.1,89.5,128.0,108.3,138.7,149.9
2002-09-01,,,,,,138.5,91.1,128.9,110.8,139.2,150.3
2002-10-01,,,,,,139.0,93.7,129.8,112.6,140.0,150.5
2002-11-01,,,,,,139.3,93.7,129.9,116.6,140.0,150.3
2002-12-01,,,,,,139.7,94.2,130.0,118.9,139.7,149.5
2003-01-01,,,,,,142.2,97.4,131.4,128.0,141.1,149.8
2003-02-01,,,,,,142.5,103.8,133.8,134.3,142.7,149.9
2003-03-01,,,,,,142.9,107.2,136.3,152.2,144.0,150.7
2003-04-01,,,,,,144.2,100.2,133.1,128.2,142.2,149.9
2003-05-01,,,,,,144.4,98.3,132.4,129.9,141.9,150.1
2003-06-01,,,,,,145.1,101.2,133.1,135.5,142.7,150.1
2003-07-01,,,,,,144.7,101.6,133.3,131.9,142.8,150.3
2003-08-01,,,,,,146.1,103.5,133.9,130.8,143.7,150.5
2003-09-01,,,,,,147.8,103.2,133.8,134.4,144.0,150.4
2003-10-01,,,,,,150.9,102.2,134.2,138.2,144.8,151.1
2003-11-01,,,,,,150.1,102.2,134.2,137.9,144.6,151.0
2003-12-01,,,,,,150.4,104.4,135.0,142.4,145.1,151.0
2004-01-01,,,,,,148.4,108.7,136.6,148.7,145.9,151.4
2004-02-01,,,,,,148.7,108.3,137.8,150.8,145.8,151.3
2004-03-01,,,,,,150.8,107.1,138.4,153.2,146.2,151.8
2004-04-01,,,,,,153.2,108.6,140.1,156.2,147.2,151.9
2004-05-01,,,,,,155.3,111.3,141.7,160.6,148.4,152.3
2004-06-01,,,,,,154.8,110.1,142.2,161.5,148.4,152.8
2004-07-01,,,,,,152.0,112.8,142.9,161.3,148.2,152.5
2004-08-01,,,,,,151.9,113.4,144.4,161.7,148.6,152.9
2004-09-01,,,,,,152.3,112.9,144.8,154.0,148.8,153.2
2004-10-01,,,,,,154.9,120.0,146.6,161.0,151.2,153.7
2004-11-01,,,,,,155.0,123.2,147.9,172.7,152.1,154.1
2004-12-01,,,,,,155.1,118.9,147.7,167.2,151.4,154.5
2005-01-01,,,,,,154.6,119.0,148.5,164.2,151.9,155.4
2005-02-01,,,,,,155.7,121.7,149.5,162.9,152.7,155.3
2005-03-01,,,,,,156.6,124.4,150.7,170.5,153.7,155.6
2005-04-01,,,,,,156.8,125.4,151.3,175.0,154.2,156.0
2005-05-01,,,,,,156.4,123.3,150.6,169.1,153.9,156.4
2005-06-01,,,,,,155.2,125.0,151.1,165.5,153.9,156.2
2005-07-01,,,,,,154.1,129.5,152.3,174.4,155.0,156.8
2005-08-01,,,,,,153.7,135.1,153.2,181.5,156.3,156.9
2005-09-01,,,,,,155.6,144.0,157.2,200.3,158.8,157.1
2005-10-01,,,,,,156.0,151.9,162.3,212.7,160.5,156.8
2005-11-01,,,,,,156.6,143.5,160.3,209.9,158.7,156.8
2005-12-01,,,,,,157.7,146.4,160.2,202.0,159.6,156.8
2006-01-01,,,,,,157.4,148.9,162.4,203.2,160.5,157.5
2006-02-01,,,,,,154.1,142.4,161.6,186.6,158.7,158.0
2006-03-01,,,,,,154.6,144.0,161.5,179.6,159.3,158.4
2006-04-01,,,,,,155.3,148.6,163.0,182.9,160.6,158.5
2006-05-01,,,,,,154.0,148.8,164.4,184.4,160.6,158.9
2006-06-01,,,,,,155.9,150.4,165.2,178.5,161.4,159.0
2006-07-01,,,,,,156.1,150.7,165.5,180.5,161.0,158.1
2006-08-01,,,,,,158.1,152.4,166.5,187.0,162.1,158.7
2006-09-01,,,,,,158.9,142.0,164.7,182.7,160.2,159.2
2006-10-01,,,,,,158.7,137.1,163.0,168.6,158.7,158.5
2006-11-01,,,,,,158.3,139.6,163.8,189.4,160.0,159.9
2006-12-01,,,,,,160.1,142.4,164.7,195.4,161.1,160.0
2007-01-01,,,,,,161.4,139.9,164.1,184.9,160.9,160.2
2007-02-01,,,,,,164.2,143.2,165.3,201.6,162.7,160.9
2007-03-01,,,,,,166.2,147.8,166.7,203.6,164.1,160.9
2007-04-01,,,,,,167.3,152.1,168.3,204.0,165.3,161.0
2007-05-01,,,,,,166.1,155.2,169.7,204.8,166.0,161.4
2007-06-01,,,,,,165.8,155.1,170.4,205.9,166.1,161.7
2007-07-01,,,,,,166.4,158.5,171.8,203.7,167.2,162.1
2007-08-01,,,,,,166.4,152.5,170.1,198.6,166.0,162.3
2007-09-01,,,,,,168.2,158.1,171.4,203.2,167.6,162.3
2007-10-01,,,,,,170.6,161.5,172.7,214.4,169.3,162.9
2007-11-01,,,,,,170.5,174.1,176.7,229.5,172.4,163.4
2007-12-01,,,,,,172.5,169.1,176.9,235.6,171.7,163.4
2008-01-01,,,,,,174.9,172.3,179.2,243.3,173.3,164.1
2008-02-01,,,,,,174.4,173.5,180.8,253.3,173.9,164.8
2008-03-01,,,,,,176.3,177.5,184.6,264.2,175.4,165.1
2008-04-01,,,,,,176.5,178.0,186.4,272.8,175.9,165.8
2008-05-01,,,,,,177.9,186.6,191.1,287.3,178.4,166.3
2008-06-01,,,,,,179.9,196.8,195.3,294.2,181.2,166.6
2008-07-01,,,,,,181.3,203.4,200.6,303.4,183.4,167.4
2008-08-01,,,,,,181.8,194.4,198.1,270.3,182.0,168.1
2008-09-01,,,,,,181.4,196.0,198.0,255.2,182.7,168.9
2008-10-01,,,,,,181.6,170.7,189.4,215.9,178.3,170.5
2008-11-01,,,,,,180.9,147.2,179.7,187.3,172.9,170.4
2008-12-01,,,,,,178.5,133.6,172.3,176.7,169.7,170.8
2009-01-01,,,,,,177.4,139.6,172.4,173.1,170.8,170.8
2009-02-01,,,,,,175.1,140.3,170.9,163.4,170.6,170.9
2009-03-01,,,,,,173.8,133.7,168.3,160.1,169.1,171.2
2009-04-01,,,,,,176.3,135.6,168.4,162.4,170.0,171.3
2009-05-01,,,,,,174.2,138.9,169.4,167.5,170.3,171.2
2009-06-01,,,,,,175.7,149.9,171.7,175.0,173.5,171.8
2009-07-01,,,,,,173.8,144.2,171.1,168.0,171.5,171.4
2009-08-01,,,,,,173.9,153.3,173.8,176.1,173.9,171.8
2009-09-01,,,,,,173.7,152.3,174.3,174.1,173.5,171.6
2009-10-01,,,,,,175.9,154.1,175.0,186.9,174.3,171.5
2009-11-01,100.2,,,100.5,100.1,176.9,161.5,176.9,195.3,176.6,172.1
2009-12-01,100.3,,,100.9,100.0,179.3,161.7,177.8,200.8,177.1,172.1
2010-01-01,101.2,,,102.0,100.8,180.0,167.8,180.8,213.9,178.9,172.5
2010-02-01,101.0,,,101.4,100.8,181.2,161.9,180.4,208.7,177.7,172.6
2010-03-01,101.1,,,102.1,100.5,185.6,162.7,181.3,212.1,178.9,172.9
2010-04-01,101.4,99.9,,102.3,100.9,184.3,163.2,182.7,210.6,178.9,172.9
2010-05-01,101.6,100.2,,102.3,101.3,184.0,162.3,183.4,206.2,178.9,173.4
2010-06-01,101.4,100.1,,101.9,101.2,179.1,163.0,182.3,201.5,178.3,173.6
2010-07-01,101.6,100.3,,102.0,101.4,180.7,162.4,181.9,207.1,178.5,173.7
2010-08-01,101.8,100.3,,102.6,101.3,180.0,166.5,182.8,211.4,179.5,173.9
2010-09-01,102.1,100.5,,103.0,101.6,181.5,167.0,183.5,209.7,180.1,174.3
2010-10-01,102.5,100.6,,104.1,101.6,182.4,172.7,185.7,217.0,181.6,174.3
2010-11-01,102.8,100.7,,104.7,101.7,184.1,174.8,187.3,219.6,182.4,174.3
2010-12-01,103.1,100.8,,105.7,101.7,185.8,179.2,189.3,229.8,184.0,174.6
2011-01-01,103.7,101.2,,106.7,102.1,187.2,182.2,192.0,237.4,185.4,175.3
2011-02-01,104.3,101.5,,108.0,102.2,193.9,184.4,194.8,243.4,187.4,175.7
2011-03-01,105.0,102.0,,108.8,102.8,193.5,189.5,197.6,247.8,188.8,176.2
2011-04-01,105.5,102.3,,109.9,103.1,193.4,195.1,200.2,260.3,190.5,176.8
2011-05-01,105.8,102.5,,110.4,103.3,191.5,200.1,202.0,253.1,191.5,177.0
2011-06-01,105.9,102.7,,110.2,103.5,192.3,195.4,202.2,253.8,190.8,177.6
2011-07-01,106.1,102.9,,110.6,103.6,193.7,195.7,203.1,254.5,191.6,178.2
2011-08-01,106.3,103.3,,110.3,104.0,195.2,192.0,201.6,250.7,191.1,178.5
2011-09-01,106.7,103.5,,111.1,104.2,196.4,196.6,202.6,251.4,192.8,179.0
2011-10-01,106.3,103.2,,110.7,103.8,195.8,194.4,200.7,244.4,192.4,179.4
2011-11-01,106.6,103.4,,111.0,104.2,197.5,194.8,200.9,251.2,192.9,179.6
2011-12-01,106.5,103.4,,110.8,104.0,196.7,193.6,200.2,244.9,192.7,180.0
2012-01-01,106.9,103.8,,111.2,104.5,197.3,194.1,200.4,246.8,193.4,180.7
2012-02-01,107.2,104.1,,111.6,104.8,197.1,195.8,201.1,245.4,193.9,181.0
2012-03-01,107.4,104.3,,111.9,105.0,197.9,195.0,203.4,247.0,194.1,181.3
2012-04-01,107.7,104.6,,111.8,105.3,197.6,194.4,202.3,239.7,194.0,181.6
2012-05-01,107.6,104.8,,111.0,105.6,197.5,188.9,200.5,232.4,192.9,181.8
2012-06-01,107.3,104.7,,110.3,105.5,198.0,184.7,198.5,225.0,192.1,182.1
2012-07-01,107.2,104.6,,110.5,105.4,198.2,183.5,197.7,232.5,192.4,182.9
2012-08-01,107.5,104.5,,111.8,105.1,199.6,191.5,199.7,243.1,194.7,183.2
2012-09-01,108.2,104.8,,112.8,105.6,200.2,198.4,201.7,246.1,196.5,183.2
2012-10-01,108.3,104.9,,112.9,105.7,200.7,198.7,202.1,244.7,196.7,183.3
2012-11-01,108.4,105.4,,112.3,106.3,202.7,192.3,200.6,246.5,195.7,183.7
2012-12-01,108.4,105.5,,112.1,106.4,201.7,190.9,200.7,248.3,195.3,183.7
2013-01-01,108.7,105.6,,112.7,106.4,204.3,193.2,201.6,248.4,196.4,183.9
2013-02-01,108.9,105.6,,113.4,106.4,202.6,198.9,203.6,247.7,197.6,184.2
2013-03-01,108.9,105.8,,112.8,106.7,204.4,192.3,201.6,247.3,196.5,184.4
2013-04-01,108.7,106.0,,112.0,106.8,202.1,188.3,200.5,247.4,195.3,184.6
2013-05-01,108.6,105.7,,112.3,106.5,202.9,190.6,200.2,250.1,196.1,184.8
2013-06-01,109.0,106.1,,112.3,107.0,202.4,190.7,200.1,248.8,196.2,185.0
2013-07-01,109.2,106.4,,112.3,107.4,202.7,189.7,200.2,251.3,196.0,185.2
2013-08-01,109.3,106.4,100.0,112.6,107.4,203.7,192.3,200.5,247.1,197.0,185.3
2013-09-01,109.3,106.5,100.1,112.4,107.5,202.9,190.8,200.4,246.5,196.5,185.4
2013-10-01,109.5,106.7,100.3,112.5,107.8,204.2,191.4,200.2,243.4,196.9,185.6
2013-11-01,109.7,106.9,100.4,112.7,107.9,204.6,192.3,200.1,238.5,197.5,185.9
2013-12-01,109.8,106.9,100.7,113.2,107.8,204.6,193.7,201.0,242.9,198.3,186.7
2014-01-01,110.1,107.1,100.9,113.9,107.9,206.0,196.7,202.5,247.3,199.8,187.5
2014-02-01,110.3,107.3,100.9,114.2,108.1,207.0,197.3,203.2,259.9,200.2,187.7
2014-03-01,110.7,107.6,101.1,114.5,108.6,209.4,197.9,203.5,260.9,200.8,187.7
2014-04-01,110.8,107.6,101.3,115.0,108.5,213.6,198.0,203.9,263.7,201.7,187.9
2014-05-01,111.0,107.9,101.3,114.6,108.9,211.8,195.9,203.1,260.3,201.0,188.2
2014-06-01,110.9,107.9,101.4,114.6,108.8,212.5,196.4,202.8,257.7,201.5,188.5
2014-07-01,111.3,108.4,101.5,114.5,109.4,214.4,194.2,203.0,253.3,201.5,188.7
2014-08-01,111.3,108.4,101.8,114.5,109.4,213.9,193.6,203.1,245.8,201.4,189.0
2014-09-01,111.1,108.3,101.8,114.2,109.2,214.0,190.5,202.6,247.3,200.8,189.2
2014-10-01,111.3,108.7,101.9,113.6,109.8,216.0,185.2,200.6,238.9,200.2,189.7
2014-11-01,111.1,108.7,101.9,113.1,109.8,215.6,182.3,199.0,235.4,199.5,189.7
2014-12-01,110.8,108.9,102.0,111.6,110.1,216.0,170.5,195.5,222.0,196.8,189.8
2015-01-01,110.1,108.9,101.9,109.6,110.1,214.6,155.6,190.7,200.8,193.3,190.7
2015-02-01,109.6,108.5,101.8,109.3,109.5,211.5,157.4,190.0,194.1,193.5,191.2
2015-03-01,109.8,108.6,101.8,109.5,109.6,210.0,160.6,189.8,192.2,194.2,191.4
2015-04-01,109.6,108.6,102.0,108.8,109.7,208.5,156.3,188.4,193.4,192.9,191.5
2015-05-01,110.0,108.7,102.1,109.9,109.8,209.8,163.5,189.6,199.4,195.1,191.8
2015-06-01,110.3,109.0,102.3,110.4,110.0,210.5,165.1,190.3,200.5,196.2,192.7
2015-07-01,110.5,109.2,102.3,110.3,110.3,208.9,164.7,189.9,194.4,196.0,193.0
2015-08-01,110.3,109.2,102.4,109.7,110.3,210.2,161.1,188.6,188.3,195.3,193.0
2015-09-01,109.9,109.1,102.3,108.5,110.3,209.7,151.5,186.0,184.4,192.9,193.2
2015-10-01,109.6,108.9,102.1,108.1,110.0,208.0,150.9,185.2,181.9,192.4,193.1
2015-11-01,109.7,109.0,102.2,108.0,110.2,208.5,151.3,184.4,173.4,192.6,193.2
2015-12-01,109.6,109.2,102.3,107.3,110.4,206.9,146.7,182.3,166.2,191.3,193.4
2016-01-01,110.0,109.8,102.7,106.8,111.3,208.6,142.1,180.3,165.2,190.8,193.9
2016-02-01,109.7,109.8,102.7,106.1,111.3,208.6,136.2,178.9,162.1,189.4,194.1
2016-03-01,109.7,109.7,102.8,106.4,111.1,205.7,139.6,179.4,164.4,189.8,194.3
2016-04-01,109.9,109.9,103.0,106.7,111.2,204.9,141.8,180.2,168.6,190.4,194.6
2016-05-01,110.1,109.9,103.0,107.3,111.2,204.4,144.4,181.3,174.2,191.1,194.8
2016-06-01,110.6,110.3,103.2,108.1,111.6,204.3,148.0,182.6,178.5,192.4,195.4
2016-07-01,110.5,110.2,103.4,108.0,111.5,204.8,147.8,183.1,179.1,192.4,195.4
2016-08-01,110.3,110.2,103.5,107.7,111.4,202.5,146.7,183.0,176.8,191.8,195.6
2016-09-01,110.6,110.4,103.6,108.1,111.7,204.3,148.2,183.7,175.8,192.6,195.8
2016-10-01,110.9,110.5,103.7,108.5,111.8,202.6,152.8,184.2,174.0,193.7,196.1
2016-11-01,111.1,110.8,103.9,108.4,112.1,201.7,151.4,184.4,174.8,193.3,196.3
2016-12-01,111.4,110.9,104.1,109.3,112.2,203.3,156.1,185.5,187.1,195.0,196.7
2017-01-01,111.9,111.3,104.4,110.2,112.5,203.7,160.8,187.7,193.7,196.6,197.2
2017-02-01,111.9,111.2,104.5,110.6,112.3,205.0,161.8,189.0,193.2,197.2,197.4
2017-03-01,112.1,111.4,104.6,110.7,112.5,207.0,159.0,189.0,186.7,197.1,197.9
2017-04-01,112.6,111.9,105.1,111.1,113.0,209.7,159.3,190.1,190.3,198.1,198.5
2017-05-01,112.5,112.2,105.2,110.3,113.4,207.0,153.6,189.5,189.1,196.1,198.5
2017-06-01,112.6,112.3,105.4,110.3,113.5,207.7,152.8,189.5,189.1,196.2,198.8
2017-07-01,112.7,112.4,105.5,110.4,113.6,207.8,152.9,189.5,189.9,196.3,198.9
2017-08-01,113.1,112.6,105.6,111.0,113.9,206.9,157.3,190.5,188.8,197.4,199.1
2017-09-01,113.5,112.7,105.8,111.8,114.0,207.1,163.7,191.9,189.7,199.0,199.0
2017-10-01,113.9,113.2,106.1,112.2,114.5,207.8,163.2,193.0,189.1,199.6,200.0
2017-11-01,114.3,113.4,106.4,112.9,114.7,208.2,168.3,194.2,194.2,201.3,200.5
2017-12-01,114.4,113.4,106.5,113.3,114.6,208.0,170.2,195.0,195.9,201.8,200.6
2018-01-01,114.8,113.8,107.0,113.7,115.1,207.6,171.0,196.5,199.2,202.2,201.0
2018-02-01,115.1,114.0,107.3,114.1,115.3,206.0,174.1,198.1,202.2,202.8,201.4
2018-03-01,115.3,114.4,107.7,114.2,115.6,209.9,169.5,198.0,195.7,202.8,201.9
2018-04-01,115.5,114.5,107.8,114.3,115.7,206.5,171.3,199.2,197.2,202.8,202.3
2018-05-01,115.9,114.8,108.0,114.9,116.0,207.3,173.9,200.9,202.7,203.8,202.6
2018-06-01,116.3,115.3,108.3,115.1,116.5,205.0,175.8,201.7,201.2,204.0,203.0
2018-07-01,116.4,115.5,108.7,115.2,116.7,206.4,174.8,202.1,203.1,204.4,203.6
2018-08-01,116.5,115.5,108.8,115.4,116.7,204.9,175.9,202.7,196.1,204.6,204.1
2018-09-01,116.7,115.6,109.1,115.7,116.8,205.1,177.7,203.4,198.1,205.3,204.4
2018-10-01,117.5,116.4,109.4,116.5,117.6,206.7,180.8,204.7,204.4,206.9,205.1
2018-11-01,117.4,116.6,109.6,115.9,117.8,209.5,171.0,203.1,197.9,205.2,205.6
2018-12-01,117.4,116.7,109.6,115.2,118.1,214.0,163.7,200.7,203.5,204.4,205.8
2019-01-01,117.0,116.7,109.8,114.2,118.0,210.7,156.8,198.6,192.9,202.5,206.7
2019-02-01,117.2,116.9,109.9,114.7,118.1,210.0,160.5,199.1,188.1,203.5,207.0
2019-03-01,117.6,117.0,110.1,115.4,118.3,211.0,165.4,200.1,188.2,205.1,207.3
2019-04-01,118.2,117.5,110.4,116.1,118.9,209.8,172.8,200.7,191.0,206.8,207.4
2019-05-01,118.3,117.7,110.6,115.8,119.2,210.0,170.5,199.6,186.4,206.4,207.6
2019-06-01,118.2,117.7,110.6,115.2,119.2,210.4,166.0,197.4,181.5,205.4,207.7
2019-07-01,118.5,118.0,110.8,115.6,119.5,211.1,167.2,197.6,184.1,206.0,208.0
2019-08-01,118.6,118.2,110.9,115.3,119.9,209.9,165.9,196.8,181.0,205.4,208.0
2019-09-01,118.3,117.9,110.9,115.2,119.5,210.7,164.9,196.4,181.0,205.4,208.1
2019-10-01,118.8,118.2,110.9,115.8,119.8,212.8,167.7,196.9,181.4,206.7,208.5
2019-11-01,118.6,118.0,111.0,116.1,119.4,216.4,166.4,197.1,186.5,207.3,208.8
2019-12-01,119.0,118.2,111.2,116.5,119.7,216.3,171.1,197.6,188.3,208.5,208.8
2020-01-01,119.2,118.6,111.5,116.5,120.1,215.0,170.0,197.1,186.2,208.0,208.9
2020-02-01,118.6,118.2,111.4,115.5,119.6,212.9,164.0,195.1,173.6,206.4,209.5
2020-03-01,118.0,118.3,111.2,113.4,119.8,212.5,146.2,192.0,159.1,201.8,209.5
2020-04-01,116.6,117.9,110.3,110.3,119.3,212.3,123.3,185.4,136.4,196.2,210.0
2020-05-01,117.2,117.9,110.4,111.9,119.4,223.9,130.3,185.5,149.0,200.3,209.8
2020-06-01,117.5,118.1,110.6,112.4,119.5,213.6,141.6,187.5,157.0,201.0,209.8
2020-07-01,118.2,118.7,111.0,113.2,120.2,212.8,145.7,190.3,159.3,202.1,210.2
2020-08-01,118.4,118.8,111.3,113.5,120.4,211.7,147.0,192.3,165.0,202.4,210.5
2020-09-01,118.8,119.1,111.8,114.1,120.6,213.2,148.7,193.5,173.4,203.2,210.6
2020-10-01,119.4,119.7,112.0,114.5,121.4,215.5,149.0,195.1,176.3,203.9,210.8
2020-11-01,119.5,119.7,112.2,115.0,121.3,214.2,150.0,196.7,187.2,204.3,211.5
2020-12-01,120.0,119.9,112.6,116.5,121.3,213.0,160.0,200.4,190.8,206.6,211.7
2021-01-01,121.2,120.9,113.6,118.0,122.3,214.2,165.8,203.7,201.5,208.9,212.4
2021-02-01,122.0,121.3,114.0,119.5,122.8,218.0,171.7,208.6,224.7,211.5,213.0
2021-03-01,122.8,121.9,114.7,121.1,123.2,218.3,177.1,215.9,214.7,213.4,213.8
2021-04-01,124.0,123.2,115.6,122.0,124.6,221.0,176.9,219.9,217.2,214.6,214.9
2021-05-01,125.3,124.2,116.2,124.0,125.5,225.5,179.3,226.8,234.1,216.8,216.1
2021-06-01,126.2,124.9,116.8,125.6,126.1,228.9,185.2,230.6,238.8,219.9,217.6
2021-07-01,127.486,126.26,117.759,126.554,127.484,227.327,188.655,234.15,248.077,221.299,219.017
2021-08-01,128.603,127.256,118.256,127.757,128.57,231.349,191.412,236.633,251.382,223.417,220.048
2021-09-01,129.226,127.482,118.59,129.499,128.63,236.445,199.497,239.459,256.99,227.37,221.481
2021-10-01,130.045,128.052,119.015,131.062,128.894,235.573,207.558,245.053,274.172,230.095,222.859
2021-11-01,131.475,129.39,120.045,132.451,130.364,237.697,212.385,249.026,279.737,232.542,224.181
2021-12-01,132.26,130.267,120.519,132.76,131.402,239.239,211.815,249.715,266.583,233.462,225.497
2022-01-01,133.529,131.327,121.376,134.416,132.385,242.501,215.335,254.377,274.866,236.161,227.45
2022-02-01,134.771,132.104,121.685,136.696,133.105,247.49,223.6,257.153,300.291,240.553,229.597
2022-03-01,137.037,133.695,122.768,140.106,134.816,251.957,236.727,263.524,308.042,245.738,231.105
2022-04-01,137.773,134.28,123.388,141.747,134.977,255.852,235.446,268.082,325.549,247.541,233.454
2022-05-01,139.013,134.904,124.011,144.442,135.489,258.716,249.727,275.651,343.773,252.937,235.358
2022-06-01,140.273,135.297,124.35,147.618,135.782,258.019,273.135,281.022,359.898,259.855,237.011
2022-07-01,139.837,135.872,124.596,144.872,136.319,263.454,246.556,274.157,328.476,254.745,238.277
2022-08-01,139.755,136.441,124.944,143.306,136.983,262.274,232.909,270.589,343.602,251.667,239.51
2022-09-01,140.2,136.643,125.293,144.092,137.256,265.047,236.924,270.169,330.981,253.649,240.17
2022-10-01,140.681,136.926,125.487,144.809,137.521,266.635,242.585,269.522,299.624,255.961,241.069
2022-11-01,141.16,137.503,125.953,144.916,138.197,273.558,237.232,267.928,289.479,256.579,242.161
2022-12-01,140.694,137.696,126.136,143.123,138.393,274.801,224.32,261.858,295.234,253.813,242.767
2023-01-01,141.203,137.924,126.728,144.827,138.336,272.189,235.155,264.428,283.146,257.182,244.369
2023-02-01,141.135,138.279,127.174,143.769,138.709,265.472,231.43,262.482,268.38,255.223,245.158
2023-03-01,140.736,138.213,127.318,142.822,138.536,266.952,221.299,260.888,256.386,253.25,245.932
2023-04-01,140.934,138.508,127.546,142.74,138.876,266.279,223.552,258.987,258.874,253.842,246.161
2023-05-01,140.614,138.671,127.58,141.32,139.033,264.15,214.14,256.097,245.807,251.298,246.917
2023-06-01,140.698,138.702,127.903,141.384,139.127,264.562,217.212,254.807,242.766,252.276,247.039
2023-07-01,141.485,139.562,128.188,141.442,140.331,263.818,217.499,253.395,248.832,252.507,247.59
2023-08-01,142.409,139.839,128.536,143.768,140.651,263.914,231.932,258.546,254.23,256.632,248.005
2023-09-01,142.744,139.819,128.923,145.164,140.52,264.305,241.378,260.021,259.912,259.454,248.373
2023-10-01,142.249,139.884,128.986,143.416,140.584,264.41,225.324,257.526,255.96,255.326,248.652
2023-11-01,142.334,140.182,129.141,142.903,140.949,265.25,220.747,255.826,249.754,254.558,249.157
2023-12-01,142.165,140.138,129.567,142.567,140.848,266.115,219.487,254.607,240.311,254.434,249.217
2024-01-01,142.576,140.679,130.175,142.547,141.447,267.62,217.475,254.375,244.594,254.678,250.053
2024-02-01,143.356,141.179,130.666,143.91,141.993,272.477,222.536,257.052,243.751,257.529,250.907
2024-03-01,143.521,141.347,130.98,144.005,142.189,272.437,223.174,256.277,240.652,257.987,251.433
2024-04-01,144.197,142.038,131.634,144.435,142.989,271.797,225.302,257.458,246.704,258.631,251.8
2024-05-01,144.224,142.411,131.911,143.652,143.378,270.738,219.165,254.597,246.289,257.126,252.445
2024-06-01,144.869,143.263,132.21,143.334,144.456,272.383,215.23,254.396,247.545,256.595,252.767
2024-07-01,144.922,143.186,132.712,143.894,144.241,272.679,217.154,255.352,252.305,257.366,253.112
2024-08-01,145.409,143.81,133.04,143.803,145.005,275.672,214.51,255.17,244.104,257.706,253.866
2024-09-01,145.803,144.442,133.296,143.349,145.784,276.741,210.565,253.012,238.203,257.178,254.413
2024-10-01,146.294,144.913,133.598,143.722,146.355,275.062,212.862,254.126,244.869,257.634,254.752
2024-11-01,146.447,144.908,133.767,144.379,146.287,282.267,212.368,254.312,244.533,259.321,255.312
2024-12-01,147.052,145.369,134.19,145.082,146.858,282.847,217.81,254.855,251.803,261.129,255.717
2025-01-01,147.975,146.179,134.752,145.911,147.81,285.41,219.978,256.842,265.727,262.365,255.929
2025-02-01,148.233,146.429,135.318,146.314,148.017,290.449,216.344,257.794,266.576,262.897,256.739
2025-03-01,148.055,146.691,135.487,145.236,148.239,284.123,210.161,258.053,256.364,260.21,257.259
2025-04-01,147.655,146.385,135.243,145.121,147.722,280.416,209.066,258.741,247.388,259.608,258.088
2025-05-01,148.153,146.947,135.432,145.337,148.353,280.761,210.136,259.225,243.511,260.423,258.9
2025-06-01,148.393,147.115,135.631,145.829,148.481,281.229,212.336,259.034,248.978,261.496,259.585
2025-07-01,149.597,148.281,136.554,146.681,149.848,285.129,211.846,260.751,252.26,262.587,260.313
2025-08-01,149.327,148.001,137.021,146.948,149.336,284.213,211.745,261.75,247.65,262.934,261.319
2025-09-01,150.245,148.767,137.328,147.889,150.273,286.115,217.247,262.323,246.386,265.093,261.828
2025-10-01,150.439,149.219,138.201,147.619,150.586,285.358,211.346,262.014,243.296,264.021,263.02
2025-11-01,151.054,149.594,138.574,148.747,150.99,285.397,219.033,263.481,249.159,266.434,263.63
2025-12-01,151.592,150.35,138.768,148.661,151.828,284.998,217.158,263.646,254.362,266.271,264.384
2026-01-01,152.468,151.6,139.457,148.5,153.127,281.234,212.37,263.994,265.244,264.837,265.531
2026-02-01,153.204,152.033,140.095,149.999,153.548,288.117,214.315,267.97,280.822,267.162,266.221
2026-03-01,154.393,152.471,140.419,153.007,153.972,285.484,232.752,275.882,280.297,271.82,266.77
2026-04-01,156.076,153.609,141.146,155.884,155.194,286.41,246.403,283.243,285.183,276.192,267.759
2026-05-01,156.783,153.473,142.256,159.412,154.683,287.563,267.887,291.409,294.087,282.653,268.689
2026-06-01,156.607,154.076,142.41,157.152,155.406,286.742,252.482,288.196,275.41,278.651,269.133
2026-07-01,156.563,154.45,142.909,156.001,155.715,283.042,246.609,286.498,270.563,276.698,269.78
