date,"S&P 500 Reported Earnings (TTM, $/share)"
1871-01-31,10.6
1871-02-28,10.29
1871-03-31,10.14
1871-04-30,10.52
1871-05-31,10.76
1871-06-30,10.93
1871-07-31,10.93
1871-08-31,11.11
1871-09-30,10.84
1871-10-31,10.68
1871-11-30,10.68
1871-12-31,10.44
1872-01-31,10.51
1872-02-29,10.57
1872-03-31,10.48
1872-04-30,10.31
1872-05-31,10.37
1872-06-30,10.52
1872-07-31,10.74
1872-08-31,10.72
1872-09-30,10.71
1872-10-31,11.01
1872-11-30,10.75
1872-12-31,10.97
1873-01-31,11.04
1873-02-28,10.86
1873-03-31,10.92
1873-04-30,10.98
1873-05-31,11.29
1873-06-30,11.7
1873-07-31,11.77
1873-08-31,11.83
1873-09-30,11.9
1873-10-31,12.25
1873-11-30,12.71
1873-12-31,12.47
1874-01-31,12.28
1874-02-28,12.28
1874-03-31,12.28
1874-04-30,12.47
1874-05-31,12.57
1874-06-30,12.87
1874-07-31,12.78
1874-08-31,12.87
1874-09-30,12.87
1874-10-31,13.08
1874-11-30,13.2
1874-12-31,13.2
1875-01-31,12.96
1875-02-28,12.72
1875-03-31,12.48
1875-04-30,12.14
1875-05-31,12.2
1875-06-30,12.16
1875-07-31,11.92
1875-08-31,11.56
1875-09-30,11.42
1875-10-31,11.18
1875-11-30,11.02
1875-12-31,10.87
1876-01-31,10.75
1876-02-29,10.55
1876-03-31,10.35
1876-04-30,10.24
1876-05-31,10.4
1876-06-30,10.47
1876-07-31,10.25
1876-08-31,9.95
1876-09-30,9.64
1876-10-31,9.25
1876-11-30,8.97
1876-12-31,8.6
1877-01-31,8.5
1877-02-28,8.78
1877-03-31,9.24
1877-04-30,9.04
1877-05-31,8.93
1877-06-30,9.49
1877-07-31,9.46
1877-08-31,9.88
1877-09-30,10.04
1877-10-31,10.1
1877-11-30,10.36
1877-12-31,10.42
1878-01-31,10.76
1878-02-28,10.91
1878-03-31,11.17
1878-04-30,11.32
1878-05-31,11.73
1878-06-30,12.03
1878-07-31,11.92
1878-08-31,11.83
1878-09-30,11.86
1878-10-31,12.02
1878-11-30,12.2
1878-12-31,12.51
1879-01-31,12.59
1879-02-28,12.69
1879-03-31,13.06
1879-04-30,13.45
1879-05-31,13.69
1879-06-30,14.08
1879-07-31,14.16
1879-08-31,14.4
1879-09-30,14.13
1879-10-31,13.6
1879-11-30,13.12
1879-12-31,12.94
1880-01-31,12.86
1880-02-29,13.17
1880-03-31,13.34
1880-04-30,14.19
1880-05-31,14.93
1880-06-30,15.56
1880-07-31,15.89
1880-08-31,16.22
1880-09-30,16.39
1880-10-31,16.71
1880-11-30,16.85
1880-12-31,17.01
1881-01-31,17.03
1881-02-28,16.73
1881-03-31,16.58
1881-04-30,16.26
1881-05-31,16.29
1881-06-30,16.15
1881-07-31,15.83
1881-08-31,15.39
1881-09-30,14.68
1881-10-31,14.4
1881-11-30,14.41
1881-12-31,14.27
1882-01-31,14.25
1882-02-28,14.08
1882-03-31,14.05
1882-04-30,13.91
1882-05-31,13.74
1882-06-30,13.6
1882-07-31,13.69
1882-08-31,13.55
1882-09-30,13.89
1882-10-31,14.0
1882-11-30,14.1
1882-12-31,14.21
1883-01-31,14.13
1883-02-28,13.91
1883-03-31,13.97
1883-04-30,14.01
1883-05-31,14.07
1883-06-30,14.41
1883-07-31,14.62
1883-08-31,14.53
1883-09-30,14.58
1883-10-31,14.49
1883-11-30,14.56
1883-12-31,14.31
1884-01-31,14.04
1884-02-29,13.77
1884-03-31,13.51
1884-04-30,13.52
1884-05-31,13.53
1884-06-30,13.25
1884-07-31,13.11
1884-08-31,12.83
1884-09-30,12.68
1884-10-31,12.54
1884-11-30,12.53
1884-12-31,12.36
1885-01-31,12.23
1885-02-28,11.97
1885-03-31,12.11
1885-04-30,11.83
1885-05-31,11.97
1885-06-30,12.12
1885-07-31,11.85
1885-08-31,11.71
1885-09-30,11.7
1885-10-31,11.57
1885-11-30,11.3
1885-12-31,10.9
1886-01-31,11.37
1886-02-28,11.57
1886-03-31,11.91
1886-04-30,12.28
1886-05-31,12.8
1886-06-30,13.17
1886-07-31,13.23
1886-08-31,13.28
1886-09-30,13.49
1886-10-31,13.71
1886-11-30,13.92
1886-12-31,13.97
1887-01-31,13.74
1887-02-28,13.67
1887-03-31,13.78
1887-04-30,13.88
1887-05-31,13.98
1887-06-30,14.26
1887-07-31,14.53
1887-08-31,14.46
1887-09-30,14.73
1887-10-31,14.67
1887-11-30,14.59
1887-12-31,14.36
1888-01-31,13.88
1888-02-29,13.69
1888-03-31,13.36
1888-04-30,13.19
1888-05-31,12.99
1888-06-30,12.81
1888-07-31,12.31
1888-08-31,11.97
1888-09-30,11.63
1888-10-31,11.17
1888-11-30,10.7
1888-12-31,10.37
1889-01-31,10.88
1889-02-28,11.15
1889-03-31,11.43
1889-04-30,11.57
1889-05-31,12.01
1889-06-30,12.15
1889-07-31,12.29
1889-08-31,12.44
1889-09-30,12.42
1889-10-31,12.56
1889-11-30,12.71
1889-12-31,12.7
1890-01-31,12.98
1890-02-28,12.94
1890-03-31,12.91
1890-04-30,12.87
1890-05-31,12.67
1890-06-30,12.63
1890-07-31,12.6
1890-08-31,12.12
1890-09-30,11.94
1890-10-31,11.91
1890-11-30,12.16
1890-12-31,12.12
1891-01-31,12.45
1891-02-28,12.47
1891-03-31,12.5
1891-04-30,12.52
1891-05-31,12.84
1891-06-30,13.34
1891-07-31,13.67
1891-08-31,13.85
1891-09-30,14.21
1891-10-31,14.39
1891-11-30,14.75
1891-12-31,14.93
1892-01-31,15.43
1892-02-29,15.54
1892-03-31,16.07
1892-04-30,16.42
1892-05-31,16.53
1892-06-30,16.65
1892-07-31,16.33
1892-08-31,16.22
1892-09-30,16.33
1892-10-31,16.44
1892-11-30,16.14
1892-12-31,16.06
1893-01-31,15.08
1893-02-28,14.54
1893-03-31,14.5
1893-04-30,14.27
1893-05-31,14.07
1893-06-30,14.02
1893-07-31,13.97
1893-08-31,14.1
1893-09-30,13.13
1893-10-31,12.54
1893-11-30,12.45
1893-12-31,12.2
1894-01-31,12.13
1894-02-28,11.88
1894-03-31,11.81
1894-04-30,11.39
1894-05-31,10.97
1894-06-30,10.55
1894-07-31,10.14
1894-08-31,9.44
1894-09-30,8.92
1894-10-31,8.76
1894-11-30,8.34
1894-12-31,8.04
1895-01-31,8.42
1895-02-28,8.8
1895-03-31,9.17
1895-04-30,9.16
1895-05-31,9.38
1895-06-30,9.62
1895-07-31,10.1
1895-08-31,10.61
1895-09-30,10.97
1895-10-31,11.33
1895-11-30,11.69
1895-12-31,12.21
1896-01-31,12.23
1896-02-29,12.23
1896-03-31,12.06
1896-04-30,12.08
1896-05-31,12.09
1896-06-30,12.09
1896-07-31,11.92
1896-08-31,11.74
1896-09-30,11.57
1896-10-31,11.06
1896-11-30,10.58
1896-12-31,10.41
1897-01-31,11.14
1897-02-28,11.57
1897-03-31,11.99
1897-04-30,12.61
1897-05-31,13.23
1897-06-30,13.67
1897-07-31,14.11
1897-08-31,13.91
1897-09-30,13.92
1897-10-31,14.54
1897-11-30,14.96
1897-12-31,15.37
1898-01-31,15.53
1898-02-28,15.47
1898-03-31,15.63
1898-04-30,15.79
1898-05-31,14.92
1898-06-30,16.12
1898-07-31,16.53
1898-08-31,16.69
1898-09-30,16.86
1898-10-31,17.02
1898-11-30,17.19
1898-12-31,17.1
1899-01-31,17.62
1899-02-28,17.66
1899-03-31,18.17
1899-04-30,18.45
1899-05-31,18.96
1899-06-30,19.19
1899-07-31,19.45
1899-08-31,19.67
1899-09-30,19.42
1899-10-31,19.63
1899-11-30,19.86
1899-12-31,20.06
1900-01-31,20.06
1900-02-28,19.84
1900-03-31,19.84
1900-04-30,19.84
1900-05-31,20.32
1900-06-30,20.56
1900-07-31,20.32
1900-08-31,20.56
1900-09-30,20.32
1900-10-31,20.56
1900-11-30,20.56
1900-12-31,20.83
1901-01-31,20.63
1901-02-28,20.97
1901-03-31,21.05
1901-04-30,21.37
1901-05-31,21.44
1901-06-30,21.52
1901-07-31,21.34
1901-08-31,21.13
1901-09-30,20.96
1901-10-31,21.03
1901-11-30,20.83
1901-12-31,20.66
1902-01-31,21.35
1902-02-28,21.81
1902-03-31,22.26
1902-04-30,22.45
1902-05-31,22.62
1902-06-30,22.81
1902-07-31,23.24
1902-08-31,23.95
1902-09-30,24.12
1902-10-31,22.96
1902-11-30,24.14
1902-12-31,24.3
1903-01-31,23.71
1903-02-28,23.39
1903-03-31,23.87
1903-04-30,23.54
1903-05-31,23.75
1903-06-30,23.41
1903-07-31,23.08
1903-08-31,22.74
1903-09-30,22.13
1903-10-31,22.07
1903-11-30,21.97
1903-12-31,21.63
1904-01-31,21.01
1904-02-29,20.4
1904-03-31,20.52
1904-04-30,20.61
1904-05-31,20.95
1904-06-30,20.82
1904-07-31,20.68
1904-08-31,20.32
1904-09-30,19.94
1904-10-31,19.81
1904-11-30,19.23
1904-12-31,19.1
1905-01-31,19.69
1905-02-28,20.27
1905-03-31,21.11
1905-04-30,21.7
1905-05-31,22.53
1905-06-30,23.13
1905-07-31,23.73
1905-08-31,24.07
1905-09-30,24.93
1905-10-31,25.52
1905-11-30,25.84
1905-12-31,26.12
1906-01-31,26.41
1906-02-28,26.71
1906-03-31,27.0
1906-04-30,27.29
1906-05-31,27.29
1906-06-30,27.58
1906-07-31,28.81
1906-08-31,28.46
1906-09-30,28.45
1906-10-31,28.12
1906-11-30,28.08
1906-12-31,28.07
1907-01-31,28.05
1907-02-28,27.15
1907-03-31,27.15
1907-04-30,26.84
1907-05-31,25.98
1907-06-30,25.4
1907-07-31,25.1
1907-08-31,24.8
1907-09-30,24.51
1907-10-31,23.98
1907-11-30,24.68
1907-12-31,24.91
1908-01-31,24.91
1908-02-29,24.95
1908-03-31,24.69
1908-04-30,24.15
1908-05-31,23.9
1908-06-30,23.64
1908-07-31,23.15
1908-08-31,22.9
1908-09-30,22.64
1908-10-31,22.14
1908-11-30,21.67
1908-12-31,21.19
1909-01-31,21.98
1909-02-28,22.28
1909-03-31,22.83
1909-04-30,22.9
1909-05-31,23.21
1909-06-30,23.49
1909-07-31,24.01
1909-08-31,24.31
1909-09-30,24.57
1909-10-31,24.6
1909-11-30,24.85
1909-12-31,25.12
1910-01-31,25.27
1910-02-28,25.18
1910-03-31,24.63
1910-04-30,24.33
1910-05-31,24.71
1910-06-30,24.85
1910-07-31,24.77
1910-08-31,24.93
1910-09-30,25.11
1910-10-31,25.77
1910-11-30,26.21
1910-12-31,26.12
1911-01-31,25.7
1911-02-28,26.1
1911-03-31,25.39
1911-04-30,25.79
1911-05-31,25.35
1911-06-30,24.91
1911-07-31,24.19
1911-08-31,23.03
1911-09-30,22.36
1911-10-31,21.94
1911-11-30,21.76
1911-12-31,21.55
1912-01-31,21.67
1912-02-29,21.76
1912-03-31,21.65
1912-04-30,21.33
1912-05-31,21.64
1912-06-30,22.16
1912-07-31,22.48
1912-08-31,22.58
1912-09-30,22.66
1912-10-31,22.97
1912-11-30,23.28
1912-12-31,23.83
1913-01-31,23.39
1913-02-28,23.19
1913-03-31,23.0
1913-04-30,22.8
1913-05-31,22.84
1913-06-30,22.41
1913-07-31,21.99
1913-08-31,21.79
1913-09-30,21.38
1913-10-31,21.19
1913-11-30,20.79
1913-12-31,20.8
1914-01-31,20.5
1914-02-28,20.4
1914-03-31,20.1
1914-04-30,19.99
1914-05-31,19.49
1914-06-30,19.18
1914-07-31,18.68
1914-08-31,18.02
1914-09-30,17.72
1914-10-31,17.6
1914-11-30,17.13
1914-12-31,17.0
1915-01-31,17.98
1915-02-28,19.15
1915-03-31,20.35
1915-04-30,21.13
1915-05-31,21.91
1915-06-30,22.89
1915-07-31,23.87
1915-08-31,24.85
1915-09-30,25.83
1915-10-31,26.55
1915-11-30,27.25
1915-12-31,28.21
1916-01-31,29.66
1916-02-29,31.38
1916-03-31,32.77
1916-04-30,34.17
1916-05-31,35.52
1916-06-30,36.84
1916-07-31,38.49
1916-08-31,39.78
1916-09-30,40.7
1916-10-31,41.55
1916-11-30,42.38
1916-12-31,43.55
1917-01-31,42.59
1917-02-28,40.95
1917-03-31,40.4
1917-04-30,37.92
1917-05-31,36.79
1917-06-30,35.69
1917-07-31,35.7
1917-08-31,34.62
1917-09-30,33.34
1917-10-31,32.34
1917-11-30,31.82
1917-12-31,30.85
1918-01-31,29.62
1918-02-28,28.85
1918-03-31,28.49
1918-04-30,27.51
1918-05-31,26.39
1918-06-30,25.5
1918-07-31,24.3
1918-08-31,23.31
1918-09-30,22.36
1918-10-31,21.42
1918-11-30,20.54
1918-12-31,19.81
1919-01-31,19.71
1919-02-28,19.98
1919-03-31,19.63
1919-04-30,19.18
1919-05-31,18.86
1919-06-30,18.76
1919-07-31,18.12
1919-08-31,17.72
1919-09-30,17.53
1919-10-31,17.15
1919-11-30,16.69
1919-12-31,16.25
1920-01-31,15.73
1920-02-29,15.38
1920-03-31,15.04
1920-04-30,14.42
1920-05-31,14.04
1920-06-30,13.67
1920-07-31,13.56
1920-08-31,13.72
1920-09-30,13.75
1920-10-31,13.63
1920-11-30,13.52
1920-12-31,13.62
1921-01-31,13.17
1921-02-28,12.83
1921-03-31,12.13
1921-04-30,11.49
1921-05-31,10.96
1921-06-30,10.23
1921-07-31,9.37
1921-08-31,8.58
1921-09-30,7.88
1921-10-31,7.08
1921-11-30,6.31
1921-12-31,5.54
1922-01-31,6.32
1922-02-28,6.97
1922-03-31,7.71
1922-04-30,8.37
1922-05-31,9.03
1922-06-30,9.69
1922-07-31,10.29
1922-08-31,11.07
1922-09-30,11.74
1922-10-31,12.32
1922-11-30,12.91
1922-12-31,13.48
1923-01-31,14.04
1923-02-28,14.51
1923-03-31,14.99
1923-04-30,15.37
1923-05-31,15.84
1923-06-30,16.22
1923-07-31,16.5
1923-08-31,17.06
1923-09-30,17.42
1923-10-31,17.78
1923-11-30,18.24
1923-12-31,18.71
1924-01-31,18.63
1924-02-29,18.66
1924-03-31,18.68
1924-04-30,18.71
1924-05-31,18.63
1924-06-30,18.55
1924-07-31,18.36
1924-08-31,18.39
1924-09-30,18.2
1924-10-31,18.01
1924-11-30,17.94
1924-12-31,17.75
1925-01-31,18.26
1925-02-28,18.88
1925-03-31,19.28
1925-04-30,19.91
1925-05-31,20.29
1925-06-30,20.57
1925-07-31,20.84
1925-08-31,21.32
1925-09-30,21.83
1925-10-31,22.33
1925-11-30,22.44
1925-12-31,23.06
1926-01-31,23.04
1926-02-28,23.02
1926-03-31,23.15
1926-04-30,23.0
1926-05-31,23.11
1926-06-30,23.23
1926-07-31,23.47
1926-08-31,23.59
1926-09-30,23.44
1926-10-31,23.3
1926-11-30,23.15
1926-12-31,23.13
1927-01-31,23.19
1927-02-28,23.11
1927-03-31,23.06
1927-04-30,22.85
1927-05-31,22.51
1927-06-30,22.05
1927-07-31,22.22
1927-08-31,22.14
1927-09-30,21.82
1927-10-31,21.48
1927-11-30,21.4
1927-12-31,21.19
1928-01-31,21.63
1928-02-29,22.3
1928-03-31,22.73
1928-04-30,23.17
1928-05-31,23.46
1928-06-30,24.04
1928-07-31,24.49
1928-08-31,24.91
1928-09-30,25.04
1928-10-31,25.63
1928-11-30,26.05
1928-12-31,26.65
1929-01-31,27.02
1929-02-28,27.38
1929-03-31,27.93
1929-04-30,28.47
1929-05-31,28.67
1929-06-30,28.87
1929-07-31,28.9
1929-08-31,29.26
1929-09-30,29.62
1929-10-31,30.01
1929-11-30,30.37
1929-12-31,30.91
1930-01-31,30.07
1930-02-28,29.19
1930-03-31,28.33
1930-04-30,27.14
1930-05-31,26.24
1930-06-30,25.36
1930-07-31,24.61
1930-08-31,23.68
1930-09-30,22.48
1930-10-31,21.55
1930-11-30,20.6
1930-12-31,19.89
1931-01-31,19.52
1931-02-28,19.14
1931-03-31,18.63
1931-04-30,18.11
1931-05-31,17.7
1931-06-30,17.28
1931-07-31,16.62
1931-08-31,15.96
1931-09-30,15.41
1931-10-31,14.85
1931-11-30,14.38
1931-12-31,13.8
1932-01-31,13.7
1932-02-29,13.51
1932-03-31,13.21
1932-04-30,12.91
1932-05-31,12.7
1932-06-30,12.38
1932-07-31,11.98
1932-08-31,11.66
1932-09-30,11.34
1932-10-31,11.01
1932-11-30,10.67
1932-12-31,10.33
1933-01-31,10.56
1933-02-28,10.79
1933-03-31,10.94
1933-04-30,11.01
1933-05-31,11.07
1933-06-30,11.05
1933-07-31,10.78
1933-08-31,10.76
1933-09-30,10.82
1933-10-31,10.88
1933-11-30,10.94
1933-12-31,11.01
1934-01-31,11.11
1934-02-28,11.13
1934-03-31,11.23
1934-04-30,11.34
1934-05-31,11.44
1934-06-30,11.46
1934-07-31,11.56
1934-08-31,11.66
1934-09-30,11.59
1934-10-31,11.78
1934-11-30,11.88
1934-12-31,12.07
1935-01-31,13.84
1935-02-28,15.67
1935-03-31,17.6
1935-04-30,18.11
1935-05-31,18.74
1935-06-30,19.52
1935-07-31,19.12
1935-08-31,18.72
1935-09-30,18.32
1935-10-31,18.32
1935-11-30,18.19
1935-12-31,18.19
1936-01-31,18.42
1936-02-29,18.66
1936-03-31,19.04
1936-04-30,19.76
1936-05-31,20.49
1936-06-30,21.06
1936-07-31,21.38
1936-08-31,21.7
1936-09-30,22.17
1936-10-31,22.8
1936-11-30,23.43
1936-12-31,24.06
1937-01-31,24.59
1937-02-28,25.29
1937-03-31,25.81
1937-04-30,26.09
1937-05-31,26.37
1937-06-30,26.83
1937-07-31,27.02
1937-08-31,27.4
1937-09-30,27.59
1937-10-31,26.91
1937-11-30,26.42
1937-12-31,25.91
1938-01-31,25.04
1938-02-28,23.97
1938-03-31,22.72
1938-04-30,21.01
1938-05-31,19.59
1938-06-30,18.03
1938-07-31,16.86
1938-08-31,15.69
1938-09-30,14.52
1938-10-31,14.78
1938-11-30,14.94
1938-12-31,15.1
1939-01-31,15.65
1939-02-28,16.31
1939-03-31,16.87
1939-04-30,17.39
1939-05-31,17.79
1939-06-30,18.19
1939-07-31,18.58
1939-08-31,18.98
1939-09-30,18.97
1939-10-31,19.81
1939-11-30,20.52
1939-12-31,21.23
1940-01-31,22.09
1940-02-29,22.64
1940-03-31,23.35
1940-04-30,23.74
1940-05-31,24.14
1940-06-30,24.36
1940-07-31,24.84
1940-08-31,25.16
1940-09-30,25.47
1940-10-31,25.24
1940-11-30,25.0
1940-12-31,24.59
1941-01-31,24.67
1941-02-28,24.75
1941-03-31,24.65
1941-04-30,24.71
1941-05-31,24.77
1941-06-30,24.49
1941-07-31,25.23
1941-08-31,25.63
1941-09-30,26.02
1941-10-31,25.47
1941-11-30,25.09
1941-12-31,24.71
1942-01-31,23.56
1942-02-28,22.57
1942-03-31,21.46
1942-04-30,20.92
1942-05-31,20.26
1942-06-30,19.85
1942-07-31,19.46
1942-08-31,19.08
1942-09-30,18.81
1942-10-31,19.18
1942-11-30,19.66
1942-12-31,20.13
1943-01-31,20.39
1943-02-28,20.65
1943-03-31,20.54
1943-04-30,20.5
1943-05-31,20.57
1943-06-30,20.76
1943-07-31,20.75
1943-08-31,20.74
1943-09-30,20.5
1943-10-31,19.61
1943-11-30,18.72
1943-12-31,17.84
1944-01-31,17.78
1944-02-29,17.71
1944-03-31,17.65
1944-04-30,17.49
1944-05-31,17.42
1944-06-30,17.26
1944-07-31,17.04
1944-08-31,16.91
1944-09-30,16.79
1944-10-31,16.98
1944-11-30,17.16
1944-12-31,17.25
1945-01-31,17.44
1945-02-28,17.62
1945-03-31,17.81
1945-04-30,18.06
1945-05-31,18.2
1945-06-30,18.24
1945-07-31,18.18
1945-08-31,18.12
1945-09-30,18.06
1945-10-31,17.88
1945-11-30,17.7
1945-12-31,17.42
1946-01-31,17.05
1946-02-28,16.78
1946-03-31,16.24
1946-04-30,15.79
1946-05-31,15.35
1946-06-30,14.83
1946-07-31,14.29
1946-08-31,14.28
1946-09-30,14.41
1946-10-31,15.03
1946-11-30,15.55
1946-12-31,16.28
1947-01-31,17.36
1947-02-28,18.43
1947-03-31,19.15
1947-04-30,20.0
1947-05-31,20.86
1947-06-30,21.61
1947-07-31,21.96
1947-08-31,22.21
1947-09-30,22.25
1947-10-31,22.54
1947-11-30,22.73
1947-12-31,22.72
1948-01-31,22.9
1948-02-29,23.56
1948-03-31,24.13
1948-04-30,24.42
1948-05-31,25.01
1948-06-30,25.49
1948-07-31,26.12
1948-08-31,26.96
1948-09-30,27.9
1948-10-31,29.01
1948-11-30,30.25
1948-12-31,31.38
1949-01-31,31.92
1949-02-28,32.61
1949-03-31,33.02
1949-04-30,32.98
1949-05-31,33.21
1949-06-30,33.16
1949-07-31,33.39
1949-08-31,33.21
1949-09-30,33.02
1949-10-31,32.97
1949-11-30,32.51
1949-12-31,32.46
1950-01-31,32.83
1950-02-28,33.07
1950-03-31,33.16
1950-04-30,33.95
1950-05-31,34.6
1950-06-30,35.24
1950-07-31,35.62
1950-08-31,36.15
1950-09-30,36.81
1950-10-31,37.05
1950-11-30,37.43
1950-12-31,37.51
1951-01-31,36.88
1951-02-28,36.4
1951-03-31,36.22
1951-04-30,35.75
1951-05-31,35.15
1951-06-30,34.68
1951-07-31,33.79
1951-08-31,32.89
1951-09-30,31.76
1951-10-31,31.34
1951-11-30,30.81
1951-12-31,30.4
1952-01-31,30.24
1952-02-29,30.3
1952-03-31,30.13
1952-04-30,29.77
1952-05-31,29.52
1952-06-30,29.16
1952-07-31,29.02
1952-08-31,29.1
1952-09-30,29.19
1952-10-31,29.35
1952-11-30,29.52
1952-12-31,29.68
1953-01-31,29.92
1953-02-28,30.16
1953-03-31,30.17
1953-04-30,30.5
1953-05-31,30.71
1953-06-30,30.93
1953-07-31,31.09
1953-08-31,31.14
1953-09-30,31.3
1953-10-31,31.02
1953-11-30,30.98
1953-12-31,30.81
1954-01-31,30.98
1954-02-28,31.14
1954-03-31,31.3
1954-04-30,31.71
1954-05-31,31.88
1954-06-30,32.16
1954-07-31,32.2
1954-08-31,32.24
1954-09-30,32.41
1954-10-31,32.98
1954-11-30,33.56
1954-12-31,34.26
1955-01-31,35.04
1955-02-28,35.82
1955-03-31,36.61
1955-04-30,37.68
1955-05-31,38.75
1955-06-30,39.82
1955-07-31,40.58
1955-08-31,41.48
1955-09-30,42.23
1955-10-31,42.96
1955-11-30,43.7
1955-12-31,44.6
1956-01-31,44.89
1956-02-29,45.18
1956-03-31,45.47
1956-04-30,44.93
1956-05-31,44.4
1956-06-30,43.7
1956-07-31,42.82
1956-08-31,42.42
1956-09-30,41.7
1956-10-31,41.35
1956-11-30,41.15
1956-12-31,40.8
1957-01-31,40.76
1957-02-28,40.57
1957-03-31,40.39
1957-04-30,40.32
1957-05-31,40.25
1957-06-30,40.19
1957-07-31,40.1
1957-08-31,40.29
1957-09-30,40.49
1957-10-31,40.1
1957-11-30,39.57
1957-12-31,39.18
1958-01-31,38.02
1958-02-28,37.14
1958-03-31,36.0
1958-04-30,35.08
1958-05-31,34.28
1958-06-30,33.48
1958-07-31,33.17
1958-08-31,33.1
1958-09-30,32.91
1958-10-31,32.95
1958-11-30,32.87
1958-12-31,33.02
1959-01-31,33.74
1959-02-28,34.7
1959-03-31,35.54
1959-04-30,36.51
1959-05-31,37.61
1959-06-30,38.58
1959-07-31,38.56
1959-08-31,38.68
1959-09-30,38.66
1959-10-31,38.38
1959-11-30,38.23
1959-12-31,38.08
1960-01-31,38.21
1960-02-29,38.08
1960-03-31,38.08
1960-04-30,37.46
1960-05-31,36.98
1960-06-30,36.37
1960-07-31,36.41
1960-08-31,36.44
1960-09-30,36.48
1960-10-31,36.23
1960-11-30,36.23
1960-12-31,36.23
1961-01-31,35.57
1961-02-28,34.91
1961-03-31,34.24
1961-04-30,34.02
1961-05-31,33.8
1961-06-30,33.58
1961-07-31,33.42
1961-08-31,33.61
1961-09-30,33.57
1961-10-31,34.09
1961-11-30,34.6
1961-12-31,35.11
1962-01-31,35.77
1962-02-28,36.31
1962-03-31,36.97
1962-04-30,37.21
1962-05-31,37.58
1962-06-30,37.94
1962-07-31,38.03
1962-08-31,38.25
1962-09-30,38.34
1962-10-31,38.85
1962-11-30,39.36
1962-12-31,39.86
1963-01-31,40.01
1963-02-28,40.15
1963-03-31,40.17
1963-04-30,40.64
1963-05-31,41.11
1963-06-30,41.44
1963-07-31,41.73
1963-08-31,42.16
1963-09-30,42.59
1963-10-31,42.67
1963-11-30,42.88
1963-12-31,42.96
1964-01-31,43.53
1964-02-29,44.1
1964-03-31,44.67
1964-04-30,45.2
1964-05-31,45.74
1964-06-30,46.12
1964-07-31,46.47
1964-08-31,47.12
1964-09-30,47.46
1964-10-31,47.74
1964-11-30,47.87
1964-12-31,48.16
1965-01-31,48.61
1965-02-28,49.07
1965-03-31,49.37
1965-04-30,49.78
1965-05-31,50.34
1965-06-30,50.58
1965-07-31,51.06
1965-08-31,51.55
1965-09-30,52.04
1965-10-31,52.6
1965-11-30,53.33
1965-12-31,53.89
1966-01-31,54.41
1966-02-28,54.59
1966-03-31,54.93
1966-04-30,55.0
1966-05-31,55.41
1966-06-30,55.65
1966-07-31,55.65
1966-08-31,55.47
1966-09-30,55.64
1966-10-31,55.44
1966-11-30,55.57
1966-12-31,55.7
1967-01-31,55.37
1967-02-28,55.04
1967-03-31,54.54
1967-04-30,53.97
1967-05-31,53.41
1967-06-30,52.85
1967-07-31,52.6
1967-08-31,52.34
1967-09-30,52.09
1967-10-31,52.03
1967-11-30,51.97
1967-12-31,51.92
1968-01-31,51.97
1968-02-29,52.17
1968-03-31,52.37
1968-04-30,52.64
1968-05-31,52.9
1968-06-30,53.01
1968-07-31,52.99
1968-08-31,53.12
1968-09-30,53.25
1968-10-31,53.26
1968-11-30,53.42
1968-12-31,53.58
1969-01-31,53.61
1969-02-28,53.5
1969-03-31,53.24
1969-04-30,53.0
1969-05-31,52.92
1969-06-30,52.69
1969-07-31,52.55
1969-08-31,52.42
1969-09-30,52.42
1969-10-31,51.82
1969-11-30,51.22
1969-12-31,50.63
1970-01-31,50.06
1970-02-28,49.36
1970-03-31,48.67
1970-04-30,47.97
1970-05-31,47.54
1970-06-30,46.98
1970-07-31,46.29
1970-08-31,45.83
1970-09-30,45.15
1970-10-31,44.28
1970-11-30,43.42
1970-12-31,42.56
1971-01-31,42.81
1971-02-28,42.95
1971-03-31,43.09
1971-04-30,43.26
1971-05-31,43.32
1971-06-30,43.27
1971-07-31,43.46
1971-08-31,43.65
1971-09-30,43.95
1971-10-31,44.57
1971-11-30,45.29
1971-12-31,45.8
1972-01-31,46.09
1972-02-29,46.16
1972-03-31,46.34
1972-04-30,46.65
1972-05-31,46.97
1972-06-30,47.28
1972-07-31,47.5
1972-08-31,47.83
1972-09-30,48.16
1972-10-31,48.66
1972-11-30,49.27
1972-12-31,49.88
1973-01-31,50.75
1973-02-28,51.37
1973-03-31,51.86
1973-04-30,52.59
1973-05-31,53.31
1973-06-30,54.01
1973-07-31,55.04
1973-08-31,55.18
1973-09-30,56.18
1973-10-31,56.82
1973-11-30,57.58
1973-12-31,58.32
1974-01-31,58.3
1974-02-28,58.02
1974-03-31,57.75
1974-04-30,58.38
1974-05-31,58.52
1974-06-30,58.9
1974-07-31,59.25
1974-08-31,59.35
1974-09-30,59.45
1974-10-31,58.4
1974-11-30,57.47
1974-12-31,56.56
1975-01-31,55.42
1975-02-28,54.07
1975-03-31,52.95
1975-04-30,51.73
1975-05-31,50.42
1975-06-30,49.04
1975-07-31,48.09
1975-08-31,47.6
1975-09-30,46.93
1975-10-31,47.08
1975-11-30,47.13
1975-12-31,47.36
1976-01-31,48.66
1976-02-29,49.87
1976-03-31,51.16
1976-04-30,52.13
1976-05-31,52.91
1976-06-30,53.78
1976-07-31,54.07
1976-08-31,54.36
1976-09-30,54.75
1976-10-31,55.15
1976-11-30,55.74
1976-12-31,56.23
1977-01-31,56.26
1977-02-28,56.0
1977-03-31,55.94
1977-04-30,56.1
1977-05-31,56.44
1977-06-30,56.69
1977-07-31,56.93
1977-08-31,57.27
1977-09-30,57.6
1977-10-31,57.73
1977-11-30,57.77
1977-12-31,57.91
1978-01-31,57.59
1978-02-28,57.28
1978-03-31,56.88
1978-04-30,56.96
1978-05-31,56.96
1978-06-30,56.88
1978-07-31,57.01
1978-08-31,57.32
1978-09-30,57.45
1978-10-31,58.18
1978-11-30,59.17
1978-12-31,60.14
1979-01-31,61.18
1979-02-28,62.01
1979-03-31,62.92
1979-04-30,63.27
1979-05-31,63.52
1979-06-30,63.85
1979-07-31,64.13
1979-08-31,64.49
1979-09-30,64.76
1979-10-31,64.58
1979-11-30,64.32
1979-12-31,63.98
1980-01-31,63.68
1980-02-29,63.39
1980-03-31,63.03
1980-04-30,61.86
1980-05-31,60.78
1980-06-30,59.65
1980-07-31,59.25
1980-08-31,58.43
1980-09-30,57.55
1980-10-31,57.24
1980-11-30,57.01
1980-12-31,56.71
1981-01-31,55.95
1981-02-28,55.07
1981-03-31,54.4
1981-04-30,54.57
1981-05-31,54.67
1981-06-30,54.71
1981-07-31,54.42
1981-08-31,54.32
1981-09-30,54.1
1981-10-31,54.09
1981-11-30,54.03
1981-12-31,53.96
1982-01-31,53.14
1982-02-28,52.34
1982-03-31,51.75
1982-04-30,50.79
1982-05-31,49.58
1982-06-30,48.24
1982-07-31,47.3
1982-08-31,46.52
1982-09-30,45.74
1982-10-31,44.57
1982-11-30,43.62
1982-12-31,42.77
1983-01-31,42.43
1983-02-28,42.14
1983-03-31,41.89
1983-04-30,41.78
1983-05-31,41.72
1983-06-30,41.78
1983-07-31,42.4
1983-08-31,43.05
1983-09-30,43.61
1983-10-31,44.28
1983-11-30,44.99
1983-12-31,45.73
1984-01-31,46.79
1984-02-29,47.89
1984-03-31,49.11
1984-04-30,49.88
1984-05-31,50.73
1984-06-30,51.59
1984-07-31,51.77
1984-08-31,51.95
1984-09-30,52.08
1984-10-31,52.01
1984-11-30,52.1
1984-12-31,52.18
1985-01-31,51.82
1985-02-28,51.32
1985-03-31,50.87
1985-04-30,49.83
1985-05-31,48.84
1985-06-30,47.91
1985-07-31,47.43
1985-08-31,46.95
1985-09-30,46.44
1985-10-31,45.64
1985-11-30,44.89
1985-12-31,44.14
1986-01-31,43.93
1986-02-28,43.96
1986-03-31,44.07
1986-04-30,44.34
1986-05-31,44.41
1986-06-30,44.36
1986-07-31,44.5
1986-08-31,44.56
1986-09-30,44.5
1986-10-31,44.09
1986-11-30,43.68
1986-12-31,43.27
1987-01-31,43.61
1987-02-28,44.07
1987-03-31,44.48
1987-04-30,43.58
1987-05-31,42.76
1987-06-30,41.95
1987-07-31,43.24
1987-08-31,44.39
1987-09-30,45.54
1987-10-31,46.99
1987-11-30,48.51
1987-12-31,50.08
1988-01-31,50.98
1988-02-29,51.89
1988-03-31,52.69
1988-04-30,55.32
1988-05-31,58.01
1988-06-30,60.64
1988-07-31,61.37
1988-08-31,62.09
1988-09-30,62.65
1988-10-31,63.39
1988-11-30,64.28
1988-12-31,65.08
1989-01-31,65.86
1989-02-28,66.69
1989-03-31,67.39
1989-04-30,67.19
1989-05-31,67.04
1989-06-30,67.11
1989-07-31,65.59
1989-08-31,64.13
1989-09-30,62.58
1989-10-31,61.56
1989-11-30,60.7
1989-12-31,59.89
1990-01-31,58.24
1990-02-28,56.94
1990-03-31,55.6
1990-04-30,55.16
1990-05-31,54.69
1990-06-30,54.04
1990-07-31,54.24
1990-08-31,54.15
1990-09-30,54.1
1990-10-31,53.44
1990-11-30,53.0
1990-12-31,52.67
1991-01-31,52.03
1991-02-28,51.62
1991-03-31,51.22
1991-04-30,49.9
1991-05-31,48.51
1991-06-30,47.13
1991-07-31,45.77
1991-08-31,44.36
1991-09-30,42.89
1991-10-31,41.34
1991-11-30,39.75
1991-12-31,38.24
1992-01-31,38.36
1992-02-29,38.4
1992-03-31,38.38
1992-04-30,39.0
1992-05-31,39.62
1992-06-30,40.16
1992-07-31,40.85
1992-08-31,41.51
1992-09-30,42.16
1992-10-31,42.83
1992-11-30,43.58
1992-12-31,44.42
1993-01-31,44.78
1993-02-28,45.21
1993-03-31,45.62
1993-04-30,45.11
1993-05-31,44.65
1993-06-30,44.2
1993-07-31,45.03
1993-08-31,45.72
1993-09-30,46.45
1993-10-31,47.38
1993-11-30,48.46
1993-12-31,49.58
1994-01-31,50.06
1994-02-28,50.5
1994-03-31,50.95
1994-04-30,52.74
1994-05-31,54.56
1994-06-30,56.23
1994-07-31,57.65
1994-08-31,59.0
1994-09-30,60.41
1994-10-31,62.77
1994-11-30,65.09
1994-12-31,67.5
1995-01-31,68.66
1995-02-28,69.81
1995-03-31,70.99
1995-04-30,72.12
1995-05-31,73.34
1995-06-30,74.55
1995-07-31,75.09
1995-08-31,75.44
1995-09-30,75.83
1995-10-31,74.71
1995-11-30,73.88
1995-12-31,73.06
1996-01-31,72.69
1996-02-29,72.51
1996-03-31,72.19
1996-04-30,72.53
1996-05-31,73.0
1996-06-30,73.57
1996-07-31,74.19
1996-08-31,74.81
1996-09-30,75.33
1996-10-31,76.99
1996-11-30,78.74
1996-12-31,80.64
1997-01-31,81.43
1997-02-28,82.22
1997-03-31,83.05
1997-04-30,83.16
1997-05-31,83.42
1997-06-30,83.53
1997-07-31,83.49
1997-08-31,83.4
1997-09-30,83.25
1997-10-31,82.42
1997-11-30,81.84
1997-12-31,81.31
1998-01-31,81.04
1998-02-28,80.77
1998-03-31,80.5
1998-04-30,79.96
1998-05-31,79.43
1998-06-30,78.95
1998-07-31,78.26
1998-08-31,77.57
1998-09-30,76.88
1998-10-31,76.44
1998-11-30,76.18
1998-12-31,75.98
1999-01-31,76.24
1999-02-28,76.59
1999-03-31,76.81
1999-04-30,78.0
1999-05-31,79.75
1999-06-30,81.5
1999-07-31,83.2
1999-08-31,84.93
1999-09-30,86.46
1999-10-31,89.06
1999-11-30,91.76
1999-12-31,94.51
2000-01-31,96.04
2000-02-29,97.28
2000-03-31,98.27
2000-04-30,98.84
2000-05-31,99.35
2000-06-30,99.45
2000-07-31,100.35
2000-08-31,101.48
2000-09-30,102.09
2000-10-31,99.57
2000-11-30,97.17
2000-12-31,94.89
2001-01-31,91.43
2001-02-28,88.21
2001-03-31,85.16
2001-04-30,79.44
2001-05-31,73.72
2001-06-30,68.25
2001-07-31,63.18
2001-08-31,57.93
2001-09-30,52.43
2001-10-31,50.37
2001-11-30,48.2
2001-12-31,46.14
2002-01-31,46.04
2002-02-28,45.87
2002-03-31,45.62
2002-04-30,46.61
2002-05-31,47.86
2002-06-30,49.08
2002-07-31,51.04
2002-08-31,52.89
2002-09-30,54.8
2002-10-31,53.23
2002-11-30,51.74
2002-12-31,50.36
2003-01-31,51.79
2003-02-28,53.04
2003-03-31,54.35
2003-04-30,57.01
2003-05-31,59.64
2003-06-30,62.11
2003-07-31,64.45
2003-08-31,66.61
2003-09-30,68.79
2003-10-31,74.91
2003-11-30,81.17
2003-12-31,87.33
2004-01-31,88.84
2004-02-29,90.29
2004-03-31,91.63
2004-04-30,93.77
2004-05-31,95.64
2004-06-30,97.74
2004-07-31,98.84
2004-08-31,99.73
2004-09-30,100.46
2004-10-31,100.38
2004-11-30,100.78
2004-12-31,101.6
2005-01-31,102.35
2005-02-28,102.72
2005-03-31,102.87
2005-04-30,103.91
2005-05-31,105.73
2005-06-30,107.4
2005-07-31,108.71
2005-08-31,109.96
2005-09-30,110.41
2005-10-31,112.04
2005-11-30,114.82
2005-12-31,117.17
2006-01-31,117.86
2006-02-28,119.19
2006-03-31,120.1
2006-04-30,120.08
2006-05-31,120.48
2006-06-30,121.23
2006-07-31,123.08
2006-08-31,125.04
2006-09-30,127.87
2006-10-31,130.17
2006-11-30,131.97
2006-12-31,133.38
2007-01-31,133.86
2007-02-28,134.04
2007-03-31,133.71
2007-04-30,133.79
2007-05-31,133.91
2007-06-30,134.59
2007-07-31,131.28
2007-08-31,128.18
2007-09-30,124.49
2007-10-31,117.68
2007-11-30,110.48
2007-12-31,104.05
2008-01-31,100.51
2008-02-29,97.21
2008-03-31,93.39
2008-04-30,88.21
2008-05-31,82.89
2008-06-30,77.52
2008-07-31,74.41
2008-08-31,71.98
2008-09-30,69.35
2008-10-31,54.27
2008-11-30,39.23
2008-12-31,23.37
2009-01-31,19.09
2009-02-28,14.84
2009-03-31,10.65
2009-04-30,10.96
2009-05-31,11.26
2009-06-30,11.5
2009-07-31,14.09
2009-08-31,16.62
2009-09-30,19.17
2009-10-31,38.72
2009-11-30,58.25
2009-12-31,77.94
2010-01-31,82.73
2010-02-28,87.77
2010-03-31,92.45
2010-04-30,95.4
2010-05-31,98.44
2010-06-30,101.66
2010-07-31,104.04
2010-08-31,106.29
2010-09-30,108.63
2010-10-31,111.26
2010-11-30,113.97
2010-12-31,116.53
2011-01-31,117.96
2011-02-28,119.35
2011-03-31,120.15
2011-04-30,120.63
2011-05-31,121.32
2011-06-30,122.7
2011-07-31,124.1
2011-08-31,125.27
2011-09-30,126.59
2011-10-31,126.84
2011-11-30,126.93
2011-12-31,127.23
2012-01-31,127.44
2012-02-29,127.65
2012-03-31,127.45
2012-04-30,126.77
2012-05-31,126.63
2012-06-30,126.51
2012-07-31,126.04
2012-08-31,124.66
2012-09-30,123.43
2012-10-31,123.49
2012-11-30,124.08
2012-12-31,124.42
2013-01-31,124.62
2013-02-28,124.17
2013-03-31,124.41
2013-04-30,126.08
2013-05-31,127.39
2013-06-30,128.62
2013-07-31,130.18
2013-08-31,131.63
2013-09-30,133.09
2013-10-31,136.18
2013-11-30,139.21
2013-12-31,141.98
2014-01-31,141.76
2014-02-28,141.54
2014-03-31,140.94
2014-04-30,141.53
2014-05-31,142.08
2014-06-30,142.87
2014-07-31,144.24
2014-08-31,145.79
2014-09-30,147.0
2014-10-31,145.67
2014-11-30,144.76
2014-12-31,143.88
2015-01-31,143.12
2015-02-28,141.06
2015-03-31,138.8
2015-04-30,136.5
2015-05-31,133.8
2015-06-30,131.33
2015-07-31,129.36
2015-08-31,127.58
2015-09-30,125.82
2015-10-31,123.96
2015-11-30,122.31
2015-12-31,120.8
2016-01-31,120.56
2016-02-29,120.42
2016-03-31,119.86
2016-04-30,119.52
2016-05-31,119.26
2016-06-30,119.09
2016-07-31,120.27
2016-08-31,121.15
2016-09-30,121.85
2016-10-31,124.19
2016-11-30,126.87
2016-12-31,129.32
2017-01-31,131.17
2017-02-28,133.35
2017-03-31,135.84
2017-04-30,137.11
2017-05-31,138.67
2017-06-30,140.22
2017-07-31,141.7
2017-08-31,142.65
2017-09-30,143.26
2017-10-31,144.6
2017-11-30,145.85
2017-12-31,147.18
2018-01-31,148.85
2018-02-28,150.64
2018-03-31,152.75
2018-04-30,155.24
2018-05-31,157.68
2018-06-30,160.5
2018-07-31,163.95
2018-08-31,167.31
2018-09-30,170.56
2018-10-31,171.13
2018-11-30,172.58
2018-12-31,174.01
2019-01-31,174.55
2019-02-28,174.69
2019-03-31,174.58
2019-04-30,174.03
2019-05-31,174.04
2019-06-30,174.39
2019-07-31,173.08
2019-08-31,172.07
2019-09-30,170.92
2019-10-31,173.34
2019-11-30,176.25
2019-12-31,179.22
2020-01-31,168.65
2020-02-29,158.35
2020-03-31,148.82
2020-04-30,142.48
2020-05-31,135.14
2020-06-30,127.1
2020-07-31,126.04
2020-08-31,125.21
2020-09-30,124.61
2020-10-31,122.83
2020-11-30,121.17
2020-12-31,119.33
2021-01-31,133.16
2021-02-28,146.7
2021-03-31,159.82
2021-04-30,171.12
2021-05-31,182.25
2021-06-30,192.95
2021-07-31,198.73
2021-08-31,205.0
2021-09-30,211.11
2021-10-31,218.32
2021-11-30,226.17
2021-12-31,234.36
2022-01-31,232.42
2022-02-28,230.33
2022-03-31,227.31
2022-04-30,223.9
2022-05-31,219.33
2022-06-30,214.26
2022-07-31,212.36
2022-08-31,210.51
2022-09-30,208.14
2022-10-31,202.0
2022-11-30,196.91
2022-12-31,192.2
2023-01-31,191.57
2023-02-28,191.39
2023-03-31,191.64
2023-04-30,192.79
2023-05-31,194.42
2023-06-30,195.9
2023-07-31,196.7
2023-08-31,197.0
2023-09-30,197.67
2023-10-31,200.68
2023-11-30,204.01
2023-12-31,207.15
2024-01-31,205.66
2024-02-29,204.02
2024-03-31,202.35
2024-04-30,203.16
2024-05-31,204.41
2024-06-30,205.93
2024-07-31,207.21
2024-08-31,208.56
2024-09-30,209.74
2024-10-31,212.95
2024-11-30,216.52
2024-12-31,219.9
2025-01-31,220.73
2025-02-28,222.0
2025-03-31,223.75
2025-04-30,225.06
2025-05-31,226.59
2025-06-30,227.81
2025-07-31,231.39
2025-08-31,234.65
2025-09-30,237.96
2025-10-31,243.98
2025-11-30,246.08
2025-12-31,247.98
2026-01-31,254.29
2026-02-28,260.28
2026-03-31,264.69
