date,"Typical Home Value (Zillow ZHVI, SA)","Typical Rent (Zillow ZORI, All Homes + Multifamily)","For-Sale Inventory (Zillow, smoothed)",Sales Count Nowcast (Zillow)
2000-01-31,122723.31472160046,,,
2000-02-29,122939.22437445784,,,
2000-03-31,123206.98413454268,,,
2000-04-30,123781.27626176394,,,
2000-05-31,124442.21764739459,,,
2000-06-30,125150.83589314227,,,
2000-07-31,125901.40141217974,,,
2000-08-31,126711.56384652601,,,
2000-09-30,127554.27660922916,,,
2000-10-31,128400.1990333202,,,
2000-11-30,129242.07057590706,,,
2000-12-31,130085.07924039922,,,
2001-01-31,130858.91290932843,,,
2001-02-28,131544.22806354458,,,
2001-03-31,132205.22538268013,,,
2001-04-30,132919.9104542412,,,
2001-05-31,133691.1648481191,,,
2001-06-30,134482.45528480597,,,
2001-07-31,135296.66417709176,,,
2001-08-31,136147.26892664633,,,
2001-09-30,137005.46168846884,,,
2001-10-31,137859.96692133628,,,
2001-11-30,138656.40986707827,,,
2001-12-31,139403.0909259943,,,
2002-01-31,140063.46209395313,,,
2002-02-28,140695.09342780514,,,
2002-03-31,141339.0131745364,,,
2002-04-30,142039.572870019,,,
2002-05-31,142813.35433544664,,,
2002-06-30,143651.51347962598,,,
2002-07-31,144570.38345735424,,,
2002-08-31,145551.43252755038,,,
2002-09-30,146545.52965368563,,,
2002-10-31,147538.124155152,,,
2002-11-30,148483.50154930243,,,
2002-12-31,149403.85425497536,,,
2003-01-31,150236.72703353208,,,
2003-02-28,151033.66751649437,,,
2003-03-31,151830.1765008499,,,
2003-04-30,152697.3212454448,,,
2003-05-31,153651.40289899262,,,
2003-06-30,154641.1734555878,,,
2003-07-31,155682.7638943127,,,
2003-08-31,156789.03384563132,,,
2003-09-30,157959.63074807564,,,
2003-10-31,159140.88401281685,,,
2003-11-30,160239.32108120163,,,
2003-12-31,161272.2255547645,,,
2004-01-31,162258.3935952868,,,
2004-02-29,163311.93749762865,,,
2004-03-31,164474.26458765473,,,
2004-04-30,165773.64856420504,,,
2004-05-31,167236.81470898355,,,
2004-06-30,168830.26152360011,,,
2004-07-31,170547.3494218034,,,
2004-08-31,172289.14052015817,,,
2004-09-30,174008.8751095617,,,
2004-10-31,175656.87152910858,,,
2004-11-30,177203.63802760476,,,
2004-12-31,178727.50704532862,,,
2005-01-31,180201.9621512502,,,
2005-02-28,181706.29833281398,,,
2005-03-31,183258.12564325272,,,
2005-04-30,185006.32096266784,,,
2005-05-31,186863.41528665958,,,
2005-06-30,188808.54940340066,,,
2005-07-31,190768.1806760865,,,
2005-08-31,192750.3457368981,,,
2005-09-30,194699.62703792448,,,
2005-10-31,196545.8678410107,,,
2005-11-30,198231.2910589575,,,
2005-12-31,199754.15998982088,,,
2006-01-31,201058.25478771442,,,
2006-02-28,202269.370045358,,,
2006-03-31,203489.21162214878,,,
2006-04-30,204799.90036354493,,,
2006-05-31,206093.55020771406,,,
2006-06-30,207234.53815354765,,,
2006-07-31,208128.49186482155,,,
2006-08-31,208816.2504947686,,,
2006-09-30,209266.58346157687,,,
2006-10-31,209584.60637574946,,,
2006-11-30,209751.27306383583,,,
2006-12-31,209851.84369316243,,,
2007-01-31,209889.02265697694,,,
2007-02-28,209928.59947027508,,,
2007-03-31,209957.15550000756,,,
2007-04-30,209986.23055158462,,,
2007-05-31,209893.575205573,,,
2007-06-30,209627.36081813517,,,
2007-07-31,209132.8234753837,,,
2007-08-31,208548.73418411243,,,
2007-09-30,207851.11222140802,,,
2007-10-31,207101.8044927171,,,
2007-11-30,206202.28877293714,,,
2007-12-31,205253.15838528052,,,
2008-01-31,204164.17272290913,,,
2008-02-29,202964.6618633746,,,203822.0
2008-03-31,201616.05819662954,,,235967.0
2008-04-30,200160.23992347205,,,261747.0
2008-05-31,198646.19569605854,,,288767.0
2008-06-30,197053.7501784699,,,301790.0
2008-07-31,195359.12932053139,,,304595.0
2008-08-31,193479.8825141797,,,287615.0
2008-09-30,191578.37238957334,,,270697.0
2008-10-31,189722.33394730292,,,261378.0
2008-11-30,187906.11488736115,,,192280.0
2008-12-31,186106.09016844947,,,218708.0
2009-01-31,184349.98713361283,,,164965.0
2009-02-28,182852.6048489193,,,179610.0
2009-03-31,181479.3420374574,,,228668.0
2009-04-30,180185.1517626356,,,243115.0
2009-05-31,178876.58175682012,,,264574.0
2009-06-30,177643.9480342718,,,313416.0
2009-07-31,176527.57486211535,,,320578.0
2009-08-31,175494.91697154273,,,292012.0
2009-09-30,174546.11800078696,,,287565.0
2009-10-31,173770.92462905907,,,302801.0
2009-11-30,173333.34457937864,,,281087.0
2009-12-31,173137.18464281628,,,261479.0
2010-01-31,173073.279909377,,,182325.0
2010-02-28,173003.30853487298,,,193334.0
2010-03-31,172999.81860189603,,,287328.0
2010-04-30,173103.8210659733,,,307845.0
2010-05-31,173163.9751905,,,317547.0
2010-06-30,173021.16387672292,,,349994.0
2010-07-31,172480.68064854413,,,252706.0
2010-08-31,171682.18319936996,,,256813.0
2010-09-30,170692.3338025923,,,267029.0
2010-10-31,169669.07217079864,,,233139.0
2010-11-30,168630.256543626,,,222551.0
2010-12-31,167663.50798206645,,,250062.0
2011-01-31,166768.1817456151,,,191569.0
2011-02-28,165938.80070606063,,,194610.0
2011-03-31,165149.01019682022,,,265782.0
2011-04-30,164322.94957941942,,,267489.0
2011-05-31,163452.70630311547,,,283991.0
2011-06-30,162600.05037870843,,,317829.0
2011-07-31,161881.1232857647,,,283582.0
2011-08-31,161277.05955832452,,,307350.0
2011-09-30,160758.68658751505,,,274242.0
2011-10-31,160248.7585564796,,,253377.0
2011-11-30,159815.19600604102,,,242992.0
2011-12-31,159438.54937485265,,,262272.0
2012-01-31,159208.84244456937,,,209119.0
2012-02-29,159190.21576367776,,,225788.0
2012-03-31,159401.7913616853,,,286829.0
2012-04-30,159762.89449307675,,,293026.0
2012-05-31,160205.11136266208,,,337300.0
2012-06-30,160734.52390355105,,,352449.0
2012-07-31,161312.27391168545,,,329186.0
2012-08-31,161807.59831865822,,,355400.0
2012-09-30,162373.34719070804,,,289061.0
2012-10-31,162984.75338255137,,,319323.0
2012-11-30,163715.16400708642,,,296141.0
2012-12-31,164479.37068848455,,,295605.0
2013-01-31,165356.0355464743,,,244533.0
2013-02-28,166297.80026127386,,,245077.0
2013-03-31,167280.62304924603,,,312773.0
2013-04-30,168350.19082342606,,,348924.0
2013-05-31,169600.32830761257,,,401035.0
2013-06-30,170988.94587446383,,,392730.0
2013-07-31,172248.0970295551,,,414602.0
2013-08-31,173475.43831842064,,,410977.0
2013-09-30,174595.957515832,,,348576.0
2013-10-31,175838.61076396122,,,348777.0
2013-11-30,176855.59139424036,,,299167.0
2013-12-31,177786.56626277405,,,309789.0
2014-01-31,178598.93650723758,,,243024.0
2014-02-28,179465.78025944604,,,239592.0
2014-03-31,180340.73212871942,,,297650.0
2014-04-30,181219.0076283598,,,337867.0
2014-05-31,182222.10461238577,,,380873.0
2014-06-30,183111.3568416154,,,404718.0
2014-07-31,183984.77967096804,,,407680.0
2014-08-31,184653.52473704924,,,389026.0
2014-09-30,185280.2464114032,,,359125.0
2014-10-31,185693.51605457198,,,371971.0
2014-11-30,186233.0467204008,,,286750.0
2014-12-31,186892.8980665288,,,332662.0
2015-01-31,187705.32548741283,1136.747271877584,,243561.0
2015-02-28,188513.9906313249,1143.002519961801,,253791.0
2015-03-31,189335.59824693613,1151.5660032685735,,343540.0
2015-04-30,190233.95998780776,1160.2953305985982,,372625.0
2015-05-31,191224.99886775148,1168.9046814771232,,404601.0
2015-06-30,192176.76406051483,1176.3936889542747,,469525.0
2015-07-31,193160.2161062069,1181.9479490751467,,467295.0
2015-08-31,194191.7125686131,1185.4523066427255,,424555.0
2015-09-30,195332.30806428601,1187.2956313159245,,402950.0
2015-10-31,196531.04457780253,1187.6480965078342,,382278.0
2015-11-30,197607.76796401243,1188.0266335315193,,299530.0
2015-12-31,198679.1870556625,1188.4411211680385,,359891.0
2016-01-31,199833.84929098818,1191.4076953433396,,265292.0
2016-02-29,200983.11762744025,1196.0648635327352,,280344.0
2016-03-31,201838.25793483303,1201.930438025665,,366423.0
2016-04-30,202620.12359563741,1209.6819497966783,,392280.0
2016-05-31,203405.80457918276,1217.6567552884808,,437987.0
2016-06-30,204362.83771504866,1225.6687753694703,,493079.0
2016-07-31,205091.1701070778,1230.0269828155292,,435483.0
2016-08-31,205775.93532944765,1232.045080637423,,463019.0
2016-09-30,206526.99697786864,1231.7943972297492,,417805.0
2016-10-31,207473.38476965486,1230.4562208581606,,384184.0
2016-11-30,208521.208035724,1229.2544992577234,,361568.0
2016-12-31,209627.74020056796,1228.6054126468193,,372128.0
2017-01-31,210735.71154019723,1233.009333493094,,290420.0
2017-02-28,211895.34417935825,1240.5395392095793,,284435.0
2017-03-31,213089.31594317764,1251.7091515091095,,403637.0
2017-04-30,214386.6247160765,1261.242338972538,,390107.0
2017-05-31,215541.15526263896,1270.2581990820274,,475202.0
2017-06-30,216623.13438823598,1277.1692615058269,,519939.0
2017-07-31,217545.63383755877,1281.7333588838067,,445867.0
2017-08-31,218491.01561409666,1283.1784793402037,,479541.0
2017-09-30,219475.29219828258,1283.3688595683216,,406795.0
2017-10-31,220598.56245300698,1281.7771021150188,,401490.0
2017-11-30,221809.13424175585,1281.6196930021517,,364892.0
2017-12-31,223076.01914015823,1282.4485191003034,,356249.0
2018-01-31,224329.35882571505,1287.1291325662864,,283021.0
2018-02-28,225546.3630958775,1294.321849409962,,281373.0
2018-03-31,226954.14787181784,1303.5886435277082,1421529.0,383087.0
2018-04-30,228235.99019478366,1312.80924051709,1500195.0,404912.0
2018-05-31,229481.21015166526,1320.685564733399,1592417.0,467620.0
2018-06-30,230384.79249328925,1327.8958261166756,1660618.0,495116.0
2018-07-31,231529.3915673271,1332.9743961667482,1709146.0,461289.0
2018-08-31,232627.02992492318,1335.8917789584384,1733393.0,479421.0
2018-09-30,233737.80807942466,1335.0392080116708,1723102.0,374418.0
2018-10-31,234501.6109464156,1334.3731942053134,1701375.0,401731.0
2018-11-30,235269.27570597487,1335.0046764871224,1642146.0,354363.0
2018-12-31,236089.67652360434,1337.098151394013,1541995.0,321164.0
2019-01-31,237079.2807438889,1340.9979294607604,1452604.0,260257.0
2019-02-28,238227.80968115976,1346.770831349212,1405516.0,277627.0
2019-03-31,239441.4380493447,1356.7103158202458,1449966.0,356878.0
2019-04-30,240523.8724869714,1366.6128308416169,1515571.0,402839.0
2019-05-31,241330.858530989,1376.2459053712068,1604228.0,470507.0
2019-06-30,242040.00706537953,1383.904720037866,1665082.0,454231.0
2019-07-31,242692.91300302805,1389.3464154691876,1693555.0,468315.0
2019-08-31,243410.54039454737,1392.018000669414,1688690.0,462020.0
2019-09-30,244042.63654918116,1391.525652918302,1665421.0,393123.0
2019-10-31,244923.05194723597,1389.973400964217,1634586.0,406380.0
2019-11-30,246121.23147121878,1388.8455186078954,1560531.0,344652.0
2019-12-31,247530.1351342625,1389.9991773834568,1441428.0,360013.0
2020-01-31,249081.4867413252,1394.873015284131,1336187.0,289098.0
2020-02-29,250597.57689308745,1402.7343696614148,1285461.0,290540.0
2020-03-31,252174.78013003408,1411.056812561153,1309043.0,362671.0
2020-04-30,253525.2626608937,1412.4590814489163,1299807.0,315414.0
2020-05-31,254285.42591883012,1412.393169246883,1317974.0,309475.0
2020-06-30,254713.36990969998,1413.3746056539915,1320181.0,432167.0
2020-07-31,255399.77912416498,1418.5984031580385,1345172.0,515112.0
2020-08-31,257044.7274506321,1420.0328856971062,1324973.0,496450.0
2020-09-30,259869.92981231213,1417.519350001727,1283020.0,500544.0
2020-10-31,263320.9209979715,1414.6038417028399,1228208.0,511176.0
2020-11-30,267223.86755396624,1413.0489208491176,1140490.0,435918.0
2020-12-31,271027.7690779223,1415.0554936913445,1028143.0,468488.0
2021-01-31,274686.2463544467,1423.0668063011694,949584.0,347930.0
2021-02-28,278425.98256855324,1435.0977380379359,881641.0,344371.0
2021-03-31,282329.5577022157,1450.2268389463052,882134.0,469279.0
2021-04-30,286598.8196078007,1468.2620169057711,882366.0,496027.0
2021-05-31,291334.96207404375,1492.2515454938466,934197.0,501687.0
2021-06-30,296428.5564539835,1520.6084915447186,978095.0,587759.0
2021-07-31,301000.62595047435,1550.163790409592,1028626.0,550778.0
2021-08-31,304249.74550223566,1577.6841400196054,1071839.0,542797.0
2021-09-30,306232.8063404779,1599.9247010101974,1084093.0,508493.0
2021-10-31,308176.44426023983,1613.8165237506241,1067941.0,486072.0
2021-11-30,310811.38032897824,1622.9955322997941,997943.0,467332.0
2021-12-31,314058.76259908866,1631.9724277902546,887152.0,469842.0
2022-01-31,318526.41385530675,1642.3803676335426,777174.0,351191.0
2022-02-28,323877.30467144214,1656.7588070787492,706996.0,341162.0
2022-03-31,330168.5532742739,1671.7413376018255,727008.0,449763.0
2022-04-30,336456.3411602522,1691.272815738778,774573.0,447921.0
2022-05-31,342075.1232734429,1711.2784921969696,860427.0,473699.0
2022-06-30,346771.772206459,1731.9728051872132,947012.0,492319.0
2022-07-31,349239.94101144664,1749.0424335203443,1033432.0,420129.0
2022-08-31,349615.6398280598,1758.6499519353697,1092211.0,437938.0
2022-09-30,348332.9059423832,1760.5903509110503,1101632.0,388562.0
2022-10-31,347099.42572305474,1756.0242307134636,1085232.0,339255.0
2022-11-30,346086.67502043437,1750.1419518573407,1032719.0,292493.0
2022-12-31,345166.85929710837,1747.4736105013963,956029.0,278443.0
2023-01-31,343961.4181238865,1749.4031004792882,884258.0,215587.0
2023-02-28,343080.4475562423,1755.950212146927,831098.0,236660.0
2023-03-31,343018.1806906795,1768.309871851744,835546.0,323516.0
2023-04-30,343994.67564141535,1778.8997589505238,845933.0,298869.0
2023-05-31,345640.9093444871,1790.6409021880486,879953.0,367797.0
2023-06-30,347602.9040155075,1797.422801777552,906312.0,391924.0
2023-07-31,349372.7690378038,1805.784689019644,930380.0,335374.0
2023-08-31,351015.1280284762,1810.052343631955,949513.0,367156.0
2023-09-30,352255.93773253844,1810.328270337608,957662.0,317164.0
2023-10-31,353184.4420866633,1806.8184524179978,972710.0,304554.0
2023-11-30,353842.21465124254,1801.6513849833864,964640.0,266357.0
2023-12-31,354278.7333531102,1799.1777137089098,926056.0,254699.0
2024-01-31,354713.1257246116,1802.1275233195545,884124.0,217195.0
2024-02-29,355509.18378891115,1809.728920698124,870160.0,240159.0
2024-03-31,357057.348897425,1820.1422570399102,907590.0,289157.0
2024-04-30,358921.44584975834,1830.7526095903106,961206.0,326187.0
2024-05-31,360361.34761401516,1841.7791785717966,1031279.0,360357.0
2024-06-30,360925.3609901213,1851.4126450044769,1098649.0,334511.0
2024-07-31,361074.0346681651,1858.776590997637,1152764.0,352328.0
2024-08-31,361318.44906536007,1861.8774657172075,1181781.0,343081.0
2024-09-30,361770.9816507808,1861.6164161855195,1192842.0,295694.0
2024-10-31,362362.04383937997,1857.8238863897147,1197150.0,317223.0
2024-11-30,362857.2013766875,1854.3441446282955,1173300.0,273891.0
2024-12-31,363580.2857239263,1851.8900561874948,1113463.0,283072.0
2025-01-31,364212.64603022876,1855.9173122844181,1062381.0,228753.0
2025-02-28,364673.95941954566,1864.0210194426916,1043117.0,235680.0
2025-03-31,364397.6998965514,1875.848731532796,1097475.0,289808.0
2025-04-30,363867.87388327724,1886.0975509230607,1167197.0,324733.0
2025-05-31,363180.0741338015,1894.9182396576775,1262386.0,352010.0
2025-06-30,362560.84258329164,1901.444661778348,1329558.0,359536.0
2025-07-31,362132.8412883381,1905.0917626451471,1373264.0,357359.0
2025-08-31,361904.4767730399,1906.2366311458143,1380205.0,341460.0
2025-09-30,362146.82073523634,1904.9211380654024,1373116.0,326838.0
2025-10-31,362582.45957441954,1901.3104874999701,1362806.0,332061.0
2025-11-30,363260.4840225416,1895.6366615747252,1322706.0,263951.0
2025-12-31,364053.71117149893,1891.1402585971923,1239517.0,303764.0
2026-01-31,364810.5019240233,1892.4399228056184,1158763.0,217693.0
2026-02-28,365526.7823110949,1899.5819783796048,1115629.0,235352.0
2026-03-31,366018.81522011664,1910.4249941685812,1155079.0,305061.0
2026-04-30,368197.74670613307,1929.6422102592069,1218540.0,332398.0
2026-05-31,370320.2319282247,1950.8681283538579,1299908.0,355042.0
