date,Total Building Permits Period %,Single-Family Permits Period %,2-4 Unit Permits Period %,5+ Unit Permits Period %,Permits - Northeast Period %,Permits - Midwest Period %,Permits - South Period %,Permits - West Period %
1960-02-01,-0.3663,2.6005,5.9701,-16.7598,-5.6911,1.1858,-7.855,12.5954
1960-03-01,-12.2243,-16.0138,-15.493,11.4094,-28.4483,-26.1719,-10.4918,10.8475
1960-04-01,6.3874,6.7215,-5.0,9.0361,13.8554,29.1005,4.7619,-9.1743
1960-05-01,3.5433,-2.5707,10.5263,27.6243,18.5185,-1.6393,5.5944,-3.7037
1960-06-01,-8.9354,-1.1873,7.9365,-38.961,-21.4286,-11.25,-5.6291,-0.6993
1960-07-01,4.2797,-2.2697,13.2353,34.7518,24.4318,5.1643,-5.9649,1.4085
1960-08-01,-0.5005,0.0,-15.5844,3.6842,-5.0228,2.6786,0.7463,-0.6944
1960-09-01,-1.006,-3.8251,-3.0769,10.1523,-1.4423,-4.3478,-2.2222,3.1469
1960-10-01,-1.2195,0.9943,-7.9365,-6.4516,-4.3902,5.4545,-0.3788,-4.7458
1960-11-01,0.7202,-0.5626,22.4138,-0.9852,4.5918,-3.8793,4.1825,-1.4235
1960-12-01,-2.8601,-2.6874,-8.4507,-1.4925,-17.561,6.7265,2.1898,-4.6931
1961-01-01,1.8927,2.1802,-9.2308,4.5455,1.7751,-0.8403,-1.7857,8.3333
1961-02-01,-0.8256,-4.2674,6.7797,8.6957,2.3256,6.3559,-6.1818,-3.4965
1961-03-01,4.0583,3.8633,-6.3492,7.5556,14.2045,-8.7649,9.3023,4.3478
1961-04-01,0.2,-1.7167,16.9492,1.6529,1.99,-6.9869,3.5461,1.3889
1961-05-01,2.495,2.7656,-4.3478,3.6585,6.8293,4.2254,-0.6849,1.3699
1961-06-01,4.187,1.4164,4.5455,11.7647,0.9132,-0.9009,5.1724,9.4595
1961-07-01,1.215,3.4916,-7.2464,-2.4561,7.2398,3.6364,0.9836,-4.321
1961-08-01,7.0175,0.8097,10.9375,22.6619,27.0042,-1.3158,3.5714,1.2903
1961-09-01,-5.2632,-1.2048,1.4085,-15.5425,-24.9169,4.4444,-1.2539,2.5478
1961-10-01,2.2769,3.794,5.5556,-2.4306,3.9823,-2.9787,3.1746,4.0373
1961-11-01,2.5824,0.2611,-2.6316,10.3203,7.234,1.3158,-3.3846,5.9701
1961-12-01,0.7812,0.7812,-2.7027,1.6129,9.127,-1.7316,2.2293,-4.7887
1962-01-01,-3.3592,-7.3643,13.8889,2.5397,-2.1818,-12.3348,0.6231,-2.071
1962-02-01,6.4171,3.3473,-1.2195,15.1703,2.2305,27.1357,4.9536,-1.2085
1962-03-01,-5.0251,-4.7233,2.4691,-7.2581,-11.6364,-11.8577,-2.6549,3.3639
1962-04-01,8.9065,5.6657,0.0,17.6812,19.3416,5.8296,-0.9091,13.0178
1962-05-01,-7.5304,-4.8257,15.6627,-17.2414,-24.1379,0.8475,4.2813,-10.2094
1962-06-01,1.0508,-0.8451,-17.7083,10.4167,5.9091,1.2605,-3.5191,2.3324
1962-07-01,3.0329,1.8466,16.4557,2.4259,-3.0043,4.1494,5.1672,4.2735
1962-08-01,0.9251,1.1158,-8.6957,2.8947,0.885,-7.1713,3.7572,3.8251
1962-09-01,1.9167,-0.9655,4.7619,6.6496,-2.6316,10.7296,-1.1142,2.1053
1962-10-01,-3.4342,-3.8997,-2.2727,-2.8777,8.5586,-9.3023,-2.2535,-7.4742
1962-11-01,4.6571,1.4493,10.4651,8.8889,0.4149,-0.4274,4.8991,10.585
1962-12-01,0.0,0.2857,11.5789,-2.9478,-4.5455,6.867,-4.9451,3.2746
1963-01-01,0.9709,-0.9972,-1.8868,4.9065,6.0606,-19.2771,6.9364,5.3659
1963-02-01,-2.8846,0.5755,-0.9615,-8.686,-4.898,-3.9801,1.3514,-4.8611
1963-03-01,3.7954,5.5794,12.6214,-1.4634,-1.2876,30.0518,-3.7333,1.2165
1963-04-01,2.3847,5.2846,-10.3448,0.7426,0.0,13.5458,5.8172,-6.0096
1963-05-01,4.8137,-4.7619,12.5,21.1302,7.3913,-5.2632,6.2827,9.2072
1963-06-01,-0.3704,4.1892,22.2222,-12.5761,-13.7652,5.5556,-1.7241,4.918
1963-07-01,-1.7844,-2.4643,-11.8881,2.7842,6.1033,-5.9649,2.5063,-6.6964
1963-08-01,-0.8327,0.5319,-15.0794,0.9029,-0.885,3.3582,-4.1565,-0.2392
1963-09-01,7.8626,3.7037,23.3645,11.1857,19.6429,-1.083,9.1837,6.235
1963-10-01,0.0708,-1.6582,0.0,2.8169,-2.6119,2.5547,-0.7009,0.9029
1963-11-01,-4.0311,-4.6693,-4.5455,-2.9354,-9.9617,6.4057,-0.7059,-10.2908
1963-12-01,4.8637,-2.8571,-8.7302,19.7581,3.4043,-8.3612,12.7962,7.2319
1964-01-01,-8.9248,-0.8403,-0.8696,-20.202,-18.5185,8.7591,-15.7563,-7.2093
1964-02-01,11.2654,15.8192,14.9123,3.5865,35.8586,15.1007,0.9975,6.5163
1964-03-01,-8.9459,-10.122,-24.4275,-2.8513,-2.6022,-13.4111,-1.7284,-16.2353
1964-04-01,-3.7319,-6.6486,0.0,0.0,-11.4504,-11.1111,0.0,3.9326
1964-05-01,2.769,5.6686,5.0505,-1.8868,5.1724,5.6818,0.2513,1.8919
1964-06-01,-1.4627,-2.3384,-0.9615,-0.2137,8.1967,-3.5842,-2.005,-5.5703
1964-07-01,1.875,-0.1408,0.9709,5.1392,-7.5758,2.6022,5.8824,3.9326
1964-08-01,0.1534,0.7052,-9.6154,1.4257,2.459,6.8841,4.8309,-11.6216
1964-09-01,-3.1394,-0.1401,-2.1277,-7.6305,-3.6,1.3559,-7.6037,-0.9174
1964-10-01,-2.7668,-1.122,6.5217,-7.1739,-7.4689,0.6689,-2.2444,-3.0864
1964-11-01,1.9512,3.6879,-5.102,0.7026,8.9686,-1.9934,4.8469,-2.8662
1964-12-01,-7.177,-4.3776,-19.3548,-9.3023,2.0576,-14.5763,-10.7056,-2.623
1965-01-01,8.5911,4.1488,25.3333,13.3333,-10.8871,34.127,14.4414,-4.0404
1965-02-01,-6.25,-5.6319,-15.9574,-5.2036,-0.905,-20.1183,-3.8095,2.4561
1965-03-01,2.1941,-1.8923,3.7975,8.5919,14.6119,-6.2963,-3.2178,8.2192
1965-04-01,-4.0462,1.4837,6.0976,-14.0659,-11.1554,18.5771,-3.8363,-16.7722
1965-05-01,3.8726,3.3626,-5.7471,6.9054,13.0045,3.0,1.3298,0.7605
1965-06-01,2.8169,-1.5559,4.878,9.8086,2.381,-0.3236,9.9738,-3.3962
1965-07-01,-0.3223,1.8678,3.4884,-4.3573,-6.9767,12.013,-4.0573,-2.3438
1965-08-01,0.9701,2.1157,-3.3708,0.0,8.75,-7.2464,-1.2438,8.4
1965-09-01,-1.7614,-3.1768,1.1628,0.0,1.1494,-4.375,1.5113,-6.2731
1965-10-01,4.238,6.8474,-11.4943,3.1891,3.4091,-0.3268,11.1663,-0.3937
1965-11-01,2.111,-1.6021,2.5974,8.1678,2.1978,0.9836,-5.3571,16.6008
1965-12-01,0.6891,0.5427,7.5949,-0.2041,-2.1505,23.3766,4.0094,-25.0847
1966-01-01,0.7605,-0.2699,4.7059,1.636,11.3553,-11.0526,-2.4943,14.4796
1966-02-01,-12.5283,-14.6143,-20.2247,-8.0483,-23.0263,-6.213,-11.1628,-10.6719
1966-03-01,6.4711,12.6783,18.3099,-3.9387,16.6667,8.5174,3.4031,-1.7699
1966-04-01,-7.2123,-9.0014,-13.0952,-3.1891,-10.2564,-15.407,-0.2532,-3.1532
1966-05-01,-5.8515,-8.9645,-6.8493,-0.9412,-4.4898,-5.4983,-6.3452,-6.9767
1966-06-01,-11.3173,-2.5467,-14.7059,-23.0404,-12.8205,-10.5455,-11.3821,-10.5
1966-07-01,-2.5105,-5.2265,0.0,1.8519,10.7843,-7.3171,-6.422,-3.9106
1966-08-01,-5.9013,-7.1691,-12.069,-2.7273,-7.9646,-3.5088,-0.3268,-16.2791
1966-09-01,-11.7446,-7.5248,-13.7255,-18.0685,-23.5577,-0.9091,-14.4262,-5.5556
1966-10-01,-4.522,-4.4968,6.8182,-6.4639,-11.3208,-9.633,0.0,2.9412
1966-11-01,-0.406,-0.8969,-6.383,1.626,20.5674,-4.0609,-3.8314,-10.0
1966-12-01,0.9511,3.6199,0.0,-3.6,-11.1765,-6.8783,13.5458,3.9683
1967-01-01,33.9166,25.9825,27.2727,50.2075,91.3907,32.9545,12.9825,14.5038
1967-02-01,-8.8442,-2.253,0.0,-20.7182,-30.7958,-2.1368,-3.7267,12.0
1967-03-01,5.2922,1.0638,8.9286,12.892,-14.0,8.2969,14.1935,7.7381
1967-04-01,8.377,6.3158,0.0,13.5802,27.907,11.2903,0.565,1.105
1967-05-01,3.9614,4.9505,8.1967,1.6304,-7.2727,0.3623,10.3933,10.3825
1967-06-01,8.6431,5.8176,15.1515,12.2995,10.7843,10.4693,3.3079,14.3564
1967-07-01,0.6843,0.2972,1.3158,1.1905,0.885,7.5163,-2.4631,-3.0303
1967-08-01,4.418,3.2593,3.8961,6.3529,-3.5088,2.4316,2.7778,18.3036
1967-09-01,4.0683,0.5739,1.25,9.9558,10.4545,7.7151,5.4054,-7.9245
1967-10-01,0.0782,0.8559,11.1111,-2.8169,-4.1152,-0.551,0.9324,3.6885
1967-11-01,1.3281,-1.6973,-4.4444,6.8323,-2.1459,-1.385,6.6975,-0.7905
1967-12-01,1.3878,0.8633,-3.4884,2.907,5.2632,0.8427,-4.5455,9.5618
1968-01-01,-10.3422,-3.1384,-2.4096,-21.0923,-24.5833,-7.2423,-6.1224,-8.7273
1968-02-01,13.8253,4.7128,9.8765,29.3556,23.7569,14.4144,11.1111,10.3586
1968-03-01,2.0864,-2.8129,-10.1124,10.5166,32.5893,-12.8609,-1.3043,3.6101
1968-04-01,-6.1314,-2.3155,1.25,-11.5192,-18.1818,-0.6024,-1.7621,-6.9686
1968-05-01,0.8554,-1.4815,2.4691,3.5849,-10.2881,11.8182,-2.4664,2.9963
1968-06-01,0.2313,-1.6541,0.0,2.5501,14.6789,-14.0921,6.6667,-2.1818
1968-07-01,3.3846,5.3517,-9.6386,3.0195,-11.2,3.1546,8.1897,8.9219
1968-08-01,0.9673,1.5965,5.3333,-0.3448,10.3604,2.7523,-4.1833,0.6826
1968-09-01,7.885,5.4286,11.3924,10.3806,-4.4898,16.9643,8.5239,6.7797
1968-10-01,-2.9372,-2.8455,-4.5455,-2.8213,3.4188,-8.9059,-0.1916,-4.7619
1968-11-01,1.0556,1.6736,7.1429,-0.4839,-15.7025,11.7318,-5.9501,14.0
1968-12-01,-3.273,-5.6241,4.4444,-1.6207,9.8039,-21.0,8.7755,-7.6023
1969-01-01,5.0396,-0.7267,-12.766,14.3328,6.6964,22.7848,-3.0019,-0.3165
1969-02-01,2.4674,3.5139,18.2927,-0.4323,1.6736,9.0206,1.5474,-3.4921
1969-03-01,-3.8127,-5.9406,0.0,-2.1708,4.5267,-13.4752,-3.4286,2.3026
1969-04-01,0.2086,-0.4511,-8.2474,2.071,-4.7244,-4.0984,-0.9862,11.254
1969-05-01,-7.8418,-4.2296,-5.618,-11.5942,0.0,-17.3789,-6.3745,-5.7803
1969-06-01,1.5813,1.2618,2.381,1.8033,-12.8099,11.0345,-2.9787,10.4294
1969-07-01,-5.2632,-7.3209,3.4884,-4.3478,-0.9479,-5.5901,-1.7544,-11.9444
1969-08-01,3.0516,-0.6723,-6.7416,8.2492,-5.2632,-1.6447,13.1696,-1.2618
1969-09-01,-4.1002,0.0,-6.0241,-7.6205,0.5051,-4.3478,-10.0592,2.8754
1969-10-01,-3.7213,-0.3384,6.4103,-8.4175,-0.5025,1.049,-9.4298,-1.8634
1969-11-01,-2.0559,-0.6791,-2.4096,-3.4926,-10.101,-4.4983,7.0218,-6.6456
1969-12-01,-3.0227,0.3419,-4.9383,-6.4762,3.3708,-1.8116,-7.4661,-1.3559
1970-01-01,-8.0519,-17.2061,-5.1948,2.444,-18.4783,-20.2952,-0.489,-0.6873
1970-02-01,5.2731,14.8148,0.0,-3.1809,28.0,11.1111,-1.4742,-1.3841
1970-03-01,1.2522,-0.1792,-6.8493,4.1068,-7.8125,7.5,2.2444,0.7018
1970-04-01,8.1272,9.6948,10.2941,6.1144,2.2599,-8.9147,13.6585,19.1638
1970-05-01,8.4967,-1.473,8.0,19.8885,10.4972,10.2128,13.3047,-0.2924
1970-06-01,-0.4518,3.4884,4.9383,-4.8062,8.5,15.0579,-6.4394,-8.2111
1970-07-01,0.1513,4.0128,2.3529,-4.0717,4.1475,3.6913,-2.834,-1.278
1970-08-01,5.287,5.5556,14.9425,3.5654,-2.2124,0.6472,6.875,12.945
1970-09-01,2.2956,2.6316,21.0,-1.1475,-5.8824,-7.717,7.0175,9.4556
1970-10-01,9.6774,2.1368,-19.8347,24.3781,19.7115,12.1951,3.643,10.9948
1970-11-01,-3.9642,-0.9763,2.0619,-7.6,6.4257,2.4845,-0.8787,-19.1038
1970-12-01,17.6431,20.2817,-2.0202,17.7489,18.4906,6.0606,18.617,26.5306
1971-01-01,-7.0175,-6.7916,14.433,-9.8039,-15.9236,4.5714,-5.0822,-12.9032
1971-02-01,-3.3475,-2.5126,6.3063,-5.7065,-23.4848,-15.847,-0.4724,17.9894
1971-03-01,10.7683,8.7629,1.6949,14.5533,35.1485,28.2468,4.2722,-3.139
1971-04-01,-0.7959,2.4882,1.6667,-4.6541,-8.0586,1.2658,-0.607,1.6204
1971-05-01,13.0086,8.5549,9.0164,18.7335,36.255,7.5,9.9237,9.3394
1971-06-01,-3.499,-1.7039,9.0226,-7.2222,-14.3275,-2.3256,-0.5556,-1.25
1971-07-01,8.7231,4.0087,-3.4483,16.0479,13.6519,3.5714,10.3352,7.8059
1971-08-01,-3.1416,-5.1042,2.1429,-1.9608,-0.6006,-2.069,-6.3291,-0.7828
1971-09-01,-0.3992,-0.4391,-1.3986,-0.2105,3.9275,0.2347,2.4324,-7.8895
1971-10-01,1.503,1.2128,-4.9645,2.7426,-7.5581,0.9368,2.3747,7.2805
1971-11-01,2.616,5.5556,2.2388,-0.1027,-0.6289,6.2645,2.3196,1.996
1971-12-01,2.5974,2.58,-1.4599,3.186,-0.9494,3.9301,3.4005,2.3483
1972-01-01,4.9226,12.173,7.4074,-2.5896,18.8498,-12.605,3.7759,14.1491
1972-02-01,-3.0831,-11.0314,-6.8966,6.544,-5.914,0.0,-5.8685,0.67
1972-03-01,-2.9507,0.8065,3.7037,-7.3896,-17.1429,-2.8846,8.8529,-10.4825
1972-04-01,1.6152,0.8,10.0,1.2435,14.8276,12.6238,-0.1145,-10.7807
1972-05-01,-3.3661,-4.6627,-3.2468,-2.0471,-7.5075,-1.7582,-9.9771,9.7917
1972-06-01,5.612,5.9313,-0.6711,6.2696,-2.2727,-0.4474,13.2484,4.1746
1972-07-01,0.5497,0.8841,-4.7297,0.9833,3.3223,-4.9438,4.8369,-3.4608
1972-08-01,3.0979,4.5764,3.5461,1.5579,3.537,8.747,2.2532,-0.3774
1972-09-01,5.7446,-2.2346,2.0548,14.4775,-1.2422,10.2174,9.5488,-0.947
1972-10-01,-1.6298,9.5238,20.8054,-14.2379,7.2327,-14.2012,-3.3525,8.7954
1972-11-01,-5.0977,-10.1739,-19.4444,3.125,7.3314,-5.2874,-9.9108,-3.6907
1972-12-01,8.2811,0.0968,3.4483,16.9508,16.3934,11.8932,11.1111,-4.7445
1973-01-01,-6.1182,7.1567,-1.3333,-17.8138,-16.1972,2.3861,-9.901,1.9157
1973-02-01,-1.9815,-3.0686,-7.4324,0.0,-11.2045,5.9322,-0.5495,-5.2632
1973-03-01,-7.3675,-7.635,-2.1898,-7.7833,7.571,-18.8,-9.7238,-1.1905
1973-04-01,-7.4685,-5.4435,-4.4776,-10.0427,-12.3167,-8.3744,-0.4896,-14.8594
1973-05-01,1.2055,2.0256,-1.5625,0.7126,-10.7023,5.6452,1.353,5.4245
1973-06-01,6.2144,-2.6123,0.7937,16.9811,14.9813,-14.2494,16.8689,-0.6711
1973-07-01,-11.3116,-3.7554,0.7874,-19.9597,-9.1205,13.3531,-23.676,-4.955
1973-08-01,-0.5498,-8.0268,-10.9375,9.5718,1.7921,-0.2618,0.0,-3.0806
1973-09-01,-5.8043,-1.5758,-8.7719,-9.4253,-14.7887,-14.4357,-5.7143,8.313
1973-10-01,-17.1948,-15.1478,-13.4615,-19.797,-14.4628,-8.589,-16.0173,-26.8623
1973-11-01,-0.6378,0.2903,-10.0,-0.3165,4.8309,-1.3423,2.921,-9.8765
1973-12-01,-8.1312,-3.7627,2.4691,-14.2857,-9.2166,-15.9864,-13.1886,10.9589
1974-01-01,3.3385,1.5038,4.8193,5.3704,7.6142,12.9555,3.8462,-7.4074
1974-02-01,2.1788,7.7037,-1.1494,-3.8664,-2.8302,4.6595,0.5556,6.3333
1974-03-01,5.8824,8.1155,3.4884,3.2907,-2.4272,15.7534,0.1842,11.9122
1974-04-01,-12.9167,-9.1603,-11.236,-18.4071,-11.4428,-26.9231,-10.8456,-3.6415
1974-05-01,-9.2504,-6.5826,-10.1266,-13.2321,-0.5618,1.2146,-14.433,-13.9535
1974-06-01,-4.5694,-1.4993,-9.8592,-8.75,-5.6497,-1.6,-6.988,-3.0405
1974-07-01,-7.7348,-5.4795,-10.9375,-11.2329,-12.5749,-8.5366,-3.6269,-9.7561
1974-08-01,-8.483,-1.1272,-3.5088,-23.4568,-10.274,0.4444,-15.5914,-5.0193
1974-09-01,-8.3969,-5.8632,-23.6364,-11.2903,6.1069,-3.5398,-15.9236,-10.9756
1974-10-01,-1.9048,-3.1142,14.2857,-1.8182,3.5971,-0.4587,-4.1667,-4.1096
1974-11-01,-4.9757,-3.0357,-12.5,-8.3333,-9.0278,-11.0599,-3.9526,2.8571
1974-12-01,10.9834,-1.4733,16.6667,43.9394,36.6412,-2.5907,9.465,9.2593
1975-01-01,-16.4557,-1.4953,-8.1633,-45.9649,-45.8101,1.5957,-11.6541,-13.9831
1975-02-01,0.4132,0.1898,24.4444,-5.8442,15.4639,-7.3298,-5.1064,6.8966
1975-03-01,-2.7435,0.7576,-23.2143,-7.5862,-8.0357,-5.0847,-3.5874,2.765
1975-04-01,22.1439,15.7895,46.5116,39.5522,29.1262,25.5952,31.6279,7.1749
1975-05-01,5.5427,6.6558,-7.9365,6.4171,1.5038,12.7962,-3.8869,12.5523
1975-06-01,3.5011,2.1309,10.3448,6.0302,-6.6667,-1.2605,13.9706,2.2305
1975-07-01,7.8224,3.8748,10.9375,19.4313,10.3175,20.4255,-1.2903,6.1818
1975-08-01,-2.549,4.1607,-12.6761,-18.254,-2.8777,-11.3074,3.268,0.0
1975-09-01,7.0423,5.0964,11.2903,12.6214,9.6296,4.3825,5.6962,9.589
1975-10-01,3.0075,3.0144,21.7391,-2.5862,-6.0811,6.1069,2.0958,5.625
1975-11-01,1.2774,2.4173,-5.9524,0.0,1.4388,2.518,1.7595,-0.2959
1975-12-01,-1.7117,0.6211,-7.5949,-7.9646,-1.4184,0.0,0.5764,-5.638
1976-01-01,9.5325,5.5556,9.589,25.0,-2.1583,-0.3509,7.1633,26.1006
1976-02-01,-0.4184,1.1696,5.0,-7.3077,3.6765,11.9718,2.9412,-13.7157
1976-03-01,-2.1849,-3.1214,-2.381,1.2448,1.4184,-1.5723,-5.1948,-0.8671
1976-04-01,-2.7491,-0.716,-6.0976,-8.6066,-2.7972,-7.9872,-2.1918,1.4577
1976-05-01,5.477,-0.2404,7.7922,26.009,3.5971,3.125,10.9244,2.5862
1976-06-01,-0.5025,1.9277,0.0,-7.8292,-8.3333,3.367,-6.5657,6.1625
1976-07-01,4.798,3.6643,0.0,10.0386,14.3939,-2.2801,4.8649,7.124
1976-08-01,5.1406,0.114,21.6867,15.7895,7.947,5.0,1.8041,7.3892
1976-09-01,13.1398,4.4419,10.8911,36.9697,-2.454,24.127,18.7342,5.9633
1976-10-01,-3.7812,5.4526,-2.6786,-22.7876,2.5157,-6.9054,-10.2345,3.2468
1976-11-01,7.4386,6.4116,5.5046,10.8883,1.8405,0.5495,6.6508,15.304
1976-12-01,-1.3063,-0.0972,-1.7391,-4.3928,2.4096,-4.0984,2.8953,-4.0
1977-01-01,-2.9782,-3.1128,2.6549,-4.3243,-20.0,-7.1225,-1.0823,3.5985
1977-02-01,6.412,9.5382,-1.7241,0.2825,2.9412,7.6687,11.1597,2.5594
1977-03-01,6.4103,4.4913,0.0,14.3662,51.4286,11.9658,1.1811,-3.5651
1977-04-01,0.0,-4.4737,-0.8772,12.8079,-16.5094,6.3613,6.4202,-4.2514
1977-05-01,0.4819,1.6529,0.885,-2.4017,2.2599,-2.6316,1.6453,1.1583
1977-06-01,5.036,1.2647,3.5088,14.7651,32.0442,1.7199,2.6978,0.7634
1977-07-01,-3.71,0.3568,9.322,-15.5945,-30.9623,-0.4831,0.0,2.0833
1977-08-01,5.5127,2.7556,3.876,13.164,6.6667,8.2524,7.3555,1.1132
1977-09-01,-5.9551,-1.6436,-11.194,-14.6939,-2.8409,-14.574,-7.3409,1.6514
1977-10-01,5.0179,1.9349,3.3613,13.8756,19.2982,0.0,7.3944,1.6245
1977-11-01,0.7395,1.4668,15.4472,-4.8319,-18.6275,8.6614,-2.1311,5.5062
1977-12-01,-0.9599,-1.2755,-16.1972,4.6358,9.6386,-2.8986,3.8526,-7.4074
1978-01-01,-0.7982,2.1533,-5.042,-6.962,6.044,-12.6866,4.6774,-0.5455
1978-02-01,-0.2299,-6.2395,9.7345,13.3787,-13.4715,15.6695,-4.4684,-0.7313
1978-03-01,3.629,4.3165,8.0645,1.0,4.1916,0.4926,4.3548,4.9724
1978-04-01,8.2824,10.2586,-4.4776,7.1287,17.2414,1.7157,19.1654,-2.1053
1978-05-01,-9.3429,-7.8968,-1.5625,-14.6026,-9.8039,-6.747,-16.4721,-1.2545
1978-06-01,12.2877,6.4516,34.127,21.2121,4.3478,-0.7752,0.6211,37.7495
1978-07-01,-9.9344,-8.6124,-30.1775,-6.7857,13.5417,3.9062,1.2346,-32.4111
1978-08-01,-5.3191,-2.8796,0.0,-11.8774,-7.3394,-2.7569,-3.2012,-9.1618
1978-09-01,3.5482,3.3243,5.9322,3.4783,0.495,0.7732,2.9921,7.9399
1978-10-01,1.7133,2.7826,4.0,-1.4706,-9.8522,-2.046,4.4343,5.7654
1978-11-01,0.7861,-0.5076,3.0769,3.4115,9.8361,-5.2219,6.1493,-4.8872
1978-12-01,1.2813,6.0374,4.4776,-11.134,5.4726,2.4793,-3.5862,5.7312
1979-01-01,-19.637,-23.0954,-16.4286,-10.6729,-10.3774,-42.7419,-15.4506,-12.7103
1979-02-01,2.1218,-2.5026,-13.6752,18.4416,-13.6842,22.0657,0.3384,1.7131
1979-03-01,15.2815,21.8182,32.6733,-1.9737,-4.2683,23.0769,26.9815,3.1579
1979-04-01,-7.1512,-6.7603,-5.2239,-8.7248,1.2739,-1.875,-17.5299,2.6531
1979-05-01,5.4477,0.4708,0.7874,19.8529,11.3208,8.5987,6.2802,0.5964
1979-06-01,-2.6128,-2.4367,2.3438,-4.2945,2.2599,-3.2258,-3.1818,-3.1621
1979-07-01,-6.4634,-4.9952,-0.7634,-11.3248,-11.0497,-13.0303,-6.2598,-0.6122
1979-08-01,3.7158,0.0,8.4615,11.0843,-5.5901,3.4843,6.8447,3.0801
1979-09-01,2.9541,-2.4267,-4.9645,16.9197,32.2368,2.0202,3.125,-5.5777
1979-10-01,-9.5849,-6.6321,-1.4925,-16.8831,-29.3532,-13.2013,-2.5758,-8.6498
1979-11-01,-13.842,-14.5394,-27.2727,-8.4821,6.338,-22.8137,-13.8414,-15.0115
1979-12-01,-1.7241,0.9091,23.9583,-12.6829,0.6623,10.3448,-6.6787,-1.9022
1980-01-01,2.0734,1.1583,-5.042,6.4246,-17.1053,3.5714,8.8975,-0.554
1980-02-01,-6.3281,-6.743,-4.4248,-6.0367,3.9683,-17.6724,-6.0391,-3.0641
1980-03-01,-17.598,-21.4188,-12.037,-11.4525,-6.1069,-31.4136,-12.6654,-21.8391
1980-04-01,-18.2186,-17.3611,-28.4211,-16.7192,-27.6423,-4.5802,-14.9351,-26.1029
1980-05-01,6.5594,6.7227,27.9412,0.7576,17.9775,8.0,2.5445,8.4577
1980-06-01,29.849,27.9528,14.9425,38.3459,14.2857,19.2593,35.2357,33.945
1980-07-01,12.6118,18.7692,19.0,0.0,-1.6667,34.7826,7.156,16.4384
1980-08-01,8.5782,9.5855,13.4454,4.8913,3.3898,1.8433,8.2192,15.2941
1980-09-01,8.5589,4.1371,7.4074,18.6528,11.4754,8.1448,14.2405,-1.2755
1980-10-01,-7.9515,-6.4699,-7.5862,-10.917,-0.7353,0.4184,-12.6039,-6.9767
1980-11-01,1.2445,-0.6068,5.9701,3.4314,-5.9259,-7.9167,3.645,5.8333
1980-12-01,-9.6891,-9.0354,-13.3803,-9.7156,-10.2362,-4.5249,-5.0459,-20.4724
1981-01-01,-2.2418,-6.9799,13.8211,1.8373,-2.6316,-5.6872,-2.0934,0.0
1981-02-01,-1.8018,1.2987,-16.4286,-2.0619,8.1081,-10.0503,-0.8224,-1.9802
1981-03-01,-1.3344,-1.7094,-3.4188,0.0,5.0,9.4972,-6.3018,-0.3367
1981-04-01,0.5917,-0.5797,11.5044,-0.5263,2.381,-16.3265,1.7699,8.7838
1981-05-01,-1.4286,-4.6647,-12.6984,8.2011,-13.9535,-11.5854,0.5217,5.2795
1981-06-01,-16.7945,-13.6086,-2.7273,-25.6724,-1.8018,-5.5172,-19.3772,-22.1239
1981-07-01,-4.2008,-3.8938,-7.4766,-3.6184,8.2569,-11.6788,0.6438,-14.0152
1981-08-01,-4.9198,-5.709,-9.0909,-2.0478,-2.5424,-5.7851,-6.3966,-2.6432
1981-09-01,-4.7244,-9.9609,-11.1111,6.6202,-17.3913,-3.5088,-2.5057,-3.1674
1981-10-01,-13.6954,-13.0152,6.25,-19.9346,10.5263,-9.0909,-19.8598,-14.486
1981-11-01,2.3256,2.4938,-8.2353,5.7143,-17.1429,0.0,15.1603,-9.2896
1981-12-01,6.4171,11.4355,10.2564,-2.7027,3.4483,3.0,9.1139,3.6145
1982-01-01,-0.2513,-3.0568,-17.4419,10.7143,-20.0,-23.301,9.5128,-0.5814
1982-02-01,1.7632,0.2252,2.8169,3.9427,20.8333,-2.5316,0.2119,0.0
1982-03-01,10.2723,6.2921,6.8493,17.2414,9.1954,31.1688,4.0169,18.7135
1982-04-01,-0.3367,-1.2685,-3.8462,1.7647,3.1579,6.9307,2.0325,-11.33
1982-05-01,7.3198,4.2827,38.6667,4.6243,16.3265,34.2593,-2.3904,13.3333
1982-06-01,-4.1973,3.9014,-17.3077,-11.326,-11.4035,-20.0,0.4082,0.0
1982-07-01,14.3483,0.0,-2.3256,41.433,-3.9604,31.0345,9.7561,25.0
1982-08-01,-11.3027,3.3597,4.7619,-30.6167,12.3711,-25.0,-5.7407,-23.9216
1982-09-01,12.527,11.6635,10.2273,14.6032,3.6697,23.6842,9.6267,18.5567
1982-10-01,10.2687,12.5,-11.3402,12.4654,12.3894,0.0,10.2151,15.6522
1982-11-01,6.9626,12.1766,10.4651,-2.2167,4.7244,2.1277,7.4797,9.3985
1982-12-01,9.9268,2.4423,21.0526,21.1587,-14.2857,13.1944,12.708,13.0584
1983-01-01,5.5514,14.3046,-1.7391,-6.4449,29.8246,11.0429,2.6846,0.9119
1983-02-01,3.1557,-4.635,4.4248,17.7778,24.3243,-9.3923,3.5294,-0.3012
1983-03-01,0.2719,3.7667,5.9322,-6.4151,-22.2826,7.9268,6.4394,-5.7402
1983-04-01,6.1695,2.3419,12.8,11.0887,9.7902,-0.565,2.0166,19.5513
1983-05-01,6.5773,9.7254,-1.4184,3.6298,-1.2739,10.2273,6.3953,8.5791
1983-06-01,5.9916,6.8822,3.5971,5.0788,18.0645,3.6082,3.2787,8.642
1983-07-01,1.4698,-6.3415,-1.3889,15.5,2.1858,-6.4677,5.8201,-4.5455
1983-08-01,-4.5682,-3.8542,-2.8169,-5.9163,0.0,10.1064,-8.3,-4.2857
1983-09-01,-7.4723,-4.8754,-0.7246,-12.5767,-6.9519,-8.6957,-10.4689,-0.2488
1983-10-01,8.265,6.3781,10.9489,10.5263,-1.7241,6.8783,12.7893,3.99
1983-11-01,-2.7972,0.8565,-3.2895,-8.0952,-7.6023,-4.9505,-1.7279,-2.1583
1983-12-01,-2.458,-0.3185,-1.3605,-6.2176,13.2911,-6.25,-9.5604,9.0686
1984-01-01,11.6165,6.8158,2.069,22.4678,-2.2346,36.6667,8.1409,13.4831
1984-02-01,9.4163,13.7587,11.4865,2.406,30.8571,18.6992,6.9663,1.7822
1984-03-01,-13.1857,-14.8992,-2.4242,-12.9222,-17.9039,-33.2192,-12.7101,-0.5837
1984-04-01,2.9565,-0.309,-3.1056,9.9494,3.1915,18.4615,4.9338,-6.2622
1984-05-01,-1.9707,-2.376,-2.5641,-1.227,8.7629,-8.658,-2.6376,-1.8789
1984-06-01,4.193,-1.4815,-2.6316,14.1304,-8.0569,4.7393,5.3004,7.4468
1984-07-01,-11.5215,-7.304,-4.7297,-18.2313,-3.6082,-2.7149,-13.0872,-15.6436
1984-08-01,-4.6729,-1.6222,-7.0922,-8.4859,-0.5348,-11.6279,-4.6332,-3.0516
1984-09-01,-0.4575,2.9446,-4.5802,-4.7273,10.7527,-4.7368,-0.9447,-2.6634
1984-10-01,-2.1668,-4.5767,-1.6,1.7176,-6.7961,3.8674,-3.2698,-0.4975
1984-11-01,10.2685,3.3573,3.252,22.7017,18.2292,17.0213,5.7746,11.25
1984-12-01,-1.0347,1.8561,3.937,-5.8104,4.4053,-2.7273,-0.6658,-3.5955
1985-01-01,2.091,3.0752,1.5152,0.8117,20.2532,-11.6822,-3.0831,7.9254
1985-02-01,0.1205,7.0718,-22.3881,-5.153,-4.5614,1.0582,-4.8409,10.3672
1985-03-01,3.911,2.8896,30.7692,0.8489,-2.2059,23.0366,10.7558,-9.1977
1985-04-01,-3.6479,-7.0211,-13.2353,4.2088,-2.6316,-2.9787,-4.3307,-3.4483
1985-05-01,2.7043,-0.6472,5.0847,7.2698,0.3861,6.5789,4.1152,-0.2232
1985-06-01,0.4096,2.6059,2.4194,-3.012,1.1538,0.0,-0.9223,2.4609
1985-07-01,-1.1072,1.0582,-7.874,-2.9503,-8.7452,0.4115,-0.7979,1.9651
1985-08-01,6.541,4.8168,5.1282,9.44,9.1667,4.918,4.5576,9.2077
1985-09-01,5.9735,-3.7962,4.065,20.614,-8.0153,-7.0312,-0.5128,29.6078
1985-10-01,-9.0292,3.5306,-15.625,-22.6667,12.4481,1.6807,-3.4794,-27.2315
1985-11-01,-2.926,-4.7141,3.7037,-1.2539,0.738,-13.6364,-2.5367,-0.2079
1985-12-01,6.0284,1.7895,-2.6786,13.9683,-9.5238,33.4928,14.5205,-10.0
1986-01-01,2.9543,10.031,20.1835,-9.1922,12.1457,3.2258,-5.9809,14.8148
1986-02-01,-4.3313,-4.4173,-13.7405,-2.3006,-8.6643,0.0,-4.0712,-4.8387
1986-03-01,0.7357,-0.295,-11.5044,4.5526,4.7431,-5.5556,-4.9072,11.4407
1986-04-01,4.382,11.144,15.0,-7.5075,12.8302,15.4412,1.5342,-1.711
1986-05-01,-3.2831,-3.3718,3.4783,-4.3831,-4.6823,-5.7325,-4.1209,0.1934
1986-06-01,-0.3895,1.6529,-10.9244,-2.0374,-0.3509,-2.3649,3.7249,-4.8263
1986-07-01,-0.5587,-0.4517,0.9434,-1.0399,6.338,2.7682,-3.1768,-2.6369
1986-08-01,-3.0337,-4.1742,1.8692,-1.7513,-5.9603,2.3569,-5.5635,-0.8333
1986-09-01,-2.3175,1.9886,-7.3394,-9.4474,7.0423,-10.1974,-4.6828,0.4202
1986-10-01,-0.6524,-2.507,5.9406,1.9685,-10.1974,-3.2967,0.317,5.6485
1986-11-01,-1.8507,-2.1905,-13.0841,1.1583,-2.9304,11.7424,-4.1074,-5.5446
1986-12-01,15.7543,15.2872,12.9032,17.1756,10.1887,6.1017,-2.6359,48.218
1987-01-01,-11.1929,-8.1081,-4.7619,-18.241,-2.0548,12.1406,-3.5533,-31.6832
1987-02-01,-0.0592,9.8346,3.0,-22.1116,6.993,5.698,5.7895,-15.3209
1987-03-01,0.8881,-5.272,-5.8252,21.4834,3.5948,-14.0162,3.6484,8.313
1987-04-01,-6.0446,-6.6254,0.0,-5.8947,-9.4637,-6.5831,-3.36,-6.9977
1987-05-01,-6.3086,-4.825,-6.1856,-9.8434,-6.9686,-6.7114,-4.6358,-8.0097
1987-06-01,1.4667,0.8946,-5.4945,4.4665,1.8727,-3.5971,1.9097,4.2216
1987-07-01,-0.3942,-1.8719,2.3256,2.6128,2.5735,-0.7463,-5.7922,5.8228
1987-08-01,-0.3298,1.2048,-3.4091,-3.2407,-7.1685,-5.2632,8.1374,-3.8278
1987-09-01,0.1985,-1.8849,0.0,5.2632,-4.2471,12.6984,-3.5117,0.7463
1987-10-01,-4.4254,-2.9323,-8.2353,-7.0455,-1.6129,-1.7606,-3.9861,-8.642
1987-11-01,0.6911,1.3542,6.4103,-1.956,10.6557,-4.3011,-2.1661,2.1622
1987-12-01,-7.687,-2.3638,-2.4096,-21.6958,-5.9259,-13.1086,-11.6236,0.5291
1988-01-01,-7.5093,-5.3684,-16.0494,-11.7834,0.3937,-4.7414,-11.8998,-8.9474
1988-02-01,15.5949,10.2336,7.3529,35.0181,-2.7451,15.8371,34.5972,5.7803
1988-03-01,6.0501,4.8436,15.0685,7.4866,20.1613,8.2031,-2.993,9.0164
1988-04-01,-6.2951,-8.3734,-13.0952,0.4975,-18.1208,-3.2491,-5.9891,0.0
1988-05-01,1.0497,3.7815,4.1096,-5.9406,-1.2295,0.0,2.8958,0.7519
1988-06-01,2.8393,2.1255,1.3158,5.0,-2.4896,3.7313,5.8161,1.4925
1988-07-01,-3.0976,-2.8741,-2.5974,-3.7594,-2.5532,-7.554,-2.1277,-1.7157
1988-08-01,1.4593,2.2449,-6.6667,1.0417,-5.6769,-3.5019,0.7246,9.7257
1988-09-01,-1.6438,-2.6946,5.7143,-0.2577,-12.037,4.4355,-2.518,1.1364
1988-10-01,5.571,4.9231,10.8108,6.2016,14.7368,0.3861,4.797,5.618
1988-11-01,-0.5277,-0.4888,-7.3171,0.7299,-8.7156,-4.2308,1.2324,3.1915
1988-12-01,-0.4642,3.1434,-1.3158,-9.1787,1.005,39.3574,-5.2174,-15.8763
1989-01-01,-2.3318,-0.9524,-5.3333,-5.5851,16.4179,-19.3084,2.0183,-2.9412
1989-02-01,-5.6617,-9.3269,15.493,0.8451,-15.3846,-4.2857,-6.8345,0.7576
1989-03-01,-12.2198,-8.8017,-18.2927,-19.8324,-10.101,-9.3284,-14.8649,-11.7794
1989-04-01,13.3443,10.2326,0.0,25.784,13.4831,4.1152,19.0476,12.5
1989-05-01,0.3634,-4.0084,7.4627,10.5263,-13.3663,-1.1858,2.0952,6.0606
1989-06-01,-4.2723,-3.0769,-11.1111,-5.7644,0.5714,-3.6,-5.4104,-5.2381
1989-07-01,-2.9501,3.5147,4.6875,-19.4149,-6.25,-2.9046,-4.7337,0.7538
1989-08-01,3.9751,2.4096,4.4776,8.5809,8.4848,11.5385,6.4182,-5.2369
1989-09-01,-1.4993,1.3904,-11.4286,-7.5988,-4.4693,-4.9808,-1.9455,2.8947
1989-10-01,3.8813,0.5274,-1.6129,15.4605,-2.3392,11.6935,-0.7937,7.6726
1989-11-01,-1.5385,3.4627,4.918,-16.2393,1.1976,-2.8881,-2.2,-0.9501
1989-12-01,5.8036,-0.3043,-1.5625,27.8912,0.0,-13.3829,7.5665,18.4652
1990-01-01,22.9255,0.6104,34.9206,79.2553,14.2012,98.2833,24.7148,-11.5385
1990-02-01,-23.9703,-2.6289,-29.4118,-54.5994,-5.1813,-39.1775,-30.6402,-6.1785
1990-03-01,-6.2453,-5.296,-6.6667,-9.1503,-18.0328,-11.032,0.8791,-5.6098
1990-04-01,-8.8283,-10.307,3.5714,-6.4748,-20.6667,-3.6,-6.7538,-10.0775
1990-05-01,-6.0739,-3.0562,-12.069,-14.2308,5.8824,-9.1286,-4.2056,-10.3448
1990-06-01,3.8425,0.2522,-5.8824,18.8341,-3.1746,3.653,2.6829,8.3333
1990-07-01,-2.7076,-2.5157,22.9167,-7.9245,-5.7377,-0.8811,-1.1876,-4.7337
1990-08-01,-0.8349,-1.4194,5.0847,-0.4098,0.0,-1.3333,-1.4423,0.0
1990-09-01,-8.6997,-5.6283,-22.5806,-14.8148,-1.7391,-2.2523,-9.0244,-15.2174
1990-10-01,-5.2254,-1.8031,-4.1667,-17.3913,0.0,-10.5991,-3.2172,-5.8608
1990-11-01,1.7297,-3.6723,-10.8696,27.4854,-4.4248,4.1237,4.7091,-1.5564
1990-12-01,-8.5016,-3.9589,9.7561,-26.1468,-6.4815,-7.4257,-10.0529,-7.9051
1991-01-01,-8.7108,-10.3817,-8.8889,-1.8634,-8.9109,-3.7433,-12.6471,-6.867
1991-02-01,8.5242,15.8433,2.439,-17.0886,4.3478,8.8889,14.8148,1.3825
1991-03-01,6.7995,2.0588,9.5238,30.5344,7.2917,3.5714,3.5191,14.5455
1991-04-01,0.5488,6.9164,0.0,-25.1462,4.8544,2.4631,3.1161,-6.3492
1991-05-01,8.1878,2.8302,-15.2174,47.6562,-0.9259,4.8077,7.4176,16.5254
1991-06-01,-2.7245,0.0,23.0769,-19.0476,1.8692,0.0,-3.3248,-5.8182
1991-07-01,0.9336,3.1455,-14.5833,-5.2288,1.8349,3.211,3.4392,-5.0193
1991-08-01,-2.9805,-1.906,-2.439,-8.9655,2.7027,-3.5556,-4.0921,-3.252
1991-09-01,3.178,2.0725,10.0,7.5758,-4.386,-1.8433,9.0667,2.1008
1991-10-01,1.7454,-0.1269,-6.8182,14.7887,11.9266,7.5117,-6.1125,5.3498
1991-11-01,-0.7064,0.2541,12.1951,-8.589,0.0,-3.4934,3.6458,-5.0781
1991-12-01,7.8252,8.9987,-10.8696,7.3826,-7.377,8.5973,8.5427,13.5802
1992-01-01,1.508,3.8372,7.3171,-12.5,12.3894,9.5833,-2.3148,-3.9855
1992-02-01,6.4067,6.495,-2.2727,8.5714,1.5748,18.251,2.3697,3.3962
1992-03-01,-5.5846,-5.6782,2.3256,-7.2368,-4.6512,-14.791,3.0093,-9.1241
1992-04-01,-2.5878,-3.233,-2.2727,1.4184,-4.065,-8.3019,-4.4944,7.6305
1992-05-01,0.1898,1.9585,4.6512,-11.8881,5.9322,6.1728,-1.4118,-5.2239
1992-06-01,0.0947,0.339,2.2222,-2.381,-2.4,-6.2016,4.2959,0.7874
1992-07-01,3.0274,-0.4505,-8.6957,32.5203,5.7377,4.1322,0.9153,4.2969
1992-08-01,-1.2856,-0.1131,26.1905,-14.7239,-3.876,0.7937,-3.6281,1.8727
1992-09-01,3.6279,3.5108,-16.9811,12.2302,2.4194,3.1496,5.1765,2.2059
1992-10-01,1.6158,3.2823,13.6364,-11.5385,-8.6614,-3.0534,8.5011,-0.3597
1992-11-01,-1.2367,0.1059,-4.0,-9.4203,15.5172,2.3622,-7.6289,-0.361
1992-12-01,5.1878,7.619,-6.25,-8.8,-3.7313,7.6923,6.6964,4.7101
1993-01-01,0.085,-2.7532,4.4444,23.6842,10.0775,0.3571,1.4644,-6.9204
1993-02-01,-2.4639,-3.64,10.6383,1.4184,0.7042,-4.9822,0.2062,-6.3197
1993-03-01,-8.0139,-7.5551,-15.3846,-8.3916,-24.4755,-5.2434,-12.963,7.9365
1993-04-01,4.5455,4.6538,18.1818,-0.7634,8.3333,-5.1383,12.2931,0.0
1993-05-01,0.7246,-1.1931,-7.6923,17.6923,9.4017,7.0833,-3.5789,-1.1029
1993-06-01,1.6187,2.3052,6.25,-3.9216,0.7812,3.5019,-0.655,4.0892
1993-07-01,3.8938,4.8283,3.9216,-2.0408,-1.5504,-1.8797,9.8901,2.1429
1993-08-01,4.77,2.3541,-1.8868,23.6111,2.3622,7.6628,4.4,3.8462
1993-09-01,1.7073,2.8,13.4615,-7.8652,5.3846,1.7794,-1.5326,5.7239
1993-10-01,2.8777,4.1829,-1.6949,-3.6585,6.5693,4.5455,5.2529,-4.1401
1993-11-01,5.439,5.042,0.0,10.1266,-3.4247,10.0334,2.9575,9.6346
1993-12-01,7.664,3.2,-5.1724,40.8046,21.2766,-0.9119,15.9785,-3.6364
1994-01-01,-4.8597,-4.2205,23.6364,-14.2857,-40.3509,-8.589,-7.2755,22.956
1994-02-01,-8.705,-4.2266,-17.6471,-29.5238,9.8039,-6.7114,-9.015,-14.578
1994-03-01,5.7526,1.2207,8.9286,37.1622,8.0357,9.7122,5.6881,1.7964
1994-04-01,3.7258,0.5566,1.6393,21.1823,11.5702,0.3279,4.1667,3.2353
1994-05-01,0.2874,2.3985,6.4516,-10.5691,5.9259,2.9412,-1.3333,-1.4245
1994-06-01,-2.7937,-3.8739,-12.1212,5.4545,2.0979,-4.4444,-4.5608,-0.289
1994-07-01,-1.6212,-2.4367,3.4483,0.8621,10.274,-0.3322,0.354,-11.0145
1994-08-01,3.1461,1.2488,0.0,12.3932,-11.1801,1.0,3.8801,11.4007
1994-09-01,2.5418,0.1898,0.0,12.5475,-5.5944,-2.6403,3.2258,9.3567
1994-10-01,-1.0623,-1.3258,13.3333,-3.0405,-2.963,7.7966,-2.7961,-4.5455
1994-11-01,-4.0802,-2.6871,-2.9412,-9.4077,4.5802,-6.2893,-0.1692,-11.7647
1994-12-01,4.1791,7.1006,-6.0606,-4.6154,21.8978,8.3893,2.2034,-3.8095
1995-01-01,-8.1662,-10.9576,6.4516,0.4032,-16.7665,-11.7647,-5.9701,-3.9604
1995-02-01,-2.1841,-5.274,-21.2121,14.8594,-19.4245,-3.8596,-5.4674,14.0893
1995-03-01,-2.2329,-0.2183,23.0769,-13.2867,14.2857,0.0,4.1045,-19.8795
1995-04-01,2.6917,1.2035,-6.25,10.4839,0.7812,1.4599,-3.405,17.6692
1995-05-01,0.9531,3.5676,1.6667,-8.0292,-6.2016,0.0,1.2987,4.1534
1995-06-01,2.6751,2.5052,4.918,2.7778,-1.6529,6.1151,3.4799,0.0
1995-07-01,3.7548,3.7678,-4.6875,5.7915,-1.6807,2.7119,5.8407,3.0675
1995-08-01,2.3634,2.5515,3.2787,1.4599,3.4188,2.3102,0.3344,5.6548
1995-09-01,2.5253,3.2536,7.9365,-1.4388,5.7851,1.6129,6.3333,-4.2254
1995-10-01,-1.4778,-2.5023,-4.4118,3.2847,0.0,2.2222,-0.627,-7.0588
1995-11-01,2.1429,0.7605,7.6923,6.0071,-1.5625,-2.4845,-1.8927,16.4557
1995-12-01,0.8392,2.9245,-11.4286,-3.6667,2.381,-4.4586,-0.6431,7.337
1996-01-01,-3.8141,-3.6664,1.6129,-5.5363,-24.8062,4.3333,-1.2945,-7.0886
1996-02-01,2.3792,3.235,-4.7619,0.7326,19.5876,1.5974,0.8197,1.0899
1996-03-01,1.1972,2.1198,0.0,-2.1818,18.1034,5.3459,-3.0894,-0.5391
1996-04-01,1.8093,0.0,23.3333,4.461,5.8394,-0.597,6.7114,-5.4201
1996-05-01,-0.4101,-1.083,-10.8108,4.9822,-4.1379,-5.7057,4.2453,-2.2923
1996-06-01,-1.9218,-0.6387,-3.0303,-6.4407,-5.036,-2.2293,-3.4691,2.6393
1996-07-01,1.4696,-1.3774,4.6875,11.9565,3.7879,10.0977,-3.5937,2.2857
1996-08-01,-2.5517,-1.2104,-5.9701,-6.4725,7.2993,-7.6923,1.6207,-8.6592
1996-09-01,-1.4862,-2.262,11.1111,-1.3841,-2.7211,-2.8846,-4.6252,6.422
1996-10-01,-2.4425,-2.6037,-2.8571,-1.7544,-0.6993,0.6601,-2.8428,-5.1724
1996-11-01,3.9764,2.0792,0.0,11.7857,-1.4085,2.623,9.4664,-2.1212
1996-12-01,-0.0708,-1.5519,-8.8235,6.7093,1.4286,-1.278,-1.1006,2.4768
1997-01-01,-2.0553,3.0542,3.2258,-18.5629,12.6761,-4.5307,-6.2003,1.8127
1997-02-01,4.5586,2.2945,1.5625,13.9706,8.125,2.0339,3.2203,7.4184
1997-03-01,-0.6228,-3.6449,1.5385,9.3548,-11.5607,-0.3322,6.2397,-7.1823
1997-04-01,-1.0446,2.2308,6.0606,-12.3894,-15.6863,4.0,-0.1546,-0.5952
1997-05-01,-0.4926,-0.759,-7.1429,2.0202,2.3256,-7.3718,-4.3344,12.2754
1997-06-01,-0.8487,1.0516,3.0769,-8.2508,6.8182,4.1522,0.9709,-10.4
1997-07-01,2.7104,-0.6623,10.4478,13.6691,-3.5461,-4.6512,5.4487,6.8452
1997-08-01,0.625,1.0476,-12.1622,2.2152,3.6765,7.6655,-4.8632,3.8997
1997-09-01,3.1056,2.8275,3.0769,4.0248,-2.1277,-1.6181,4.4728,6.7024
1997-10-01,0.3347,0.6416,13.4328,-3.2738,-2.8986,-2.3026,3.5168,-1.7588
1997-11-01,-2.0013,-0.4554,-18.4211,-3.3846,5.2239,0.0,-3.6928,-3.0691
1997-12-01,-0.885,-1.1894,24.1935,-4.7771,5.6738,3.367,-4.7546,0.0
1998-01-01,6.7995,7.2222,-7.7922,9.0301,16.1074,9.4463,5.475,3.1662
1998-02-01,5.9164,2.8497,8.4507,16.2577,-1.7341,11.0119,7.3282,2.5575
1998-03-01,-2.5501,-2.4349,-7.7922,-1.847,-12.3529,-15.2815,6.2589,-1.995
1998-04-01,-3.6137,-0.4303,-19.7183,-10.4839,-6.0403,-3.7975,-7.6305,5.0891
1998-05-01,0.4525,0.6914,15.7895,-3.003,1.4286,5.5921,4.7826,-10.8959
1998-06-01,-0.1931,-1.4592,10.6061,2.1672,9.1549,-2.1807,-4.9793,7.337
1998-07-01,3.804,2.8746,4.1096,6.9697,1.9355,-0.3185,6.9869,2.2785
1998-08-01,2.7329,1.2701,-5.2632,9.3484,-0.6329,-1.278,7.483,-1.4851
1998-09-01,-4.6554,-0.7525,-5.5556,-16.5803,3.1847,3.2362,-10.3797,-2.5126
1998-10-01,9.0044,2.5274,2.9412,34.1615,7.4074,5.9561,11.4407,7.732
1998-11-01,-2.7341,2.5472,-15.7143,-15.5093,0.0,-2.3669,-9.1255,7.8947
1998-12-01,4.1866,5.5288,27.1186,-4.1096,2.8736,23.6364,4.6025,-10.1996
1999-01-01,-0.5741,-4.4039,8.0,12.0,-6.7039,-21.3235,7.2,8.642
1999-02-01,-0.6928,2.5417,-16.0494,-7.9082,5.3892,6.8536,-0.2488,-9.3182
1999-03-01,-3.1977,-4.0279,-4.4118,0.0,-5.1136,2.0408,-7.7307,2.2556
1999-04-01,-3.9039,-0.9685,0.0,-14.6814,-0.5988,-2.5714,-5.4054,-3.6765
1999-05-01,2.5,2.2005,-10.7692,6.4935,-3.6145,1.7595,1.7143,7.1247
1999-06-01,3.7805,1.7544,10.3448,10.3659,9.375,-2.5937,7.0225,1.4252
1999-07-01,-1.1751,0.0,-3.125,-4.9724,-7.4286,-0.2959,1.0499,-3.2787
1999-08-01,-0.654,-2.5862,6.4516,5.2326,2.4691,2.0772,-0.3896,-4.6005
1999-09-01,-7.1813,-3.6203,-3.0303,-20.1657,-7.2289,-2.3256,-11.0821,-3.8071
1999-10-01,6.3185,0.8347,-1.5625,30.7958,-5.1948,2.0833,13.1965,2.3747
1999-11-01,1.3948,2.0695,9.5238,-2.1164,15.7534,10.2041,-4.5337,0.0
1999-12-01,0.6579,1.9465,2.8986,-4.0541,2.9586,-4.2328,1.2212,3.3505
2000-01-01,2.6144,1.5911,-9.8592,8.7324,10.3448,4.1436,-2.681,7.7307
2000-02-01,-2.0266,-2.8191,9.375,-1.2953,-8.3333,-2.9178,1.2397,-3.9352
2000-03-01,-2.4232,0.967,-7.1429,-12.5984,-1.1364,0.0,-2.7211,-4.5783
2000-04-01,-3.2707,-4.8683,-6.1538,3.3033,-4.023,-5.1913,-3.7762,-0.2525
2000-05-01,-3.3813,-0.8389,14.7541,-15.407,-2.994,-8.6455,0.436,-5.5696
2000-06-01,1.8795,-2.1997,-12.8571,21.9931,-1.2346,0.3155,0.4342,7.2386
2000-07-01,-1.9084,-0.346,-6.5574,-6.1972,-0.625,-0.3145,-0.4323,-6.25
2000-08-01,0.6485,1.8229,19.2982,-6.6066,-2.5157,-3.7855,-1.013,8.8
2000-09-01,1.1598,1.364,-1.4706,0.9646,9.0323,-0.3279,3.5088,-4.6569
2000-10-01,0.4459,2.9437,1.4925,-9.2357,-5.3254,8.5526,-1.8362,0.7712
2000-11-01,2.3462,-1.3072,-2.9412,19.2982,3.125,-12.1212,5.4676,8.6735
2000-12-01,-4.399,-2.3179,-9.0909,-10.8824,-6.6667,-7.5862,-7.5034,3.9906
2001-01-01,10.1102,6.0169,1.6667,27.7228,-2.5974,23.1343,9.1445,8.1264
2001-02-01,-2.5309,-0.7194,13.1148,-10.8527,26.0,0.0,-2.5676,-13.1524
2001-03-01,0.1812,-0.8052,0.0,3.7681,-16.4021,1.8182,0.9709,5.0481
2001-04-01,0.4219,2.1916,-5.7971,-4.4693,0.0,-0.8929,2.1978,-1.373
2001-05-01,-0.06,-1.5091,6.1538,4.0936,-3.1646,0.3003,1.6129,-2.0882
2001-06-01,-2.3423,0.9677,17.3913,-17.6966,-1.3072,4.7904,-4.8942,-3.7915
2001-07-01,-1.722,-1.3578,-23.4568,2.7304,5.9603,-3.4286,-1.3908,-3.6946
2001-08-01,1.0638,0.4858,4.8387,2.6578,0.625,-2.9586,0.2821,6.1381
2001-09-01,-3.096,-3.9484,-16.9231,3.2362,-7.4534,-2.1341,-1.6878,-4.5783
2001-10-01,0.0639,-0.5872,11.1111,0.627,11.4094,-3.4268,1.1445,-3.2828
2001-11-01,5.4278,3.7131,3.3333,12.1495,-3.012,14.1935,7.0721,-1.0444
2001-12-01,1.7565,1.7901,17.7419,-1.1111,6.2112,-3.6723,1.9815,4.4855
2002-01-01,-0.8929,2.7178,-5.4795,-12.6404,0.0,0.8798,-0.5181,-3.5354
2002-02-01,7.3273,9.0272,-4.3478,2.8939,23.3918,6.686,5.2083,4.9738
2002-03-01,-5.3721,-7.9943,9.0909,3.125,-28.436,-7.0845,-3.0941,3.7406
2002-04-01,-1.301,-0.3103,-5.5556,-4.2424,9.2715,-2.0528,-3.576,-0.2404
2002-05-01,2.8161,0.3113,4.4118,12.6582,9.0909,3.5928,1.5894,1.9277
2002-06-01,2.4476,1.9395,15.493,1.6854,-2.2222,0.289,6.5189,-1.182
2002-07-01,-1.1377,-0.5327,-15.8537,0.0,0.5682,1.4409,-2.5704,-1.1962
2002-08-01,-2.4741,0.7651,4.3478,-15.4696,-6.7797,-3.125,-3.5176,1.937
2002-09-01,6.3717,3.7206,27.7778,12.7451,11.5152,5.8651,2.8646,11.1639
2002-10-01,-0.2219,1.1713,-22.8261,0.2899,-6.5217,-0.554,0.6329,1.0684
2002-11-01,-1.5564,0.0,-1.4085,-7.8035,-6.3953,-5.8496,-1.6352,3.5941
2002-12-01,7.0582,1.9537,11.4286,28.2132,9.9379,18.9349,9.4629,-5.9184
2003-01-01,-4.6414,0.4968,14.1026,-25.9169,-4.5198,-8.7065,-7.0093,3.2538
2003-02-01,2.5442,-4.1667,-10.1124,37.6238,-1.7751,-10.0817,1.5075,15.5462
2003-03-01,-5.2319,0.1474,-7.5,-22.3022,-1.2048,2.7273,-0.8663,-17.6364
2003-04-01,2.6181,2.3547,14.8649,0.9259,4.878,4.4248,2.372,0.883
2003-05-01,1.7748,-0.1438,-3.5294,11.315,2.907,1.1299,0.0,5.0328
2003-06-01,2.1798,5.1836,-3.6585,-7.967,-3.3898,8.1006,4.7561,-4.5833
2003-07-01,0.5333,1.1636,-2.5316,-1.4925,7.6023,-2.8424,-1.6298,4.8035
2003-08-01,4.2971,2.9093,7.7922,9.697,10.8696,3.1915,4.7337,1.875
2003-09-01,-0.2543,0.789,10.8434,-7.1823,-11.2745,1.2887,0.791,1.227
2003-10-01,2.6007,2.1526,-13.0435,8.9286,10.4972,-3.8168,1.6816,6.4646
2003-11-01,-4.672,-3.3844,17.5,-15.0273,-5.0,3.9683,-6.8357,-7.0209
2003-12-01,3.5975,2.3794,-19.1489,16.3987,5.2632,-5.8524,9.5858,0.2041
2004-01-01,-1.7614,-0.6456,22.3684,-11.6022,-4.5,-2.1622,-3.0238,2.0367
2004-02-01,0.7172,1.6244,-6.4516,-1.5625,-2.0942,-3.0387,1.6704,2.7944
2004-03-01,5.0865,5.3708,14.9425,0.9524,10.6952,7.1225,3.943,3.6893
2004-04-01,0.1936,-1.8811,-6.0,12.8931,-3.3816,1.0638,0.3161,0.7491
2004-05-01,3.8647,3.5869,-5.3191,7.5209,1.0,-2.6316,7.3529,3.3457
2004-06-01,-6.0465,-3.5821,-6.7416,-16.5803,2.4752,-5.4054,-8.9041,-4.3165
2004-07-01,4.5545,0.3096,27.7108,19.8758,-4.3478,3.7143,5.9076,6.203
2004-08-01,-2.6515,-0.679,-21.6981,-5.6995,-9.0909,5.7851,-2.8398,-5.4867
2004-09-01,-0.7296,-1.4295,-3.6145,3.022,11.1111,-0.2604,-2.8184,-1.3109
2004-10-01,2.7438,0.4414,8.75,11.2,-8.5,-3.9164,9.5596,-0.1898
2004-11-01,-0.8584,-1.3183,5.7471,-0.4796,10.929,-6.7935,-7.0588,11.2167
2004-12-01,0.1443,2.6081,-2.1739,-8.6747,-6.4039,14.2857,-0.211,-5.2991
2005-01-01,2.7378,2.5418,-15.5556,7.9156,3.6842,-14.7959,11.0994,0.5415
2005-02-01,-1.1688,-1.451,17.1053,-3.423,0.0,10.1796,-5.3283,-0.5386
2005-03-01,-2.4598,-3.0675,-10.1124,1.7722,-7.1066,-7.6087,-0.201,-1.444
2005-04-01,4.2677,4.6835,-6.25,4.7264,10.3825,9.1176,3.2226,1.0989
2005-05-01,-3.0233,-0.6046,8.0,-14.4893,1.9802,-5.3908,-4.4878,-0.5435
2005-06-01,4.4604,2.3723,7.4074,13.3333,4.3689,1.1396,8.6823,-0.9107
2005-07-01,1.1478,2.3173,10.3448,-5.6373,-4.6512,4.507,-1.7857,6.9853
2005-08-01,0.7263,-0.3484,-9.375,8.0519,0.9756,-5.6604,5.6459,-4.1237
2005-09-01,1.9829,4.7786,1.1494,-9.375,2.8986,1.7143,-2.6268,10.9319
2005-10-01,-4.1096,-3.1146,-4.5455,-8.7533,-6.1033,1.4045,-1.7674,-10.6624
2005-11-01,2.212,-0.6889,-2.381,18.0233,6.5,-0.554,1.4205,3.9783
2005-12-01,-4.4184,-3.9884,2.439,-7.6355,-2.3474,-9.4708,-0.4669,-9.3913
2006-01-01,4.3396,1.6857,20.2381,12.5333,1.4423,7.6923,2.2514,7.6775
2006-02-01,-3.2098,-2.7235,-15.8416,-2.1327,-2.8436,1.1429,-5.5046,-1.6043
2006-03-01,-1.0743,-5.5995,-2.3529,17.1913,2.9268,-8.7571,3.8835,-6.8841
2006-04-01,-5.6657,-3.5461,-6.0241,-12.3967,-12.7962,-12.3839,-4.9533,0.0
2006-05-01,-4.6547,-3.0749,3.8462,-11.7925,-9.2391,1.7668,-6.293,-3.3074
2006-06-01,-1.9948,-3.931,-11.1111,7.4866,2.994,-0.6944,-2.5184,-3.4205
2006-07-01,-5.5704,-6.1737,8.3333,-5.9701,0.0,-3.1469,-3.3369,-13.3333
2006-08-01,-2.3256,-1.9128,-1.2821,-3.9683,-3.4884,-1.8051,-3.0067,-0.7212
2006-09-01,-3.8908,-4.9922,-6.4935,0.551,-1.2048,-8.8235,-3.9036,-1.6949
2006-10-01,-5.136,-3.5304,-4.1667,-10.6849,-7.3171,-4.0323,-3.4648,-8.3744
2006-11-01,-2.2293,-1.0213,-15.942,-3.681,-3.2895,-1.6807,-0.8663,-5.1075
2006-12-01,6.7101,3.0095,24.1379,17.1975,17.0068,5.1282,3.7453,10.1983
2007-01-01,-0.7326,-2.0033,-2.7778,3.8043,6.9767,8.5366,-5.5355,0.2571
2007-02-01,-1.722,-3.2368,0.0,2.6178,-21.7391,-16.8539,3.8217,6.9231
2007-03-01,-0.1252,0.9683,-1.4286,-3.0612,13.8889,9.9099,-4.6626,-1.4388
2007-04-01,-7.8947,-7.7594,-13.0435,-7.3684,-3.0488,-9.0164,-6.435,-11.9221
2007-05-01,1.5646,-1.5123,6.6667,9.9432,-8.805,1.8018,5.3645,-1.6575
2007-06-01,-5.7602,-4.5106,-10.9375,-8.2687,5.5172,-3.0973,-7.9634,-7.3034
2007-07-01,-3.2694,-1.7085,0.0,-8.169,-1.3072,-5.4795,-5.5319,2.1212
2007-08-01,-2.939,-6.3395,0.0,6.7485,-0.6623,-6.2802,-6.6066,5.3412
2007-09-01,-4.542,-6.6594,-12.2807,2.2989,-9.3333,4.1237,0.6431,-16.338
2007-10-01,-5.4718,-3.9766,0.0,-9.8315,7.3529,-8.4158,-10.7029,1.6835
2007-11-01,2.6846,-3.1669,4.0,17.4455,-10.274,1.6216,11.8068,-7.2848
2007-12-01,-6.1275,-6.6667,9.6154,-7.1618,3.8168,-10.1064,-6.56,-7.1429
2008-01-01,-4.7868,-4.5822,-26.3158,-1.7143,-3.6765,7.1006,-2.3973,-18.4615
2008-02-01,-7.3126,-6.2147,-2.381,-10.1744,-16.0305,-19.8895,-9.1228,13.6792
2008-03-01,-4.6351,-3.3133,-7.3171,-7.1197,5.4545,-8.2759,0.5792,-18.2573
2008-04-01,4.2399,2.9595,7.8947,6.6202,-4.3103,22.5564,-1.9194,13.198
2008-05-01,-1.2897,-4.236,-12.1951,6.5359,27.9279,-9.2025,-7.8278,4.9327
2008-06-01,18.593,-4.4234,-2.7778,65.6442,115.493,3.3784,1.2739,4.2735
2008-07-01,-21.9492,-5.6198,-2.8571,-41.4815,-66.9935,-8.4967,1.8868,-20.4918
2008-08-01,-6.8404,-4.9037,-2.9412,-10.7595,-15.8416,1.4286,-8.4362,-4.1237
2008-09-01,-7.1096,-2.5783,9.0909,-17.7305,3.5294,-7.0423,-8.3146,-9.1398
2008-10-01,-7.6537,-11.3422,-8.3333,0.8621,-14.7727,-4.5455,-8.0882,-5.3254
2008-11-01,-14.9457,-10.4478,-39.3939,-20.5128,-5.3333,-22.2222,-20.8,0.0
2008-12-01,-11.5016,-13.3333,5.0,-9.1398,-14.0845,-14.2857,-1.3468,-27.5
2009-01-01,-1.6245,-7.4176,9.5238,9.4675,-3.2787,5.9524,-3.7543,-0.8621
2009-02-01,2.3853,11.8694,-13.0435,-12.973,25.4237,0.0,4.9645,-13.913
2009-03-01,-8.0645,-4.244,5.0,-18.6335,-17.5676,-3.3708,-11.4865,5.0505
2009-04-01,1.5595,8.3102,0.0,-16.7939,-4.918,-3.4884,3.0534,5.7692
2009-05-01,6.7179,10.2302,0.0,-4.5872,10.3448,14.4578,5.5556,1.8182
2009-06-01,8.0935,6.2645,19.0476,13.4615,-1.5625,5.2632,12.2807,5.3571
2009-07-01,-0.9983,6.7686,-24.0,-26.2712,1.5873,9.0,-8.75,10.1695
2009-08-01,3.5294,0.409,5.2632,20.6897,9.375,-2.7523,8.2192,-4.6154
2009-09-01,-1.1364,-2.8513,-5.0,7.619,0.0,-0.9434,-2.2152,0.8065
2009-10-01,-4.2693,-1.0482,-15.7895,-15.9292,-4.2857,-0.9524,-3.2362,-9.6
2009-11-01,6.8611,2.3305,62.5,20.0,10.4478,9.6154,6.3545,3.5398
2009-12-01,6.5811,5.176,-30.7692,21.0526,36.4865,1.7544,0.3145,9.4017
2010-01-01,-4.2169,-0.7874,16.6667,-19.5652,-25.7426,-14.6552,-1.8809,16.4062
2010-02-01,2.2013,1.1905,-4.7619,8.1081,4.0,11.1111,-0.3195,0.6711
2010-03-01,5.6923,5.098,15.0,6.6667,-7.6923,4.5455,14.4231,-4.6667
2010-04-01,-7.278,-11.194,-21.7391,11.7188,4.1667,0.8696,-10.6443,-11.1888
2010-05-01,-9.7331,-8.6134,11.1111,-16.0839,-14.6667,-12.069,-6.2696,-13.3858
2010-06-01,2.087,-2.2989,15.0,15.8333,20.3125,-4.902,-1.0033,6.3636
2010-07-01,-1.3629,-3.2941,-8.6957,5.7554,-12.987,5.1546,0.3378,-3.4188
2010-08-01,0.1727,-2.1898,4.7619,6.1224,5.9701,-3.9216,-4.3771,12.3894
2010-09-01,-2.931,0.4975,27.2727,-16.0256,-4.2254,-3.0612,1.4085,-11.811
2010-10-01,-0.8881,0.9901,-25.0,-1.5267,-1.4706,17.8947,-7.6389,0.8929
2010-11-01,0.3584,2.451,-4.7619,-5.4264,-4.4776,-15.1786,5.2632,7.0796
2010-12-01,12.8571,6.9378,25.0,31.1475,76.5625,3.1579,-8.2143,35.5372
2011-01-01,-8.8608,-6.0403,-12.0,-16.25,-31.8584,3.0612,12.0623,-32.9268
2011-02-01,-5.9028,-9.7619,-27.2727,9.7015,-22.0779,-11.8812,2.7778,-11.8182
2011-03-01,7.5646,5.277,0.0,14.2857,-1.6667,6.7416,4.3919,23.7113
2011-04-01,-0.3431,1.0025,43.75,-7.7381,-1.6949,3.1579,-3.2362,5.0
2011-05-01,6.3683,1.9851,-4.3478,19.3548,39.6552,1.0204,1.3378,7.1429
2011-06-01,2.9126,0.4866,0.0,8.6486,-14.8148,3.0303,7.9208,2.2222
2011-07-01,-2.3585,0.7264,4.5455,-9.4527,-13.0435,-0.9804,0.6116,-5.0725
2011-08-01,4.1868,2.8846,17.3913,5.4945,5.0,9.901,0.6079,8.3969
2011-09-01,-5.7187,-0.7009,-22.2222,-14.5833,7.9365,-1.8018,-9.0634,-7.0423
2011-10-01,10.0,3.2941,9.5238,27.439,0.0,-0.9174,19.6013,2.2727
2011-11-01,5.2161,2.2779,-4.3478,12.4402,20.5882,-4.6296,-0.8333,21.4815
2011-12-01,-1.2748,2.0045,4.5455,-8.0851,-7.3171,7.767,0.2801,-7.3171
2012-01-01,2.1521,0.8734,-8.6957,6.0185,1.3158,-1.8018,10.3352,-13.8158
2012-02-01,3.6517,6.71,14.2857,-3.4934,24.6753,14.6789,-5.3165,9.1603
2012-03-01,9.2141,-2.2312,4.1667,35.2941,-17.7083,5.6,8.0214,33.5664
2012-04-01,-9.1811,0.6224,-8.0,-25.0836,13.9241,-12.8788,-9.4059,-15.7068
2012-05-01,8.7432,1.8557,0.0,24.5536,-12.2222,4.3478,15.0273,9.3168
2012-06-01,-0.2513,1.417,-4.3478,-2.8674,2.5316,0.0,-2.8504,4.5455
2012-07-01,6.927,4.1916,31.8182,9.9631,11.1111,0.0,6.357,10.8696
2012-08-01,-1.0601,-0.9579,-3.4483,-1.0067,-8.8889,4.1667,1.1494,-5.3922
2012-09-01,10.7143,8.7041,0.0,15.2542,4.878,20.0,7.7273,13.9896
2012-10-01,-4.6237,1.0676,-3.5714,-14.1176,0.0,3.3333,-3.5865,-14.0909
2012-11-01,3.3822,0.0,14.8148,8.9041,-11.6279,7.7419,6.3457,-0.5291
2012-12-01,2.6172,2.4648,-3.2258,3.4591,25.0,-8.3832,-2.6749,17.0213
2013-01-01,-0.1063,1.3746,-6.6667,-2.1277,5.2632,0.0,-2.537,2.7273
2013-02-01,4.2553,3.7288,25.0,3.4161,-13.0,3.268,8.243,4.4248
2013-03-01,-4.4898,-0.3268,-25.7143,-9.9099,12.6437,-8.2278,-2.8056,-11.8644
2013-04-01,8.1197,1.6393,11.5385,21.0,3.0612,15.8621,7.0103,7.6923
2013-05-01,-0.8893,0.4839,0.0,-3.3058,3.9604,-11.9048,-1.9268,7.5893
2013-06-01,-6.0818,0.8026,0.0,-18.8034,1.9048,-2.7027,-6.6798,-10.3734
2013-07-01,5.8386,-1.4331,3.4483,22.1053,10.2804,8.3333,-0.4211,15.7407
2013-08-01,-3.3099,2.5848,-13.3333,-12.931,7.6271,1.9231,-6.9767,-4.8
2013-09-01,4.1494,-1.5748,7.6923,15.8416,-21.2598,10.6918,17.5,-11.3445
2013-10-01,3.9841,-0.32,3.5714,11.6809,6.0,-7.9545,3.4816,14.218
2013-11-01,-1.4368,3.0498,-10.3448,-7.9082,1.8868,0.6173,-2.6168,-1.6598
2013-12-01,-2.3324,-6.2305,19.2308,3.0471,7.4074,-12.8834,-8.2534,13.5021
2014-01-01,-2.8856,2.1595,-6.4516,-10.7527,-12.069,14.0845,2.3013,-17.1004
2014-02-01,6.4549,-0.9756,-17.2414,22.2892,8.8235,-17.284,10.8384,13.0045
2014-03-01,2.6949,2.2989,16.6667,2.4631,26.1261,23.8806,-7.3801,2.7778
2014-04-01,2.1556,-0.4815,0.0,6.25,-14.2857,-3.6145,8.5657,2.3166
2014-05-01,-6.6055,1.129,10.7143,-18.552,-4.1667,2.5,-6.2385,-13.9623
2014-06-01,-0.7859,3.5088,29.0323,-10.8333,0.0,20.7317,-7.045,-2.6316
2014-07-01,6.5347,-0.1541,-27.5,24.2991,7.8261,-9.0909,9.4737,13.5135
2014-08-01,-2.6952,0.3086,20.6897,-9.2732,-2.4194,-7.2222,4.6154,-14.6825
2014-09-01,2.8653,1.8462,-25.7143,7.4586,9.0909,1.7964,-1.8382,12.093
2014-10-01,1.5785,-2.2659,23.0769,6.6838,-11.3636,-9.4118,1.6854,16.1826
2014-11-01,-3.1993,1.7002,-12.5,-10.1205,14.5299,-7.1429,-5.709,-3.5714
2014-12-01,1.2276,1.8237,-14.2857,1.3405,-29.8507,18.1818,12.1094,-12.963
2015-01-01,-2.1455,-1.194,4.1667,-4.2328,23.4043,-17.1598,-8.885,14.8936
2015-02-01,7.4357,-5.136,8.0,30.3867,-22.4138,15.0,13.1931,5.1852
2015-03-01,-4.8802,4.7771,0.0,-18.0085,38.8889,-4.9689,-11.1486,-5.6338
2015-04-01,8.7687,3.1915,22.2222,17.3127,54.4,-3.9216,6.654,-1.1194
2015-05-01,9.0909,3.2401,9.0909,17.8414,48.7047,19.0476,-2.6738,-0.3774
2015-06-01,8.4119,0.7133,-2.7778,19.2523,-2.0906,5.7143,11.3553,15.5303
2015-07-01,-17.3314,-0.8499,-14.2857,-35.7367,-58.0071,-5.4054,-6.25,-9.1803
2015-08-01,2.193,2.5714,0.0,1.7073,-2.5424,-0.5714,2.2807,5.7762
2015-09-01,-1.8026,-0.9749,26.6667,-5.2758,1.7391,2.2989,-2.5729,-4.0956
2015-10-01,1.3986,1.4065,-7.8947,2.2785,8.547,-2.809,5.1056,-6.4057
2015-11-01,7.2414,1.2483,-22.8571,20.5446,-3.1496,18.4971,2.6801,15.2091
2015-12-01,-2.6527,-1.5068,33.3333,-6.3655,39.8374,-16.0976,-0.6525,-14.8515
2016-01-01,-3.3031,0.1391,-2.7778,-8.7719,-49.4186,15.1163,-6.2397,22.093
2016-02-01,0.0854,0.4167,-8.5714,0.2404,43.6782,-10.6061,-0.5254,-4.127
2016-03-01,-4.6075,1.9364,15.625,-17.506,-21.6,3.9548,0.8803,-12.9139
2016-04-01,3.7567,2.171,-13.5135,9.0116,13.2653,1.6304,0.6981,8.365
2016-05-01,3.8793,-0.664,3.125,13.0667,-4.5045,-4.8128,1.7331,17.193
2016-06-01,0.249,0.5348,-6.0606,0.2358,11.3208,-1.6854,4.4293,-9.5808
2016-07-01,-0.8278,-4.2553,3.2258,4.9412,-6.7797,12.0,0.1631,-7.947
2016-08-01,0.2504,4.3056,12.5,-7.1749,13.6364,-3.0612,-3.4202,5.3957
2016-09-01,8.4929,0.1332,11.1111,23.43,21.6,-2.6316,5.5649,16.041
2016-10-01,-3.7606,2.2606,-17.5,-11.546,-21.0526,5.9459,-4.9521,0.8824
2016-11-01,-1.9139,0.13,24.2424,-7.3009,-3.3333,-5.6122,0.5042,-3.4985
2016-12-01,1.4634,5.0649,-4.878,-4.5346,1.7241,-1.6216,2.3411,1.5106
2017-01-01,4.4071,-2.3486,-25.641,21.0,24.5763,8.7912,8.6601,-12.7976
2017-02-01,-5.2955,2.6582,51.7241,-21.6942,-26.5306,21.7172,-8.2707,-6.1433
2017-03-01,3.0794,1.8496,-15.9091,7.9156,23.1481,-23.2365,4.2623,15.6364
2017-04-01,-1.6509,-3.9952,-2.7027,3.1785,-6.015,3.2432,-5.6604,5.3459
2017-05-01,-3.4373,0.2522,0.0,-10.6635,-1.6,-8.377,-1.0,-5.6716
2017-06-01,12.0033,3.3962,5.5556,30.7692,-13.0081,25.7143,11.1111,15.8228
2017-07-01,-7.1693,-0.4866,7.8947,-19.4726,12.1495,-18.6364,-3.0303,-13.388
2017-08-01,5.0159,-0.2445,-9.7561,17.3804,-1.6667,5.5866,-1.5625,20.5047
2017-09-01,-3.4875,1.7157,-2.7027,-12.6609,9.322,3.1746,-3.9683,-9.9476
2017-10-01,6.52,2.6506,0.0,14.9877,-3.876,0.5128,8.2645,10.7558
2017-11-01,-4.2035,0.8216,13.8889,-14.7436,-7.2581,-6.1224,-1.374,-7.0866
2017-12-01,0.9238,0.3492,-7.3171,3.0075,20.0,18.4783,-6.192,-1.4124
2018-01-01,0.4577,-0.6961,18.4211,1.2165,-24.6377,-22.0183,11.0561,6.0172
2018-02-01,0.3037,1.0514,4.4444,-1.6827,30.7692,7.0588,-5.052,-1.6216
2018-03-01,4.8448,-2.0809,-12.766,21.5159,-5.8824,9.8901,5.7903,4.6703
2018-04-01,-0.5054,2.1251,2.439,-5.2314,-19.5312,-3.0,9.7633,-11.0236
2018-05-01,-2.9028,-0.6936,-11.9048,-6.1571,44.6602,9.7938,-13.4771,-1.4749
2018-06-01,0.5232,0.5821,2.7027,0.2262,-18.7919,-15.9624,9.19,2.994
2018-07-01,-0.8178,2.3148,-21.0526,-5.1919,11.5702,5.0279,-2.1398,-5.5233
2018-08-01,-4.5727,-4.9774,26.6667,-5.9524,-16.2963,3.1915,-5.9767,-1.2308
2018-09-01,3.2207,2.1429,13.1579,4.557,-7.0796,-7.732,6.6667,6.5421
2018-10-01,-3.1963,-1.049,-16.2791,-6.2954,32.381,2.7933,-9.0116,-5.5556
2018-11-01,5.3459,-0.4711,22.2222,16.5375,-6.4748,-3.8043,13.2588,0.3096
2018-12-01,-1.7164,-3.9053,-9.0909,3.1042,-10.0,-22.0339,-0.141,9.2593
2019-01-01,-4.7836,-1.8473,12.5,-11.3978,15.3846,28.9855,-12.5706,-9.0395
2019-02-01,2.5518,-0.1255,-15.5556,9.7087,3.7037,3.3708,10.0162,-12.7329
2019-03-01,0.6998,1.6332,-5.2632,-0.4425,-9.2857,-7.0652,-1.3216,15.6584
2019-04-01,2.0849,-1.6069,33.3333,6.2222,11.0236,9.9415,-2.9762,4.9231
2019-05-01,1.8911,4.6482,-25.0,0.0,-24.1135,-6.9149,9.2025,3.5191
2019-06-01,-3.5635,1.8007,30.5556,-15.4812,19.6262,2.2857,-8.0056,-4.5326
2019-07-01,6.1586,2.0047,0.0,15.5941,7.0312,-1.676,6.7176,8.9021
2019-08-01,7.4692,4.7399,-10.6383,14.3469,20.438,10.2273,10.7296,-4.9046
2019-09-01,-0.8772,-0.2208,-4.7619,-1.6854,-18.1818,-6.1856,-0.1292,8.596
2019-10-01,3.676,3.3186,17.5,3.2381,26.6667,0.0,2.5873,-0.5277
2019-11-01,0.7879,1.0707,-14.8936,1.6605,0.5848,15.9341,-3.0265,1.5915
2019-12-01,-5.9935,-1.0593,17.5,-16.1525,-15.1163,-4.2654,-5.8518,-3.1332
2020-01-01,3.6036,3.5332,-14.8936,5.6277,17.1233,4.9505,2.3481,0.0
2020-02-01,-2.6756,1.5512,15.0,-12.5,-23.3918,-8.4906,2.4291,0.0
2020-03-01,-7.4914,-10.998,4.3478,-0.7026,-13.7405,-17.0103,-3.5573,-8.3558
2020-04-01,-20.0594,-23.913,-33.3333,-10.6132,-42.4779,-10.559,-15.847,-26.1765
2020-05-01,16.171,12.1805,31.25,21.8997,60.0,18.75,10.7143,16.7331
2020-06-01,6.72,15.9517,0.0,-7.5758,29.8077,14.0351,2.1994,4.7782
2020-07-01,15.8921,16.9942,16.6667,13.5831,11.1111,25.1282,11.4778,22.1498
2020-08-01,-0.8409,5.5336,12.2449,-15.4639,-20.0,-18.8525,7.5933,1.0667
2020-09-01,6.7189,6.9288,-12.7273,8.7805,42.5,10.6061,2.9904,1.5831
2020-10-01,-1.4059,0.613,16.6667,-8.5202,-14.0351,0.9132,-0.5807,1.039
2020-11-01,5.5797,0.7833,3.5714,19.3627,12.2449,5.4299,5.6075,3.0848
2020-12-01,2.8773,6.7358,-13.7931,-4.3121,-9.697,10.3004,-0.4425,11.2219
2021-01-01,5.879,0.5663,10.0,19.5279,24.8322,-5.0584,4.8889,7.8475
2021-02-01,-7.7628,-10.6999,-10.9091,-0.8977,-6.9892,-0.4098,-8.2627,-10.8108
2021-03-01,2.63,5.5856,20.4082,-4.8913,-9.8266,-2.8807,7.8522,0.2331
2021-04-01,-1.9932,-3.7543,-18.6441,3.8095,12.8205,-5.0847,-3.6403,-2.093
2021-05-01,-1.0459,-0.7092,16.6667,-3.3028,-14.2045,0.0,2.3333,-3.3254
2021-06-01,-2.8773,-3.0357,-10.7143,-1.7078,-7.947,-5.3571,-0.4343,-5.1597
2021-07-01,0.2418,-1.5654,6.0,3.4749,-4.3165,2.8302,-4.253,11.1399
2021-08-01,4.7045,-0.2806,-15.0943,16.6045,15.7895,-1.3761,5.467,2.7972
2021-09-01,-5.53,-0.5629,8.8889,-15.04,-12.987,1.8605,-3.2397,-11.3379
2021-10-01,4.0854,2.9245,4.0816,6.403,-2.9851,6.3927,0.0,14.578
2021-11-01,3.3978,3.9413,-1.9608,2.8319,20.7692,-7.7253,6.4732,-2.0089
2021-12-01,8.7252,0.97,36.0,21.5146,79.6178,21.8605,-0.5241,-2.9613
2022-01-01,0.0521,8.559,-16.1765,-12.1813,-48.9362,3.8168,8.3246,11.7371
2022-02-01,-3.2812,-4.5052,-1.7544,-0.9677,31.25,-14.3382,-6.7121,0.0
2022-03-01,0.5924,-4.2965,3.5714,9.772,3.7037,2.5751,2.1898,-4.8319
2022-04-01,-0.4818,-4.3134,-5.1724,6.3798,-9.6939,5.8577,1.5306,-4.1943
2022-05-01,-8.3378,-5.0598,7.2727,-14.5049,-20.904,-8.6957,-6.4322,-7.3733
2022-06-01,1.9366,-7.9457,-8.4746,19.5759,27.1429,-12.1212,0.2148,5.2239
2022-07-01,-1.9574,-2.5263,5.5556,-1.7735,-10.1124,9.3596,0.2144,-8.747
2022-08-01,-8.5731,-4.3197,-10.5263,-13.8889,-8.125,-8.5586,-10.5882,-3.886
2022-09-01,2.7617,-2.7088,7.8431,10.1613,4.7619,4.9261,2.8708,0.5391
2022-10-01,-0.375,-2.2042,1.8182,1.757,-21.4286,3.7559,6.0465,-8.8472
2022-11-01,-12.1079,-6.2871,0.0,-20.1439,11.5702,-9.9548,-13.3772,-18.5294
2022-12-01,0.6424,-6.0759,-10.7143,11.3514,4.4444,-9.5477,-2.6582,15.5235
2023-01-01,0.0,2.0216,18.0,-3.8835,-3.5461,-1.6667,3.251,-5.3125
2023-02-01,14.7518,5.8124,-15.2542,29.1246,9.5588,8.4746,12.3426,27.0627
2023-03-01,-8.529,5.3683,12.0,-24.3807,13.4228,5.2083,-11.5471,-16.8831
2023-04-01,-0.4054,3.673,8.9286,-7.2414,-23.0769,-10.396,3.5488,8.125
2023-05-01,6.8521,5.3714,-8.1967,10.9665,30.0,11.0497,3.672,3.4682
2023-06-01,-7.0476,3.3623,-3.5714,-23.4506,-19.5266,-0.4975,-6.2574,-6.7039
2023-07-01,3.9617,0.7345,-5.5556,11.8162,-10.2941,-0.5,7.4307,4.1916
2023-08-01,2.5624,1.3542,21.5686,2.9354,27.0492,7.0352,-2.9308,4.8851
2023-09-01,-1.5375,1.2333,-16.129,-4.943,-15.4839,-5.6338,3.744,-5.2055
2023-10-01,-0.5856,-0.203,1.9231,-1.6,14.5038,-13.4328,0.6985,-2.0231
2023-11-01,-1.6361,1.3225,-1.8868,-7.5203,-24.0,14.3678,-6.2428,11.7994
2023-12-01,1.0645,1.6064,0.0,0.0,11.4035,1.5075,5.5487,-11.8734
2024-01-01,1.7117,2.668,0.0,-0.2198,16.5354,8.9109,-3.5047,5.0898
2024-02-01,2.0712,-0.6737,11.5385,7.2687,51.3514,6.3636,-3.632,-7.9772
2024-03-01,-6.4046,-4.4574,-12.069,-9.8563,-37.9464,-16.2393,0.2513,6.192
2024-04-01,-1.1518,-0.3043,9.8039,-4.328,9.3525,-13.2653,4.7619,-12.2449
2024-05-01,-3.5641,-2.4415,-1.7857,-6.4286,-21.0526,7.6471,-6.5789,7.309
2024-06-01,3.838,-1.4599,-12.7273,19.084,-1.6667,13.6612,3.5851,0.9288
2024-07-01,-1.7112,0.0,10.4167,-6.4103,18.6441,-6.7308,-2.7194,-3.3742
2024-08-01,2.7855,2.328,7.5472,3.1963,1.4286,7.732,3.3037,-0.9524
2024-09-01,-2.8455,-0.5171,5.2632,-8.8496,-13.3803,-2.3923,-5.4121,8.3333
2024-10-01,-0.4184,0.5198,-11.6667,-0.9709,11.3821,-1.9608,-1.0403,-2.3669
2024-11-01,5.6022,0.6205,-3.7736,18.6275,-2.1898,10.5,6.9645,2.7273
2024-12-01,-1.8568,1.6444,11.7647,-10.3306,7.4627,0.0,-1.2285,-8.2596
2025-01-01,-1.3514,-0.1011,-1.7544,-4.1475,-7.6389,-0.4525,-0.995,0.0
2025-02-01,-0.411,0.4049,3.5714,-2.8846,-12.0301,8.6364,0.8794,-5.1447
2025-03-01,1.8569,-2.0161,0.0,11.6337,1.7094,-12.5523,3.8605,8.1356
2025-04-01,-3.9838,-5.0412,5.1724,-2.8825,14.2857,-7.177,-8.6331,3.4483
2025-05-01,-1.9691,-2.6002,-13.1148,0.9132,-9.5588,11.8557,-2.6247,-5.4545
2025-06-01,-0.0717,-3.6707,-5.6604,7.9186,-16.2602,0.4608,4.4474,-4.8077
2025-07-01,-2.2254,1.0393,10.0,-9.434,21.3592,1.3761,-4.2581,-7.7441
2025-08-01,-2.3495,-1.9429,-5.4545,-2.7778,-3.2,-8.5973,-5.7951,12.4088
2025-09-01,6.391,2.5641,7.6923,14.0476,21.4876,0.495,8.1545,0.3247
2025-10-01,-0.2827,-0.2273,-1.7857,-0.2088,0.0,-2.4631,-3.5714,9.0615
2025-11-01,-1.63,2.0501,1.8182,-8.7866,-20.4082,-0.5051,2.4691,-2.9674
2025-12-01,4.8271,-1.6741,-8.9286,19.9541,42.735,6.599,-4.1499,10.7034
2026-01-01,-5.4296,-0.9081,-1.9608,-13.3843,-9.5808,9.0476,-3.4916,-15.7459
