date,Unemployment Rate Period %,U-1 Unemployed 15+ Weeks as % of Labor Force Period %,U-2 Job Losers as % of Labor Force Period %,U-4 + Discouraged Workers Period %,U-5 + Other Marginally Attached Period %,U-6 + Part-Time for Economic Reasons Period %,Unemployed Less Than 5 Weeks (000s) Period %,Unemployed 5-14 Weeks (000s) Period %,Unemployed 15-26 Weeks (000s) Period %,Unemployed 27+ Weeks (000s) Period %,Total Unemployed (000s) Period %,Median Duration of Unemployment (Weeks) Period %,Average Duration of Unemployment (Weeks) Period %
1948-02-01,,,,,,,15.91,33.53,-11.48,-5.47,14.45,,-5.62
1948-03-01,,,,,,,-7.12,22.6,12.35,-9.09,3.05,,3.57
1948-04-01,,,,,,,14.23,-16.39,18.13,-0.91,-0.54,,-2.3
1948-05-01,,,,,,,-21.56,-3.31,2.33,0.0,-11.23,,7.06
1948-06-01,,,,,,,12.3,-8.94,-7.27,8.26,4.53,,-3.3
1948-07-01,,,,,,,-2.18,5.24,-7.84,-9.32,-0.05,,-2.27
1948-08-01,,,,,,,20.02,-8.09,8.51,19.63,6.19,,2.33
1948-09-01,,,,,,,-17.6,28.43,-16.18,-0.78,-2.04,,-3.41
1948-10-01,,,,,,,-2.81,-13.7,9.94,7.09,-1.87,,11.76
1948-11-01,,,,,,,3.39,4.12,-0.53,-30.15,1.15,,-17.89
1948-12-01,,,,,,,14.47,2.05,10.16,4.21,6.3,,3.85
1949-01-01,,,,,,,5.45,2.73,2.43,5.05,6.88,,1.23
1949-02-01,,,,,,,6.16,24.34,15.64,25.0,9.75,,1.22
1949-03-01,,,,,,,1.75,15.3,22.13,-10.77,6.35,,0.0
1949-04-01,,,,,,,1.29,14.24,9.06,36.21,7.59,,6.02
1949-05-01,,,,,,,14.04,6.49,26.15,21.52,13.71,,3.41
1949-06-01,,,,,,,-8.23,12.67,10.98,30.21,1.86,,9.89
1949-07-01,,,,,,,7.11,0.36,18.46,23.6,8.87,,8.0
1949-08-01,,,,,,,1.19,4.4,7.24,9.71,1.99,,1.85
1949-09-01,,,,,,,-11.9,2.31,6.92,4.72,-3.43,,6.36
1949-10-01,,,,,,,41.25,-8.03,2.27,3.66,21.41,,-6.84
1949-11-01,,,,,,,-25.09,-10.32,-0.95,16.85,-18.71,,6.42
1949-12-01,,,,,,,0.06,12.72,-11.82,-4.88,1.68,,1.72
1950-01-01,,,,,,,1.83,-10.29,-0.54,-2.69,-0.91,,-4.24
1950-02-01,,,,,,,-10.11,6.13,-1.46,2.01,-2.24,,4.42
1950-03-01,,,,,,,-6.06,-0.3,-9.43,3.94,-1.52,,5.08
1950-04-01,,,,,,,-2.06,-15.27,-8.16,11.37,-7.77,,1.61
1950-05-01,,,,,,,-0.54,-10.21,5.56,-11.7,-3.94,,0.79
1950-06-01,,,,,,,0.27,7.81,-6.32,1.93,-1.95,,3.15
1950-07-01,,,,,,,-3.88,-12.39,-3.15,-20.09,-7.34,,-4.58
1950-08-01,,,,,,,-11.34,-0.21,-22.27,-11.83,-10.29,,-2.4
1950-09-01,,,,,,,1.68,-6.82,4.48,0.0,-0.89,,0.0
1950-10-01,,,,,,,-0.79,-15.32,-24.0,-6.38,-5.37,,0.82
1950-11-01,,,,,,,7.29,0.4,-7.14,-6.81,-1.37,,-13.01
1950-12-01,,,,,,,7.75,-3.97,7.29,-16.54,1.93,,0.0
1951-01-01,,,,,,,-23.58,-5.24,-2.26,-17.51,-12.66,,-0.93
1951-02-01,,,,,,,-0.72,-11.5,-27.41,10.61,-8.16,,1.89
1951-03-01,,,,,,,9.76,-8.22,7.45,-22.73,0.38,,-6.48
1951-04-01,,,,,,,-4.53,-9.86,-23.76,-8.5,-9.69,,4.95
1951-05-01,,,,,,,-3.02,-2.58,-9.74,-7.14,-3.28,,-6.6
1951-06-01,,,,,,,0.0,33.88,2.88,-11.54,7.49,,-12.12
1951-07-01,,,,,,,5.16,-26.83,-6.99,10.43,-2.26,,5.75
1951-08-01,,,,,,,0.08,8.75,-0.75,-7.87,-0.87,,-1.09
1951-09-01,,,,,,,9.29,5.17,-20.45,0.85,6.93,,0.0
1951-10-01,,,,,,,-1.16,14.21,61.9,-16.1,6.14,,-2.2
1951-11-01,,,,,,,-3.6,0.48,-5.29,56.57,-0.73,,8.99
1951-12-01,,,,,,,-7.7,-9.68,3.11,-33.55,-10.01,,-4.12
1952-01-01,,,,,,,-6.33,-3.51,7.23,0.97,0.61,,0.0
1952-02-01,,,,,,,10.79,-1.46,-10.11,-15.38,-0.76,,-5.38
1952-03-01,,,,,,,-2.62,-11.83,-8.12,-1.14,-7.36,,-4.55
1952-04-01,,,,,,,-1.13,0.63,-15.65,35.63,-0.11,,7.14
1952-05-01,,,,,,,3.69,6.46,9.68,-29.66,2.87,,-13.33
1952-06-01,,,,,,,1.44,-5.68,4.41,-18.07,1.13,,-6.41
1952-07-01,,,,,,,-0.75,18.88,-10.56,-1.47,5.68,,2.74
1952-08-01,,,,,,,6.99,1.92,17.32,-7.46,4.82,,1.33
1952-09-01,,,,,,,-11.02,-7.36,24.16,3.23,-7.24,,6.58
1952-10-01,,,,,,,-7.08,1.29,-23.24,37.5,-5.01,,12.35
1952-11-01,,,,,,,-3.14,-10.04,4.93,-23.86,-5.22,,4.4
1952-12-01,,,,,,,2.65,-17.65,-10.07,55.22,-4.36,,-7.37
1953-01-01,,,,,,,1.44,15.52,35.07,-16.35,10.32,,5.68
1953-02-01,,,,,,,0.85,-12.79,-29.83,-6.9,-11.04,,-9.68
1953-03-01,,,,,,,-3.65,8.8,1.57,3.7,0.67,,1.19
1953-04-01,,,,,,,9.91,9.21,-14.73,-16.67,4.61,,-8.24
1953-05-01,,,,,,,-13.97,1.65,16.36,-31.43,-7.37,,1.28
1953-06-01,,,,,,,1.23,-17.81,-6.25,93.75,0.69,,3.8
1953-07-01,,,,,,,1.73,11.58,-20.0,-22.58,3.3,,-3.66
1953-08-01,,,,,,,7.39,-13.02,15.62,-8.33,0.3,,1.27
1953-09-01,,,,,,,8.09,13.2,-0.9,3.03,9.37,,-11.25
1953-10-01,,,,,,,6.79,11.43,12.73,-2.94,8.4,,1.41
1953-11-01,,,,,,,5.23,18.91,31.45,45.45,12.01,,9.72
1953-12-01,,,,,,,34.74,27.24,20.86,16.67,27.45,,1.27
1954-01-01,,,,,,,-7.38,27.93,14.72,30.36,9.19,,8.75
1954-02-01,,,,,,,4.6,12.27,68.14,4.11,8.25,,9.2
1954-03-01,,,,,,,1.35,0.28,40.26,52.63,8.29,,11.58
1954-04-01,,,,,,,-0.23,9.23,-6.94,19.83,3.94,,2.83
1954-05-01,,,,,,,-4.75,2.96,13.31,14.03,0.48,,6.42
1954-06-01,,,,,,,-4.26,-6.32,0.18,0.0,-5.73,,6.03
1954-07-01,,,,,,,3.18,-8.59,7.1,3.79,3.04,,1.63
1954-08-01,,,,,,,-2.22,18.22,-3.48,27.66,5.33,,2.4
1954-09-01,,,,,,,3.34,14.52,0.52,2.86,1.89,,0.78
1954-10-01,,,,,,,-6.4,-19.55,-5.13,5.09,-6.65,,3.1
1954-11-01,,,,,,,-5.08,-5.9,-1.62,-5.51,-7.2,,-0.75
1954-12-01,,,,,,,-2.95,-5.14,-20.51,-8.39,-6.06,,1.52
1955-01-01,,,,,,,-1.13,-13.31,6.22,7.12,-1.22,,0.0
1955-02-01,,,,,,,-7.3,-2.5,-16.05,4.28,-5.96,,5.97
1955-03-01,,,,,,,-8.64,1.87,11.63,-12.53,-1.72,,-5.63
1955-04-01,,,,,,,9.88,-2.86,-4.86,4.17,4.49,,6.72
1955-05-01,,,,,,,-0.46,-20.05,-7.54,-11.5,-9.9,,0.7
1955-06-01,,,,,,,0.77,15.19,-12.37,-5.37,-1.67,,-6.94
1955-07-01,,,,,,,-1.76,-13.06,3.0,-11.34,-2.55,,2.99
1955-08-01,,,,,,,12.71,15.46,-24.2,-7.41,5.78,,-10.87
1955-09-01,,,,,,,-6.09,2.93,18.46,-9.09,-3.81,,-4.88
1955-10-01,,,,,,,5.31,4.71,6.49,-2.4,5.68,,-1.71
1955-11-01,,,,,,,-3.01,-0.47,-11.89,12.7,-1.77,,-1.74
1955-12-01,,,,,,,-3.46,-0.12,2.08,4.0,-0.68,,6.19
1956-01-01,,,,,,,-0.15,-14.88,5.08,-12.24,-3.44,,-2.5
1956-02-01,,,,,,,-3.52,8.25,-13.23,9.96,-2.25,,6.84
1956-03-01,,,,,,,16.52,1.94,4.09,-12.68,6.06,,-7.2
1956-04-01,,,,,,,-9.92,4.44,-3.21,-14.94,-4.12,,-5.17
1956-05-01,,,,,,,9.61,11.41,12.55,-1.95,7.96,,-5.45
1956-06-01,,,,,,,1.48,5.34,8.2,-7.46,0.73,,-2.88
1956-07-01,,,,,,,-2.39,-6.31,-3.94,10.75,2.43,,3.96
1956-08-01,,,,,,,-6.33,-13.25,-2.84,14.08,-8.5,,14.29
1956-09-01,,,,,,,-1.45,-7.63,8.77,2.98,-2.44,,-1.67
1956-10-01,,,,,,,-2.73,2.2,-15.52,2.07,-2.43,,-1.69
1956-11-01,,,,,,,12.28,1.21,19.43,-4.05,11.28,,-6.03
1956-12-01,,,,,,,-2.36,5.19,-8.88,9.28,-2.48,,4.59
1957-01-01,,,,,,,-5.05,8.48,7.47,-31.27,0.22,,-8.77
1957-02-01,,,,,,,-5.83,-7.47,-7.85,26.4,-6.22,,2.88
1957-03-01,,,,,,,-4.02,-1.01,-2.95,-3.11,-4.31,,0.93
1957-04-01,,,,,,,7.57,-5.99,-4.39,6.88,3.63,,-1.85
1957-05-01,,,,,,,6.59,5.15,5.65,2.58,4.23,,-1.89
1957-06-01,,,,,,,-2.18,29.9,-11.04,8.79,5.39,,-1.92
1957-07-01,,,,,,,-1.87,-13.59,5.64,-2.31,-2.1,,-0.98
1957-08-01,,,,,,,2.12,-7.0,10.32,-8.66,-1.75,,3.96
1957-09-01,,,,,,,6.38,14.2,9.03,-4.74,7.14,,-6.67
1957-10-01,,,,,,,-5.73,8.11,5.62,32.58,2.62,,13.27
1957-11-01,,,,,,,14.22,11.3,11.2,-5.46,14.37,,-6.31
1957-12-01,,,,,,,-0.81,6.92,18.64,-6.14,0.64,,0.0
1958-01-01,,,,,,,7.32,7.39,23.35,14.62,11.48,,0.96
1958-02-01,,,,,,,10.7,11.82,13.08,16.78,11.05,,4.76
1958-03-01,,,,,,,2.66,3.78,18.11,1.15,4.39,,1.82
1958-04-01,,,,,,,-2.69,7.08,12.89,45.17,11.67,,8.04
1958-05-01,,,,,,,-1.38,0.13,5.25,11.74,0.1,,8.26
1958-06-01,,,,,,,-5.39,-3.4,5.21,23.82,-1.53,,9.92
1958-07-01,,,,,,,3.59,-6.71,-1.24,18.53,2.73,,1.39
1958-08-01,,,,,,,-3.19,-1.81,-3.34,14.8,-1.06,,7.53
1958-09-01,,,,,,,-7.61,5.76,-15.98,5.72,-4.06,,5.1
1958-10-01,,,,,,,1.05,-16.73,0.0,-8.55,-5.21,,0.0
1958-11-01,,,,,,,-6.82,-8.8,-4.24,-11.29,-8.36,,-0.61
1958-12-01,,,,,,,10.52,0.44,-11.01,0.24,0.07,,-4.27
1959-01-01,,,,,,,-6.97,3.0,-10.41,-3.02,-2.93,,3.82
1959-02-01,,,,,,,-1.27,-0.43,-8.25,-8.73,-2.53,,-4.91
1959-03-01,,,,,,,-6.11,-6.1,-2.75,-7.1,-4.14,,-1.29
1959-04-01,,,,,,,2.4,-14.55,-23.02,-7.21,-6.05,,-2.61
1959-05-01,,,,,,,-1.0,7.6,-4.41,-8.87,-2.58,,-1.34
1959-06-01,,,,,,,2.91,-4.18,6.41,-4.7,-1.44,,1.36
1959-07-01,,,,,,,4.53,8.72,-5.06,-9.67,2.89,,-4.03
1959-08-01,,,,,,,1.01,6.3,3.3,-2.63,1.7,,-4.2
1959-09-01,,,,,,,-0.31,14.56,10.32,-7.47,5.21,,0.0
1959-10-01,,,,,,,9.24,1.33,-2.9,0.22,3.58,,-5.84
1959-11-01,,,,,,,-0.29,-6.73,15.83,6.71,2.38,,1.55
1959-12-01,,,,,,,-5.04,-6.89,-10.3,-2.1,-8.74,,0.0
1960-01-01,,,,,,,-1.15,-6.86,-0.66,-0.43,-1.04,,3.05
1960-02-01,,,,,,,-12.64,-1.05,-8.44,-7.74,-7.91,,-2.96
1960-03-01,,,,,,,16.42,8.32,25.97,2.56,11.93,,-0.76
1960-04-01,,,,,,,4.14,-10.54,-10.4,-2.05,-2.84,,-3.08
1960-05-01,,,,,,,-0.98,7.19,-12.26,-9.74,-1.41,,-5.56
1960-06-01,,,,,,,1.16,10.06,12.25,1.8,5.52,,0.0
1960-07-01,,,,,,,-1.67,0.17,13.76,1.01,1.86,,5.88
1960-08-01,,,,,,,2.17,8.7,-0.77,2.5,2.87,,-3.17
1960-09-01,,,,,,,-3.95,-5.75,-0.19,13.66,-1.57,,5.74
1960-10-01,,,,,,,5.31,5.69,20.74,21.46,9.47,,4.65
1960-11-01,,,,,,,-2.72,6.63,8.03,-2.83,1.83,,2.96
1960-12-01,,,,,,,22.35,7.39,-12.63,0.73,6.63,,-10.79
1961-01-01,,,,,,,-10.37,0.61,17.01,15.52,1.17,,10.48
1961-02-01,,,,,,,8.12,-4.74,9.16,3.91,3.45,,-0.73
1961-03-01,,,,,,,-8.54,4.9,2.4,4.36,0.43,,3.68
1961-04-01,,,,,,,-7.19,-3.32,3.51,15.56,0.82,,9.93
1961-05-01,,,,,,,1.1,0.35,3.89,7.11,2.25,,0.65
1961-06-01,,,,,,,5.32,-0.91,-12.58,8.03,-2.36,,3.85
1961-07-01,,,,,,,-2.82,-4.44,16.04,6.79,0.88,,6.79
1961-08-01,,,,,,,-4.92,2.29,-10.73,-9.18,-4.99,,-1.73
1961-09-01,,,,,,,9.29,-6.49,-8.41,-6.11,-0.13,,-5.29
1961-10-01,,,,,,,-2.58,-0.69,-3.94,-2.72,-2.2,,-1.24
1961-11-01,,,,,,,-9.55,-1.48,-5.61,-6.81,-6.08,,6.92
1961-12-01,,,,,,,5.86,-7.41,0.16,-3.66,-2.75,,-7.06
1962-01-01,,,,,,,-1.9,-1.19,-9.95,-8.67,-2.3,,-3.16
1962-02-01,,,,,,,-11.58,-3.7,0.0,1.34,-5.15,,4.58
1962-03-01,,,,,,,14.43,-6.17,-6.77,-6.44,1.29,,-6.25
1962-04-01,,,,,,,-5.35,5.34,-4.59,-2.5,-0.38,,-0.67
1962-05-01,,,,,,,-5.28,2.35,1.6,0.64,-1.1,,4.03
1962-06-01,,,,,,,3.56,-2.65,-0.2,-8.61,-0.49,,-2.58
1962-07-01,,,,,,,-0.38,3.72,-4.35,-1.4,-0.65,,-3.31
1962-08-01,,,,,,,8.73,8.41,0.21,5.49,5.08,,-0.68
1962-09-01,,,,,,,1.04,-3.72,16.91,-11.24,-1.3,,-2.76
1962-10-01,,,,,,,-6.46,-4.03,-8.99,-4.35,-3.99,,0.0
1962-11-01,,,,,,,12.35,-5.94,18.41,-13.04,5.81,,-5.67
1962-12-01,,,,,,,-5.77,8.83,-8.67,15.91,-2.91,,2.26
1963-01-01,,,,,,,-0.12,7.0,3.58,6.67,4.27,,1.47
1963-02-01,,,,,,,7.4,2.39,-6.57,9.74,4.03,,2.17
1963-03-01,,,,,,,-8.45,-1.33,-9.63,0.34,-3.92,,2.84
1963-04-01,,,,,,,0.94,-3.16,-1.64,-1.34,-0.42,,0.0
1963-05-01,,,,,,,8.91,-5.38,15.0,2.37,4.0,,0.0
1963-06-01,,,,,,,-8.07,8.53,2.72,-17.36,-5.69,,-3.45
1963-07-01,,,,,,,-1.51,2.38,-7.94,9.6,1.86,,0.0
1963-08-01,,,,,,,-0.95,-10.78,13.6,-4.93,-4.27,,-0.71
1963-09-01,,,,,,,1.07,6.52,-14.0,7.29,2.04,,2.16
1963-10-01,,,,,,,2.54,-5.06,6.08,-5.19,0.76,,-2.11
1963-11-01,,,,,,,6.96,5.5,-1.48,-1.7,4.11,,-4.32
1963-12-01,,,,,,,-4.57,-1.14,-3.0,-5.95,-4.24,,0.0
1964-01-01,,,,,,,1.75,-4.7,6.96,2.86,1.36,,1.5
1964-02-01,,,,,,,-5.37,5.19,-4.52,-3.37,-2.41,,-2.22
1964-03-01,,,,,,,4.39,-7.57,1.14,3.7,0.46,,2.27
1964-04-01,,,,,,,-0.9,6.05,-13.11,-6.93,-0.81,,-8.15
1964-05-01,,,,,,,-4.87,-8.22,1.51,7.23,-3.93,,9.68
1964-06-01,,,,,,,2.26,1.37,14.44,0.79,1.33,,0.0
1964-07-01,,,,,,,-13.55,0.27,-11.13,2.95,-5.4,,8.09
1964-08-01,,,,,,,14.13,-3.42,-11.06,-2.87,1.3,,-11.56
1964-09-01,,,,,,,0.41,2.14,7.28,-9.45,1.56,,-2.31
1964-10-01,,,,,,,2.99,-3.83,2.84,-5.87,0.38,,-0.79
1964-11-01,,,,,,,-9.01,-0.76,2.98,1.15,-4.7,,11.11
1964-12-01,,,,,,,4.76,0.96,-8.26,-2.05,2.82,,-9.29
1965-01-01,,,,,,,-2.75,3.31,-9.01,-9.32,-2.16,,-3.94
1965-02-01,,,,,,,7.2,-0.18,25.5,5.91,4.42,,3.28
1965-03-01,,,,,,,-2.35,-5.6,-13.81,-12.86,-5.9,,-4.76
1965-04-01,,,,,,,2.64,-1.07,-2.06,2.51,2.42,,-5.0
1965-05-01,,,,,,,-4.41,2.46,-10.05,-4.62,-4.53,,-2.63
1965-06-01,,,,,,,-0.84,-3.26,8.31,5.13,-1.31,,4.5
1965-07-01,,,,,,,-0.12,-4.96,-13.91,-12.2,-2.54,,0.0
1965-08-01,,,,,,,-2.48,-1.98,13.09,0.93,-1.42,,2.59
1965-09-01,,,,,,,0.87,-8.51,-7.39,8.87,-1.17,,0.0
1965-10-01,,,,,,,-5.78,6.98,-10.64,-5.62,-2.27,,1.68
1965-11-01,,,,,,,-0.13,-2.72,-0.6,-7.44,-2.23,,-3.31
1965-12-01,,,,,,,-6.21,-4.25,9.58,-5.79,-1.37,,-2.56
1966-01-01,,,,,,,6.06,-9.33,-9.02,-1.02,-1.42,,4.39
1966-02-01,,,,,,,-1.18,-2.45,-2.7,-6.9,-5.62,,-5.88
1966-03-01,,,,,,,1.2,7.39,-2.78,-0.74,2.38,,-0.89
1966-04-01,,,,,,,2.63,-19.78,2.86,-6.34,-2.04,,-2.7
1966-05-01,,,,,,,4.35,25.73,-23.15,13.55,4.31,,-5.56
1966-06-01,,,,,,,0.98,-5.12,-1.61,-19.3,-2.64,,-4.9
1966-07-01,,,,,,,-0.43,3.85,-11.02,-9.13,0.14,,0.0
1966-08-01,,,,,,,-1.1,2.22,18.81,-1.91,0.83,,1.03
1966-09-01,,,,,,,-4.13,-4.11,10.42,-1.46,-3.52,,3.06
1966-10-01,,,,,,,-0.9,-1.64,-4.55,9.41,0.0,,1.98
1966-11-01,,,,,,,-2.73,-0.51,-3.3,-9.5,-1.0,,-5.83
1966-12-01,,,,,,,5.54,-3.99,5.3,5.0,5.13,,-2.06
1967-01-01,,,,,,,1.64,14.63,2.88,-3.33,1.92,,-2.11
1967-02-01,,,,,,,-0.75,0.94,-9.79,-0.99,-1.79,,-1.08
1967-03-01,,,,,,,-0.63,0.81,-0.78,-10.45,-0.89,,-3.26
1967-04-01,,,,,,,-2.46,3.11,-0.78,-3.33,0.21,,-1.12
1967-05-01,,,,,,,2.2,1.0,3.94,-12.07,1.17,,-1.14
1967-06-01,,,,,,,7.78,-2.43,3.03,-1.96,2.15,,-4.6
1967-07-01,,,,,,,-3.64,-2.27,-4.04,0.67,-1.6,,0.0
1967-08-01,,,,,,,-2.86,7.53,-7.66,32.45,0.03,4.44,7.23
1967-09-01,,,,,,,4.51,-3.56,18.67,-19.0,0.44,-2.13,-5.62
1967-10-01,,,,,,,3.78,7.49,2.8,9.88,6.25,6.52,3.57
1967-11-01,,,,,,,-2.89,-5.93,4.76,2.25,-2.45,-4.08,2.3
1967-12-01,,,,,,,-3.81,1.66,-5.84,7.14,-1.57,2.13,-3.37
1968-01-01,,,,,,,-9.78,-1.74,7.93,-2.56,-4.64,6.25,9.3
1968-02-01,,,,,,,17.28,-6.53,-7.67,-5.79,4.27,-11.76,-7.45
1968-03-01,,,,,,,-3.45,-7.22,-7.27,0.0,-4.13,-8.89,-2.3
1968-04-01,,,,,,,-13.02,9.18,-8.96,-16.76,-5.84,12.2,2.35
1968-05-01,,,,,,,9.12,-12.97,6.15,-8.72,1.14,-4.35,-5.75
1968-06-01,,,,,,,12.0,9.53,-6.18,19.12,7.23,0.0,-3.66
1968-07-01,,,,,,,-6.15,1.84,9.88,-1.85,-1.87,2.27,6.33
1968-08-01,,,,,,,-0.12,-7.94,-10.11,-3.77,-3.99,-6.67,-1.19
1968-09-01,,,,,,,-6.75,2.09,1.25,-13.73,-2.96,9.52,-1.2
1968-10-01,,,,,,,-1.76,2.3,3.7,1.52,0.11,4.35,2.44
1968-11-01,,,,,,,5.71,-3.88,-10.32,-2.24,0.97,-8.33,-3.57
1968-12-01,,,,,,,-4.14,4.17,-15.49,22.14,-1.1,0.0,1.23
1969-01-01,,,,,,,1.77,-1.88,9.42,-18.75,1.23,0.0,-1.22
1969-02-01,,,,,,,-7.21,9.94,16.27,-11.54,-0.96,11.36,-2.47
1969-03-01,,,,,,,11.17,-10.78,-3.7,3.48,0.74,-18.37,0.0
1969-04-01,,,,,,,-0.19,-0.78,8.12,11.76,1.7,0.0,0.0
1969-05-01,,,,,,,3.06,-14.01,3.16,-5.26,-1.63,5.0,0.0
1969-06-01,,,,,,,0.91,21.61,-6.51,-1.59,3.8,4.76,-2.53
1969-07-01,,,,,,,1.32,2.13,-11.07,29.03,1.85,0.0,1.3
1969-08-01,,,,,,,-2.91,6.0,11.06,-17.5,-0.42,0.0,1.28
1969-09-01,,,,,,,3.42,11.33,0.83,12.12,6.44,6.82,1.27
1969-10-01,,,,,,,7.15,-11.42,-2.06,-8.11,0.3,-4.26,-5.0
1969-11-01,,,,,,,-12.9,4.1,3.36,7.35,-6.33,6.67,5.26
1969-12-01,,,,,,,0.32,-0.56,14.23,-9.59,0.98,-4.17,0.0
1970-01-01,,,,,,,13.56,5.66,2.49,8.33,10.99,0.0,-1.25
1970-02-01,,,,,,,8.33,12.33,7.29,12.59,7.87,-2.17,1.27
1970-03-01,,,,,,,1.44,8.11,14.24,12.42,5.27,2.22,3.75
1970-04-01,,,,,,,8.14,-2.38,13.31,11.6,4.46,-10.87,-1.2
1970-05-01,,,,,,,-1.4,12.21,-10.0,14.36,3.21,14.63,4.88
1970-06-01,,,,,,,-0.43,3.95,20.28,-3.03,3.88,4.26,0.0
1970-07-01,,,,,,,1.52,3.02,-1.15,4.46,2.55,4.08,3.49
1970-08-01,,,,,,,2.35,1.43,6.07,7.26,1.94,5.88,-1.12
1970-09-01,,,,,,,2.43,7.42,11.67,11.95,4.7,-3.7,1.14
1970-10-01,,,,,,,6.76,1.52,0.99,-7.83,3.03,0.0,-2.25
1970-11-01,,,,,,,-2.01,16.53,5.27,28.19,6.69,7.69,6.9
1970-12-01,,,,,,,1.33,-7.41,33.4,15.36,3.63,5.36,5.38
1971-01-01,,,,,,,-2.83,2.52,-5.01,12.27,-1.77,5.08,7.14
1971-02-01,,,,,,,-5.39,0.43,-9.22,4.19,-1.66,1.61,-0.95
1971-03-01,,,,,,,-1.56,0.24,4.03,1.12,1.71,1.59,1.92
1971-04-01,,,,,,,2.89,-3.79,7.75,0.22,-0.56,1.56,2.83
1971-05-01,,,,,,,1.04,-0.57,-4.32,11.89,0.75,3.08,2.75
1971-06-01,,,,,,,-2.2,2.55,-5.86,6.5,-0.94,-14.93,3.57
1971-07-01,,,,,,,1.38,-3.55,9.27,4.81,1.74,8.77,-0.86
1971-08-01,,,,,,,5.75,1.23,3.95,-3.0,1.97,3.23,0.0
1971-09-01,,,,,,,-1.54,0.0,-4.92,2.36,-1.79,-9.38,3.48
1971-10-01,,,,,,,-3.43,-1.4,0.15,4.97,-1.75,12.07,5.88
1971-11-01,,,,,,,3.69,5.37,2.81,-1.69,4.18,-1.54,-4.76
1971-12-01,,,,,,,0.69,-6.81,0.57,0.34,-0.14,-3.13,-4.17
1972-01-01,,,,,,,0.17,-1.91,-5.14,1.72,-2.62,0.0,5.22
1972-02-01,,,,,,,-9.17,-1.28,-3.46,9.78,-1.81,6.45,2.48
1972-03-01,,,,,,,9.1,-3.54,-6.4,-2.92,2.23,0.0,-0.81
1972-04-01,,,,,,,-3.21,5.78,-11.67,6.49,-1.57,1.52,0.81
1972-05-01,,,,,,,-1.66,2.27,10.94,-13.82,-0.75,-1.49,-0.81
1972-06-01,,,,,,,3.97,-2.93,0.51,-5.17,0.02,-18.18,0.81
1972-07-01,,,,,,,-1.36,1.75,7.45,-5.64,-0.2,12.96,-4.84
1972-08-01,,,,,,,1.65,1.72,-2.52,3.47,0.53,-1.64,0.0
1972-09-01,,,,,,,2.98,-9.8,-5.82,2.05,-1.82,-6.67,2.54
1972-10-01,,,,,,,-0.08,5.9,3.09,-4.74,0.54,1.79,-3.31
1972-11-01,,,,,,,-6.81,-5.84,-5.16,-9.96,-5.6,0.0,-2.56
1972-12-01,,,,,,,-8.58,5.34,-3.33,-3.19,-1.28,7.02,0.0
1973-01-01,,,,,,,1.6,-7.95,-2.54,-9.89,-4.78,-6.56,-3.51
1973-02-01,,,,,,,11.01,-6.03,-2.79,-9.27,2.91,-8.77,-4.55
1973-03-01,,,,,,,-5.44,6.1,-4.02,4.3,-1.3,5.77,0.95
1973-04-01,,,,,,,5.81,10.0,-6.39,-12.37,1.48,-9.09,-5.66
1973-05-01,,,,,,,-1.64,-10.45,-0.43,2.65,-2.92,-2.0,1.0
1973-06-01,,,,,,,4.45,-5.45,-2.78,-6.88,0.79,2.04,-4.95
1973-07-01,,,,,,,-2.2,5.29,4.41,-13.23,-1.33,4.0,0.0
1973-08-01,,,,,,,0.84,-4.11,-4.22,18.44,0.0,-5.77,2.08
1973-09-01,,,,,,,-3.45,6.83,7.93,-11.68,1.05,10.2,-4.08
1973-10-01,,,,,,,-6.69,-1.86,-6.73,13.9,-4.74,1.85,8.51
1973-11-01,,,,,,,10.91,-4.92,5.47,4.17,6.08,-7.27,-2.94
1973-12-01,,,,,,,1.92,4.3,-8.92,-6.29,2.12,-7.84,-4.04
1974-01-01,,,,,,,2.92,7.18,6.38,1.22,3.45,6.38,0.0
1974-02-01,,,,,,,1.33,1.57,6.0,0.6,1.87,2.0,1.05
1974-03-01,,,,,,,-0.78,-1.61,4.85,-1.2,-2.05,-5.88,1.04
1974-04-01,,,,,,,-3.15,3.78,3.08,7.27,-0.35,4.17,1.03
1974-05-01,,,,,,,5.13,-3.23,-2.06,0.56,1.88,-8.0,-2.04
1974-06-01,,,,,,,1.63,7.67,6.68,3.09,4.72,15.22,1.04
1974-07-01,,,,,,,1.16,5.6,-3.94,5.45,2.76,7.55,2.06
1974-08-01,,,,,,,3.29,-7.43,6.52,0.26,-0.81,-12.28,-1.01
1974-09-01,,,,,,,4.37,13.28,10.14,0.77,8.26,6.0,-2.04
1974-10-01,,,,,,,0.0,5.36,6.98,1.79,1.58,3.77,3.13
1974-11-01,,,,,,,12.08,8.36,3.56,8.04,11.17,-5.45,-3.03
1974-12-01,,,,,,,2.39,12.15,12.89,25.12,8.08,9.62,5.21
1975-01-01,,,,,,,5.38,23.01,18.02,16.17,13.03,10.53,5.94
1975-02-01,,,,,,,-10.51,-1.13,20.86,14.72,0.25,12.7,9.35
1975-03-01,,,,,,,8.35,0.54,16.1,7.25,6.09,1.41,0.85
1975-04-01,,,,,,,-8.71,3.38,13.26,25.36,2.91,20.83,9.32
1975-05-01,,,,,,,4.67,-0.99,5.14,12.97,2.72,8.05,3.88
1975-06-01,,,,,,,-5.87,-6.17,-1.03,19.83,-2.53,-6.38,14.18
1975-07-01,,,,,,,0.35,-10.21,0.26,7.36,-1.13,-2.27,-1.96
1975-08-01,,,,,,,-2.57,4.54,-9.86,5.07,-2.45,6.98,4.0
1975-09-01,,,,,,,2.49,-0.59,-5.9,8.56,-0.06,0.0,3.21
1975-10-01,,,,,,,2.92,1.48,-5.12,-9.39,-0.33,-6.52,-4.35
1975-11-01,,,,,,,-8.24,-1.96,-7.82,13.6,-1.3,10.47,7.79
1975-12-01,,,,,,,1.62,-6.57,12.06,-3.59,-0.64,-5.26,-0.6
1976-01-01,,,,,,,-0.47,-1.69,-11.7,-0.32,-2.71,0.0,0.61
1976-02-01,,,,,,,1.82,-8.08,-12.9,-3.04,-2.76,-8.89,-1.81
1976-03-01,,,,,,,-6.11,0.76,-0.51,-4.76,-1.31,6.1,1.23
1976-04-01,,,,,,,11.8,0.8,-18.35,-3.49,1.38,-5.75,-3.64
1976-05-01,,,,,,,-4.87,1.89,11.86,-13.48,-3.78,1.22,-5.66
1976-06-01,,,,,,,-0.29,11.32,9.26,10.99,3.81,-6.02,12.67
1976-07-01,,,,,,,6.39,-4.38,8.89,-7.61,2.29,-1.28,-7.1
1976-08-01,,,,,,,-2.43,6.51,3.0,2.4,0.37,2.6,-0.64
1976-09-01,,,,,,,0.59,0.26,-0.55,-5.94,-1.84,-1.27,-2.56
1976-10-01,,,,,,,1.2,-1.89,-2.84,2.24,0.68,-1.28,0.0
1976-11-01,,,,,,,-4.04,7.18,1.41,3.82,2.56,9.09,0.66
1976-12-01,,,,,,,3.36,-5.92,-3.25,4.38,-0.98,-4.76,-1.31
1977-01-01,,,,,,,-0.92,-4.25,-5.0,-9.22,-3.51,-6.25,0.66
1977-02-01,,,,,,,4.18,1.54,-2.02,-0.5,2.24,-4.0,-3.29
1977-03-01,,,,,,,-0.73,-1.21,-7.74,-3.49,-1.83,0.0,-1.36
1977-04-01,,,,,,,0.74,-9.9,-8.72,-3.7,-3.39,1.39,-0.69
1977-05-01,,,,,,,-8.66,8.83,5.27,-4.55,-2.1,8.22,3.47
1977-06-01,,,,,,,13.94,-4.24,3.84,-4.02,3.23,-21.52,-3.36
1977-07-01,,,,,,,-8.89,-0.87,4.71,-5.17,-4.28,14.52,-0.69
1977-08-01,,,,,,,1.29,7.14,0.43,-7.71,1.41,-1.41,-2.8
1977-09-01,,,,,,,-0.45,-3.72,-2.56,4.57,-2.51,-4.29,0.72
1977-10-01,,,,,,,0.0,0.09,-4.16,-2.77,0.18,2.99,-2.14
1977-11-01,,,,,,,1.42,-2.21,3.65,-1.86,0.77,1.45,-0.73
1977-12-01,,,,,,,-6.67,-6.68,-5.4,-4.24,-6.29,-2.86,0.0
1978-01-01,,,,,,,3.48,2.47,-3.38,-5.24,1.61,-4.41,-5.15
1978-02-01,,,,,,,-2.12,-2.36,10.48,-17.96,-2.64,3.08,-3.1
1978-03-01,,,,,,,3.87,1.24,-10.91,7.05,0.3,-7.46,-0.8
1978-04-01,,,,,,,-4.21,-3.97,0.61,-4.76,-2.48,-1.61,-0.81
1978-05-01,,,,,,,4.36,-3.23,-11.44,1.76,-0.86,-6.56,-1.63
1978-06-01,,,,,,,-2.86,6.51,-2.2,-7.51,-1.62,5.26,0.0
1978-07-01,,,,,,,10.08,-4.06,0.42,2.81,4.66,-3.33,-0.83
1978-08-01,,,,,,,-6.88,5.36,-11.89,-6.99,-3.63,0.0,-5.0
1978-09-01,,,,,,,2.9,-4.22,8.57,1.96,0.74,-3.45,0.0
1978-10-01,,,,,,,-5.27,-2.71,5.7,-4.49,-2.91,5.36,2.63
1978-11-01,,,,,,,4.2,2.62,-1.94,-10.57,2.19,-6.78,-5.13
1978-12-01,,,,,,,2.58,6.54,7.05,-4.32,2.48,1.82,-4.5
1979-01-01,,,,,,,-6.28,-0.05,-5.53,4.51,-1.91,5.36,4.72
1979-02-01,,,,,,,3.87,-1.95,3.91,3.56,1.05,0.0,0.9
1979-03-01,,,,,,,-1.93,-1.48,3.76,7.25,-1.04,0.0,4.46
1979-04-01,,,,,,,3.34,-1.4,-6.47,-7.26,-0.65,-8.47,-5.98
1979-05-01,,,,,,,-5.62,-0.58,-0.55,-5.28,-3.77,3.7,0.91
1979-06-01,,,,,,,6.27,-4.27,-9.6,0.19,2.04,0.0,-6.31
1979-07-01,,,,,,,-1.93,9.14,0.46,-9.79,0.62,5.36,-0.96
1979-08-01,,,,,,,14.05,-8.17,2.45,13.62,5.4,-18.64,2.91
1979-09-01,,,,,,,-10.62,12.86,-4.33,-0.37,-2.06,14.58,-0.94
1979-10-01,,,,,,,3.16,-2.09,7.66,-0.38,1.71,0.0,0.0
1979-11-01,,,,,,,-0.3,-6.36,-0.15,3.96,-0.92,-3.64,0.95
1979-12-01,,,,,,,-0.56,7.97,6.54,-1.27,1.39,7.55,1.89
1980-01-01,,,,,,,6.7,1.48,9.82,0.74,5.66,-7.02,-3.7
1980-02-01,,,,,,,-2.52,6.64,5.59,-7.3,0.28,9.43,1.92
1980-03-01,,,,,,,-1.18,3.27,-1.76,22.44,0.4,3.45,3.77
1980-04-01,,,,,,,8.94,5.11,20.12,11.09,9.35,-3.33,3.64
1980-05-01,,,,,,,11.26,9.21,1.79,4.05,8.51,-1.72,-4.39
1980-06-01,,,,,,,-9.19,10.39,-3.33,7.51,1.43,12.28,3.67
1980-07-01,,,,,,,1.44,-2.15,12.56,14.36,3.27,9.37,4.42
1980-08-01,,,,,,,-1.24,-5.64,10.89,5.2,-0.98,7.14,5.08
1980-09-01,,,,,,,-7.76,-1.69,9.01,3.87,-3.14,2.67,4.03
1980-10-01,,,,,,,2.73,-2.64,-7.22,9.73,0.84,-2.6,1.55
1980-11-01,,,,,,,-2.78,-1.81,-4.01,6.89,-0.8,2.67,3.82
1980-12-01,,,,,,,-1.56,-10.57,5.27,1.24,-3.8,-2.6,0.74
1981-01-01,,,,,,,7.14,4.48,-10.56,10.11,4.57,-1.33,4.38
1981-02-01,,,,,,,-0.93,3.34,-2.4,-1.43,-0.25,-4.05,-1.4
1981-03-01,,,,,,,1.25,0.66,-3.64,-2.25,-0.86,0.0,-0.71
1981-04-01,,,,,,,-4.3,0.33,3.78,-6.98,-1.42,4.23,-0.71
1981-05-01,,,,,,,7.03,6.49,-2.46,1.5,3.88,-6.76,-2.16
1981-06-01,,,,,,,-2.02,-7.36,5.13,-2.26,-0.93,-4.35,0.74
1981-07-01,,,,,,,-0.99,0.21,-4.17,-3.29,-2.9,7.58,0.73
1981-08-01,,,,,,,0.39,3.28,-0.28,7.18,2.2,1.41,4.35
1981-09-01,,,,,,,5.21,1.49,6.5,-4.3,2.41,-5.56,-5.56
1981-10-01,,,,,,,4.67,5.15,1.92,1.8,5.05,0.0,-0.74
1981-11-01,,,,,,,4.27,5.88,2.82,0.79,4.43,1.47,-2.96
1981-12-01,,,,,,,3.59,6.37,0.08,2.45,2.64,0.0,0.0
1982-01-01,,,,,,,-0.63,2.84,1.66,1.28,1.4,2.9,2.29
1982-02-01,,,,,,,-2.96,1.56,20.93,7.84,3.28,5.63,5.22
1982-03-01,,,,,,,2.31,-0.48,8.65,6.18,1.96,2.67,0.0
1982-04-01,,,,,,,1.41,3.86,-1.37,10.53,3.53,5.19,2.84
1982-05-01,,,,,,,-1.67,2.11,4.67,7.73,0.89,4.94,2.76
1982-06-01,,,,,,,-7.18,3.58,0.48,10.33,1.96,11.76,5.37
1982-07-01,,,,,,,8.96,-3.31,4.32,1.79,2.95,-10.53,-1.91
1982-08-01,,,,,,,-0.87,1.64,5.23,2.75,0.29,2.35,5.19
1982-09-01,,,,,,,1.82,4.17,2.24,8.15,3.09,9.2,2.47
1982-10-01,,,,,,,-2.34,-0.66,3.63,11.3,2.78,2.11,3.61
1982-11-01,,,,,,,2.61,1.35,10.73,4.1,3.55,3.09,-0.58
1982-12-01,,,,,,,-0.88,-2.64,-2.28,9.67,0.95,2.0,5.85
1983-01-01,,,,,,,-7.24,-3.3,-4.62,4.02,-4.29,8.82,7.18
1983-02-01,,,,,,,1.72,-4.08,-3.8,1.84,0.1,-11.71,-1.03
1983-03-01,,,,,,,-5.78,-0.85,-3.06,1.1,-1.19,6.12,1.04
1983-04-01,,,,,,,1.06,-1.21,-11.04,-1.31,-1.23,4.81,0.52
1983-05-01,,,,,,,-0.23,-4.27,7.71,1.48,-1.01,12.84,5.13
1983-06-01,,,,,,,4.39,-1.78,-11.35,4.91,0.82,-8.13,1.46
1983-07-01,,,,,,,-6.16,-3.59,9.46,-10.09,-6.21,-10.62,1.92
1983-08-01,,,,,,,5.0,7.59,-11.24,-2.47,0.71,-7.92,-5.66
1983-09-01,,,,,,,3.74,-8.6,-8.25,-3.52,-3.21,0.0,1.0
1983-10-01,,,,,,,-7.35,-1.37,-2.97,-6.72,-3.84,1.08,0.0
1983-11-01,,,,,,,-4.12,-3.36,-0.22,-4.83,-3.92,-1.06,-2.48
1983-12-01,,,,,,,3.23,-4.65,-3.65,-4.89,-1.77,-6.45,-2.54
1984-01-01,,,,,,,-4.23,0.44,-7.89,-1.02,-3.46,4.6,6.25
1984-02-01,,,,,,,0.54,-1.86,-4.7,-10.1,-2.41,-8.79,-6.86
1984-03-01,,,,,,,0.24,0.64,-4.84,-2.94,-0.51,0.0,0.53
1984-04-01,,,,,,,0.81,-1.68,-0.64,-0.9,0.18,-1.2,-1.05
1984-05-01,,,,,,,-5.8,-2.93,9.05,-4.14,-3.49,10.98,-0.53
1984-06-01,,,,,,,2.97,-4.78,-13.16,-6.8,-2.72,-17.58,-3.72
1984-07-01,,,,,,,4.02,8.75,1.16,0.89,3.78,0.0,-0.55
1984-08-01,,,,,,,5.16,-2.31,3.91,-4.72,-0.21,-2.67,-3.89
1984-09-01,,,,,,,-6.78,5.92,-0.18,-4.22,-1.78,4.11,-1.73
1984-10-01,,,,,,,2.95,-6.49,1.1,-1.65,0.17,-5.26,-1.76
1984-11-01,,,,,,,-0.91,-1.51,-7.55,-0.35,-2.18,0.0,1.8
1984-12-01,,,,,,,-0.62,9.42,-0.79,-2.04,1.95,1.39,-1.18
1985-01-01,,,,,,,8.78,-1.63,-3.87,-5.6,0.78,-6.85,-5.36
1985-02-01,,,,,,,-5.34,-3.31,7.84,2.21,-1.21,4.41,0.0
1985-03-01,,,,,,,1.38,-0.37,0.0,0.37,0.22,0.0,1.26
1985-04-01,,,,,,,-0.57,2.13,-2.87,2.15,0.67,-2.82,1.86
1985-05-01,,,,,,,0.11,2.44,4.14,-10.38,-1.11,0.0,-6.71
1985-06-01,,,,,,,1.0,-1.53,-2.65,3.72,1.9,-4.35,1.31
1985-07-01,,,,,,,0.48,1.47,3.21,-1.09,0.63,4.55,0.0
1985-08-01,,,,,,,-3.26,-1.53,-2.45,-3.55,-3.72,2.9,-1.29
1985-09-01,,,,,,,1.6,2.19,-2.61,0.9,0.63,-2.82,0.0
1985-10-01,,,,,,,-2.0,-0.97,8.62,-2.76,0.61,2.9,0.0
1985-11-01,,,,,,,1.14,-3.5,-16.97,8.17,-2.05,-1.41,2.61
1985-12-01,,,,,,,-2.02,3.58,10.22,-7.09,0.12,-2.86,-3.82
1986-01-01,,,,,,,-1.77,-5.11,-0.1,-9.79,-4.21,-1.47,-1.99
1986-02-01,,,,,,,5.49,6.42,12.28,8.83,7.79,2.99,2.7
1986-03-01,,,,,,,0.68,0.66,-3.29,-0.85,-0.23,-1.45,-3.95
1986-04-01,,,,,,,1.64,3.09,-9.19,0.09,-0.23,-1.47,0.68
1986-05-01,,,,,,,-0.33,0.15,7.69,-0.51,0.9,1.49,0.0
1986-06-01,,,,,,,-2.7,1.31,-2.26,9.59,0.82,2.94,3.4
1986-07-01,,,,,,,-1.23,-5.8,1.54,-5.23,-2.22,-1.43,0.0
1986-08-01,,,,,,,-0.2,-5.89,2.65,-1.73,-2.21,2.9,1.97
1986-09-01,,,,,,,-0.99,10.18,-0.28,3.78,2.15,4.23,-0.65
1986-10-01,,,,,,,0.32,-1.63,-9.9,-1.86,-0.81,-5.41,-1.3
1986-11-01,,,,,,,-2.14,1.19,6.47,-4.04,-1.02,1.43,-1.32
1986-12-01,,,,,,,-1.38,-8.86,-2.51,-1.29,-3.38,0.0,0.0
1987-01-01,,,,,,,2.82,0.08,1.68,-0.87,0.11,-2.82,-0.67
1987-02-01,,,,,,,-1.98,0.67,-2.33,-2.37,-0.34,-4.35,-1.34
1987-03-01,,,,,,,1.9,-0.91,-5.48,0.72,-0.04,0.0,1.36
1987-04-01,,,,,,,-6.62,-6.56,6.64,-3.75,-4.07,7.58,-0.67
1987-05-01,,,,,,,4.84,-6.08,-1.98,3.06,0.42,-7.04,0.68
1987-06-01,,,,,,,-4.46,3.48,2.02,-3.33,-2.32,-1.52,0.0
1987-07-01,,,,,,,1.58,-1.24,-7.31,-8.56,-1.76,0.0,-4.7
1987-08-01,,,,,,,-0.81,0.42,-11.19,6.31,-0.1,-1.54,1.41
1987-09-01,,,,,,,1.03,-5.75,5.28,-5.36,-2.19,-6.25,-1.39
1987-10-01,,,,,,,0.53,6.45,-4.45,-3.34,1.76,5.0,-1.41
1987-11-01,,,,,,,-2.13,-3.65,3.94,-3.14,-2.66,-1.59,0.0
1987-12-01,,,,,,,0.19,-4.99,-0.46,-2.81,-1.41,-3.23,1.43
1988-01-01,,,,,,,-2.89,8.69,-2.54,-3.44,0.25,3.33,0.0
1988-02-01,,,,,,,-0.94,-1.91,0.59,2.19,-0.35,1.61,1.41
1988-03-01,,,,,,,-0.49,-1.09,5.41,-4.5,-0.76,1.59,-4.86
1988-04-01,,,,,,,2.14,-7.52,-15.96,-4.48,-4.0,-7.81,-2.92
1988-05-01,,,,,,,-0.39,5.49,6.37,4.44,2.7,0.0,3.76
1988-06-01,,,,,,,0.19,-5.5,-9.36,-4.85,-3.44,-1.69,-5.07
1988-07-01,,,,,,,-3.32,7.43,10.88,-1.12,0.9,5.17,2.29
1988-08-01,,,,,,,5.8,-4.55,4.84,-0.13,3.6,-3.28,1.49
1988-09-01,,,,,,,-0.63,-4.71,-10.43,2.26,-3.49,-3.39,0.0
1988-10-01,,,,,,,-1.46,-0.85,5.03,-5.54,-0.55,-1.75,-1.47
1988-11-01,,,,,,,-0.29,5.53,-3.65,-8.46,-0.47,1.79,-5.97
1988-12-01,,,,,,,-4.04,2.85,-1.83,5.12,-0.29,3.51,2.38
1989-01-01,,,,,,,5.85,-0.64,-0.4,-0.95,2.52,-5.08,-2.33
1989-02-01,,,,,,,1.53,-6.62,-10.56,-13.25,-4.83,-3.57,-1.59
1989-03-01,,,,,,,-4.76,-1.44,2.09,5.51,-2.42,0.0,-0.81
1989-04-01,,,,,,,2.24,7.24,-0.44,7.01,4.24,0.0,1.63
1989-05-01,,,,,,,-1.86,0.15,5.0,-11.58,-1.44,-1.85,-4.0
1989-06-01,,,,,,,8.22,1.66,-3.78,-3.31,3.17,1.89,-7.5
1989-07-01,,,,,,,-3.94,-2.92,18.49,1.31,-1.25,3.7,6.31
1989-08-01,,,,,,,-2.62,3.93,-8.85,-9.82,0.25,-10.71,-3.39
1989-09-01,,,,,,,4.01,-2.8,2.56,6.96,1.21,-2.0,0.88
1989-10-01,,,,,,,0.12,0.56,-1.97,7.85,0.61,0.0,3.48
1989-11-01,,,,,,,0.9,2.16,2.28,1.39,1.43,-2.04,-1.68
1989-12-01,,,,,,,0.86,-2.36,-3.01,-3.05,-0.86,2.08,-0.85
1990-01-01,,,,,,,-2.63,5.23,3.51,1.73,1.27,4.08,1.72
1990-02-01,,,,,,,1.07,-1.2,-5.22,-3.41,-1.5,3.92,-1.69
1990-03-01,,,,,,,-0.53,1.69,-4.41,2.08,-0.8,-3.77,0.86
1990-04-01,,,,,,,1.97,3.33,4.76,1.88,3.02,-5.88,0.85
1990-05-01,,,,,,,-4.65,4.51,6.05,-0.77,-0.81,8.33,-0.85
1990-06-01,,,,,,,1.09,-6.65,3.24,-0.62,-2.25,0.0,-0.85
1990-07-01,,,,,,,2.22,5.76,6.28,7.5,5.04,3.85,2.59
1990-08-01,,,,,,,3.07,0.62,3.66,6.1,3.84,0.0,2.52
1990-09-01,,,,,,,-1.2,5.32,4.22,6.99,2.5,3.7,1.64
1990-10-01,,,,,,,2.04,1.77,-0.33,-0.38,1.24,3.57,-1.61
1990-11-01,,,,,,,2.84,2.03,9.55,7.07,4.09,-1.72,1.64
1990-12-01,,,,,,,0.58,4.06,-2.51,-0.24,1.76,3.51,0.81
1991-01-01,,,,,,,0.23,2.53,2.57,4.45,1.44,1.69,-2.4
1991-02-01,,,,,,,3.31,3.76,5.31,4.15,3.12,3.33,4.1
1991-03-01,,,,,,,-1.28,7.37,12.84,5.2,3.88,8.06,1.57
1991-04-01,,,,,,,-3.93,-4.4,3.46,2.94,-1.71,-1.49,4.65
1991-05-01,,,,,,,6.5,2.25,-1.55,6.64,3.52,-3.03,-4.44
1991-06-01,,,,,,,-5.33,-0.07,17.88,6.23,-0.5,7.81,6.2
1991-07-01,,,,,,,-0.18,-2.06,-10.11,-0.09,-1.22,1.45,0.73
1991-08-01,,,,,,,0.7,-1.82,0.94,5.42,0.93,4.29,0.72
1991-09-01,,,,,,,0.93,-0.65,1.08,1.97,0.65,-6.85,0.72
1991-10-01,,,,,,,-0.14,1.65,7.43,3.69,1.38,5.88,2.86
1991-11-01,,,,,,,-0.37,0.07,-4.35,11.42,1.01,4.17,2.78
1991-12-01,,,,,,,0.38,1.15,3.43,9.3,2.99,4.0,4.05
1992-01-01,,,,,,,-2.16,0.46,3.53,7.91,0.92,3.85,4.55
1992-02-01,,,,,,,-3.56,4.49,2.85,4.99,1.84,1.23,3.73
1992-03-01,,,,,,,4.12,-5.15,-3.59,3.93,0.06,1.22,2.4
1992-04-01,,,,,,,-3.4,0.71,-3.16,-1.19,-0.48,2.41,1.75
1992-05-01,,,,,,,3.67,-1.17,5.8,13.37,3.49,3.53,2.3
1992-06-01,,,,,,,2.96,0.75,10.14,8.37,3.04,-1.14,2.25
1992-07-01,,,,,,,-2.27,0.82,-7.34,-1.21,-1.89,-1.15,-0.55
1992-08-01,,,,,,,-0.06,0.28,1.07,-2.4,-0.64,2.33,-0.55
1992-09-01,,,,,,,-0.23,1.48,-7.5,1.83,-0.06,-2.27,0.56
1992-10-01,,,,,,,-2.1,-8.74,-5.89,3.93,-3.92,4.65,4.42
1992-11-01,,,,,,,-1.16,11.14,7.17,-9.21,1.78,0.0,-5.29
1992-12-01,,,,,,,-3.86,-5.61,13.52,3.21,-0.08,3.33,6.15
1993-01-01,,,,,,,3.45,-3.99,-13.48,-4.38,-2.43,-7.53,-3.68
1993-02-01,,,,,,,4.91,-2.6,-7.03,-3.0,-1.52,-1.16,-0.55
1993-03-01,,,,,,,-5.81,3.33,2.03,-5.3,-1.38,0.0,-3.3
1993-04-01,,,,,,,2.76,-1.73,5.5,-9.58,0.6,-1.18,0.0
1993-05-01,,,,,,,0.39,-0.11,-4.06,8.76,0.43,-3.57,-0.57
1993-06-01,,,,,,,-4.31,6.15,2.26,0.56,-0.31,2.47,1.71
1993-07-01,,,,,,,2.3,-6.91,-5.83,-0.9,-2.09,-1.2,-0.56
1993-08-01,,,,,,,-3.52,0.35,-1.57,0.0,-1.87,0.0,1.69
1993-09-01,,,,,,,-1.54,-3.04,2.39,-0.79,-0.56,1.22,0.56
1993-10-01,,,,,,,6.68,-0.08,-5.13,3.02,0.41,-3.61,0.0
1993-11-01,,,,,,,-7.46,0.16,-2.79,-0.5,-2.38,3.75,2.76
1993-12-01,,,,,,,5.15,-6.2,0.0,-1.0,-0.76,0.0,-1.61
1994-01-01,,,,,,,-1.91,0.93,11.89,-2.75,1.8,3.61,1.64
1994-02-01,,,,,,,-16.71,13.84,2.41,1.5,-0.54,6.98,2.15
1994-03-01,,,,,,,5.17,-6.3,-6.18,1.19,-1.32,1.09,0.0
1994-04-01,,,,,,,1.9,-4.44,-7.84,-1.91,-1.64,-2.15,0.0
1994-05-01,,,,,,,-6.69,1.32,-2.98,-2.86,-4.99,1.1,2.63
1994-06-01,,,,,,,3.96,-0.53,1.32,-6.84,0.15,1.09,-3.59
1994-07-01,,,,,,,2.29,-5.43,9.09,-1.14,0.24,-3.23,1.06
1994-08-01,,,,,,,-5.28,10.92,-6.27,0.45,-0.16,-1.11,-1.05
1994-09-01,,,,,,,0.0,-9.81,1.86,-1.66,-2.51,3.37,-0.53
1994-10-01,,,,,,,-9.25,-1.47,13.38,3.11,-1.32,8.7,3.21
1994-11-01,,,,,,,8.04,-5.21,-12.32,-7.61,-3.37,-10.0,-6.74
1994-12-01,,,,,,,-1.45,-0.83,-6.27,-7.01,-1.97,-3.33,-1.11
1995-01-01,,,,,,,7.09,0.84,-5.8,-1.98,2.01,-8.05,-3.93
1995-02-01,,,,,,,-6.73,1.52,5.97,-8.51,-2.55,1.25,-0.58
1995-03-01,,,,,,,-0.23,3.6,-15.19,9.14,-0.47,2.47,1.76
1995-04-01,,,,,,,6.14,4.13,11.7,5.61,6.88,0.0,1.73
1995-05-01,,,,,,,-4.65,-1.6,18.96,-6.86,-2.81,9.64,-3.41
1995-06-01,,,,,,,5.42,0.94,-18.24,-6.16,-0.04,-13.19,-6.47
1995-07-01,,,,,,,-4.26,8.96,2.91,1.21,1.35,7.59,3.77
1995-08-01,,,,,,,4.0,-5.11,8.95,-1.2,-0.57,-2.35,-1.82
1995-09-01,,,,,,,4.58,-5.67,-9.6,2.11,-0.08,-4.82,0.0
1995-10-01,,,,,,,-4.62,3.66,0.67,-3.25,-2.01,3.8,-1.23
1995-11-01,,,,,,,3.19,-1.13,3.14,2.79,1.34,-2.44,2.5
1995-12-01,,,,,,,-5.33,2.59,2.95,-3.19,-0.04,3.75,-0.61
1996-01-01,,,,,,,2.37,-1.12,4.03,-0.41,0.92,0.0,-1.23
1996-02-01,,,,,,,-0.44,-5.07,-4.82,-0.66,-2.38,-6.02,1.86
1996-03-01,,,,,,,-4.39,-0.31,1.63,10.74,0.07,6.41,5.49
1996-04-01,,,,,,,-2.47,4.38,-1.42,1.28,1.33,3.61,1.73
1996-05-01,,,,,,,9.29,-0.38,-5.78,0.89,0.11,0.0,-3.41
1996-06-01,,,,,,,-7.7,-7.96,-5.65,0.81,-4.42,-3.49,3.53
1996-07-01,,,,,,,4.7,7.86,-2.44,-2.48,3.41,0.0,-5.11
1996-08-01,,,,,,,-6.59,-6.22,4.27,-5.31,-6.2,1.2,3.59
1996-09-01,,,,,,,1.16,1.23,0.4,-4.03,1.41,1.19,-2.89
1996-10-01,,,,,,,-1.9,5.42,7.75,-2.47,0.75,-2.35,-2.98
1996-11-01,,,,,,,17.88,-5.44,-6.55,-3.21,2.92,-7.23,-2.45
1996-12-01,,,,,,,-10.24,9.52,-4.24,0.7,0.23,1.3,-1.89
1997-01-01,,,,,,,5.23,-8.19,4.33,-0.35,-1.31,0.0,2.56
1997-02-01,,,,,,,-7.58,6.22,1.88,-3.57,-0.78,3.85,-1.25
1997-03-01,,,,,,,2.08,-1.44,-1.84,-0.99,-1.44,-2.47,-1.9
1997-04-01,,,,,,,-6.26,-5.73,5.83,0.64,-1.81,5.06,0.65
1997-05-01,,,,,,,3.61,-5.89,-0.09,-4.89,-3.17,-3.61,-1.28
1997-06-01,,,,,,,1.39,5.53,-5.7,2.38,2.16,0.0,0.65
1997-07-01,,,,,,,-6.25,-3.72,3.17,0.19,-2.12,3.75,5.81
1997-08-01,,,,,,,5.12,1.24,-10.76,-0.28,-0.71,-6.02,-2.44
1997-09-01,,,,,,,-2.02,-0.85,7.64,-0.09,0.73,5.13,-0.62
1997-10-01,,,,,,,3.72,-6.47,-8.4,-3.72,-3.03,-6.1,1.26
1997-11-01,,,,,,,-3.39,3.1,-4.04,-9.28,-2.26,-1.3,-4.35
1997-12-01,,,,,,,2.22,-4.44,4.32,4.9,2.66,-1.32,3.25
1998-01-01,,,,,,,2.09,-0.41,-8.62,1.12,-1.67,-1.33,-1.89
1998-02-01,,,,,,,-0.58,-0.57,1.67,-3.82,-0.97,-5.41,-1.28
1998-03-01,,,,,,,8.44,2.82,0.23,-4.08,1.84,-2.86,-5.84
1998-04-01,,,,,,,-5.77,-2.74,-30.44,-3.81,-7.49,-1.47,1.38
1998-05-01,,,,,,,0.49,1.67,9.6,-4.98,1.78,-10.45,0.0
1998-06-01,,,,,,,-3.6,6.62,26.57,-5.96,2.73,15.0,-4.08
1998-07-01,,,,,,,1.85,-3.56,-8.37,4.06,0.76,-2.9,0.0
1998-08-01,,,,,,,0.15,-2.09,7.02,-0.37,-1.28,1.49,-2.84
1998-09-01,,,,,,,1.04,1.12,-4.46,11.98,1.96,-1.47,5.11
1998-10-01,,,,,,,7.58,-3.83,-6.35,-6.33,-0.32,-13.43,-2.08
1998-11-01,,,,,,,-11.09,4.66,-1.11,1.98,-2.87,13.79,2.84
1998-12-01,,,,,,,3.07,-9.61,5.73,-8.23,-1.11,3.03,-3.45
1999-01-01,,,,,,,-4.83,10.35,2.51,-11.08,-0.93,1.47,-4.29
1999-02-01,,,,,,,4.22,-2.36,-3.35,12.18,2.26,-1.45,2.99
1999-03-01,,,,,,,-3.62,-2.11,1.2,-10.86,-5.37,0.0,-2.9
1999-04-01,,,,,,,12.45,-2.99,3.17,-2.24,3.82,-8.82,-0.75
1999-05-01,,,,,,,-9.71,-3.19,0.64,2.87,-3.46,4.84,0.75
1999-06-01,,,,,,,0.4,-0.89,3.18,13.09,2.67,-3.08,6.72
1999-07-01,,,,,,,4.84,0.56,-3.82,-9.85,1.24,-7.94,-4.9
1999-08-01,,,,,,,-3.67,2.3,-4.23,-3.55,-3.1,12.07,-3.68
1999-09-01,,,,,,,2.55,0.6,-1.2,0.42,1.32,-7.69,0.0
1999-10-01,,,,,,,-2.87,0.65,-3.52,2.12,-2.32,1.67,1.53
1999-11-01,,,,,,,1.03,-3.9,-2.24,-5.8,-1.07,1.64,-3.01
1999-12-01,,,,,,,3.12,-9.07,-0.14,-0.29,-1.1,-6.45,0.0
2000-01-01,,,,,,,-3.82,8.36,-5.32,6.03,0.97,0.0,1.55
2000-02-01,,,,,,,2.48,9.32,1.82,-12.76,2.63,5.17,-3.82
2000-03-01,,,,,,,6.76,-6.85,-0.75,2.7,-2.13,-1.64,0.79
2000-04-01,,,,,,,-9.71,3.59,-0.6,-7.28,-4.4,1.67,-2.36
2000-05-01,,,,,,,2.15,3.58,3.17,7.35,5.05,-4.92,1.61
2000-06-01,,,,,,,0.59,-8.27,-9.81,-2.49,-1.86,-1.72,-2.38
2000-07-01,,,,,,,-3.14,4.05,4.71,11.32,1.7,5.26,8.94
2000-08-01,,,,,,,2.08,3.78,6.2,1.58,1.84,5.0,-3.73
2000-09-01,,,,,,,0.82,-7.77,-5.99,-8.89,-3.9,-17.46,-5.43
2000-10-01,,,,,,,-2.88,-1.26,10.25,-2.94,-1.62,17.31,4.1
2000-11-01,,,,,,,0.6,3.83,1.83,-5.42,1.9,0.0,-2.36
2000-12-01,,,,,,,-1.39,1.96,-4.98,8.26,-0.09,-1.64,0.81
2001-01-01,,,,,,,6.9,7.18,1.31,5.3,6.9,-3.33,1.6
2001-02-01,,,,,,,7.67,-9.82,11.64,5.62,1.1,5.17,0.79
2001-03-01,,,,,,,-5.96,16.72,6.18,-2.52,0.85,8.2,0.0
2001-04-01,,,,,,,10.85,-3.35,-4.61,2.3,2.12,-10.61,-3.13
2001-05-01,,,,,,,-9.12,2.76,11.44,-12.36,-0.72,6.78,-2.42
2001-06-01,,,,,,,3.96,-0.98,-6.27,13.78,4.14,-4.76,4.96
2001-07-01,,,,,,,-5.91,8.0,15.69,-1.13,1.53,13.33,1.57
2001-08-01,,,,,,,12.26,0.0,5.57,22.08,6.97,1.47,3.1
2001-09-01,,,,,,,-4.35,7.45,12.65,-4.43,1.42,4.35,-0.75
2001-10-01,,,,,,,9.66,7.7,3.71,10.99,7.73,1.39,0.76
2001-11-01,,,,,,,-0.68,1.38,3.41,21.67,4.02,5.48,7.52
2001-12-01,,,,,,,-1.72,9.0,8.66,1.81,3.19,6.49,1.4
2002-01-01,,,,,,,0.23,-6.83,4.32,6.84,-0.92,2.44,1.38
2002-02-01,,,,,,,-1.97,-1.11,1.38,0.91,0.4,-1.19,2.04
2002-03-01,,,,,,,3.02,-0.54,-0.29,9.56,1.08,1.2,2.67
2002-04-01,,,,,,,-4.62,12.06,0.36,9.55,3.55,5.95,5.84
2002-05-01,,,,,,,-3.04,-10.03,-0.14,8.03,-2.33,6.74,3.07
2002-06-01,,,,,,,-4.64,2.71,-0.79,4.26,-0.07,15.79,0.6
2002-07-01,,,,,,,6.64,-7.05,0.0,-3.47,-0.04,-19.09,0.0
2002-08-01,,,,,,,1.25,2.35,-4.99,-0.69,-1.03,1.12,-2.37
2002-09-01,,,,,,,-5.3,0.04,5.94,0.45,-0.64,5.56,6.67
2002-10-01,,,,,,,-0.25,-0.55,-0.22,4.62,0.68,1.05,1.14
2002-11-01,,,,,,,6.69,-0.28,-4.97,5.44,2.56,-3.12,-1.12
2002-12-01,,,,,,,-3.8,3.35,2.12,10.38,1.41,3.23,5.11
2003-01-01,,,,,,,0.63,-0.27,4.31,-8.52,-1.39,0.0,0.0
2003-02-01,,,,,,,-2.03,1.12,-7.69,5.91,1.15,-1.04,0.0
2003-03-01,,,,,,,1.18,-1.69,5.09,-3.54,-0.35,2.11,-2.16
2003-04-01,,,,,,,-1.31,3.66,4.26,7.17,2.96,5.15,7.18
2003-05-01,,,,,,,6.94,-1.13,-2.25,0.1,1.3,-2.94,-2.06
2003-06-01,,,,,,,-2.74,4.33,4.61,8.86,3.45,16.16,4.74
2003-07-01,,,,,,,-6.4,-4.7,14.32,-6.1,-2.75,-10.43,-1.01
2003-08-01,,,,,,,2.98,0.34,-6.02,1.17,-1.28,-1.94,-2.54
2003-09-01,,,,,,,-3.46,5.71,-5.7,0.95,0.28,0.99,1.56
2003-10-01,,,,,,,0.22,-6.56,1.36,-2.73,-2.12,1.96,-1.03
2003-11-01,,,,,,,-1.99,-3.24,-5.23,2.4,-1.79,-0.96,3.11
2003-12-01,,,,,,,-3.84,-2.15,1.49,-3.74,-3.02,0.97,-0.5
2004-01-01,,,,,,,5.13,-3.5,1.25,-1.04,0.64,1.92,0.51
2004-02-01,,,,,,,-9.68,2.83,-4.2,-2.88,-2.43,-3.77,1.01
2004-03-01,,,,,,,8.74,-0.08,-4.38,6.84,3.97,0.0,-1.49
2004-04-01,,,,,,,5.42,-1.4,-12.4,-8.98,-3.78,-6.86,-1.01
2004-05-01,,,,,,,-2.05,-0.92,11.84,-0.33,0.51,4.21,1.02
2004-06-01,,,,,,,-1.69,0.38,-1.53,2.67,0.9,11.11,3.54
2004-07-01,,,,,,,5.34,-0.13,-3.66,-8.99,-1.81,-19.09,-8.29
2004-08-01,,,,,,,-5.67,7.51,-2.51,-2.44,-1.79,3.37,0.0
2004-09-01,,,,,,,3.68,-11.2,0.25,3.78,-0.79,4.35,3.19
2004-10-01,,,,,,,-0.94,1.19,7.86,2.06,1.69,-1.04,0.52
2004-11-01,,,,,,,-3.44,1.56,-3.53,-2.01,-1.6,2.11,1.03
2004-12-01,,,,,,,4.93,-3.04,1.27,-2.88,0.03,-2.06,-1.52
2005-01-01,,,,,,,-4.8,1.32,-5.57,-0.3,-1.89,-1.05,0.52
2005-02-01,,,,,,,4.33,2.05,5.4,-1.21,2.52,-2.13,-2.05
2005-03-01,,,,,,,-9.68,-0.72,-8.75,1.97,-3.05,1.09,2.09
2005-04-01,,,,,,,8.26,-1.68,-7.61,-3.07,-0.84,-3.23,0.51
2005-05-01,,,,,,,2.46,-2.53,7.11,-4.41,-0.27,1.11,-5.1
2005-06-01,,,,,,,-3.45,5.83,-10.04,-10.6,-1.66,-1.1,-3.76
2005-07-01,,,,,,,-3.42,0.3,3.69,0.36,-1.57,-2.22,-1.68
2005-08-01,,,,,,,0.08,-2.7,8.71,1.96,-0.82,4.55,4.55
2005-09-01,,,,,,,7.51,-0.43,-5.43,2.27,2.83,-8.7,-2.72
2005-10-01,,,,,,,-1.59,0.09,-2.55,-1.18,-1.32,2.38,0.0
2005-11-01,,,,,,,3.82,-0.61,4.3,-3.66,1.52,-1.16,-2.23
2005-12-01,,,,,,,-8.32,-1.45,-3.85,-1.02,-3.79,2.35,0.0
2006-01-01,,,,,,,-2.36,-2.45,2.52,-13.72,-2.95,-1.15,-3.43
2006-02-01,,,,,,,1.98,-4.83,8.64,15.38,1.7,5.81,5.33
2006-03-01,,,,,,,3.18,-4.26,-10.96,-3.04,-1.56,-4.4,-3.93
2006-04-01,,,,,,,0.23,7.15,-3.95,1.68,0.68,-3.45,-2.34
2006-05-01,,,,,,,-4.5,2.19,-5.19,0.15,-1.97,1.19,2.4
2006-06-01,,,,,,,6.29,-5.16,1.34,-14.1,0.3,-14.12,-2.92
2006-07-01,,,,,,,0.59,2.41,0.41,13.89,2.49,9.59,3.01
2006-08-01,,,,,,,-4.34,5.64,0.1,0.15,-1.17,5.0,0.0
2006-09-01,,,,,,,0.19,-8.59,-0.1,-4.67,-3.44,-4.76,0.0
2006-10-01,,,,,,,0.31,2.44,-0.2,-13.41,-1.75,-1.25,-4.68
2006-11-01,,,,,,,-4.01,5.18,4.47,4.92,2.16,5.06,-0.61
2006-12-01,,,,,,,3.39,-7.46,-3.7,-3.36,-1.6,-9.64,-0.62
2007-01-01,,,,,,,-1.35,10.75,2.53,4.39,5.24,10.67,1.24
2007-02-01,,,,,,,0.51,-4.37,-5.22,9.47,-2.66,2.41,2.45
2007-03-01,,,,,,,-10.37,-1.38,4.99,-0.32,-2.83,7.06,6.59
2007-04-01,,,,,,,6.46,1.87,6.44,-3.13,1.77,-5.49,-5.06
2007-05-01,,,,,,,0.33,0.23,2.33,-6.14,-1.23,-4.65,-1.78
2007-06-01,,,,,,,3.53,-2.24,3.45,0.97,3.15,-6.1,-0.6
2007-07-01,,,,,,,-1.92,3.23,-5.71,12.95,2.44,12.99,4.24
2007-08-01,,,,,,,4.48,-2.13,1.21,-3.49,-1.15,1.15,-1.16
2007-09-01,,,,,,,-2.18,6.31,0.46,1.44,1.46,-1.14,-4.12
2007-10-01,,,,,,,-0.47,9.16,-8.07,2.69,0.93,-3.45,4.29
2007-11-01,,,,,,,3.93,-10.43,-1.1,5.86,0.04,2.38,1.76
2007-12-01,,,,,,,2.76,6.02,18.65,-3.64,5.59,-2.33,-4.05
2008-01-01,,,,,,,-6.03,1.26,-2.12,4.83,0.52,7.14,5.42
2008-02-01,,,,,,,3.88,-1.5,-3.12,-4.25,-2.45,-3.33,-3.43
2008-03-01,,,,,,,6.41,7.05,4.66,-0.45,4.34,0.0,-2.37
2008-04-01,,,,,,,-11.69,1.46,12.5,3.7,-2.37,8.05,2.42
2008-05-01,,,,,,,31.49,-3.81,-7.23,13.78,9.93,-15.96,-1.78
2008-06-01,,,,,,,-16.02,21.81,9.68,0.96,2.14,13.92,3.01
2008-07-01,,,,,,,3.67,-6.07,8.45,5.58,4.22,7.78,-0.58
2008-08-01,,,,,,,14.09,-2.65,7.17,12.14,5.61,0.0,4.12
2008-09-01,,,,,,,-12.53,10.04,2.9,8.63,0.59,5.15,5.08
2008-10-01,,,,,,,11.31,0.66,6.94,12.48,6.11,1.96,6.99
2008-11-01,,,,,,,5.21,6.71,-0.35,-2.68,4.61,-5.77,-5.03
2008-12-01,,,,,,,-2.4,7.3,13.62,17.62,7.1,7.14,5.29
2009-01-01,,,,,,,8.26,4.69,6.66,3.41,6.84,1.9,-0.5
2009-02-01,,,,,,,-2.1,7.48,18.93,11.12,6.97,9.35,2.02
2009-03-01,,,,,,,0.43,4.73,6.88,8.7,4.09,5.13,3.47
2009-04-01,,,,,,,-3.67,0.39,0.34,15.09,3.18,6.5,3.83
2009-05-01,,,,,,,-2.76,7.73,15.76,5.89,4.66,8.4,3.23
2009-06-01,,,,,,,-4.07,-9.11,14.4,9.46,1.43,21.13,6.7
2009-07-01,,,,,,,0.74,-13.5,-16.2,13.06,-0.72,-6.98,5.02
2009-08-01,,,,,,,-6.28,12.04,-4.52,2.44,1.46,1.88,0.8
2009-09-01,,,,,,,-3.37,-3.87,4.19,9.07,1.32,9.2,5.14
2009-10-01,,,,,,,13.45,-5.91,3.37,2.71,2.29,6.18,3.38
2009-11-01,,,,,,,-12.63,-2.67,-5.29,4.7,-0.87,4.76,5.09
2009-12-01,,,,,,,2.24,0.0,-4.74,3.62,-0.8,1.52,2.77
2010-01-01,,,,,,,1.46,-1.94,-5.09,3.22,-0.34,-0.5,2.02
2010-02-01,,,,,,,-3.9,0.0,8.51,-3.01,0.45,-0.5,-1.65
2010-03-01,,,,,,,-1.35,-2.83,-8.99,6.79,0.59,2.51,6.04
2010-04-01,,,,,,,-1.59,-6.31,-8.34,3.9,0.81,8.33,5.38
2010-05-01,,,,,,,1.76,1.33,-3.0,-2.38,-3.11,0.9,2.1
2010-06-01,,,,,,,-3.25,1.02,1.06,-0.23,-2.53,13.0,1.47
2010-07-01,,,,,,,4.58,-5.92,-3.33,-1.77,0.26,-11.51,-1.74
2010-08-01,,,,,,,-4.81,18.91,-2.08,-3.8,0.94,-5.83,-0.59
2010-09-01,,,,,,,5.54,-6.4,5.97,-1.53,-0.47,-3.33,-0.89
2010-10-01,,,,,,,-5.82,1.12,4.19,1.04,-0.43,4.43,1.8
2010-11-01,,,,,,,9.68,-0.72,-0.71,1.59,3.89,-0.94,-0.29
2010-12-01,,,,,,,-7.52,-4.58,-10.55,1.63,-4.86,4.29,2.36
2011-01-01,,,,,,,-0.26,-4.29,4.62,-3.95,-2.33,-1.83,7.2
2011-02-01,,,,,,,-8.08,2.8,2.98,-4.58,-1.38,-1.86,0.54
2011-03-01,,,,,,,2.67,-4.43,-9.76,3.62,-0.6,1.9,4.55
2011-04-01,,,,,,,9.94,0.23,1.41,-2.95,1.6,-2.79,-1.02
2011-05-01,,,,,,,-4.27,-2.81,-1.82,3.85,-0.73,3.35,2.33
2011-06-01,,,,,,,9.93,2.89,-8.82,1.92,0.77,3.7,0.76
2011-07-01,,,,,,,-10.26,-1.87,5.93,-1.21,-1.43,-1.79,2.01
2011-08-01,,,,,,,0.68,1.98,10.95,-2.37,0.4,1.82,-0.49
2011-09-01,,,,,,,3.92,-3.61,-8.5,4.23,0.94,-1.79,-0.25
2011-10-01,,,,,,,-3.12,12.81,-2.39,-7.39,-2.54,-6.36,-4.21
2011-11-01,,,,,,,-4.2,-10.37,2.29,-2.4,-2.15,0.97,3.88
2011-12-01,,,,,,,4.77,-1.37,-2.49,-1.97,-1.57,-1.44,0.5
2012-01-01,,,,,,,-7.62,1.22,-0.1,-1.97,-2.26,1.46,-0.5
2012-02-01,,,,,,,5.5,-2.06,4.8,-4.27,0.13,-5.29,-1.24
2012-03-01,,,,,,,3.75,-2.11,-5.41,-0.11,-0.78,-2.54,-1.01
2012-04-01,,,,,,,-3.1,3.23,0.0,-1.99,-0.53,-0.52,-0.25
2012-05-01,,,,,,,-2.82,4.45,-12.89,5.24,0.11,4.19,1.02
2012-06-01,,,,,,,7.73,-6.65,7.51,0.15,0.25,2.51,1.77
2012-07-01,,,,,,,-3.09,6.34,-2.42,-3.68,-0.28,-14.22,-2.48
2012-08-01,,,,,,,4.58,-5.8,4.12,-3.22,-1.46,5.14,0.76
2012-09-01,,,,,,,-8.84,0.28,0.92,-2.6,-2.85,2.17,0.51
2012-10-01,,,,,,,3.82,1.42,-3.6,1.57,0.07,5.85,-0.5
2012-11-01,,,,,,,-0.57,-2.9,-2.84,-3.67,-0.98,-6.53,-1.52
2012-12-01,,,,,,,5.19,4.5,6.65,-0.77,2.44,-4.84,-3.59
2013-01-01,,,,,,,0.87,7.38,1.61,-1.82,1.41,-10.73,-5.32
2013-02-01,,,,,,,-2.41,-10.14,-6.61,0.21,-4.18,8.86,2.25
2013-03-01,,,,,,,-9.25,0.96,3.62,-2.73,-2.18,2.33,1.65
2013-04-01,,,,,,,1.02,2.9,6.72,-2.08,0.61,-2.84,-1.35
2013-05-01,,,,,,,7.52,-9.53,1.69,-2.71,-0.9,0.0,0.82
2013-06-01,,,,,,,0.22,8.36,-5.54,0.18,0.83,-0.58,-1.09
2013-07-01,,,,,,,-6.98,-2.91,-4.53,-2.23,-3.54,-4.71,2.47
2013-08-01,,,,,,,-0.72,-2.89,-6.37,0.89,-0.49,1.85,0.8
2013-09-01,,,,,,,5.21,0.11,7.16,-3.82,-0.08,0.0,-0.53
2013-10-01,,,,,,,8.41,-1.93,-3.34,-2.61,-1.19,-1.21,-6.15
2013-11-01,,,,,,,-14.67,-2.01,-2.42,0.45,-3.13,4.91,4.27
2013-12-01,,,,,,,-3.36,-1.59,-1.12,-4.43,-3.55,1.17,-0.27
2014-01-01,,,,,,,6.23,-4.48,1.19,-6.63,-1.94,-10.98,-3.84
2014-02-01,,,,,,,-3.92,6.54,-4.42,4.88,1.44,3.25,3.99
2014-03-01,,,,,,,2.4,-1.12,5.55,-2.09,0.3,-0.63,-3.29
2014-04-01,,,,,,,-0.37,-7.18,-12.22,-6.07,-6.53,-0.63,-1.13
2014-05-01,,,,,,,6.68,-0.84,-5.13,-3.42,1.62,-7.01,-1.43
2014-06-01,,,,,,,-6.54,2.97,5.47,-7.26,-4.05,-5.48,-1.45
2014-07-01,,,,,,,7.61,-0.62,-1.73,0.64,1.56,-5.07,-3.54
2014-08-01,,,,,,,0.73,-0.95,1.96,-5.68,-0.09,-1.53,-2.14
2014-09-01,,,,,,,-9.73,7.16,-4.52,-0.34,-3.51,3.88,-0.31
2014-10-01,,,,,,,5.45,-10.16,-2.64,-1.9,-2.94,1.49,1.25
2014-11-01,,,,,,,-0.8,4.48,0.0,-2.21,1.11,-4.41,1.24
2014-12-01,,,,,,,-4.2,-3.45,-9.29,-1.03,-4.1,-0.77,0.0
2015-01-01,,,,,,,0.97,-0.04,8.43,-0.89,1.93,2.33,-2.14
2015-02-01,,,,,,,-0.04,-3.49,-3.2,-4.18,-3.22,-2.27,-2.5
2015-03-01,,,,,,,2.17,2.95,-6.6,-4.36,-0.98,-6.98,-2.24
2015-04-01,,,,,,,11.13,1.78,-12.37,0.71,0.41,-4.17,1.31
2015-05-01,,,,,,,-9.02,7.04,15.12,-2.23,3.32,0.87,-0.65
2015-06-01,,,,,,,-6.56,-4.54,11.31,-13.62,-6.64,1.72,-7.49
2015-07-01,,,,,,,11.48,-7.26,-9.8,-1.62,-0.97,-7.63,-1.06
2015-08-01,,,,,,,-19.46,4.82,1.74,2.12,-2.14,7.34,1.07
2015-09-01,,,,,,,14.04,-2.36,-3.82,-3.45,-1.06,-3.42,-9.51
2015-10-01,,,,,,,0.34,0.13,-1.78,1.57,0.19,0.0,7.0
2015-11-01,,,,,,,0.42,0.83,5.03,-2.63,0.98,-2.65,1.45
2015-12-01,,,,,,,0.71,-4.57,-3.22,2.56,-1.16,0.0,0.0
2016-01-01,,,,,,,-9.71,4.52,-7.79,-2.16,-3.54,2.73,4.3
2016-02-01,,,,,,,3.19,-4.5,2.38,3.32,0.98,0.0,1.03
2016-03-01,,,,,,,8.23,-0.87,-1.29,3.77,3.36,0.0,-3.74
2016-04-01,,,,,,,7.23,-1.66,5.31,-3.77,1.33,-1.77,-1.41
2016-05-01,,,,,,,-12.72,6.19,-9.35,-10.34,-5.14,-3.6,-3.58
2016-06-01,,,,,,,5.83,-3.05,1.92,3.17,1.2,0.93,4.09
2016-07-01,,,,,,,-8.06,3.96,9.4,-2.17,-1.33,2.78,-0.71
2016-08-01,,,,,,,3.72,3.07,-10.47,1.39,1.87,-3.6,-2.16
2016-09-01,,,,,,,13.79,-2.72,8.23,-1.88,2.17,-4.67,-2.57
2016-10-01,,,,,,,-6.38,-0.66,0.51,0.67,-1.79,-0.98,0.38
2016-11-01,,,,,,,-1.23,-4.84,-6.89,-4.16,-3.3,1.98,-2.63
2016-12-01,,,,,,,-2.08,-2.13,12.0,-0.27,-0.42,2.91,1.54
2017-01-01,,,,,,,2.97,-3.92,-3.55,0.32,-0.7,-2.83,-3.8
2017-02-01,,,,,,,3.59,4.67,-13.78,-3.38,-1.19,-1.94,0.79
2017-03-01,,,,,,,-7.33,-2.72,-0.78,-6.99,-4.15,1.98,-1.57
2017-04-01,,,,,,,-0.13,-0.05,-4.39,1.91,0.23,-3.88,-3.98
2017-05-01,,,,,,,-8.95,-4.83,9.81,0.7,-1.26,6.06,2.49
2017-06-01,,,,,,,9.69,-2.34,-14.79,-3.89,-1.81,-4.76,-0.4
2017-07-01,,,,,,,-10.6,5.3,11.14,3.99,0.28,2.0,0.0
2017-08-01,,,,,,,8.82,1.92,8.74,-1.92,2.76,0.98,-2.44
2017-09-01,,,,,,,-0.58,-7.75,-7.5,-0.24,-3.22,-1.94,8.75
2017-10-01,,,,,,,-5.3,2.94,-9.67,-4.4,-2.25,-3.96,0.38
2017-11-01,,,,,,,7.15,-3.82,6.7,-1.24,1.1,1.03,-1.91
2017-12-01,,,,,,,-1.8,4.24,-5.57,-4.59,-2.1,-5.1,-5.84
2018-01-01,,,,,,,-1.03,-3.61,2.15,-3.23,-2.16,4.3,0.0
2018-02-01,,,,,,,11.52,-0.11,-8.3,-2.39,1.42,-5.15,-5.37
2018-03-01,,,,,,,-6.72,5.76,-8.93,-6.08,-1.66,-4.35,4.8
2018-04-01,,,,,,,-6.99,-0.4,11.7,2.23,-0.2,9.09,-6.25
2018-05-01,,,,,,,-6.77,-2.61,5.29,-10.33,-4.07,-4.17,-6.22
2018-06-01,,,,,,,13.62,-3.96,-5.78,13.87,4.05,-2.17,-1.42
2018-07-01,,,,,,,-13.27,-3.27,14.19,0.85,-3.91,8.89,11.06
2018-08-01,,,,,,,13.87,-4.1,-1.09,-9.11,-0.63,-5.1,-3.03
2018-09-01,,,,,,,-7.45,0.06,-5.93,4.97,-1.35,-1.08,8.04
2018-10-01,,,,,,,-0.92,6.3,-1.71,-0.22,2.27,2.17,-4.55
2018-11-01,,,,,,,5.5,-1.79,-1.74,-8.9,-1.55,-5.32,-4.33
2018-12-01,,,,,,,-0.88,12.51,3.32,6.35,4.48,7.87,-0.9
2019-01-01,,,,,,,8.7,-2.61,-5.67,-1.45,1.35,-1.04,-6.39
2019-02-01,,,,,,,-3.6,-10.51,1.48,-0.31,-5.24,1.05,6.34
2019-03-01,,,,,,,-3.46,5.08,1.34,-1.48,1.08,0.0,1.83
2019-04-01,,,,,,,-9.57,0.7,-13.58,-2.69,-3.89,-4.17,1.35
2019-05-01,,,,,,,7.53,-17.33,0.13,5.61,-0.52,0.0,6.67
2019-06-01,,,,,,,-10.64,16.45,6.51,2.62,0.08,4.35,-10.0
2019-07-01,,,,,,,11.7,1.44,7.54,-7.95,2.12,-7.29,-9.26
2019-08-01,,,,,,,7.49,-6.61,-5.68,2.44,-1.91,-2.25,11.73
2019-09-01,,,,,,,-18.47,1.93,-0.12,6.44,-3.23,5.75,2.74
2019-10-01,,,,,,,3.95,0.98,8.16,-3.51,2.05,-2.17,-0.44
2019-11-01,,,,,,,7.54,-2.22,-3.06,-6.43,-0.05,-1.11,-9.37
2019-12-01,,,,,,,1.11,3.66,-6.54,-1.66,-0.26,2.25,1.97
2020-01-01,,,,,,,-1.91,-1.79,7.0,-1.01,0.27,9.89,5.8
2020-02-01,,,,,,,1.85,1.6,-11.05,-5.61,-1.98,-6.0,-5.94
2020-03-01,,,,,,,63.89,3.65,-0.63,2.7,25.26,-36.17,-17.48
2020-04-01,,,,,,,316.8,282.98,-0.26,-20.18,220.34,-63.33,-57.65
2020-05-01,,,,,,,-72.89,109.54,35.68,26.04,-9.34,250.0,45.83
2020-06-01,,,,,,,-24.77,-22.18,80.68,18.13,-15.66,74.03,37.14
2020-07-01,,,,,,,7.94,-55.35,237.4,13.95,-7.36,9.7,18.06
2020-08-01,,,,,,,-26.24,-39.65,0.59,5.7,-17.68,10.2,17.06
2020-09-01,,,,,,,10.41,-11.92,-24.41,49.82,-6.74,8.02,8.04
2020-10-01,,,,,,,-3.01,-14.37,-46.62,46.87,-11.81,8.57,2.33
2020-11-01,,,,,,,0.44,4.18,-28.15,9.27,-3.41,-3.68,5.91
2020-12-01,,,,,,,16.94,-3.93,-16.54,1.1,0.71,-8.2,-0.43
2021-01-01,,,,,,,-21.83,6.31,-14.49,1.81,-4.74,-4.76,12.07
2021-02-01,,,,,,,-4.22,-11.52,2.82,2.72,-2.41,15.0,6.15
2021-03-01,,,,,,,-0.87,-10.66,1.16,0.65,-2.41,10.33,7.25
2021-04-01,,,,,,,11.84,0.1,-10.93,-2.32,-0.18,-0.49,-4.05
2021-05-01,,,,,,,-17.45,10.19,4.25,-8.9,-5.06,-3.47,4.58
2021-06-01,,,,,,,1.25,0.23,2.31,7.35,2.39,1.54,7.74
2021-07-01,,,,,,,11.18,-14.65,-12.93,-12.99,-7.91,-25.76,-6.87
2021-08-01,,,,,,,-7.88,4.41,1.04,-8.35,-5.29,-3.4,-1.34
2021-09-01,,,,,,,9.42,-11.75,-15.13,-14.74,-7.97,-7.04,-3.06
2021-10-01,,,,,,,-8.52,9.46,-2.32,-12.72,-4.51,-6.06,-5.96
2021-11-01,,,,,,,-4.39,-10.51,-9.38,-7.98,-7.4,0.0,7.84
2021-12-01,,,,,,,0.91,-4.41,-10.24,-8.49,-4.7,-8.06,-3.11
2022-01-01,,,,,,,23.01,1.37,7.35,-16.56,1.87,-13.16,-12.5
2022-02-01,,,,,,,-14.31,8.43,-12.63,1.92,-3.21,1.01,7.76
2022-03-01,,,,,,,8.4,-3.4,-16.22,-18.23,-4.59,-12.0,-8.33
2022-04-01,,,,,,,0.18,-6.58,2.42,-0.22,-0.63,-3.41,2.48
2022-05-01,,,,,,,-11.41,10.18,17.48,-5.86,-0.27,7.06,-9.27
2022-06-01,,,,,,,12.38,-12.95,0.94,4.15,-0.07,-12.09,-0.89
2022-07-01,,,,,,,-8.34,22.48,-7.57,-17.85,-3.43,3.75,-0.9
2022-08-01,,,,,,,4.17,-0.75,16.52,9.69,2.41,3.61,0.9
2022-09-01,,,,,,,0.55,-13.21,5.3,-8.67,-2.74,-5.81,-9.42
2022-10-01,,,,,,,1.14,11.99,-10.42,8.42,3.51,0.0,2.48
2022-11-01,,,,,,,1.27,-7.82,3.27,2.56,-0.52,3.7,3.86
2022-12-01,,,,,,,0.22,-0.42,3.42,-13.62,-2.31,-3.57,-9.77
2023-01-01,,,,,,,-13.94,9.79,12.36,2.05,-0.19,18.52,5.15
2023-02-01,,,,,,,16.51,0.88,-10.89,-2.93,3.76,-7.29,-4.9
2023-03-01,,,,,,,0.22,-4.91,-2.57,0.47,-2.14,-5.62,0.52
2023-04-01,,,,,,,-16.62,8.84,-2.26,0.84,-1.91,3.57,7.18
2023-05-01,,,,,,,10.26,-2.0,17.07,6.97,5.86,4.6,1.44
2023-06-01,,,,,,,1.49,-1.29,-1.54,-2.52,-1.63,-4.4,-2.36
2023-07-01,,,,,,,-5.04,-4.25,6.68,6.06,-1.04,2.3,-0.48
2023-08-01,,,,,,,9.0,10.59,-3.44,14.29,5.94,0.0,-0.97
2023-09-01,,,,,,,-4.13,4.53,11.46,-8.75,-0.02,2.25,4.9
2023-10-01,,,,,,,9.77,-9.65,-0.48,6.93,3.01,-5.49,0.47
2023-11-01,,,,,,,-10.12,12.15,-5.36,-12.13,-3.67,3.49,-9.77
2023-12-01,,,,,,,7.76,-12.2,9.89,9.18,1.65,5.62,14.43
2024-01-01,,,,,,,-3.87,3.93,-18.09,0.47,-2.43,0.0,-5.86
2024-02-01,,,,,,,8.52,2.88,11.44,-4.69,5.04,-2.13,0.0
2024-03-01,,,,,,,-5.65,2.12,1.13,3.28,0.54,3.26,3.35
2024-04-01,,,,,,,4.62,-0.25,-10.05,-0.79,-0.54,-7.37,-7.41
2024-05-01,,,,,,,0.66,-2.95,9.37,8.57,2.17,3.41,6.5
2024-06-01,,,,,,,-6.39,10.52,10.32,13.13,3.83,7.69,-2.82
2024-07-01,,,,,,,9.19,3.27,0.65,0.2,3.15,-3.06,-0.48
2024-08-01,,,,,,,3.82,-6.24,7.43,-0.07,-0.49,1.05,1.94
2024-09-01,,,,,,,-11.38,-4.21,-2.68,4.95,-3.03,4.17,7.62
2024-10-01,,,,,,,-2.17,6.28,8.98,-0.5,1.49,2.0,1.33
2024-11-01,,,,,,,3.49,-1.01,0.41,2.93,1.99,4.9,3.49
2024-12-01,,,,,,,-0.78,-2.23,-2.36,-6.06,-2.38,-4.67,0.0
2025-01-01,,,,,,,5.38,-2.88,-3.66,-6.58,-0.79,-0.98,-7.17
2025-02-01,,,,,,,1.83,10.48,-10.79,0.83,3.48,-1.98,-2.73
2025-03-01,,,,,,,1.2,-0.32,-2.23,2.6,0.39,-2.02,7.01
2025-04-01,,,,,,,-7.11,5.01,-1.68,11.54,0.32,5.15,1.31
2025-05-01,,,,,,,11.94,-2.61,4.93,-12.44,1.3,-6.86,-5.6
2025-06-01,,,,,,,-8.22,-3.36,2.11,12.77,-2.68,6.32,5.48
2025-07-01,,,,,,,2.22,-4.13,9.59,10.36,3.09,0.99,3.9
2025-08-01,,,,,,,7.42,0.83,-9.86,5.6,1.49,-2.94,2.08
2025-09-01,,,,,,,-9.82,14.48,22.36,-5.67,3.05,2.02,-1.63
2025-11-01,,,,,,,13.8,-7.05,-7.47,5.23,2.31,-2.97,-4.15
2025-12-01,,,,,,,-9.88,-5.53,0.42,1.99,-3.57,16.33,5.63
2026-01-01,,,,,,,-5.37,3.96,0.59,-6.93,-1.8,-3.51,-2.87
2026-02-01,,,,,,,7.06,-3.39,0.33,4.74,2.76,0.91,8.44
