date,National Home Price Index Period Chg,Atlanta Period Chg,Boston Period Chg,Charlotte Period Chg,Chicago Period Chg,Cleveland Period Chg,Dallas Period Chg,Denver Period Chg,Detroit Period Chg,Las Vegas Period Chg,Los Angeles Period Chg,Miami Period Chg,Minneapolis Period Chg,New York Period Chg,Phoenix Period Chg,Portland Period Chg,San Diego Period Chg,San Francisco Period Chg,Seattle Period Chg,Tampa Period Chg,Washington DC Period Chg
1987-02-01,0.72,,0.53,0.74,1.88,0.32,,-0.37,,1.74,0.79,0.54,,1.83,,0.34,0.77,0.74,,0.85,1.12
1987-03-01,0.48,,0.57,0.12,-0.75,0.25,,0.44,,0.41,0.85,0.68,,1.57,,-0.07,0.49,1.14,,-0.53,1.33
1987-04-01,0.61,,0.51,1.23,-0.02,-0.39,,0.72,,0.5,1.53,0.11,,1.35,,-0.34,1.01,0.3,,0.17,0.97
1987-05-01,0.66,,0.66,0.51,1.23,1.05,,0.04,,-0.38,1.15,0.41,,1.78,,0.29,0.74,0.67,,0.19,1.21
1987-06-01,0.78,,0.57,0.52,1.05,0.28,,-0.65,,-1.66,1.2,-0.39,,1.46,,0.09,0.58,0.62,,0.92,1.59
1987-07-01,0.66,,0.45,0.25,1.87,0.74,,-0.45,,-1.55,1.08,0.24,,1.06,,0.3,0.51,0.99,,0.39,1.27
1987-08-01,0.65,,0.75,0.23,0.88,0.28,,-0.16,,-1.11,1.06,0.23,,0.64,,0.1,0.53,0.93,,-0.06,1.25
1987-09-01,0.59,,0.8,0.61,1.14,0.72,,-0.13,,0.38,1.19,1.09,,0.2,,-0.14,0.81,1.41,,0.12,1.62
1987-10-01,0.61,,0.35,0.48,1.26,0.51,,0.18,,0.36,1.35,0.64,,0.94,,0.21,0.78,1.5,,-0.21,1.29
1987-11-01,0.54,,0.56,0.79,1.2,0.6,,-0.82,,1.55,1.43,0.57,,0.63,,-0.13,1.04,1.27,,0.18,1.16
1987-12-01,0.59,,0.22,0.38,2.28,0.25,,0.24,,-0.06,1.6,0.05,,0.98,,0.55,0.85,1.14,,0.43,0.58
1988-01-01,0.51,,0.11,0.6,1.47,0.68,,-0.61,,0.31,1.47,0.31,,-0.21,,0.09,1.03,0.91,,0.18,1.11
1988-02-01,0.59,,-0.1,-0.37,2.38,0.41,,-0.11,,-0.4,1.36,0.21,,0.2,,-0.43,0.79,0.94,,-0.09,1.19
1988-03-01,0.54,,-0.15,0.63,1.67,1.19,,-0.88,,0.5,1.42,0.72,,-0.02,,1.41,1.31,1.25,,-0.23,1.47
1988-04-01,0.48,,0.07,-0.04,1.0,0.28,,-0.66,,1.01,1.11,0.52,,0.25,,0.43,0.26,1.24,,0.53,1.19
1988-05-01,0.64,,0.38,0.08,0.65,0.33,,-0.8,,0.22,1.39,0.53,,0.09,,0.75,0.65,2.81,,0.36,1.39
1988-06-01,0.66,,0.26,0.21,1.36,1.2,,-0.37,,-0.08,2.63,0.83,,-0.19,,-0.08,-0.65,3.24,,0.28,1.23
1988-07-01,0.66,,0.04,0.64,0.13,0.43,,0.11,,0.18,3.41,0.54,,-0.11,,0.31,5.12,0.51,,0.42,1.81
1988-08-01,0.63,,-0.25,1.24,1.8,0.7,,0.05,,0.44,2.27,0.78,,0.11,,0.83,1.09,0.55,,0.24,1.43
1988-09-01,0.61,,-0.17,0.43,0.4,0.44,,-0.07,,0.76,2.47,0.76,,-0.02,,0.54,1.21,0.75,,-0.1,1.5
1988-10-01,0.55,,-0.15,0.26,1.48,0.74,,-0.37,,-0.0,2.2,0.46,,-0.11,,0.72,1.66,1.72,,0.13,0.62
1988-11-01,0.6,,0.05,-0.37,-0.56,0.65,,-0.59,,-0.47,2.47,0.48,,0.01,,0.47,1.86,1.93,,-0.15,1.15
1988-12-01,0.54,,0.08,0.31,-0.2,0.96,,-0.66,,-0.46,1.66,0.34,,-0.14,,0.6,2.05,2.23,,0.36,1.53
1989-01-01,0.65,,-0.23,0.09,-0.27,1.13,,0.07,,1.41,1.93,0.48,,0.13,,0.61,1.92,1.32,,-0.41,1.09
1989-02-01,0.59,,0.87,0.59,0.99,0.12,,-0.04,,1.25,1.49,0.54,-0.54,-0.26,0.08,0.71,2.23,1.22,,0.53,1.07
1989-03-01,0.53,,0.52,0.41,1.54,0.16,,0.16,,1.2,2.67,0.24,-0.73,-0.08,0.45,0.46,2.36,2.35,,0.77,0.93
1989-04-01,0.41,,-0.21,0.38,0.83,-0.32,,-0.13,,-0.68,2.05,0.48,0.62,-0.37,0.06,0.77,1.78,1.73,,0.44,0.8
1989-05-01,0.29,,-0.47,0.47,-0.21,1.07,,0.28,,-0.3,1.67,0.02,0.16,-0.46,0.15,0.58,1.64,1.51,,0.47,0.51
1989-06-01,0.23,,-0.7,0.37,0.02,0.3,,0.02,,2.53,1.0,0.31,0.88,-0.66,-0.55,0.89,1.41,1.6,,-0.48,0.47
1989-07-01,0.24,,-0.45,0.25,-0.27,0.7,,-0.21,,0.3,0.77,0.3,-0.29,-0.93,-0.53,0.51,1.14,1.17,,-0.11,0.56
1989-08-01,0.23,,-1.01,-0.07,0.06,0.97,,-0.04,,0.86,0.43,0.28,0.38,-0.29,-0.58,0.72,1.35,1.62,,-0.77,0.72
1989-09-01,0.29,,-0.58,0.09,-0.28,0.67,,0.25,,0.55,0.56,-0.01,0.15,-0.49,-0.19,0.74,1.26,1.24,,0.54,0.62
1989-10-01,0.3,,-0.4,0.2,-0.17,0.64,,0.62,,0.92,0.7,0.16,0.36,0.31,-0.39,0.9,1.18,1.16,,0.33,0.29
1989-11-01,0.31,,0.38,0.65,-0.27,-0.22,,0.44,,1.09,1.14,-0.07,0.43,-0.29,-0.1,0.86,0.79,0.81,,0.43,0.21
1989-12-01,0.25,,0.01,0.4,-0.27,0.97,,0.22,,0.81,0.78,0.51,-0.01,-0.25,0.01,2.0,1.04,0.52,,-0.18,0.5
1990-01-01,0.25,,0.13,0.35,-0.46,0.26,,0.05,,0.93,0.7,0.56,-0.25,-0.38,0.12,1.91,0.6,0.34,,0.34,0.56
1990-02-01,0.2,,-0.31,0.24,-0.94,0.94,,0.26,,0.1,0.29,0.64,-0.34,-0.06,0.19,1.87,0.78,0.24,3.53,0.38,0.32
1990-03-01,0.19,,-0.93,0.2,0.3,0.48,,0.27,,1.27,0.23,-0.17,0.34,-0.22,-0.1,0.39,0.46,1.05,3.27,0.46,-0.06
1990-04-01,0.1,,-0.76,0.41,0.83,0.94,,0.05,,0.87,-0.0,-0.11,0.38,-0.74,0.21,1.37,0.49,0.63,3.98,-0.45,-0.02
1990-05-01,0.02,,-1.33,0.19,0.75,0.21,,-0.11,,0.76,-0.59,0.3,0.2,-0.82,-0.28,1.18,0.23,-0.06,1.67,-0.03,-0.51
1990-06-01,-0.05,,-0.99,0.6,0.36,0.82,,0.23,,1.13,-0.28,0.22,-0.03,-0.78,0.01,2.52,0.01,-0.58,1.31,-0.34,-0.51
1990-07-01,-0.15,,-0.91,-0.16,0.59,0.46,,0.15,,1.16,-0.6,0.22,-0.37,-0.81,-0.31,1.96,-0.18,-0.72,0.23,0.23,-0.44
1990-08-01,-0.17,,-0.65,0.1,-0.12,0.47,,0.04,,1.17,-0.46,-0.21,-0.42,-0.95,-0.21,2.08,-0.3,-0.4,0.41,-0.25,-0.42
1990-09-01,-0.21,,-0.44,-0.14,0.52,0.2,,0.17,,0.53,-0.63,-0.24,0.11,-1.13,-0.48,1.93,-0.13,-0.37,-0.5,-0.42,-0.45
1990-10-01,-0.19,,-0.76,0.03,-0.32,0.14,,-0.19,,0.67,-0.43,-0.3,0.42,-0.47,-0.2,0.66,-0.35,-0.78,-0.38,-0.5,-0.19
1990-11-01,-0.43,,-1.41,-0.57,0.35,0.29,,0.18,,-0.21,-0.91,0.14,-0.05,-0.56,-0.65,0.15,-0.32,-0.73,-0.48,-0.2,-0.27
1990-12-01,-0.24,,-1.39,0.02,-0.3,0.16,,-0.04,,0.4,-0.58,-0.25,0.25,-0.35,0.1,-0.47,-0.73,-0.7,-0.24,0.33,-0.08
1991-01-01,-0.36,,-1.33,-0.11,0.12,0.04,,0.42,,-0.74,-1.01,-0.41,0.12,-1.15,-0.26,-0.08,-0.66,0.1,-0.77,0.19,-1.35
1991-02-01,-0.24,-0.22,-0.86,-0.12,0.37,-0.01,,0.08,-0.49,1.19,-0.9,-0.38,-0.13,-0.85,0.31,0.96,-1.1,-1.12,-0.98,0.23,-0.49
1991-03-01,-0.22,-0.21,-0.46,-0.53,-0.22,0.37,,0.16,0.04,0.12,-0.98,0.01,-0.21,-0.72,-1.05,2.27,-1.17,-0.73,-0.73,-0.7,-1.18
1991-04-01,0.0,0.57,-0.65,0.31,0.41,0.64,,0.5,0.11,0.1,-0.03,0.02,-0.18,-0.71,-0.25,0.24,-0.48,-0.99,0.49,-0.01,-0.33
1991-05-01,0.26,0.11,0.08,0.25,0.22,0.57,,0.5,0.51,0.13,0.18,-0.64,0.53,0.05,-0.18,0.51,0.4,0.14,0.46,-0.32,0.83
1991-06-01,0.31,0.37,-0.04,0.08,-0.11,0.41,,0.69,0.5,-0.1,0.16,0.36,0.31,0.51,0.64,0.45,0.43,0.39,0.48,0.47,0.32
1991-07-01,0.11,-0.2,-0.08,-0.08,0.37,0.53,,0.87,0.4,1.31,0.24,0.14,0.86,0.62,0.6,0.42,0.27,0.54,0.27,0.06,0.07
1991-08-01,0.03,0.25,0.13,-0.18,0.29,0.13,,0.36,0.26,0.36,-0.03,0.96,0.46,0.45,0.37,0.24,-0.2,0.24,0.14,0.22,-0.43
1991-09-01,0.11,-0.07,0.06,-0.05,0.24,0.46,,0.29,0.16,1.46,-0.18,-0.4,0.48,0.19,0.27,0.15,-0.34,-0.01,0.1,-0.46,-0.14
1991-10-01,-0.16,0.15,-0.05,0.29,0.3,0.14,,0.34,0.42,-2.21,-0.23,0.04,-0.54,0.24,-0.03,0.8,0.0,-0.16,-0.36,-0.15,-0.07
1991-11-01,-0.08,-0.03,-0.38,0.36,0.26,0.21,,0.42,0.15,-1.69,-0.43,-0.04,0.04,0.07,0.54,0.15,-0.26,-0.25,0.02,0.22,0.28
1991-12-01,0.06,-0.16,-0.09,0.21,0.89,0.04,,0.55,0.21,1.52,-0.36,-0.11,0.3,0.2,-0.05,1.39,-0.14,-0.12,-0.14,0.28,-0.23
1992-01-01,0.05,0.08,-0.39,-0.22,0.56,0.63,,0.39,-0.01,0.26,-0.38,0.05,0.33,-0.01,-0.01,0.73,-0.58,-0.08,0.36,-0.16,0.12
1992-02-01,0.09,0.15,0.0,-0.02,0.4,0.51,,1.48,0.16,0.55,-0.23,-0.46,0.69,0.08,0.05,0.52,-0.36,-0.08,0.24,-1.12,-0.4
1992-03-01,0.16,0.08,0.4,-0.2,0.24,0.8,,1.5,0.39,-0.46,-0.71,0.35,0.35,0.19,0.06,0.29,0.15,-0.21,0.5,-0.42,0.48
1992-04-01,0.09,-0.01,0.92,0.05,-0.9,-0.12,,0.96,0.76,-0.13,-0.51,0.3,0.26,0.28,-0.03,-0.07,-0.01,-0.73,0.64,0.37,0.22
1992-05-01,0.07,0.24,-0.08,0.01,0.26,0.12,,0.42,0.4,0.25,-0.63,0.62,0.04,-0.02,0.08,0.4,-0.29,0.06,0.08,0.4,0.16
1992-06-01,-0.09,0.16,-0.32,-0.01,0.97,0.18,,0.28,0.1,-0.1,-0.77,0.16,0.35,-0.13,-0.02,0.16,-0.67,-0.34,0.03,0.12,-0.13
1992-07-01,-0.09,0.82,-0.32,0.45,1.04,0.12,,0.35,0.1,-0.44,-0.75,-2.17,0.08,-0.12,-0.05,0.18,-0.43,-0.31,0.0,-0.62,-0.41
1992-08-01,-0.04,0.08,0.04,0.24,0.1,0.43,,0.47,0.26,-0.44,-0.63,-0.31,0.2,0.19,0.11,0.76,-0.38,-0.45,-0.31,-0.3,-0.02
1992-09-01,0.01,0.22,-0.1,0.49,0.34,0.39,,0.59,0.33,0.09,-0.68,-0.46,0.02,-0.03,0.11,0.68,-0.29,-0.23,-0.32,-0.06,-0.09
1992-10-01,0.18,-0.37,0.2,-0.22,0.41,0.46,,0.18,-0.02,0.59,-1.09,2.42,0.43,-0.04,0.29,0.71,-1.11,0.03,0.8,1.21,0.21
1992-11-01,0.23,0.47,0.01,0.11,0.48,0.39,,0.78,0.04,0.42,-0.82,0.21,0.34,0.19,0.09,1.13,-0.3,-0.12,0.24,0.48,0.09
1992-12-01,0.16,0.1,0.68,0.18,-0.08,0.41,,0.65,0.25,-0.5,-0.95,0.43,0.18,0.28,0.28,0.4,-0.57,-0.23,0.38,-0.15,0.16
1993-01-01,0.14,0.14,0.61,0.26,0.22,0.55,,0.95,0.23,-0.4,-0.66,0.01,0.15,0.45,0.29,0.45,0.22,-0.19,0.53,-0.08,0.28
1993-02-01,0.07,-0.0,0.14,0.2,-0.0,0.01,,0.54,0.19,0.54,-0.69,0.24,-0.2,0.19,0.22,0.31,-0.85,-0.24,0.64,0.03,0.24
1993-03-01,0.04,0.3,-0.19,-0.04,0.27,0.19,,0.92,0.03,0.23,-1.23,-0.03,0.75,0.13,0.51,0.67,-0.48,-0.33,0.21,0.68,0.18
1993-04-01,0.09,0.67,-0.18,-0.08,0.14,0.08,,0.34,0.38,-0.48,-0.99,0.39,0.52,0.11,0.24,1.06,-0.93,-0.11,-0.72,0.48,-0.56
1993-05-01,0.13,0.56,0.2,0.01,0.48,0.5,,0.73,0.51,-1.01,-0.9,0.78,0.6,0.1,0.48,0.79,-0.48,-0.34,-0.62,0.12,-0.52
1993-06-01,0.27,0.28,0.48,0.45,0.78,0.36,,1.07,0.69,-0.05,-0.75,0.48,-0.0,0.25,0.2,1.01,-0.66,-0.43,-0.42,-0.37,0.19
1993-07-01,0.24,0.4,0.57,0.29,0.33,0.44,,1.08,0.46,0.09,-1.06,0.55,0.39,-0.02,0.45,0.6,-0.75,-0.8,-0.04,-0.02,0.19
1993-08-01,0.24,0.2,0.33,0.09,0.1,0.17,,1.23,0.43,0.49,-1.35,0.28,0.42,-0.05,0.22,0.08,-0.41,0.03,0.69,0.42,0.12
1993-09-01,0.23,0.43,0.18,0.09,0.24,0.61,,1.02,0.27,0.58,-0.55,0.4,0.9,0.08,0.79,0.66,0.12,-0.18,1.05,0.9,-0.15
1993-10-01,0.19,0.26,0.06,0.39,0.39,0.54,,1.17,0.59,0.32,-0.84,0.32,0.46,0.22,0.44,0.79,-0.01,-0.09,0.62,0.38,-0.19
1993-11-01,0.26,0.3,0.51,0.79,0.4,0.85,,0.97,0.64,0.72,-0.19,-0.17,0.58,0.31,0.73,1.29,0.06,-0.07,0.73,-0.28,-0.13
1993-12-01,0.23,0.5,0.44,0.71,0.87,0.8,,1.32,0.33,0.07,-0.84,0.29,-0.01,0.09,0.47,0.78,-0.27,-0.14,0.35,-0.67,0.37
1994-01-01,0.34,0.53,0.45,0.36,1.38,0.66,,0.93,0.22,0.21,-0.23,0.78,0.99,0.06,0.67,0.65,0.22,0.01,0.95,0.08,0.17
1994-02-01,0.17,0.79,0.37,0.2,-0.03,0.31,,1.05,0.21,-0.26,0.06,1.19,0.62,0.08,0.61,0.66,-0.22,0.02,-0.22,0.66,0.04
1994-03-01,0.16,0.15,0.6,0.2,-0.11,0.13,,0.73,0.66,0.38,-0.23,0.98,1.18,0.43,0.57,0.9,-0.12,1.01,-0.04,0.56,0.32
1994-04-01,0.17,0.06,0.83,0.3,0.16,0.03,,0.95,0.26,0.38,-0.23,-0.12,-0.12,0.46,0.68,0.7,0.01,0.14,0.39,-0.06,0.2
1994-05-01,0.3,0.34,-0.14,0.25,0.45,0.46,,0.77,0.56,1.23,-0.55,-0.02,-0.0,0.48,0.42,0.95,0.31,0.18,0.8,0.09,0.34
1994-06-01,0.25,0.36,0.29,0.42,0.06,0.25,,0.86,0.52,0.57,-0.3,0.27,-0.3,0.12,0.37,0.6,0.26,0.11,0.26,-0.03,0.34
1994-07-01,0.22,0.45,0.05,0.54,0.05,0.23,,0.54,0.63,0.43,-0.03,0.42,-0.34,0.23,0.53,0.93,0.15,0.04,0.11,0.89,0.1
1994-08-01,0.23,0.25,0.18,0.66,0.31,0.31,,0.51,0.53,-0.26,-0.0,0.41,0.13,0.13,0.55,0.7,-0.49,0.06,-0.16,0.37,-0.11
1994-09-01,0.17,0.13,0.23,0.58,0.33,0.2,,0.33,0.46,0.12,0.03,0.19,0.09,0.09,0.68,0.73,-0.65,-0.21,0.14,0.09,-0.03
1994-10-01,0.18,0.57,0.31,0.25,0.54,0.44,,0.51,0.42,0.12,0.15,0.11,0.27,0.04,0.51,0.26,0.04,0.37,0.31,-0.33,-0.02
1994-11-01,0.1,0.57,0.2,0.12,0.12,0.56,,0.49,0.26,0.31,-0.1,0.3,0.21,-0.08,0.42,0.35,-0.38,0.38,0.43,0.02,0.11
1994-12-01,0.18,0.61,-0.02,0.43,0.18,0.29,,0.58,0.65,0.79,-0.1,0.37,-0.38,0.14,0.6,0.31,-0.02,0.38,0.16,0.54,-0.21
1995-01-01,0.16,0.24,0.02,0.56,0.03,0.3,,0.56,1.52,0.11,-0.02,0.1,0.6,0.1,0.42,1.1,-0.53,0.15,0.53,0.82,-0.31
1995-02-01,0.13,0.4,0.32,0.67,0.33,0.0,,0.52,2.69,0.31,-0.46,-0.24,0.84,0.27,0.51,0.51,0.15,-0.14,-0.69,-0.12,-0.07
1995-03-01,0.09,0.06,0.16,0.03,0.16,0.3,,0.43,-0.12,0.17,-0.33,0.05,1.12,-0.27,0.1,1.09,-0.22,-0.87,-0.06,-0.2,-0.23
1995-04-01,0.08,0.03,-0.21,0.42,0.08,0.46,,0.2,-0.78,0.6,-0.55,-0.05,0.45,-0.15,0.34,-0.31,-0.11,-0.47,-0.57,0.0,-0.3
1995-05-01,0.05,-0.04,0.16,0.28,-0.04,0.33,,0.61,0.12,-0.14,-0.32,0.12,0.42,-0.01,0.39,0.32,-0.54,-0.45,0.02,0.16,-0.22
1995-06-01,0.1,0.07,0.43,0.68,0.24,0.91,,0.32,0.41,-0.13,-0.75,0.17,0.2,-0.0,0.75,0.96,-0.59,-0.28,-0.19,0.65,-0.3
1995-07-01,0.19,0.39,0.44,0.62,0.4,-0.12,,0.64,0.49,-0.13,-0.07,-0.01,0.31,0.03,0.46,0.94,-0.01,0.06,0.76,0.24,-0.12
1995-08-01,0.21,0.5,0.47,0.65,0.32,0.63,,0.49,0.65,0.47,-0.29,0.36,0.32,-0.02,0.4,1.27,0.07,0.08,0.5,0.27,0.09
1995-09-01,0.24,0.45,0.14,0.77,0.38,0.25,,0.77,0.8,0.36,-0.12,-0.03,0.23,0.09,0.2,0.42,0.07,0.13,0.37,0.08,0.17
1995-10-01,0.22,0.39,0.03,0.5,0.1,0.55,,0.51,0.63,0.3,-0.14,0.24,-0.69,0.21,0.54,0.65,-0.12,-0.2,0.27,0.21,-0.04
1995-11-01,0.17,0.23,-0.04,0.48,0.43,0.12,,0.42,0.69,0.1,-0.08,-0.06,0.26,0.09,0.47,0.24,-0.56,-0.1,0.21,0.2,-0.12
1995-12-01,0.14,0.38,0.22,0.45,0.1,0.22,,0.39,0.43,0.13,-0.12,0.14,0.32,0.14,0.6,0.86,0.15,-0.08,0.38,-0.16,-0.01
1996-01-01,0.12,0.41,0.59,0.33,0.36,-0.02,,0.14,0.51,0.07,-0.02,-0.09,0.52,0.12,0.51,0.62,0.11,0.04,-0.09,0.1,0.02
1996-02-01,0.15,0.59,0.39,0.6,-0.41,0.52,,0.32,0.77,0.35,-0.1,0.1,0.22,0.34,0.57,0.98,0.21,0.04,0.14,0.19,-0.13
1996-03-01,0.29,0.13,0.61,1.41,0.12,0.66,,0.52,0.75,-0.06,0.02,-0.41,0.15,0.36,0.46,0.56,-0.38,-0.14,0.62,0.54,0.08
1996-04-01,0.27,0.35,0.37,0.8,0.96,0.73,,0.77,0.94,0.37,0.0,0.21,-0.11,0.13,0.5,0.87,0.08,-0.17,0.25,0.16,0.3
1996-05-01,0.23,0.19,0.23,0.69,0.27,0.17,,0.59,0.74,0.05,0.19,0.14,0.24,0.21,0.36,0.68,0.2,0.14,-0.03,-0.07,0.0
1996-06-01,0.17,0.31,0.37,-0.25,0.18,0.27,,0.01,0.72,0.44,0.21,0.12,0.56,-0.51,0.31,0.54,-0.18,0.35,0.14,-0.06,-0.1
1996-07-01,0.21,0.02,0.49,-0.22,-0.04,0.45,,0.26,0.69,0.0,-0.06,0.29,0.7,0.08,0.39,0.48,-0.16,0.3,-0.02,-0.13,-0.09
1996-08-01,0.19,0.39,0.68,0.1,0.16,0.31,,0.02,0.73,-0.12,-0.09,0.02,0.34,0.17,0.33,0.35,-0.46,0.49,0.62,0.15,-0.07
1996-09-01,0.2,0.4,0.12,-0.06,0.27,0.25,,0.48,0.55,-0.32,-0.07,0.16,0.41,0.25,0.3,1.12,0.44,0.37,-0.23,-0.13,0.04
1996-10-01,0.14,0.37,0.42,0.27,0.32,0.15,,0.49,0.72,-0.17,0.24,-0.05,0.48,0.17,0.26,1.2,0.18,0.68,0.54,0.49,0.16
1996-11-01,0.21,0.34,0.21,0.51,0.36,0.12,,0.65,0.47,-0.2,0.32,0.19,0.58,0.03,0.28,1.33,0.44,0.99,0.06,0.09,0.12
1996-12-01,0.2,0.12,0.98,0.4,0.39,0.27,,0.6,0.27,0.74,0.13,-0.13,0.35,0.35,0.21,0.62,0.09,0.39,0.57,0.49,-0.28
1997-01-01,0.28,0.33,0.56,0.51,0.08,-0.32,,0.27,0.22,0.71,0.03,0.07,0.49,0.3,0.4,0.55,0.48,0.62,0.77,-0.09,0.11
1997-02-01,0.27,0.2,0.4,0.18,0.01,0.91,,0.49,-0.14,0.94,-0.18,0.01,-0.01,0.2,0.45,1.07,0.26,0.28,0.8,-0.0,0.22
1997-03-01,0.32,0.26,0.6,0.6,0.35,0.5,,0.55,1.28,0.31,0.52,0.31,-0.1,-0.01,0.44,0.95,0.31,1.15,0.7,-0.78,0.41
1997-04-01,0.2,0.5,0.49,-0.06,0.11,-0.1,,0.54,0.91,-0.31,0.64,0.24,-0.28,0.11,0.48,0.46,0.37,0.89,1.3,0.55,-0.46
1997-05-01,0.28,0.53,0.54,0.2,-0.04,0.2,,0.47,0.93,-0.13,0.65,0.13,0.89,0.35,0.38,0.15,0.34,0.74,1.18,0.3,0.01
1997-06-01,0.26,0.2,0.48,0.12,0.0,-0.21,,0.52,0.6,0.24,0.56,0.09,0.42,0.54,0.15,-0.67,0.76,0.72,1.11,0.13,0.04
1997-07-01,0.3,0.26,0.34,0.53,0.38,0.73,,0.59,0.36,0.39,0.46,0.06,1.66,0.47,0.05,0.13,0.49,0.68,1.27,0.11,0.04
1997-08-01,0.28,0.23,0.42,0.3,0.39,-0.08,,0.65,0.39,0.44,0.81,0.09,0.23,0.2,0.14,-0.29,0.79,1.06,0.55,0.35,0.12
1997-09-01,0.32,0.63,0.48,0.55,0.46,0.64,,0.17,0.78,0.11,0.51,0.32,-0.6,0.14,0.56,0.31,0.5,0.74,0.72,0.24,0.13
1997-10-01,0.34,0.4,0.72,0.49,0.41,-0.3,,0.48,0.62,0.32,0.87,0.47,0.41,0.34,0.72,-0.24,1.08,1.24,0.44,0.08,0.35
1997-11-01,0.56,0.53,0.79,0.21,0.67,0.81,,0.65,0.6,0.01,0.84,0.35,0.1,0.58,0.6,0.69,0.7,0.85,0.87,0.23,0.23
1997-12-01,0.53,0.34,0.85,0.08,0.51,0.26,,0.9,0.3,0.33,1.29,0.46,0.49,0.55,0.46,0.37,1.76,1.09,1.09,0.41,0.25
1998-01-01,0.6,0.5,0.78,0.04,0.9,0.64,,0.76,0.51,0.04,1.41,0.44,0.34,0.55,0.41,0.16,1.14,0.92,0.97,0.76,0.15
1998-02-01,0.44,0.41,0.84,0.29,0.39,0.4,,0.44,0.66,0.37,1.43,0.36,0.78,0.81,0.6,0.05,1.15,0.62,1.39,0.34,0.12
1998-03-01,0.5,0.65,0.75,0.06,0.17,0.25,,0.28,0.63,1.28,1.78,0.09,0.22,0.63,0.29,0.45,1.4,0.81,0.76,0.34,0.14
1998-04-01,0.49,0.68,0.95,0.17,-0.03,0.27,,0.65,0.78,-0.01,0.89,0.1,0.71,0.56,0.5,0.45,1.32,1.05,0.81,0.11,0.23
1998-05-01,0.55,0.65,1.03,0.47,0.36,0.36,,0.8,0.73,-0.24,1.18,0.24,0.63,0.67,0.51,0.39,1.24,1.37,0.66,0.12,0.32
1998-06-01,0.54,0.46,1.08,0.44,0.63,0.72,,0.8,0.54,-0.33,1.23,0.64,0.61,0.58,0.75,0.37,1.15,1.47,0.92,0.31,0.5
1998-07-01,0.52,0.31,0.96,0.3,0.27,0.26,,0.8,0.47,0.08,1.63,0.68,0.6,0.78,0.72,0.35,1.3,1.22,0.88,0.59,0.27
1998-08-01,0.53,0.35,0.93,0.34,0.38,0.25,,0.97,0.61,0.12,1.23,0.27,0.6,0.58,0.37,0.42,1.21,1.38,0.68,0.27,0.26
1998-09-01,0.52,0.36,1.08,0.29,0.13,0.21,,0.83,0.49,0.4,1.29,0.17,0.47,0.64,0.43,0.35,1.1,1.1,0.79,0.6,0.2
1998-10-01,0.5,0.85,0.43,0.53,0.26,0.32,,0.94,0.59,0.1,0.77,0.08,0.74,0.58,0.36,0.33,0.66,0.62,0.73,0.04,0.47
1998-11-01,0.53,0.7,0.36,0.23,-0.44,0.53,,0.87,0.72,0.43,0.57,0.25,1.01,0.59,0.67,0.46,0.58,0.23,0.75,0.57,0.66
1998-12-01,0.56,0.62,1.04,0.43,0.6,0.38,,0.72,0.97,0.36,0.53,0.21,0.85,0.33,0.71,0.55,0.78,0.27,0.34,-0.02,0.54
1999-01-01,0.53,0.55,1.66,0.34,0.31,0.56,,1.22,1.02,0.64,0.39,0.4,0.97,0.33,0.59,0.67,1.36,0.97,0.63,0.32,0.72
1999-02-01,0.5,0.52,1.48,0.33,0.62,0.37,,1.09,0.68,0.56,0.63,0.51,0.74,0.73,0.63,0.51,1.14,1.15,0.41,0.4,0.25
1999-03-01,0.58,0.74,0.8,0.72,0.11,0.67,,1.56,0.46,-0.09,0.72,0.73,0.78,0.85,0.74,-0.49,0.94,1.23,0.85,0.42,0.53
1999-04-01,0.6,0.39,0.95,0.73,1.1,0.46,,0.91,0.15,0.17,1.07,0.77,1.11,1.08,0.75,0.07,0.55,0.9,0.86,0.64,0.63
1999-05-01,0.59,0.69,0.92,0.38,0.82,0.33,,0.94,0.63,0.49,0.9,0.34,0.7,0.79,0.41,0.29,0.64,0.99,0.78,0.7,0.35
1999-06-01,0.66,0.5,0.86,0.35,0.93,0.08,,0.91,0.71,0.63,0.83,-0.1,0.85,1.11,0.49,0.49,1.05,1.45,0.94,0.44,0.77
1999-07-01,0.64,0.68,1.36,0.21,0.32,0.15,,1.05,1.03,0.27,0.65,0.74,0.8,0.96,0.57,0.26,0.95,1.77,0.44,0.55,0.73
1999-08-01,0.65,0.43,1.05,0.24,0.56,0.51,,1.25,0.76,-0.04,0.54,0.51,1.24,1.14,0.77,0.28,0.98,1.49,0.73,0.37,0.74
1999-09-01,0.66,0.47,1.17,0.28,0.59,0.39,,1.47,0.85,0.4,0.52,0.62,1.41,0.8,0.76,0.2,1.12,1.4,0.76,0.56,0.6
1999-10-01,0.67,0.72,1.04,-0.06,0.93,0.6,,1.11,0.61,0.42,0.66,0.06,1.1,0.83,0.69,0.33,1.1,1.22,1.03,0.69,0.4
1999-11-01,0.64,0.6,1.08,0.09,0.75,0.72,,0.83,0.68,0.56,0.93,0.61,0.82,0.83,0.68,-0.19,1.07,1.8,0.84,0.3,0.47
1999-12-01,0.7,0.85,1.1,0.65,0.74,0.45,,0.83,0.82,0.31,1.1,0.78,0.77,0.97,0.69,0.05,1.01,1.54,0.48,0.73,0.64
2000-01-01,0.71,0.45,0.56,0.46,0.42,0.48,,1.0,0.67,0.55,0.7,0.63,0.56,0.99,0.77,0.06,1.03,1.42,0.55,0.39,0.78
2000-02-01,0.78,0.91,0.97,0.44,0.84,-0.02,2.31,0.98,0.73,0.5,1.0,0.53,0.78,0.9,0.52,0.65,1.29,2.68,0.57,0.71,0.82
2000-03-01,0.78,0.38,0.74,0.03,1.0,0.65,-0.32,1.07,0.49,0.53,1.16,0.61,0.65,0.81,0.77,0.3,1.64,3.04,1.27,0.65,1.17
2000-04-01,0.78,1.01,1.65,1.12,0.96,0.57,0.55,0.79,0.38,0.16,0.91,0.91,1.32,1.05,0.55,0.61,1.55,3.07,0.52,0.85,1.03
2000-05-01,0.73,0.55,1.59,-0.03,0.95,0.41,0.42,1.7,0.8,0.44,0.73,0.73,1.39,1.73,0.7,-0.1,1.35,2.86,0.71,1.06,0.93
2000-06-01,0.72,0.84,1.81,0.44,1.07,-0.12,-0.1,1.52,0.68,0.23,0.73,0.64,1.15,1.1,0.69,0.11,1.71,2.65,0.21,0.81,0.76
2000-07-01,0.6,0.17,0.92,-0.43,0.49,-0.11,0.42,1.3,0.69,0.39,0.6,0.28,0.74,0.9,0.37,0.21,1.24,0.9,0.48,0.77,0.94
2000-08-01,0.68,0.37,1.11,0.27,0.37,0.26,0.3,0.92,0.23,0.53,0.6,0.64,0.91,0.94,0.4,0.24,1.23,1.0,0.27,0.36,1.01
2000-09-01,0.73,0.07,1.13,-0.01,0.27,0.32,0.69,1.15,0.41,0.65,0.86,0.72,1.03,0.74,0.45,0.16,0.88,1.15,0.38,0.47,1.12
2000-10-01,0.79,0.61,1.44,0.33,0.25,0.67,0.41,1.06,0.39,0.75,0.85,0.94,1.07,0.88,0.34,0.21,0.72,2.35,0.18,0.57,0.8
2000-11-01,0.86,0.58,1.59,0.31,0.46,0.34,0.73,1.23,0.98,0.34,1.08,1.23,1.4,0.77,0.45,0.3,1.57,2.59,0.55,1.58,1.11
2000-12-01,0.77,0.51,1.9,-0.16,0.63,0.64,0.27,1.27,0.55,0.46,0.67,1.17,0.52,1.09,0.2,0.74,1.48,2.86,0.83,1.5,1.18
2001-01-01,0.65,0.47,1.61,0.52,0.72,0.3,0.63,0.84,0.61,0.24,1.19,1.46,1.45,0.98,0.37,0.48,1.66,2.29,0.45,0.99,1.24
2001-02-01,0.6,0.33,1.32,0.32,0.55,0.3,1.06,1.19,0.17,0.38,0.78,0.76,1.01,1.16,0.45,0.24,1.05,1.53,0.13,0.73,1.4
2001-03-01,0.55,0.36,0.95,0.13,0.76,0.11,0.65,0.31,0.5,0.77,1.13,1.08,1.65,0.93,0.54,0.24,1.81,-0.1,0.22,0.64,1.25
2001-04-01,0.49,0.5,0.97,-0.13,0.84,-0.18,0.75,1.09,0.32,0.9,0.4,1.12,0.76,0.91,0.58,0.31,0.85,-0.8,0.82,0.92,1.53
2001-05-01,0.46,0.27,0.36,0.34,0.72,0.45,0.14,0.62,0.42,0.74,0.54,1.1,0.86,0.53,0.58,0.5,0.74,-0.89,0.19,0.28,0.53
2001-06-01,0.56,0.61,1.02,0.1,1.01,0.4,0.38,0.6,0.27,0.7,0.41,0.99,1.18,0.94,0.29,0.6,0.19,-1.38,0.46,1.26,0.83
2001-07-01,0.62,0.33,0.93,0.49,0.88,0.75,-0.05,0.35,0.48,0.73,0.55,1.06,1.32,0.97,0.45,0.71,0.62,-1.19,0.23,0.83,0.69
2001-08-01,0.6,0.48,1.07,-0.2,0.91,0.48,0.19,0.48,0.69,0.61,0.84,0.99,0.71,1.14,0.32,0.63,0.47,-0.74,0.51,1.45,0.83
2001-09-01,0.56,0.43,0.95,0.1,0.73,0.27,-0.1,0.45,0.4,0.66,0.84,1.04,0.88,1.16,0.38,0.3,0.88,-0.11,0.59,0.24,0.83
2001-10-01,0.43,0.35,0.77,-0.2,0.37,-0.25,0.62,0.16,0.23,0.34,0.82,1.31,0.73,0.91,0.43,0.18,0.92,0.02,0.35,0.64,0.84
2001-11-01,0.47,0.11,0.81,-0.02,0.24,-0.22,0.22,-0.05,-0.15,0.79,0.83,1.33,0.96,1.06,0.31,-0.09,0.94,-0.42,0.39,0.56,0.73
2001-12-01,0.52,0.11,0.25,0.1,0.24,-0.37,0.49,-0.01,0.29,0.48,0.82,0.87,0.55,0.14,0.5,-0.03,0.49,-0.65,0.03,0.29,0.91
2002-01-01,0.59,0.33,0.65,0.17,0.35,0.48,0.49,0.39,0.2,0.82,1.17,0.59,0.35,0.65,0.45,0.48,0.25,-0.0,0.69,0.43,0.85
2002-02-01,0.6,0.55,0.32,0.46,0.52,0.51,0.18,0.24,0.61,0.48,1.05,0.75,0.44,0.57,0.56,0.56,1.08,0.61,0.38,0.25,1.24
2002-03-01,0.72,0.37,0.91,0.33,0.51,0.51,0.43,0.58,0.16,0.35,1.18,0.97,0.9,0.97,0.37,1.47,1.11,1.52,0.27,1.87,1.02
2002-04-01,0.78,0.07,1.17,0.52,0.77,0.36,0.12,0.18,-0.01,-0.01,1.11,1.14,0.68,1.08,0.42,-0.07,1.84,1.97,-0.04,0.61,1.14
2002-05-01,0.93,0.15,1.6,-0.01,0.59,0.22,0.08,0.55,0.44,0.41,1.45,1.33,0.95,1.39,0.46,0.42,1.83,2.0,0.18,1.01,1.27
2002-06-01,0.9,0.28,1.53,0.06,0.59,0.51,-0.24,0.2,0.5,0.4,1.62,1.37,0.76,1.54,0.42,-0.2,1.74,2.09,0.29,0.52,1.16
2002-07-01,0.88,0.37,1.28,-0.05,0.67,0.28,-0.01,0.34,0.58,0.42,1.6,1.45,0.83,1.78,0.28,0.88,1.66,1.31,0.35,1.0,1.6
2002-08-01,0.77,0.31,1.26,0.55,0.64,0.03,0.34,-0.05,0.45,0.38,1.68,1.07,0.75,1.59,0.25,-0.23,1.98,1.24,0.26,0.71,1.43
2002-09-01,0.77,0.13,1.33,0.3,0.69,-0.07,0.16,0.04,0.22,0.45,1.59,1.24,0.46,1.33,0.22,0.17,1.6,0.53,0.25,0.64,1.33
2002-10-01,0.77,0.38,1.14,0.24,0.7,0.15,0.11,0.27,0.07,1.15,1.81,1.23,1.02,1.42,0.24,0.11,1.72,0.68,0.34,0.49,1.17
2002-11-01,0.74,0.29,1.07,0.03,0.78,0.17,-0.01,0.44,0.57,1.21,1.5,1.14,0.65,1.45,0.37,0.59,1.63,0.57,0.41,0.82,0.99
2002-12-01,0.75,0.29,0.3,0.35,0.84,0.42,0.3,0.13,0.07,1.16,1.52,1.34,1.31,1.45,0.41,0.71,1.41,0.13,0.62,1.21,1.2
2003-01-01,0.66,0.34,0.45,0.61,0.68,0.6,0.46,-0.07,0.08,0.74,1.23,1.46,0.69,1.19,0.85,0.71,1.35,-0.06,0.19,1.09,0.75
2003-02-01,0.7,0.26,0.79,0.35,0.78,0.73,0.1,-0.02,-0.31,0.68,1.07,1.46,0.85,0.89,0.76,0.69,0.77,0.08,0.54,1.04,0.86
2003-03-01,0.61,0.63,0.85,-0.29,0.99,0.31,-0.76,0.41,0.72,0.47,1.07,1.04,0.38,0.86,0.81,0.52,0.76,0.07,0.44,0.64,0.51
2003-04-01,0.57,-0.07,0.44,-0.41,0.23,0.49,-0.33,-0.15,0.82,0.77,1.08,0.89,0.67,0.75,0.28,0.34,0.88,0.24,0.4,0.82,0.83
2003-05-01,0.65,0.22,0.16,-0.25,0.57,0.34,0.04,-0.11,0.84,0.54,1.2,0.72,0.52,0.77,0.33,0.46,0.92,0.05,0.35,1.09,0.96
2003-06-01,0.69,-0.03,0.33,0.3,0.38,0.34,0.46,-0.55,-0.23,0.77,1.17,0.64,0.24,0.5,0.31,0.63,1.0,0.32,0.4,0.4,1.07
2003-07-01,0.85,0.18,0.34,0.11,0.52,0.38,0.17,0.07,-0.04,1.11,1.92,1.36,0.85,0.68,0.51,0.55,1.31,0.92,0.51,0.49,1.12
2003-08-01,0.89,0.24,0.44,0.48,0.38,0.55,0.02,0.35,0.03,1.62,1.97,1.49,0.68,0.78,0.67,0.48,1.84,1.11,0.88,0.25,1.34
2003-09-01,0.98,0.34,0.68,-0.06,0.83,0.59,0.02,0.18,0.25,1.74,2.18,1.3,0.76,1.21,0.78,0.48,2.2,1.25,0.56,1.55,1.57
2003-10-01,0.91,0.26,0.84,1.25,0.87,0.55,0.1,0.37,0.57,2.26,2.12,1.28,0.75,1.03,0.7,0.74,2.31,1.28,0.93,1.0,1.53
2003-11-01,0.92,0.35,1.14,0.59,0.9,0.37,0.11,0.39,0.27,2.28,2.22,1.05,0.73,1.29,0.86,0.89,2.23,1.44,0.56,1.11,1.53
2003-12-01,1.0,0.21,1.03,0.53,1.02,0.18,-0.18,0.37,0.27,3.08,2.36,1.15,0.48,1.17,1.02,0.81,2.17,1.47,1.06,0.25,1.44
2004-01-01,1.05,0.51,0.8,-0.63,0.72,0.08,0.44,0.64,0.28,2.91,2.28,1.37,0.84,1.08,0.83,0.62,1.94,1.19,0.6,1.9,1.81
2004-02-01,1.09,0.23,0.88,0.2,0.53,0.33,0.38,0.44,0.19,2.98,2.32,1.34,0.84,1.1,0.87,0.64,2.14,1.34,0.8,1.02,1.33
2004-03-01,1.3,0.48,0.78,0.52,0.61,0.21,-0.76,0.47,0.79,5.41,3.21,1.96,1.01,1.23,0.97,0.21,3.32,1.41,0.75,2.11,1.66
2004-04-01,1.06,0.59,1.4,0.72,0.4,0.78,0.19,0.03,0.35,4.8,3.03,1.64,1.08,0.99,1.0,1.21,2.95,1.43,0.84,0.37,1.83
2004-05-01,1.09,0.06,0.39,0.38,0.93,-0.11,0.38,0.02,0.65,4.73,2.69,2.0,0.32,1.18,1.17,0.75,3.01,1.38,1.0,1.39,2.34
2004-06-01,1.12,-0.04,0.81,0.09,0.6,0.03,0.3,0.41,-0.3,5.46,2.77,1.86,0.84,1.29,1.1,0.7,2.67,1.82,0.94,1.59,2.59
2004-07-01,0.99,0.33,0.37,0.11,0.64,-0.0,0.24,0.1,-0.17,4.65,1.96,1.94,0.2,1.33,1.4,0.74,2.38,1.33,0.89,1.34,1.7
2004-08-01,0.86,0.36,0.68,-0.2,0.43,0.13,0.12,0.29,0.0,3.0,0.88,1.84,0.49,0.93,1.3,0.91,1.46,1.42,0.65,1.64,1.66
2004-09-01,1.01,0.43,0.51,0.07,0.93,0.39,0.03,0.12,0.16,1.82,0.74,1.98,-0.01,1.04,2.19,1.19,1.27,1.42,0.84,1.54,1.59
2004-10-01,1.02,0.39,1.11,0.4,0.68,0.08,0.25,0.58,0.26,1.11,0.54,1.66,0.57,1.12,2.3,1.19,1.0,1.71,0.75,1.74,1.75
2004-11-01,1.14,0.41,0.58,0.69,0.74,0.58,0.2,0.46,0.27,0.77,1.01,1.82,0.43,1.0,2.71,1.04,0.65,1.79,1.51,1.57,1.81
2004-12-01,1.14,0.58,0.73,0.83,0.91,0.36,0.49,0.67,0.22,0.64,0.98,1.93,0.51,0.91,3.02,0.84,1.1,2.09,1.33,1.75,1.88
2005-01-01,1.23,0.56,0.83,0.32,0.98,1.15,0.45,0.48,0.46,0.47,1.53,2.22,1.08,1.39,2.75,1.15,1.03,2.41,1.81,2.12,1.85
2005-02-01,1.28,0.65,1.24,0.45,1.19,0.63,0.6,0.73,0.56,1.21,1.69,2.29,0.79,1.4,3.4,1.1,0.98,2.3,0.99,2.03,2.08
2005-03-01,1.51,0.59,0.86,-0.17,1.43,-0.22,0.57,0.21,0.65,0.94,2.02,2.81,0.67,1.79,3.8,1.39,0.37,2.27,1.61,2.45,2.7
2005-04-01,1.02,0.65,0.58,0.02,0.4,0.2,0.08,0.32,0.62,1.18,1.61,2.96,0.8,1.03,4.08,1.36,0.58,0.92,0.99,1.72,2.16
2005-05-01,1.1,0.22,0.12,0.48,0.43,0.02,0.21,0.03,0.77,0.83,1.57,2.34,0.06,0.8,3.72,1.67,0.43,1.24,1.36,1.89,1.76
2005-06-01,1.09,0.41,-0.35,0.84,0.51,-0.24,-0.24,-0.14,-0.5,0.67,1.47,2.81,0.15,0.74,4.32,2.14,0.55,1.16,1.35,2.5,1.76
2005-07-01,0.97,-0.04,-0.04,0.61,0.35,-0.13,0.32,0.02,-0.48,0.47,1.53,2.25,-0.13,0.81,3.82,1.93,0.35,1.02,1.35,2.19,1.28
2005-08-01,0.92,0.13,-0.17,0.69,-0.04,-0.02,0.15,0.2,-0.47,0.71,1.65,2.39,0.07,0.84,3.49,1.99,0.4,0.67,1.49,2.62,0.94
2005-09-01,1.14,0.02,0.25,0.07,0.9,0.19,0.65,0.5,-0.02,0.79,1.84,2.35,0.16,1.28,3.24,1.99,0.18,0.94,1.56,2.58,1.0
2005-10-01,0.9,0.7,-0.07,1.13,0.75,0.28,0.5,0.52,0.37,0.81,1.94,2.06,0.8,1.28,1.93,1.67,0.72,0.67,1.46,2.92,0.99
2005-11-01,0.93,0.7,0.44,0.37,1.36,0.41,0.97,0.45,0.45,1.03,1.52,1.58,0.83,1.28,1.78,1.69,0.74,0.65,1.66,2.15,1.01
2005-12-01,0.68,0.74,-0.21,1.0,0.82,0.28,0.59,0.51,0.52,0.87,1.44,1.55,0.62,1.3,1.27,1.52,0.13,0.42,1.44,1.54,0.9
2006-01-01,0.78,0.77,0.1,-0.45,1.11,0.42,0.5,0.64,0.42,1.04,1.05,1.53,0.47,0.68,1.29,1.75,0.28,0.46,1.57,1.56,0.74
2006-02-01,0.53,0.48,-0.6,0.92,0.9,-0.04,0.03,0.35,0.34,0.92,1.13,1.52,0.78,0.73,1.01,1.54,0.32,0.65,1.23,1.2,0.7
2006-03-01,0.59,0.24,0.28,0.54,1.26,-0.27,-0.01,0.04,0.45,0.35,0.31,1.12,0.47,0.31,0.55,1.71,0.13,0.22,1.37,1.59,0.32
2006-04-01,-0.02,0.22,-0.39,1.08,-0.24,-0.52,-0.2,-0.38,-1.44,0.22,0.37,1.12,0.87,0.34,0.57,0.86,-0.15,-0.22,0.75,0.83,-0.21
2006-05-01,-0.09,0.06,-0.57,0.37,0.06,-0.39,-0.1,-0.06,-0.56,-0.16,-0.06,0.55,-0.54,0.08,0.12,0.75,-0.66,-0.36,0.93,0.44,-0.44
2006-06-01,-0.35,0.06,-1.03,0.57,-0.34,0.07,0.12,-0.21,-1.25,-0.73,-0.26,-0.17,-0.79,-0.2,-0.23,0.78,-0.7,-0.68,1.06,-0.43,-0.74
2006-07-01,-0.24,0.03,-0.51,0.83,-0.36,-0.07,0.26,-0.08,-0.91,-0.26,-0.27,-0.27,-1.26,-0.53,-0.64,0.58,-0.77,-0.72,0.99,-0.43,-0.91
2006-08-01,-0.26,-0.05,-0.39,0.56,-0.32,-0.53,0.13,-0.38,-0.85,-0.28,-0.33,-0.87,-0.54,-0.91,-0.7,0.64,-0.77,-0.31,0.84,-0.62,-1.07
2006-09-01,0.11,-0.03,-0.61,0.59,0.26,-0.59,-0.05,-0.13,-0.79,-0.23,-0.06,0.1,-0.58,-0.03,-0.7,0.35,-0.31,-0.35,0.7,-0.56,-1.1
2006-10-01,0.22,0.5,-0.07,0.21,0.02,-0.28,0.04,-0.19,-0.23,-0.25,0.21,0.44,0.05,0.0,-0.56,0.21,-0.53,-0.09,0.6,-0.76,0.02
2006-11-01,0.22,0.28,-1.05,0.82,0.02,-0.17,0.1,-0.04,-0.42,0.05,0.33,0.45,-0.03,0.06,-0.29,0.28,-0.27,-0.04,0.72,-0.45,-0.1
2006-12-01,0.29,0.42,-0.36,0.55,0.27,-0.17,0.55,0.24,-0.99,0.15,-0.58,0.33,0.15,0.04,-0.15,0.04,-0.87,-0.05,0.72,-0.52,-0.04
2007-01-01,0.21,0.25,-0.41,0.73,0.78,0.29,-0.0,-0.04,-0.41,0.07,0.18,-0.27,0.64,-0.16,0.32,0.8,0.34,0.69,0.89,-0.15,-0.01
2007-02-01,0.04,0.46,0.41,0.4,0.72,0.2,0.57,-0.14,-0.24,-0.06,-0.25,0.3,0.51,0.19,-0.25,0.64,-0.52,0.12,0.88,0.3,0.16
2007-03-01,-0.24,0.19,0.33,0.58,1.06,0.1,0.18,-0.31,0.6,-0.24,-0.51,-0.42,0.23,0.44,-0.32,1.1,-0.95,0.2,0.81,-0.38,-0.14
2007-04-01,-0.62,0.19,-0.12,0.61,-1.47,-1.0,0.18,-0.31,-1.62,-1.1,-0.86,-0.89,-0.06,-0.29,-0.9,0.2,-0.84,-0.83,0.22,-1.26,-1.19
2007-05-01,-0.77,-0.53,-0.42,0.26,-0.83,-0.65,-0.34,0.17,-2.31,-1.17,-0.82,-1.86,-1.43,-0.82,-1.19,-0.03,-0.97,-1.29,0.3,-1.58,-1.15
2007-06-01,-0.74,-0.38,-0.72,0.32,-0.83,-1.12,-0.25,0.03,-2.19,-1.72,-1.11,-1.79,-1.57,-1.02,-1.36,-0.4,-1.06,-1.33,-0.07,-1.63,-1.44
2007-07-01,-0.63,-0.59,-0.28,0.02,-0.8,-0.34,-0.63,0.1,-0.36,-1.36,-1.08,-2.25,-1.19,-0.92,-1.53,-0.23,-1.41,-1.15,-0.1,-1.81,-1.35
2007-08-01,-0.56,-0.39,-0.73,0.14,-1.04,-0.83,-0.12,-0.09,-1.2,-1.93,-1.41,-2.37,-0.98,-1.16,-1.47,-0.4,-1.36,-0.51,-0.33,-2.01,-1.26
2007-09-01,-0.31,-0.39,0.03,-0.14,-0.94,-0.28,-0.22,-0.45,-1.12,-1.78,-1.39,-2.21,-0.89,-0.25,-1.58,-0.12,-1.69,-0.68,-0.23,-1.72,-0.22
2007-10-01,-0.53,-0.28,-0.37,-0.14,-0.68,-0.73,-0.18,-1.08,-1.8,-2.24,-1.71,-2.14,-0.82,-0.44,-2.48,-0.05,-2.01,-1.71,-0.67,-1.33,-0.21
2007-11-01,-0.84,-0.99,-0.27,-0.44,-0.42,-1.5,-0.88,-1.29,-2.24,-2.7,-3.15,-2.72,-1.26,-0.33,-2.83,-0.32,-2.91,-2.48,-0.75,-1.31,-1.07
2007-12-01,-0.46,-0.7,-0.86,0.07,-0.17,-0.53,-0.51,-1.06,-1.64,-2.37,-2.56,-2.47,-1.29,-0.78,-2.88,0.03,-2.7,-2.41,-0.39,-1.25,-1.7
2008-01-01,-0.69,-0.57,-0.47,0.18,-1.14,-1.97,-0.99,-0.51,-2.03,-4.65,-3.0,-2.41,-1.59,-0.45,-3.09,-0.85,-1.74,-1.77,-0.68,-1.84,-1.63
2008-02-01,-0.92,-0.77,-0.74,0.18,-0.99,-0.4,-0.17,-0.52,-1.73,-4.42,-3.69,-2.6,-1.95,-0.68,-3.35,-0.8,-3.38,-4.17,-0.5,-2.59,-1.85
2008-03-01,-0.87,-0.94,-0.8,-0.2,-0.46,-0.19,0.9,0.07,-0.73,-4.15,-3.3,-3.83,-1.42,-0.31,-3.05,-0.91,-2.66,-3.51,-0.99,-2.93,-1.89
2008-04-01,-1.01,-1.49,-0.78,-0.34,-0.85,1.67,0.01,-0.12,-1.69,-2.3,-2.6,-3.73,-1.59,-0.83,-3.41,-0.56,-3.12,-3.38,-0.53,-2.32,-1.9
2008-05-01,-1.0,-0.78,-0.23,0.09,-1.25,-2.07,-0.14,-0.05,-1.75,-3.06,-2.76,-4.14,-0.84,-0.68,-3.28,-0.78,-2.02,-2.51,-1.29,-1.56,-1.9
2008-06-01,-0.98,-1.24,-0.02,-0.72,-1.35,-0.62,-0.46,0.05,-1.29,-1.82,-2.16,-1.92,-1.08,-0.51,-3.35,-1.01,-2.33,-2.5,-1.02,-1.76,-1.85
2008-07-01,-0.88,-0.93,-0.54,-0.58,-1.61,-1.0,0.06,0.04,-1.14,-3.09,-2.28,-2.39,-0.68,-1.17,-3.41,-1.22,-2.58,-2.77,-1.35,-1.02,-1.76
2008-08-01,-0.96,-0.69,-0.11,-0.91,-1.09,0.47,-0.22,-0.48,-2.04,-2.97,-2.11,-2.26,-1.77,-0.78,-3.39,-1.44,-2.43,-3.86,-0.97,-0.48,-1.18
2008-09-01,-1.04,-0.81,-0.8,-0.82,-1.18,0.26,-0.17,-0.66,-2.91,-2.91,-2.57,-2.52,-1.44,-0.74,-3.3,-1.14,-2.32,-3.59,-1.29,-2.09,-1.89
2008-10-01,-1.24,-1.2,-0.5,-1.07,-1.29,-0.41,-0.54,-0.82,-3.67,-2.9,-2.08,-2.82,-2.81,-0.97,-3.52,-1.63,-2.44,-3.67,-1.04,-2.78,-2.12
2008-11-01,-1.38,-1.67,-1.65,-1.3,-1.98,-0.43,-1.1,-0.29,-2.41,-2.83,-1.75,-2.29,-1.48,-1.23,-3.17,-1.76,-1.76,-2.11,-1.76,-2.53,-1.81
2008-12-01,-1.62,-2.33,-0.55,-1.87,-2.02,-1.42,-1.51,-0.66,-2.75,-4.31,-2.0,-2.5,-4.08,-1.18,-4.44,-1.9,-1.45,-3.01,-2.71,-2.58,-1.78
2009-01-01,-1.37,-2.22,-0.86,-0.77,-3.31,-0.86,-1.55,-1.61,-3.18,-3.94,-2.11,-3.33,-3.06,-0.95,-4.5,-1.7,-1.79,-3.04,-2.43,-3.35,-1.24
2009-02-01,-0.99,-1.84,-0.5,-1.08,-2.1,-3.89,0.11,-1.07,-2.89,-3.24,-1.36,-2.54,-1.66,-1.23,-3.71,-1.23,-0.68,-2.12,-0.87,-2.02,-1.58
2009-03-01,-0.9,-1.22,-1.47,-0.25,-1.6,-0.7,-0.09,0.15,-3.06,-3.41,-1.09,-2.8,-4.76,-1.76,-4.23,-1.97,-1.73,-2.33,-2.27,-2.3,-0.9
2009-04-01,-0.48,-0.7,-0.59,-1.14,-1.16,-0.24,0.47,0.34,-1.28,-3.69,-1.34,-1.67,-0.48,-1.58,-2.37,-1.42,-0.59,-0.76,-1.18,-1.16,-0.18
2009-05-01,-0.17,-1.1,0.25,-0.06,-0.05,2.48,0.68,0.23,-0.74,-2.85,-1.06,-1.51,-0.52,-0.31,-1.76,-1.27,-0.22,-0.25,-1.27,-1.02,0.27
2009-06-01,0.27,-0.26,1.12,-0.35,-1.02,2.57,1.46,1.01,-2.46,-2.41,0.3,0.19,1.03,-0.35,0.37,0.25,0.74,2.9,-0.48,-0.42,1.02
2009-07-01,0.22,1.17,0.35,0.17,1.13,0.74,0.74,0.81,-0.85,-1.56,1.19,0.27,2.6,0.03,1.08,0.22,1.65,2.28,-0.49,0.34,1.07
2009-08-01,-0.09,0.77,0.68,-0.48,0.57,-1.09,0.2,0.59,0.52,-0.88,1.26,0.67,2.08,0.01,1.19,0.15,1.44,2.44,-0.1,0.39,1.23
2009-09-01,-0.17,0.76,0.27,-0.23,1.21,-0.44,-0.02,0.2,1.34,-1.08,0.77,0.69,1.6,0.06,1.0,-0.21,1.12,1.8,-0.23,-0.78,0.95
2009-10-01,-0.12,0.39,0.22,0.13,-0.47,-0.03,0.17,0.24,1.14,-0.24,0.82,-0.01,0.44,-0.02,1.17,0.39,0.99,1.88,0.65,-0.89,0.39
2009-11-01,0.19,0.57,0.61,0.32,0.15,0.61,0.94,0.32,0.28,-0.01,1.22,-0.08,0.47,-0.36,1.38,1.01,1.01,1.56,0.25,-0.02,0.27
2009-12-01,-0.14,0.04,0.49,-0.01,-0.5,-0.15,-0.06,0.06,0.66,0.64,1.58,-0.05,0.5,0.12,1.11,0.38,0.81,0.67,0.41,-0.1,0.68
2010-01-01,-0.36,-0.52,0.09,-0.14,-0.22,0.82,-0.43,-0.14,0.09,-0.15,1.66,0.14,0.86,0.23,0.38,-0.42,1.29,1.07,-0.35,0.56,0.1
2010-02-01,-1.2,-0.5,-0.16,-0.5,-0.49,-0.59,-1.35,-0.13,-0.8,0.04,0.01,-0.02,-0.45,0.05,-0.82,-1.83,0.9,0.58,-0.4,-0.54,0.27
2010-03-01,0.15,-1.57,0.57,-1.69,-0.95,2.01,0.26,0.48,-1.96,-0.41,-0.46,-0.21,-1.0,-0.1,-0.32,0.04,1.16,1.17,-0.32,0.13,-0.32
2010-04-01,0.37,0.55,0.27,0.54,-0.6,-0.26,0.76,0.54,0.18,0.08,0.21,-0.51,2.0,-0.17,0.34,0.98,0.2,0.56,-0.53,-0.07,1.17
2010-05-01,-0.01,0.2,0.24,-0.69,-0.18,-0.62,0.17,-0.57,-0.45,-0.77,0.64,0.05,1.01,0.18,-0.04,-0.33,0.38,-0.24,-0.05,-0.15,0.55
2010-06-01,-0.46,-0.3,-0.44,-0.24,-0.02,-0.35,-0.34,-0.72,0.45,-1.0,-0.21,-0.05,-0.13,0.16,-0.77,-0.28,-0.3,-0.6,-0.87,-0.79,0.52
2010-07-01,-0.5,-0.8,-0.29,-0.54,-0.71,-0.62,-0.76,-0.94,-0.38,-1.22,-0.32,-0.45,-1.55,0.16,-1.27,-1.17,-0.06,-0.48,-0.34,-1.2,-0.11
2010-08-01,-0.74,-1.18,-0.49,-0.45,-0.73,-0.82,-1.06,-0.43,-0.94,-0.51,-0.72,-0.61,-1.2,-0.56,-1.65,-0.96,-0.73,-0.49,-0.79,-0.48,-0.5
2010-09-01,-0.62,-1.37,-0.72,-0.48,-1.37,-1.79,-0.88,-0.27,-1.52,0.08,-0.11,-0.99,-2.11,-0.15,-1.3,-1.5,-0.69,-0.21,-0.29,-0.76,-0.05
2010-10-01,-0.34,-1.36,-0.25,-0.36,-1.12,-0.78,-0.28,0.07,-0.83,-0.29,-0.11,-0.55,-0.89,-1.35,-1.17,-1.18,-0.99,-1.19,-0.78,-0.38,0.17
2010-11-01,-0.25,-1.0,0.04,0.16,-0.7,-1.3,-0.2,-0.47,-0.51,0.08,0.05,-0.14,-1.04,-0.3,-0.85,-0.77,0.64,-0.18,-0.38,-0.49,0.24
2010-12-01,-0.08,-0.12,0.42,-0.23,-0.23,0.93,0.63,0.21,0.62,-0.66,-0.72,-0.25,-0.39,-0.28,-1.04,-0.54,0.0,-0.06,-0.85,-1.64,0.37
2011-01-01,-0.38,1.12,0.33,-0.57,-0.27,0.21,0.26,-0.07,0.39,0.08,0.04,-0.93,-1.71,-0.66,-0.62,-0.37,-0.36,-0.28,-1.05,-0.35,0.09
2011-02-01,-0.83,1.24,-0.62,-0.64,-0.55,0.44,0.14,-0.49,0.9,-0.44,-0.33,-1.48,-1.52,-0.35,-0.14,-1.06,-1.05,-1.31,-1.24,-0.37,-0.1
2011-03-01,-0.26,-0.18,-1.22,-1.77,-1.26,-1.37,-1.22,-0.89,-1.35,-0.84,-0.15,-0.32,-2.59,-0.66,-0.43,-0.78,-1.13,-0.78,-0.56,-0.78,-1.14
2011-04-01,0.02,-0.06,-1.41,0.66,-1.74,-0.6,-0.75,0.24,-1.31,-0.92,-0.33,-0.1,-0.0,0.98,-0.16,-0.71,-0.18,-0.14,0.03,-0.81,-0.71
2011-05-01,-0.07,-0.98,1.3,0.44,0.12,-0.59,-0.41,0.16,0.46,-1.28,-0.54,0.29,0.64,-0.18,-0.76,-0.26,-0.5,-0.24,-0.31,-0.54,-0.09
2011-06-01,-0.03,-0.58,0.76,0.6,0.49,-0.16,0.24,0.3,3.39,-0.39,-0.38,0.13,0.86,-0.33,-0.44,-0.81,-0.49,-0.48,-0.2,0.09,0.02
2011-07-01,-0.09,-0.73,-0.11,-0.3,0.1,0.43,0.38,-0.48,2.59,-0.53,-0.35,0.13,0.92,0.46,-0.67,0.08,-0.58,-0.47,-0.43,-0.04,0.58
2011-08-01,-0.3,-2.52,-0.25,-0.15,0.33,-0.1,0.33,0.21,0.05,-0.88,-0.61,-0.44,-0.58,-0.21,-0.33,0.03,-0.25,-0.03,-0.21,0.07,0.07
2011-09-01,-0.46,-4.84,-0.12,0.02,-0.43,-0.06,0.12,-0.06,0.72,-1.45,-0.72,-0.32,-0.02,0.15,0.06,0.56,-0.49,-0.67,-0.68,-1.48,0.62
2011-10-01,-0.52,-3.41,0.0,-0.32,-0.62,-0.11,0.03,0.52,-0.84,-1.51,-0.87,-0.54,-0.2,-1.08,0.34,-0.11,-0.08,0.12,-0.31,0.19,-0.91
2011-11-01,-0.58,-1.09,-0.53,-0.57,-1.69,-0.03,-0.41,0.28,-0.09,-0.57,-0.41,-0.47,0.28,-0.5,0.79,-0.7,-0.36,-1.03,-0.48,-0.46,-0.07
2011-12-01,-0.35,-1.23,-0.65,-0.38,-0.83,-0.42,-0.01,-0.04,-1.03,-0.32,-0.49,0.42,-0.12,-0.81,1.4,0.34,0.07,0.05,-0.04,0.33,-0.75
2012-01-01,-0.05,-1.43,0.06,-0.24,-0.57,-1.2,0.23,0.35,0.74,-0.25,-0.21,0.98,0.76,-0.54,1.68,-0.79,-0.33,-0.96,0.6,-0.0,0.16
2012-02-01,-0.05,-1.67,-0.21,0.51,-0.99,-0.37,0.4,-0.23,0.39,0.18,-0.22,1.19,0.87,-0.6,1.71,0.1,0.36,0.45,-0.26,0.51,-0.84
2012-03-01,1.0,-0.82,0.02,0.7,-1.64,0.5,1.14,1.02,-0.56,0.09,0.12,1.16,-0.13,-0.37,2.16,-0.67,-0.05,0.02,0.82,0.63,0.99
2012-04-01,0.91,0.66,-0.44,0.7,-0.25,0.86,0.51,0.57,-0.85,0.87,0.85,0.33,0.32,0.29,2.13,1.14,0.77,1.45,0.36,1.46,1.36
2012-05-01,0.72,2.09,1.14,0.3,2.75,1.16,0.7,1.01,3.33,1.41,1.14,0.56,1.09,0.45,2.01,1.2,0.18,1.86,1.2,1.13,1.45
2012-06-01,0.62,2.41,1.07,0.57,1.86,0.58,0.26,0.86,3.13,1.03,1.04,1.16,2.19,0.52,1.78,1.7,0.49,2.04,1.02,1.0,0.81
2012-07-01,0.45,1.83,0.9,0.66,0.98,-0.05,0.47,0.91,1.72,0.33,0.84,1.19,1.99,0.02,1.82,0.38,0.59,1.47,0.88,0.4,0.4
2012-08-01,0.43,1.71,0.65,0.99,-0.13,0.55,0.33,0.44,1.26,1.06,1.19,0.98,0.41,0.22,1.6,0.47,0.86,0.75,0.23,0.56,0.34
2012-09-01,0.44,1.46,-0.01,-0.13,-0.14,0.02,0.79,1.01,0.91,1.51,1.2,0.41,1.15,0.25,1.42,0.62,1.71,1.37,0.84,0.17,0.21
2012-10-01,0.48,1.07,-0.26,0.22,-0.24,0.45,0.21,0.66,1.78,2.98,1.21,0.41,0.36,-0.14,1.52,1.42,1.73,1.45,0.61,0.12,0.11
2012-11-01,0.69,1.44,0.04,0.37,0.48,-0.07,0.68,1.1,1.27,0.89,1.0,0.89,1.59,-0.38,1.67,0.77,1.52,2.33,1.24,0.4,0.19
2012-12-01,0.63,0.86,0.64,0.71,0.48,0.61,0.55,0.58,1.47,2.3,1.72,1.04,1.21,0.13,1.5,0.1,1.21,1.54,0.62,0.63,0.59
2013-01-01,0.91,1.68,0.47,0.75,0.44,0.22,0.66,0.79,1.12,1.8,1.47,1.01,0.98,0.06,1.72,0.85,0.02,1.59,0.93,1.74,0.25
2013-02-01,0.65,0.86,0.85,0.52,0.51,0.42,0.43,0.38,0.26,2.0,1.46,0.8,0.68,0.6,1.49,0.96,0.61,1.35,0.13,1.21,-0.13
2013-03-01,1.48,1.15,1.13,1.48,0.31,0.47,0.77,0.74,2.05,2.68,2.2,1.26,-0.5,-0.31,1.59,2.26,1.65,2.54,1.83,2.02,1.58
2013-04-01,1.04,2.15,0.96,0.85,1.31,0.59,1.13,0.74,1.07,2.24,2.6,2.21,2.02,0.95,1.28,1.2,3.1,2.88,0.98,1.18,0.94
2013-05-01,0.88,1.69,0.63,0.54,1.91,0.08,1.03,0.95,2.38,2.14,1.59,1.79,0.61,0.73,1.38,0.97,2.48,2.57,1.77,0.88,0.82
2013-06-01,0.88,1.75,0.55,0.52,0.88,0.52,0.88,0.76,0.82,2.31,1.72,1.72,0.27,0.64,1.16,1.09,2.23,2.16,1.0,1.41,0.22
2013-07-01,0.91,1.59,0.64,0.34,1.75,0.21,0.96,1.23,1.25,2.48,1.75,0.52,0.51,0.5,1.16,0.93,1.67,2.04,1.6,1.79,0.88
2013-08-01,0.87,1.72,0.76,1.08,0.98,0.21,0.82,0.96,1.2,2.57,2.02,0.94,1.2,0.61,1.39,1.24,1.9,1.48,0.97,1.98,0.71
2013-09-01,0.8,1.57,1.03,0.21,0.9,0.86,0.75,0.8,1.74,1.47,1.36,1.04,1.11,0.83,1.44,1.05,1.17,1.56,1.0,0.56,0.93
2013-10-01,0.64,1.13,0.7,0.86,0.88,0.03,0.71,0.26,1.71,1.44,1.39,1.62,1.5,0.62,1.04,0.74,0.78,0.44,0.57,0.56,0.46
2013-11-01,0.53,0.84,1.07,0.0,0.52,0.53,0.82,0.48,1.24,1.07,0.65,1.49,0.75,0.63,0.5,0.62,0.59,1.14,0.63,0.72,0.48
2013-12-01,0.57,0.57,0.49,0.37,0.58,-0.75,0.77,0.64,0.85,0.85,0.51,1.11,0.39,0.2,0.22,0.65,0.62,0.96,0.53,0.66,0.74
2014-01-01,0.58,0.44,-0.04,0.14,-0.13,0.53,0.42,0.62,0.25,1.31,0.2,0.92,0.52,0.42,0.33,0.74,1.03,1.83,0.37,0.87,0.51
2014-02-01,0.37,0.11,0.14,-0.1,0.17,-0.56,0.48,0.36,0.07,0.53,0.78,0.3,0.21,0.01,0.22,0.91,0.94,0.68,0.74,-0.24,0.28
2014-03-01,0.34,0.72,0.58,-0.14,0.69,1.29,0.5,0.63,1.36,0.92,0.82,1.2,1.26,-0.07,0.28,0.79,0.67,1.15,0.53,-0.44,0.76
2014-04-01,0.19,0.34,1.87,0.24,0.53,-0.24,0.6,0.59,0.3,0.18,0.19,0.8,-0.31,-0.07,0.05,0.63,0.15,0.56,0.6,0.76,-0.41
2014-05-01,0.16,-0.26,0.05,0.76,-0.09,-0.26,0.53,0.5,-0.01,0.43,0.15,0.56,0.0,0.09,0.04,0.09,-0.01,0.53,0.21,1.0,-0.17
2014-06-01,0.25,-0.25,-0.45,-0.17,-0.3,-0.89,0.52,0.44,-0.5,0.82,0.26,0.35,-0.76,0.4,0.08,0.34,0.08,0.23,0.4,0.66,-0.16
2014-07-01,0.32,0.02,-0.47,0.4,-0.4,0.24,0.5,0.34,-0.21,0.32,0.28,0.35,-0.33,0.3,0.01,0.14,0.0,-0.19,0.39,0.17,-0.28
2014-08-01,0.38,0.38,0.19,0.12,0.13,0.26,0.77,0.66,0.05,0.35,0.03,0.47,-0.05,0.1,0.11,0.4,-0.03,0.22,0.52,0.33,-0.03
2014-09-01,0.42,0.65,0.39,0.87,0.18,0.44,0.74,0.7,0.02,0.49,0.3,0.83,0.19,-0.01,0.14,0.49,0.19,0.75,0.5,0.49,0.04
2014-10-01,0.44,0.91,0.49,0.31,0.24,0.25,0.82,1.13,0.54,0.38,0.78,0.75,0.43,-0.03,0.19,0.41,0.46,1.36,0.83,1.04,0.4
2014-11-01,0.42,1.06,0.54,0.43,0.22,0.26,0.74,0.71,0.22,0.77,0.82,0.71,0.06,-0.09,0.41,0.95,1.0,0.81,0.48,1.15,0.12
2014-12-01,0.43,0.69,0.38,0.5,0.07,0.14,0.58,1.23,0.52,0.23,0.74,0.84,0.62,0.53,0.52,0.8,0.44,1.12,0.97,0.26,0.24
2015-01-01,0.34,0.28,0.91,0.76,0.77,0.36,0.93,0.75,0.73,0.4,0.12,0.79,0.65,0.32,0.43,0.91,0.91,0.23,0.45,0.19,0.08
2015-02-01,0.29,0.55,0.31,1.06,0.68,-0.14,0.88,1.64,0.89,0.33,0.89,1.0,0.94,0.42,0.5,0.69,0.42,2.42,0.76,0.58,0.34
2015-03-01,0.4,0.43,-0.06,0.15,0.42,0.36,1.12,0.5,1.26,0.79,0.55,0.68,0.88,-0.09,0.49,0.62,0.65,1.45,0.74,0.81,0.13
2015-04-01,0.3,0.02,-0.85,0.1,-0.26,0.06,0.21,0.94,0.65,0.65,0.65,0.55,-0.14,0.54,0.44,0.74,0.12,0.56,0.61,0.28,0.01
2015-05-01,0.34,0.26,0.67,0.23,-0.27,0.4,0.35,0.45,0.32,0.78,0.47,0.25,-0.05,0.32,0.4,0.57,0.29,0.42,0.31,0.14,-0.19
2015-06-01,0.35,0.38,0.73,0.19,-0.3,0.18,0.45,0.74,0.24,0.31,0.36,0.2,0.08,0.24,0.47,0.83,-0.1,0.22,0.45,0.02,0.22
2015-07-01,0.39,0.53,0.71,0.22,-0.23,0.33,1.07,0.51,-0.13,0.58,0.25,0.13,0.06,0.11,0.43,0.93,0.94,0.54,0.45,0.57,0.05
2015-08-01,0.45,0.31,0.48,0.11,-0.08,-0.2,0.92,1.09,0.06,0.24,0.25,0.59,0.02,0.15,0.43,1.19,0.57,0.59,0.96,0.65,0.11
2015-09-01,0.52,0.84,0.35,0.2,0.17,-0.13,0.81,0.9,0.27,0.22,0.45,0.97,0.43,0.12,0.41,1.16,0.8,1.16,1.17,0.75,0.08
2015-10-01,0.55,0.62,0.65,0.53,0.32,0.23,0.85,1.05,0.25,0.29,0.55,0.89,0.54,0.18,0.6,1.22,0.16,1.05,1.39,0.82,0.11
2015-11-01,0.54,0.5,0.12,0.93,0.69,0.65,0.73,0.7,1.13,0.35,0.64,0.83,0.72,0.35,0.57,1.03,0.88,0.78,1.26,0.67,0.45
2015-12-01,0.46,0.41,0.31,0.71,0.37,0.54,0.72,0.52,0.96,0.82,0.66,-0.02,0.57,0.08,0.9,0.99,1.27,0.46,0.93,1.06,-0.03
2016-01-01,0.41,0.64,0.06,0.18,0.25,0.54,0.61,0.68,0.71,0.49,0.75,0.42,0.41,0.02,0.18,1.13,0.62,0.36,0.95,0.65,0.35
2016-02-01,0.21,0.78,0.37,0.43,0.25,0.17,0.67,1.02,0.32,0.75,0.72,0.4,0.2,0.17,0.43,0.7,-0.2,0.94,0.78,0.84,-0.31
2016-03-01,0.29,0.5,0.51,0.21,0.63,-0.2,0.62,0.62,0.59,0.32,0.22,0.68,0.62,0.26,0.1,0.96,0.42,0.69,0.73,0.5,0.02
2016-04-01,0.34,0.26,0.39,0.7,0.49,0.14,0.45,0.57,0.22,0.6,0.23,0.73,0.64,0.43,0.33,0.76,0.35,0.11,0.48,0.57,0.42
2016-05-01,0.37,0.34,0.68,0.37,0.36,0.24,0.81,0.61,0.19,0.58,0.15,0.52,0.36,0.08,0.29,0.85,0.41,-0.5,0.44,0.34,0.29
2016-06-01,0.37,0.14,-0.03,0.44,-0.1,0.38,0.47,0.62,0.31,0.36,0.32,0.64,0.27,0.33,0.34,0.96,0.14,0.33,0.88,0.32,0.09
2016-07-01,0.43,0.18,0.34,0.37,-0.01,-0.01,0.56,0.79,0.66,0.28,0.52,0.32,0.17,0.27,0.51,0.8,0.4,0.2,0.77,0.39,0.01
2016-08-01,0.54,0.34,0.44,0.51,-0.18,0.28,0.69,0.61,0.46,-0.02,0.55,0.6,0.37,0.24,0.39,0.65,0.47,1.15,1.12,0.57,0.23
2016-09-01,0.54,0.7,0.5,0.49,0.29,-0.15,0.74,0.82,0.62,0.71,0.52,0.47,0.58,0.04,0.51,0.43,0.4,0.18,1.04,0.66,0.35
2016-10-01,0.51,0.9,0.72,0.42,0.04,1.33,0.81,0.61,0.59,0.29,0.26,0.63,0.58,0.01,0.45,0.72,0.66,0.91,1.03,0.99,0.34
2016-11-01,0.55,0.49,0.97,0.72,0.98,0.64,0.63,1.07,0.85,0.68,0.46,0.53,0.61,0.66,0.62,0.81,0.86,0.5,0.98,0.82,0.34
2016-12-01,0.52,0.52,1.04,0.42,1.07,0.86,0.67,0.63,0.51,0.61,0.57,0.67,0.62,0.38,0.54,0.81,0.77,1.03,1.22,1.33,0.54
2017-01-01,0.58,0.23,0.8,0.62,0.71,0.35,0.72,0.8,0.36,0.99,0.61,0.27,0.37,0.71,0.53,0.67,0.78,0.59,1.19,0.46,0.54
2017-02-01,0.28,0.5,0.82,0.49,0.24,0.68,1.18,0.45,0.54,0.69,0.27,0.36,0.82,0.3,0.48,0.69,0.53,0.73,1.35,0.04,0.33
2017-03-01,0.36,0.5,0.39,0.69,0.12,-0.49,0.4,0.16,1.38,0.51,0.52,-0.1,0.94,0.52,0.37,0.45,0.24,-0.64,0.82,-0.07,-0.16
2017-04-01,0.39,0.63,-0.4,0.14,-0.08,-0.07,0.36,0.43,0.64,0.81,0.17,0.25,0.15,0.42,0.43,0.92,0.45,0.12,1.08,0.53,-0.05
2017-05-01,0.47,0.22,0.2,0.44,-0.01,0.1,0.27,0.48,0.28,0.79,0.59,0.45,0.09,0.25,0.34,0.48,0.55,0.72,0.87,0.8,0.18
2017-06-01,0.47,0.2,0.27,0.46,0.0,0.14,0.43,0.45,0.58,0.69,0.38,0.39,0.34,0.09,0.42,0.35,0.68,0.67,1.07,0.34,0.24
2017-07-01,0.5,0.31,1.02,0.4,0.15,0.19,0.31,0.58,0.28,0.47,1.12,0.53,0.45,0.43,0.28,0.32,0.46,0.67,1.01,0.51,0.32
2017-08-01,0.62,0.41,0.55,0.71,0.2,0.77,0.52,0.67,0.51,1.04,0.5,0.29,0.28,0.64,0.57,0.42,1.2,0.57,0.97,0.32,0.16
2017-09-01,0.57,0.7,0.76,0.45,0.33,0.74,0.73,0.69,0.33,1.14,0.62,0.54,0.31,0.74,0.82,0.51,0.76,1.16,0.83,0.93,0.23
2017-10-01,0.54,0.29,0.3,0.69,0.13,0.5,0.71,0.69,0.84,1.34,0.51,0.12,0.42,0.52,0.37,0.54,0.51,1.47,0.87,0.57,0.37
2017-11-01,0.59,0.5,0.25,0.04,0.46,0.07,0.53,0.84,0.54,1.1,0.96,0.25,0.62,0.4,0.32,0.6,0.33,1.78,0.99,1.01,0.54
2017-12-01,0.62,0.67,0.41,0.6,0.18,0.21,0.56,1.07,0.6,1.09,0.92,0.18,0.52,0.26,0.58,0.65,0.79,1.18,1.17,0.6,0.06
2018-01-01,0.58,1.2,0.69,0.72,0.55,0.66,0.71,0.89,0.77,0.83,0.62,0.68,0.88,0.43,0.73,0.85,0.75,1.34,1.08,0.85,0.03
2018-02-01,0.47,0.45,1.28,0.86,0.35,1.32,0.63,1.06,1.15,1.25,0.86,0.85,0.62,0.82,0.96,0.28,0.59,0.45,1.09,0.41,0.33
2018-03-01,0.37,0.21,-0.0,0.4,0.2,-0.31,-0.16,0.22,0.74,1.1,0.33,0.33,1.02,-0.18,0.75,0.41,0.17,0.34,0.87,0.31,0.33
2018-04-01,0.34,0.11,0.6,0.1,0.0,0.24,0.23,0.42,0.27,1.11,0.36,0.21,0.6,-0.22,0.4,0.21,0.35,-0.15,1.2,0.22,0.16
2018-05-01,0.38,0.46,0.44,0.27,0.09,0.27,0.2,0.44,-0.0,0.75,-0.04,0.5,-0.02,0.1,0.64,0.44,0.12,0.82,1.38,0.3,0.09
2018-06-01,0.39,0.28,0.31,0.28,-0.01,0.33,0.08,0.34,0.06,1.02,0.32,0.54,0.28,0.13,0.45,0.31,0.42,0.56,0.54,0.64,0.14
2018-07-01,0.34,0.46,0.11,0.32,0.03,0.74,0.17,0.43,0.12,1.05,0.21,0.41,0.25,0.05,0.53,0.27,-0.05,0.68,-0.01,0.46,0.28
2018-08-01,0.38,0.41,0.25,0.36,0.46,0.61,0.22,0.41,0.55,1.23,0.37,0.22,0.48,0.37,0.2,0.21,0.01,0.36,-0.68,0.52,0.25
2018-09-01,0.32,0.55,0.35,0.42,0.52,0.27,0.36,0.43,0.5,0.82,0.05,0.16,0.25,0.37,0.9,0.28,-0.06,0.62,-0.23,0.55,0.29
2018-10-01,0.38,0.51,0.56,0.4,0.35,0.11,0.36,0.36,0.49,0.79,0.35,0.27,0.31,0.36,0.91,0.3,0.22,-0.25,-0.06,0.29,0.33
2018-11-01,0.28,0.56,0.4,0.5,0.23,-0.01,0.63,0.18,0.33,0.45,-0.1,0.49,0.49,0.27,0.8,0.17,-0.02,-0.34,0.05,0.37,0.34
2018-12-01,0.24,0.48,0.1,0.42,0.01,0.32,0.54,0.35,0.2,0.51,0.43,0.41,0.37,0.24,0.51,0.24,-0.1,-0.83,-0.03,0.27,0.16
2019-01-01,0.19,0.25,0.09,0.66,-0.1,-0.06,0.59,0.38,0.41,0.13,-0.39,0.43,0.5,0.19,0.35,0.11,-0.15,-0.44,-0.07,0.67,0.26
2019-02-01,0.15,0.33,-0.05,0.01,0.18,0.47,0.16,0.66,0.1,0.4,-0.19,0.35,-0.22,0.27,0.16,-0.14,0.24,-0.15,-0.25,0.73,0.21
2019-03-01,0.11,0.11,0.47,0.16,-0.27,0.13,-0.61,-0.36,0.01,-0.35,-0.2,0.26,0.24,-0.62,0.13,-0.06,0.05,0.09,-0.45,0.15,0.08
2019-04-01,0.22,0.43,0.58,0.31,0.21,0.26,-0.08,-0.04,0.38,0.06,0.37,-0.14,-0.18,-0.11,0.21,0.29,-0.2,0.45,-0.39,0.42,0.12
2019-05-01,0.29,0.11,0.14,0.45,-0.05,0.33,0.03,0.16,0.57,0.07,0.45,-0.09,0.6,0.0,0.25,0.27,0.55,0.04,0.19,-0.09,0.26
2019-06-01,0.22,0.21,0.6,0.27,0.16,0.27,0.1,0.2,0.46,0.1,-0.07,-0.09,0.49,-0.13,0.48,0.28,0.61,0.38,0.55,0.19,0.22
2019-07-01,0.3,0.03,0.26,0.41,0.05,0.38,0.28,0.22,0.14,0.28,-0.02,0.33,0.59,-0.11,0.59,0.49,0.73,0.05,0.79,0.23,0.11
2019-08-01,0.39,0.42,0.4,0.38,0.18,0.39,0.35,0.35,0.08,-0.1,0.36,0.42,0.44,0.34,0.75,0.34,0.36,0.3,0.73,0.39,0.28
2019-09-01,0.38,0.48,-0.03,0.51,-0.43,0.66,0.63,0.58,0.33,0.43,0.74,0.43,0.59,0.31,0.67,0.44,0.56,0.01,0.84,0.67,0.31
2019-10-01,0.43,0.74,0.53,0.58,0.08,0.12,0.32,0.69,0.04,0.3,0.65,0.49,0.4,0.37,0.83,0.37,0.29,0.26,0.71,0.71,0.57
2019-11-01,0.49,0.56,0.79,0.83,0.08,0.68,0.63,0.56,0.31,0.88,0.66,0.37,0.13,0.1,0.9,0.74,1.1,0.65,0.76,0.6,0.51
2019-12-01,0.55,0.37,0.7,0.57,0.59,-0.09,0.32,0.43,0.53,0.5,0.4,0.42,0.34,0.37,1.18,0.72,0.66,0.75,0.82,0.58,0.43
2020-01-01,0.51,0.64,0.16,0.41,-0.32,0.69,0.61,0.39,0.46,0.8,0.32,0.22,0.32,0.22,0.79,0.69,0.34,0.4,0.87,0.43,0.46
2020-02-01,0.39,0.47,0.24,0.43,0.42,0.75,0.02,0.28,0.31,0.72,0.06,0.79,1.17,0.8,0.59,0.33,-0.43,0.25,0.48,0.71,0.27
2020-03-01,0.26,0.09,0.32,0.2,0.53,0.59,-0.4,-0.24,0.3,0.34,0.15,0.35,0.25,-0.23,0.67,-0.19,0.22,0.01,0.28,0.65,0.15
2020-04-01,0.19,0.17,0.01,0.4,0.02,0.88,-0.16,0.08,-0.1,0.26,0.08,0.28,0.79,-0.1,0.77,-0.33,0.36,-0.68,-0.14,0.48,-0.21
2020-05-01,0.06,-0.01,0.04,0.26,-0.11,0.02,-0.05,0.09,-0.15,-0.37,-0.11,-0.08,-0.3,-0.28,0.28,0.19,0.01,-0.42,-0.18,-0.01,-0.01
2020-06-01,0.25,0.25,-0.09,0.43,-0.6,0.01,0.27,0.32,0.62,-0.82,0.33,-0.28,0.37,-0.08,0.43,0.31,0.57,-0.18,0.38,0.03,0.31
2020-07-01,0.79,0.48,1.21,0.73,0.79,0.51,0.48,0.65,1.17,0.26,1.48,0.43,0.47,0.36,0.82,1.28,1.26,1.29,1.29,0.31,1.17
2020-08-01,1.39,0.76,1.71,1.08,1.48,1.83,1.35,1.33,1.29,1.21,1.9,1.1,1.07,1.63,1.45,1.48,2.5,1.9,2.21,1.3,1.54
2020-09-01,1.55,1.31,1.99,1.44,1.62,1.47,1.44,1.36,1.39,1.14,1.62,1.34,1.49,1.82,2.16,1.83,2.38,2.08,2.4,1.34,1.58
2020-10-01,1.75,1.53,2.06,1.68,1.28,2.05,1.96,1.72,1.54,1.4,1.39,1.67,1.57,2.06,2.07,1.56,2.31,1.98,2.11,1.8,1.57
2020-11-01,1.55,1.56,1.77,1.5,1.02,0.95,1.38,1.59,1.47,1.3,1.29,1.53,1.34,2.13,1.93,1.45,1.73,1.45,1.72,1.6,1.28
2020-12-01,1.43,1.43,1.61,1.22,0.94,1.71,1.45,1.51,1.41,1.59,1.34,1.62,1.17,1.71,1.81,1.15,1.4,1.0,1.61,1.77,1.23
2021-01-01,1.31,1.31,1.31,1.39,0.91,0.89,1.33,1.22,1.31,1.6,1.05,1.48,0.81,1.54,2.09,1.33,1.45,1.25,1.51,1.67,0.99
2021-02-01,1.13,0.86,1.08,1.18,0.48,0.92,1.46,1.36,1.03,1.21,0.97,1.31,0.91,1.26,1.79,1.06,1.8,0.89,1.63,1.46,0.8
2021-03-01,1.28,1.12,1.3,1.78,0.86,0.94,1.77,1.58,0.7,1.6,1.24,1.48,0.68,0.77,2.89,1.42,1.85,0.95,2.18,1.37,0.91
2021-04-01,1.46,1.19,0.99,1.52,0.88,1.2,1.93,1.53,1.06,1.76,1.13,1.87,1.11,0.98,2.62,1.49,2.21,1.74,1.96,1.83,1.14
2021-05-01,1.7,1.76,0.98,1.83,0.91,0.98,2.06,1.81,1.25,2.23,1.75,1.93,1.01,1.1,3.03,1.67,2.43,2.21,2.08,2.12,1.0
2021-06-01,1.9,2.06,0.94,2.08,0.91,1.85,2.57,2.2,1.33,2.81,1.88,2.61,1.1,0.93,3.12,1.88,2.55,2.96,1.82,2.89,1.1
2021-07-01,1.69,2.21,1.4,2.28,0.87,0.47,2.53,2.11,1.2,2.4,1.85,2.36,1.1,1.03,3.31,1.59,2.1,1.43,1.68,2.69,0.89
2021-08-01,1.57,2.1,0.96,1.74,1.03,1.01,2.24,1.61,0.98,2.3,1.51,2.29,0.76,0.94,2.25,1.35,1.34,1.48,1.3,2.6,0.8
2021-09-01,1.34,2.13,1.3,2.11,0.99,0.52,1.84,1.2,0.83,1.98,1.65,2.5,0.62,0.88,1.99,0.93,1.52,0.95,1.53,2.79,0.54
2021-10-01,1.28,1.56,0.59,1.9,1.02,1.34,1.76,1.0,0.88,2.09,1.69,2.18,0.44,0.9,1.59,1.18,1.77,1.01,1.7,2.21,0.45
2021-11-01,1.35,1.75,0.39,1.78,1.22,1.13,1.83,1.44,0.97,1.55,1.68,2.31,1.0,1.09,1.89,1.23,1.94,1.3,2.25,2.44,0.75
2021-12-01,1.53,1.94,1.52,2.09,1.46,1.39,2.19,1.69,1.36,1.5,1.41,2.19,1.3,1.38,2.08,1.59,2.47,1.55,2.19,2.16,0.97
2022-01-01,1.62,2.03,1.21,1.97,1.02,1.31,2.4,1.69,1.29,2.22,1.66,2.11,1.24,1.18,2.17,1.11,2.51,2.9,2.09,2.87,1.44
2022-02-01,1.74,2.05,2.15,2.18,1.34,1.29,2.59,2.46,1.27,2.25,2.67,2.61,1.01,1.7,1.88,2.1,3.15,2.31,3.04,2.78,1.41
2022-03-01,1.8,2.39,1.42,2.01,0.53,1.3,3.18,2.66,1.87,2.29,2.06,3.19,0.99,1.24,2.47,1.55,2.07,1.76,3.0,3.01,1.59
2022-04-01,1.36,1.67,1.24,1.83,0.93,0.78,2.07,1.39,0.96,1.65,1.18,2.77,1.0,1.44,1.74,1.25,1.22,0.63,0.67,2.61,0.96
2022-05-01,0.99,1.63,1.37,1.65,0.86,0.58,1.74,0.59,0.53,1.34,0.63,2.38,0.21,1.05,1.74,0.15,0.0,0.45,-0.11,2.18,0.54
2022-06-01,0.26,0.81,0.3,1.29,1.02,0.76,0.52,-0.2,-0.05,0.9,-0.42,1.79,0.11,1.06,0.53,-0.37,-0.63,-1.02,-1.69,1.93,-0.11
2022-07-01,-0.31,0.57,0.04,0.7,0.47,0.25,-0.25,-1.03,-0.25,-0.29,-1.23,1.4,-0.12,0.12,-0.16,-0.98,-1.99,-3.09,-2.24,0.3,-0.4
2022-08-01,-0.74,-0.18,-0.7,-0.13,-0.17,0.3,-1.4,-1.49,-0.42,-1.31,-1.53,-0.16,-0.44,0.01,-2.05,-1.48,-1.9,-3.17,-2.8,-0.24,-0.94
2022-09-01,-0.65,-0.34,-0.98,-0.81,-0.13,-0.35,-1.35,-1.16,-0.7,-1.93,-1.07,-0.57,-0.39,-0.41,-1.85,-0.66,-1.27,-2.08,-1.79,-0.75,-0.26
2022-10-01,-0.08,-0.29,-0.44,-0.46,0.05,-0.3,-0.54,-0.23,-0.05,-1.05,-0.25,-0.7,-0.16,-0.13,-1.09,-0.06,-0.08,-0.6,0.07,-0.39,0.02
2022-11-01,-0.1,-0.13,-0.21,-0.27,0.27,-0.02,-0.38,-0.2,0.26,-1.03,-0.41,0.15,0.04,0.1,-1.13,-0.15,-0.48,-0.74,-0.62,-0.58,0.11
2022-12-01,-0.21,-0.1,-0.14,-0.32,-0.37,0.08,-0.62,-0.78,-0.2,-1.33,-0.4,-0.0,-0.28,0.03,-1.11,-1.18,-0.79,-1.18,-1.12,-0.38,0.05
2023-01-01,-0.14,0.16,0.26,0.33,0.07,0.36,-0.42,-0.76,0.07,-0.91,-0.05,0.41,-0.23,0.03,-0.82,-0.44,-0.45,-1.02,-1.22,-0.15,-0.44
2023-02-01,0.09,0.33,0.07,0.23,0.19,0.31,-0.4,0.09,-0.29,-0.84,0.24,-0.08,-0.11,0.11,-0.24,-0.27,0.07,-0.45,-1.03,0.13,0.07
2023-03-01,0.36,0.35,0.08,0.72,1.0,-0.48,-0.06,0.19,1.33,-0.25,0.28,0.27,0.79,0.68,-0.11,0.29,0.75,0.33,-0.32,0.25,0.18
2023-04-01,0.48,0.59,1.25,0.51,0.8,1.32,0.21,0.27,0.92,-0.05,0.79,0.24,0.55,0.67,0.02,0.48,0.89,0.72,0.42,0.23,0.65
2023-05-01,0.66,0.29,0.56,0.38,1.17,1.36,0.7,0.18,1.09,0.06,0.74,0.66,0.56,1.01,0.04,0.28,1.29,0.53,0.99,0.27,0.89
2023-06-01,0.66,0.76,0.97,0.73,0.67,1.11,0.21,0.33,0.36,0.36,0.85,0.74,0.43,0.98,0.63,0.51,1.14,0.45,1.1,0.25,0.61
2023-07-01,0.72,0.63,0.49,0.84,0.75,0.14,0.49,0.6,0.71,0.77,1.02,0.82,0.17,0.87,0.85,0.09,1.45,0.79,1.46,0.42,0.93
2023-08-01,0.87,1.01,1.16,1.03,0.35,0.29,0.41,0.8,1.12,1.14,1.38,1.2,0.35,1.07,0.9,0.48,1.52,0.79,1.35,0.59,0.59
2023-09-01,0.71,0.59,1.15,0.86,0.84,0.76,0.68,0.55,1.19,1.19,0.99,1.16,0.18,1.06,0.88,0.24,1.1,1.02,0.73,0.75,0.74
2023-10-01,0.66,0.64,0.89,0.84,0.88,1.09,0.5,0.34,1.27,1.13,0.78,0.95,0.27,0.76,1.03,0.08,0.64,0.59,0.51,0.48,0.28
2023-11-01,0.27,0.22,0.29,0.7,0.47,0.95,0.13,-0.23,0.2,0.85,0.61,0.62,-0.03,0.52,0.37,-0.15,0.39,-0.12,-0.32,0.61,0.15
2023-12-01,0.29,0.65,-0.04,0.55,0.65,0.06,-0.24,-0.0,0.09,0.76,0.51,0.54,0.02,0.42,0.25,-0.23,-0.36,-0.19,0.21,0.37,0.51
2024-01-01,0.3,0.2,0.04,0.45,0.14,-0.08,0.35,-0.38,0.14,0.47,0.13,0.11,0.01,0.03,-0.1,0.03,1.9,0.04,0.13,0.29,0.71
2024-02-01,0.39,0.11,0.89,0.34,1.13,0.42,0.15,0.11,0.28,0.7,0.29,0.43,0.56,1.13,0.04,0.51,0.21,0.21,0.6,-0.27,0.77
2024-03-01,0.33,0.05,0.72,0.19,0.68,1.21,0.05,-0.43,0.21,0.1,0.39,0.47,0.2,0.83,-0.06,0.13,0.34,0.03,0.15,-0.28,0.05
2024-04-01,0.32,0.29,0.6,0.26,0.75,0.97,-0.05,0.04,0.3,0.37,0.38,0.22,0.11,0.7,-0.1,-0.03,0.11,0.33,0.36,0.03,0.13
2024-05-01,0.26,0.3,-0.21,0.15,0.03,0.36,-0.14,0.26,0.72,0.35,0.69,0.14,-0.02,0.8,-0.35,-0.35,0.23,0.27,0.54,-0.03,0.41
2024-06-01,0.19,0.22,0.31,-0.05,0.23,0.25,-0.11,0.17,0.55,0.26,0.69,0.01,0.07,0.68,-0.09,-0.06,0.67,0.62,0.7,-0.03,0.57
2024-07-01,0.21,0.05,0.41,0.25,0.37,0.25,0.07,0.02,0.39,0.54,-0.01,0.4,0.24,0.52,0.02,0.24,0.06,-0.19,0.76,-0.38,0.43
2024-08-01,0.27,0.21,0.28,0.23,0.76,0.3,0.13,0.18,0.48,0.24,0.11,-0.17,0.39,0.45,0.18,0.39,0.26,0.19,0.62,0.01,0.56
2024-09-01,0.35,0.3,0.21,0.55,0.62,0.89,0.22,0.12,0.56,0.71,-0.03,0.06,0.54,0.66,0.64,0.5,0.27,0.2,0.75,0.2,0.56
2024-10-01,0.36,0.21,0.85,0.27,0.25,0.08,0.36,0.6,0.31,0.38,0.16,0.3,0.22,0.56,0.41,0.43,0.4,0.14,0.26,-0.08,0.65
2024-11-01,0.43,0.24,1.02,0.4,0.47,0.61,0.25,0.21,0.42,0.55,0.46,0.6,0.43,0.56,0.73,0.46,0.37,0.4,0.25,-0.19,0.34
2024-12-01,0.57,0.16,1.08,0.37,0.99,-0.05,0.37,0.61,0.31,0.65,0.13,0.67,0.45,0.47,0.75,0.67,0.41,0.59,0.34,-0.37,0.29
2025-01-01,0.42,0.2,0.24,0.3,0.96,0.96,0.05,-0.07,0.98,0.55,0.68,0.12,0.35,0.5,0.5,-0.05,-0.11,0.16,0.06,-0.07,0.25
2025-02-01,0.19,0.26,0.25,0.16,0.64,0.55,-0.32,-0.18,0.34,0.09,0.7,0.03,-0.02,0.94,-0.37,-0.25,-0.45,0.28,0.04,-0.19,0.22
2025-03-01,-0.2,0.03,-0.43,-0.26,0.2,0.54,-0.63,-0.64,0.23,-0.12,0.01,-0.64,-0.08,1.11,-0.44,-0.62,-0.76,-1.45,-0.58,-1.08,-0.07
2025-04-01,-0.26,-0.09,-0.24,0.02,0.27,0.24,-0.48,-0.61,0.04,-0.18,-1.1,-0.14,-0.29,0.58,-0.7,-0.63,-0.46,-1.06,-0.7,0.07,-0.08
2025-05-01,-0.21,-0.13,0.52,0.23,0.04,-0.03,-0.56,-0.47,0.1,-0.44,-0.83,-0.71,0.08,0.31,-0.68,0.2,-0.46,-0.65,-0.65,-0.38,-0.54
2025-06-01,-0.22,-0.53,-0.08,-0.07,0.29,0.04,-0.44,-0.36,-0.06,-0.58,-0.25,-0.76,0.11,0.37,-1.03,-0.34,-0.26,-0.71,-0.22,0.03,-0.5
2025-07-01,-0.03,-0.13,0.3,-0.16,0.41,0.25,-0.12,0.01,0.37,-0.8,0.14,-0.55,0.41,-0.18,-0.73,0.31,0.11,0.05,0.07,-0.82,-0.4
2025-08-01,0.12,-0.27,0.28,-0.24,0.55,0.43,0.21,0.11,0.08,-0.43,0.01,-0.5,0.35,0.02,-0.58,-0.39,0.21,0.77,0.3,-0.49,0.28
2025-09-01,0.14,-0.08,0.27,-0.32,0.2,0.23,0.03,0.15,0.4,-0.34,0.27,0.43,0.38,-0.0,0.34,-0.08,0.15,0.76,0.27,-0.67,0.25
2025-10-01,0.33,0.22,-0.26,-0.02,0.52,0.19,0.14,-0.15,0.66,0.41,-0.12,0.38,0.44,0.3,0.67,0.11,0.64,1.13,0.39,-0.1,0.35
2025-11-01,0.41,0.29,-0.14,0.37,0.38,-0.09,0.28,0.28,0.46,0.68,0.83,0.55,0.54,0.7,0.83,0.42,1.24,0.42,0.52,0.17,0.21
2025-12-01,0.36,0.3,0.49,0.66,0.75,0.71,0.21,-0.21,0.57,0.22,0.42,0.26,0.35,0.58,0.5,0.18,0.99,0.12,0.26,0.65,0.13
2026-01-01,0.16,0.04,0.36,0.7,0.37,0.5,0.12,-0.02,-0.07,0.44,0.12,0.74,0.16,0.48,0.39,0.08,-0.5,-0.02,-0.3,0.23,0.27
2026-02-01,0.09,0.08,-0.24,0.07,0.85,0.99,-0.48,-0.34,,0.01,-0.31,0.76,-0.35,0.61,-0.35,-0.11,-0.3,0.15,-1.18,0.34,-0.06
