date,Corporate Profits with IVA & CCAdj (Pre-Tax) Period Chg,Corporate Profits After Tax with IVA & CCAdj Period Chg,Nonfinancial Corporate Profits After Tax Period Chg
1947-04-01,14.11,36.59,-6.24
1947-07-01,0.45,1.95,-1.37
1947-10-01,6.24,4.23,8.6
1948-01-01,14.74,24.32,4.82
1948-04-01,5.93,6.33,4.63
1948-07-01,-1.85,-1.82,-2.57
1948-10-01,4.8,10.4,-4.64
1949-01-01,-5.08,-2.63,-10.5
1949-04-01,-7.55,-5.08,-13.84
1949-07-01,4.39,4.4,4.34
1949-10-01,-10.97,-15.49,-1.43
1950-01-01,12.82,-1.63,4.3
1950-04-01,12.75,7.01,23.08
1950-07-01,13.43,5.26,22.63
1950-10-01,8.86,7.97,10.87
1951-01-01,-2.71,-27.41,-18.73
1951-04-01,-0.36,26.56,-18.02
1951-07-01,1.35,14.36,-11.12
1951-10-01,3.1,-0.54,8.11
1952-01-01,-5.58,-2.92,-1.88
1952-04-01,-4.74,-3.61,-5.3
1952-07-01,-0.15,0.04,0.58
1952-10-01,11.45,12.39,12.49
1953-01-01,2.14,-0.7,4.85
1953-04-01,-1.92,-4.18,-0.16
1953-07-01,-2.82,-3.31,-2.2
1953-10-01,-17.65,-13.0,-25.2
1954-01-01,7.32,14.82,17.64
1954-04-01,3.67,4.03,3.29
1954-07-01,5.41,4.71,7.16
1954-10-01,9.26,10.48,7.06
1955-01-01,11.96,12.65,14.03
1955-04-01,2.67,3.81,1.91
1955-07-01,0.14,-1.52,2.62
1955-10-01,2.8,1.9,4.68
1956-01-01,-4.19,-3.78,-3.22
1956-04-01,0.45,-0.69,2.68
1956-07-01,-0.67,3.76,-6.15
1956-10-01,1.84,-0.78,6.9
1957-01-01,2.88,3.37,1.21
1957-04-01,-2.65,-1.3,-6.03
1957-07-01,-1.89,-1.58,-2.89
1957-10-01,-8.25,-7.59,-8.92
1958-01-01,-12.82,-12.07,-15.55
1958-04-01,2.89,3.43,2.13
1958-07-01,10.22,8.02,14.21
1958-10-01,13.03,11.19,15.73
1959-01-01,7.26,9.48,5.97
1959-04-01,8.85,8.41,9.81
1959-07-01,-8.26,-5.96,-13.56
1959-10-01,0.64,3.26,-4.01
1960-01-01,7.47,3.98,12.47
1960-04-01,-6.51,-5.12,-9.44
1960-07-01,-1.8,-0.02,-4.68
1960-10-01,-4.28,-3.97,-5.67
1961-01-01,-2.45,-3.48,-4.24
1961-04-01,8.44,9.15,9.21
1961-07-01,5.07,4.45,6.81
1961-10-01,7.99,7.45,9.46
1962-01-01,1.19,6.22,1.37
1962-04-01,-0.05,0.64,-1.82
1962-07-01,2.76,2.6,3.5
1962-10-01,4.07,6.23,1.2
1963-01-01,0.51,0.57,0.51
1963-04-01,4.51,3.08,8.24
1963-07-01,2.03,1.62,3.21
1963-10-01,1.81,1.52,2.67
1964-01-01,5.62,9.56,9.56
1964-04-01,0.35,0.52,0.22
1964-07-01,1.45,1.06,2.92
1964-10-01,-0.54,0.09,-0.98
1965-01-01,10.03,11.64,14.77
1965-04-01,2.57,2.29,3.9
1965-07-01,1.38,1.17,2.32
1965-10-01,5.31,4.65,5.86
1966-01-01,3.59,3.85,2.51
1966-04-01,-1.03,-1.43,0.87
1966-07-01,-1.6,-1.68,-0.98
1966-10-01,1.14,2.88,-2.22
1967-01-01,-2.7,-2.76,-4.63
1967-04-01,-1.26,-1.41,0.49
1967-07-01,1.15,1.29,1.47
1967-10-01,3.81,2.84,6.19
1968-01-01,1.4,-4.22,-3.36
1968-04-01,4.07,5.49,2.4
1968-07-01,0.52,0.73,0.29
1968-10-01,1.43,0.86,2.94
1969-01-01,-0.61,-1.99,-3.06
1969-04-01,-3.04,-2.95,-3.72
1969-07-01,-2.9,-2.41,-4.65
1969-10-01,-5.11,-7.34,-3.55
1970-01-01,-8.41,-5.73,-7.45
1970-04-01,4.5,6.96,-1.4
1970-07-01,-0.1,-1.87,-0.04
1970-10-01,-5.57,-6.15,-7.63
1971-01-01,15.77,17.92,18.26
1971-04-01,2.19,1.9,3.69
1971-07-01,2.73,5.46,7.79
1971-10-01,4.29,5.87,3.76
1972-01-01,5.41,5.04,6.49
1972-04-01,1.7,2.11,1.25
1972-07-01,4.2,4.55,5.49
1972-10-01,6.41,4.12,10.5
1973-01-01,6.16,5.81,15.18
1973-04-01,-1.68,-2.59,2.05
1973-07-01,1.36,4.5,-0.53
1973-10-01,2.07,0.28,6.42
1974-01-01,-4.04,-4.03,5.35
1974-04-01,-1.05,-4.0,5.17
1974-07-01,-3.6,-11.54,7.47
1974-10-01,-4.0,0.52,-12.45
1975-01-01,-1.31,8.59,-15.2
1975-04-01,9.5,10.17,8.55
1975-07-01,16.15,11.68,22.52
1975-10-01,6.16,8.13,4.79
1976-01-01,10.15,8.12,9.13
1976-04-01,-1.12,-0.43,2.4
1976-07-01,0.92,1.75,1.5
1976-10-01,-0.23,0.09,-1.5
1977-01-01,5.61,4.6,7.39
1977-04-01,11.29,12.61,6.75
1977-07-01,7.19,9.02,3.92
1977-10-01,-2.36,-4.15,0.84
1978-01-01,-2.11,0.79,0.58
1978-04-01,14.19,11.11,15.87
1978-07-01,2.71,3.93,1.77
1978-10-01,4.94,4.47,4.85
1979-01-01,-3.24,-3.06,1.8
1979-04-01,0.96,1.32,1.65
1979-07-01,-0.85,-0.63,-0.31
1979-10-01,-2.47,-1.78,-1.89
1980-01-01,-2.75,-8.55,1.0
1980-04-01,-12.9,-6.69,-15.51
1980-07-01,3.53,0.07,8.53
1980-10-01,9.43,9.06,6.6
1981-01-01,3.79,6.59,3.48
1981-04-01,-1.57,3.19,-5.07
1981-07-01,7.01,8.34,4.21
1981-10-01,-4.32,-0.98,-5.62
1982-01-01,-10.28,-7.34,-10.52
1982-04-01,6.5,7.19,-1.83
1982-07-01,-1.11,-1.69,-2.33
1982-10-01,-2.6,-0.8,-9.5
1983-01-01,7.48,8.62,-0.7
1983-04-01,12.47,7.88,14.15
1983-07-01,6.17,3.94,9.98
1983-10-01,6.12,7.23,1.78
1984-01-01,9.31,7.04,9.33
1984-04-01,0.58,1.3,-0.32
1984-07-01,-1.35,3.13,-6.5
1984-10-01,2.82,3.31,-0.03
1985-01-01,1.29,-0.19,-7.19
1985-04-01,0.96,1.88,-2.89
1985-07-01,4.85,4.08,4.36
1985-10-01,-5.3,-6.06,-3.75
1986-01-01,-2.67,-5.55,-29.38
1986-04-01,-4.05,-5.69,-1.24
1986-07-01,-3.04,-4.85,-0.05
1986-10-01,0.31,-4.55,7.87
1987-01-01,4.35,6.27,11.26
1987-04-01,11.66,10.9,13.49
1987-07-01,6.45,7.51,10.16
1987-10-01,0.39,2.63,0.85
1988-01-01,0.85,1.79,9.68
1988-04-01,3.34,2.06,3.58
1988-07-01,1.56,-0.94,1.57
1988-10-01,6.07,6.63,6.21
1989-01-01,-3.28,-5.33,-7.26
1989-04-01,-1.6,2.54,-6.71
1989-07-01,0.28,1.76,-8.4
1989-10-01,-3.75,-5.12,-3.81
1990-01-01,2.97,4.85,2.7
1990-04-01,4.49,4.6,4.33
1990-07-01,-6.38,-9.95,6.03
1990-10-01,1.35,2.45,-6.01
1991-01-01,8.92,13.94,-6.31
1991-04-01,-0.75,0.24,10.47
1991-07-01,-0.33,-0.72,5.88
1991-10-01,0.74,0.62,-1.98
1992-01-01,6.62,5.29,1.88
1992-04-01,0.84,0.6,10.16
1992-07-01,-2.66,-2.35,-6.56
1992-10-01,4.48,3.46,11.64
1993-01-01,-0.49,-1.99,1.58
1993-04-01,5.79,4.58,10.81
1993-07-01,2.86,6.2,3.66
1993-10-01,9.59,5.04,11.11
1994-01-01,1.57,7.69,7.74
1994-04-01,4.03,3.59,6.66
1994-07-01,5.63,4.11,3.84
1994-10-01,3.82,3.11,6.47
1995-01-01,0.24,-0.55,4.38
1995-04-01,3.66,5.91,2.58
1995-07-01,4.9,5.36,3.68
1995-10-01,1.71,3.08,-0.07
1996-01-01,4.66,4.91,3.3
1996-04-01,1.74,0.33,1.58
1996-07-01,0.82,1.06,-0.21
1996-10-01,2.77,3.25,3.28
1997-01-01,3.59,4.63,1.55
1997-04-01,2.83,3.13,1.7
1997-07-01,4.17,3.8,6.15
1997-10-01,-1.45,-0.47,-0.22
1998-01-01,-7.42,-9.56,-14.81
1998-04-01,-0.2,0.25,2.14
1998-07-01,1.14,0.49,3.21
1998-10-01,-2.66,-2.86,-5.16
1999-01-01,6.54,7.98,-1.33
1999-04-01,-0.63,-0.4,5.27
1999-07-01,-1.69,-2.9,-3.82
1999-10-01,0.84,0.46,-0.52
2000-01-01,-2.02,-4.57,-3.96
2000-04-01,-0.98,-1.12,-1.24
2000-07-01,-1.86,0.56,-4.72
2000-10-01,-2.69,-4.22,-15.04
2001-01-01,-2.24,3.39,7.71
2001-04-01,3.33,5.38,-1.97
2001-07-01,-4.31,-2.4,-13.98
2001-10-01,1.58,4.68,-42.16
2002-01-01,10.78,13.11,50.7
2002-04-01,3.61,3.48,31.13
2002-07-01,3.6,3.25,18.87
2002-10-01,8.77,8.27,19.75
2003-01-01,-0.85,-3.44,1.66
2003-04-01,3.66,4.99,-2.11
2003-07-01,5.13,3.82,9.52
2003-10-01,5.63,4.37,7.37
2004-01-01,9.42,10.76,14.68
2004-04-01,2.57,1.22,12.31
2004-07-01,4.83,4.05,4.57
2004-10-01,-1.16,-2.0,1.27
2005-01-01,9.78,5.19,23.68
2005-04-01,1.14,2.59,8.7
2005-07-01,1.92,1.99,-2.55
2005-10-01,5.99,4.55,15.44
2006-01-01,3.63,3.83,0.61
2006-04-01,0.92,0.33,2.49
2006-07-01,2.85,2.34,7.4
2006-10-01,-3.53,-1.97,-6.61
2007-01-01,-5.4,-7.44,-3.36
2007-04-01,4.27,6.26,2.58
2007-07-01,-3.96,-2.31,-11.81
2007-10-01,-2.44,-1.74,7.18
2008-01-01,-6.23,-3.01,-14.05
2008-04-01,-1.8,-1.16,5.33
2008-07-01,0.22,1.55,6.19
2008-10-01,-25.32,-22.53,-38.75
2009-01-01,21.38,25.18,7.65
2009-04-01,1.88,0.09,-0.42
2009-07-01,12.91,14.16,12.28
2009-10-01,6.57,4.86,24.62
2010-01-01,5.91,5.91,10.91
2010-04-01,0.04,-0.37,2.04
2010-07-01,9.8,10.41,5.29
2010-10-01,1.48,0.97,-6.49
2011-01-01,-8.39,-9.54,-6.58
2011-04-01,7.13,8.55,10.01
2011-07-01,1.6,3.73,-0.09
2011-10-01,7.6,6.32,-1.79
2012-01-01,3.18,2.37,26.56
2012-04-01,-0.72,-1.66,-2.38
2012-07-01,-0.81,-1.39,-0.9
2012-10-01,-0.26,-0.36,1.35
2013-01-01,0.91,0.03,3.94
2013-04-01,0.01,0.22,-1.69
2013-07-01,1.18,1.0,0.35
2013-10-01,1.65,1.8,1.06
2014-01-01,-2.97,-5.64,-4.1
2014-04-01,8.3,9.02,6.27
2014-07-01,2.68,4.84,7.27
2014-10-01,-0.21,-0.46,-1.47
2015-01-01,-1.81,-2.86,-9.68
2015-04-01,-0.95,-1.48,1.71
2015-07-01,-2.13,-1.07,1.42
2015-10-01,-5.08,-4.43,-10.38
2016-01-01,4.39,4.47,7.58
2016-04-01,-1.88,-2.49,0.92
2016-07-01,1.41,1.25,-1.18
2016-10-01,1.45,3.02,-0.83
2017-01-01,0.82,5.73,12.01
2017-04-01,-0.1,-0.76,-1.67
2017-07-01,2.22,1.59,-2.18
2017-10-01,2.21,2.6,-15.23
2018-01-01,1.08,2.6,11.94
2018-04-01,2.69,2.1,8.45
2018-07-01,-0.06,0.05,-2.23
2018-10-01,1.44,1.33,-2.9
2019-01-01,0.45,1.61,-5.27
2019-04-01,1.66,1.28,-0.59
2019-07-01,1.73,2.04,5.44
2019-10-01,0.56,-0.33,5.32
2020-01-01,-10.37,-9.76,-5.68
2020-04-01,-7.33,-8.91,-4.72
2020-07-01,32.51,33.64,62.78
2020-10-01,-8.15,-8.93,-7.03
2021-01-01,11.81,12.18,15.34
2021-04-01,10.41,8.83,17.27
2021-07-01,0.92,-0.2,-2.51
2021-10-01,2.69,0.37,-2.98
2022-01-01,-2.4,-3.72,-1.97
2022-04-01,6.56,7.26,10.51
2022-07-01,2.85,3.6,-6.25
2022-10-01,-1.63,-2.37,-5.44
2023-01-01,3.04,3.86,10.72
2023-04-01,0.23,0.53,2.67
2023-07-01,3.29,3.58,4.33
2023-10-01,3.15,3.17,3.23
2024-01-01,-2.02,-3.41,-1.12
2024-04-01,2.86,2.8,2.69
2024-07-01,-0.99,-1.03,0.69
2024-10-01,5.72,6.24,3.12
2025-01-01,-1.2,-0.56,-12.53
2025-04-01,0.17,0.21,1.41
2025-07-01,4.47,4.67,6.0
2025-10-01,6.01,5.69,1.35
2026-01-01,1.71,0.5,9.43
2026-04-01,9.06,8.22,10.08
