date,CPI All Urban Consumers Period Chg,CPI Less Food & Energy (Core) Period Chg,CPI Food & Beverages Period Chg,CPI Energy Period Chg,CPI Shelter Period Chg,CPI Medical Care Period Chg,CPI Transportation Period Chg,CPI Apparel Period Chg,CPI Education & Communication Period Chg
1947-02-01,0.65,,,,,0.76,0.0,1.04,
1947-03-01,1.76,,,,,0.0,1.12,1.55,
1947-04-01,0.0,,,,,0.75,1.1,0.76,
1947-05-01,-0.23,,,,,0.75,0.0,0.25,
1947-06-01,0.59,,,,,0.0,0.55,0.5,
1947-07-01,0.68,,,,,0.0,0.54,0.0,
1947-08-01,0.76,,,,,0.74,0.0,0.25,
1947-09-01,1.96,,,,,0.74,1.08,0.25,
1947-10-01,0.31,,,,,0.73,0.53,0.5,
1947-11-01,0.65,,,,,0.0,1.06,0.5,
1947-12-01,1.52,,,,,0.72,0.53,0.99,
1948-01-01,1.15,,,,,0.72,2.62,0.73,
1948-02-01,-0.04,,,,,0.0,-0.51,1.21,
1948-03-01,-0.72,,,,,0.71,0.51,0.48,
1948-04-01,1.36,,,,,1.42,1.53,0.24,
1948-05-01,0.8,,,,,0.0,0.0,0.95,
1948-06-01,0.58,,,,,0.7,0.5,-0.24,
1948-07-01,1.04,,,,,0.69,5.0,0.71,
1948-08-01,0.12,,,,,0.69,1.43,0.94,
1948-09-01,-0.29,,,,,-0.68,0.47,0.0,
1948-10-01,-0.21,,,,,0.69,0.47,0.0,
1948-11-01,-0.62,,,,,0.68,0.47,-0.23,
1948-12-01,-0.46,,,,,0.0,0.0,0.0,
1949-01-01,-0.17,,,,,0.0,0.0,-1.86,
1949-02-01,-0.42,,,,,0.68,0.93,-0.95,
1949-03-01,0.0,,,,,0.0,0.46,-0.48,
1949-04-01,0.04,,,,,0.0,0.46,-0.72,
1949-05-01,-0.04,,,,,0.0,0.91,-0.48,
1949-06-01,0.04,,,,,0.0,-0.45,-0.24,
1949-07-01,-0.92,,,,,0.0,0.45,-0.49,
1949-08-01,0.0,,,,,0.68,0.45,-0.74,
1949-09-01,0.21,,,,,0.0,-0.45,-0.74,
1949-10-01,-0.34,,,,,0.0,0.45,-0.75,
1949-11-01,0.13,,,,,0.0,0.0,-0.25,
1949-12-01,-0.38,,,,,0.0,0.9,0.0,
1950-01-01,-0.42,,,,,0.0,-0.44,-0.25,
1950-02-01,0.43,,,,,0.67,0.0,0.0,
1950-03-01,0.13,,,,,-0.67,0.0,0.0,
1950-04-01,0.04,,,,,0.67,0.0,0.0,
1950-05-01,0.51,,,,,0.0,0.45,0.0,
1950-06-01,0.46,,,,,0.0,0.0,0.0,
1950-07-01,0.8,,,,,0.67,0.89,0.5,
1950-08-01,0.54,,,,,0.0,0.88,0.5,
1950-09-01,0.58,,,,,0.66,0.0,1.25,
1950-10-01,0.66,,,,,0.66,0.0,1.48,
1950-11-01,0.41,,,,,0.0,0.44,0.73,
1950-12-01,1.54,,,,,0.65,0.87,0.96,
1951-01-01,1.6,,,,,0.0,0.43,1.67,
1951-02-01,1.77,,,,,0.65,1.29,1.64,
1951-03-01,0.19,,,,,1.29,0.85,0.46,
1951-04-01,0.15,,,,,0.0,0.42,0.69,
1951-05-01,0.27,,,,,0.64,0.42,0.23,
1951-06-01,-0.23,,,,,0.0,0.42,0.0,
1951-07-01,-0.08,,,,,0.0,0.0,0.23,
1951-08-01,-0.19,,,,,0.63,0.41,0.0,
1951-09-01,0.66,,,,,0.0,0.83,1.82,
1951-10-01,0.5,,,,,0.63,0.41,-0.22,
1951-11-01,0.61,,,,,0.63,1.22,-0.67,
1951-12-01,0.57,,,,,1.24,0.4,-0.23,
1952-01-01,-0.08,,,,,0.0,0.4,-0.9,
1952-02-01,-0.15,,,,,0.61,0.8,0.0,
1952-03-01,-0.08,,,,,0.61,0.4,-0.46,
1952-04-01,0.27,,,,,0.0,0.79,-0.23,
1952-05-01,0.04,,,,,0.0,0.39,0.0,
1952-06-01,0.23,,,,,1.82,0.78,-0.23,
1952-07-01,0.57,,,,,0.6,0.78,0.0,
1952-08-01,0.04,,,,,0.0,-0.38,-0.23,
1952-09-01,-0.22,,,,,0.0,0.39,-0.23,
1952-10-01,0.23,,,,,0.0,0.38,-0.46,
1952-11-01,0.0,,,,,0.0,0.38,-0.23,
1952-12-01,0.07,,,,,0.59,0.0,0.0,
1953-01-01,-0.26,,,,,0.0,0.38,0.0,
1953-02-01,-0.19,,,,0.46,0.0,-0.38,0.0,
1953-03-01,0.15,,,,0.0,0.0,0.38,0.0,
1953-04-01,0.23,,,,0.46,0.59,0.38,0.23,
1953-05-01,0.04,,,,0.0,0.58,0.0,0.23,
1953-06-01,0.26,,,,0.0,0.58,0.38,0.23,
1953-07-01,0.07,,,,0.46,0.0,0.38,0.0,
1953-08-01,0.22,,,,0.0,0.58,0.38,-0.23,
1953-09-01,0.15,,,,0.45,0.57,0.0,0.0,
1953-10-01,0.22,,,,0.45,0.0,-0.37,0.0,
1953-11-01,-0.37,,,,0.0,0.57,-1.13,0.23,
1953-12-01,0.07,,,,0.45,0.0,-0.38,-0.23,
1954-01-01,0.26,,,,0.0,0.0,1.15,0.23,
1954-02-01,0.19,,,,0.0,0.57,-0.75,-0.23,
1954-03-01,-0.22,,,,0.45,0.0,0.0,-0.46,
1954-04-01,-0.26,,,,0.0,0.56,0.38,0.0,
1954-05-01,0.26,,,,0.45,0.0,0.0,0.23,
1954-06-01,0.04,,,,0.0,0.0,0.0,0.23,
1954-07-01,-0.3,,,,0.0,0.0,-1.52,-0.23,
1954-08-01,-0.04,,,,0.0,0.56,-0.38,-0.23,
1954-09-01,-0.15,,,,0.44,0.0,0.0,-0.23,
1954-10-01,-0.34,,,,0.0,0.0,-1.93,0.0,
1954-11-01,0.22,,,,0.0,0.56,1.57,0.0,
1954-12-01,-0.04,,,,0.44,0.0,0.0,0.0,
1955-01-01,0.0,,,,0.0,0.0,0.39,-0.23,
1955-02-01,0.19,,,,0.0,0.56,0.0,0.0,
1955-03-01,-0.11,,,,0.0,0.0,0.0,-0.23,
1955-04-01,0.0,,,,0.0,0.0,-1.16,0.23,
1955-05-01,-0.07,,,,0.0,0.55,0.39,0.0,
1955-06-01,-0.22,,,,0.0,0.0,0.39,0.0,
1955-07-01,0.19,,,,0.0,0.0,-0.39,0.0,
1955-08-01,-0.15,,,,0.44,0.55,-0.39,0.23,
1955-09-01,0.49,,,,0.0,0.0,0.39,0.23,
1955-10-01,-0.11,,,,0.44,0.55,0.39,0.0,
1955-11-01,0.22,,,,0.0,0.54,0.78,0.0,
1955-12-01,-0.04,,,,0.0,0.54,-0.77,0.23,
1956-01-01,-0.15,,,,0.0,0.0,0.0,0.23,
1956-02-01,0.11,,,,0.0,0.54,0.0,0.69,
1956-03-01,0.11,,,,0.0,0.0,0.0,0.0,
1956-04-01,0.15,,,,0.0,0.53,0.0,0.23,
1956-05-01,0.37,,,,0.0,0.0,0.78,0.0,
1956-06-01,0.44,,,,0.87,0.0,0.0,0.0,
1956-07-01,0.52,,,,0.43,0.53,0.77,0.46,
1956-08-01,0.07,,,,0.43,0.53,0.38,0.23,
1956-09-01,0.15,,,,0.0,0.53,0.38,0.23,
1956-10-01,0.59,,,,0.0,0.0,2.27,0.0,
1956-11-01,0.0,,,,0.0,0.0,-0.37,0.23,
1956-12-01,0.44,,,,0.86,0.52,0.37,0.45,
1957-01-01,0.14,,,,0.0,0.52,0.74,0.0,
1957-02-01,0.47,0.35,,0.47,0.85,0.0,0.74,0.0,
1957-03-01,0.22,0.35,,0.47,0.42,0.52,0.36,0.45,
1957-04-01,0.25,0.35,,0.47,0.42,0.52,0.73,-0.22,
1957-05-01,0.25,0.0,,0.0,0.0,0.51,-0.36,0.23,
1957-06-01,0.39,0.35,,0.0,0.0,0.51,0.36,0.0,
1957-07-01,0.28,0.35,,-0.46,0.42,0.0,0.36,0.0,
1957-08-01,0.32,0.0,,-0.47,0.0,0.51,0.0,0.22,
1957-09-01,0.14,0.34,,0.0,0.42,0.0,0.36,-0.22,
1957-10-01,0.0,0.34,,0.0,0.41,0.51,-1.43,0.22,
1957-11-01,0.32,0.34,,0.47,0.0,0.5,2.91,0.22,
1957-12-01,0.21,0.0,,0.0,0.41,0.5,-0.71,-0.22,
1958-01-01,0.6,0.0,,0.47,0.0,0.5,0.0,0.45,
1958-02-01,0.21,0.34,,-1.39,0.41,0.0,0.36,-0.22,
1958-03-01,0.59,0.34,,0.47,0.0,0.5,0.35,0.0,
1958-04-01,0.24,0.0,,0.0,0.41,0.49,0.0,0.0,
1958-05-01,0.0,0.0,,0.47,0.41,0.49,0.35,0.0,
1958-06-01,-0.1,0.34,,0.0,-0.41,0.49,0.0,0.22,
1958-07-01,-0.07,0.0,,0.47,0.0,0.49,1.06,-0.22,
1958-08-01,0.17,0.0,,0.46,0.0,0.0,0.35,0.0,
1958-09-01,-0.1,0.34,,0.0,0.0,0.97,0.35,-0.45,
1958-10-01,0.0,0.0,,0.0,-0.41,0.48,0.0,0.0,
1958-11-01,0.14,0.34,,-1.38,0.41,0.0,0.69,0.45,
1958-12-01,0.07,0.34,,0.0,0.0,0.48,0.34,0.0,
1959-01-01,0.14,0.0,,0.0,0.0,0.0,0.34,0.22,
1959-02-01,-0.03,0.0,,0.93,0.0,0.47,0.34,-0.22,
1959-03-01,-0.1,0.33,,0.46,0.41,0.47,0.68,0.0,
1959-04-01,0.03,0.0,,0.46,0.0,0.0,0.34,0.22,
1959-05-01,0.21,0.33,,0.0,0.41,0.47,0.0,0.22,
1959-06-01,0.24,0.33,,0.46,0.0,0.47,0.34,0.22,
1959-07-01,0.14,0.0,,-0.46,0.0,0.0,0.34,0.22,
1959-08-01,0.1,0.0,,0.46,0.4,0.47,0.0,0.22,
1959-09-01,0.24,0.33,,0.0,0.0,0.46,0.33,0.22,
1959-10-01,0.34,0.33,,1.37,0.4,0.0,0.33,0.0,
1959-11-01,0.0,0.0,,0.0,0.4,0.46,0.0,0.0,
1959-12-01,0.2,0.33,,0.45,0.0,0.0,0.0,0.0,
1960-01-01,-0.14,0.0,,0.0,0.0,0.46,-0.33,0.0,
1960-02-01,0.14,0.33,,-0.45,0.4,0.46,0.0,0.44,
1960-03-01,0.0,0.0,,0.45,0.0,0.45,-0.33,0.0,
1960-04-01,0.44,0.0,,0.45,0.4,0.45,0.0,0.22,
1960-05-01,0.1,0.0,,-0.45,0.0,0.0,-0.33,0.22,
1960-06-01,0.14,0.33,,0.45,0.0,0.0,0.0,0.0,
1960-07-01,-0.2,-0.33,,0.45,0.0,0.45,0.0,0.22,
1960-08-01,0.2,0.0,,0.0,0.4,0.0,0.0,0.0,
1960-09-01,0.0,0.0,,0.44,0.0,0.45,-0.67,0.22,
1960-10-01,0.47,0.65,,-0.44,0.4,0.0,0.0,0.22,
1960-11-01,0.1,0.0,,0.89,0.0,0.45,0.0,-0.22,
1960-12-01,0.1,-0.32,,-0.44,0.0,0.44,0.34,0.0,
1961-01-01,0.1,0.33,,0.44,0.0,0.0,0.0,0.22,
1961-02-01,0.0,0.0,,-0.44,0.0,0.44,0.34,0.0,
1961-03-01,0.0,0.32,,0.0,0.0,0.0,0.0,0.0,
1961-04-01,-0.1,0.0,,-1.77,0.0,0.44,0.0,-0.22,
1961-05-01,0.1,0.0,,0.9,0.0,0.0,0.67,0.22,
1961-06-01,0.0,0.32,,0.45,0.0,0.44,0.33,0.0,
1961-07-01,0.27,0.0,,0.0,0.39,0.0,0.66,0.22,
1961-08-01,0.07,0.32,,0.0,-0.39,0.44,0.33,0.0,
1961-09-01,0.13,0.0,,0.44,0.39,0.43,0.33,0.22,
1961-10-01,0.0,0.0,,-0.88,0.0,0.0,0.0,0.0,
1961-11-01,0.0,0.32,,0.45,0.39,0.0,-0.33,-0.22,
1961-12-01,0.1,0.0,,-0.44,0.0,0.43,-0.33,0.0,
1962-01-01,0.1,0.0,,0.0,0.0,0.0,0.33,-0.22,
1962-02-01,0.23,0.0,,0.89,0.0,0.43,0.33,0.22,
1962-03-01,0.2,0.32,,-0.88,0.0,0.43,0.0,0.22,
1962-04-01,0.13,0.0,,1.34,0.0,0.0,1.31,0.0,
1962-05-01,0.1,0.32,,0.0,0.39,0.43,0.0,0.0,
1962-06-01,-0.1,0.0,,-0.88,0.39,0.0,0.0,0.22,
1962-07-01,0.03,0.0,,-0.89,0.0,0.43,-0.97,0.22,
1962-08-01,0.2,0.32,,0.45,0.0,0.0,0.65,-0.43,
1962-09-01,0.46,0.0,,1.79,0.0,0.0,0.65,0.87,
1962-10-01,-0.13,0.0,,-0.44,0.0,0.42,-0.32,0.21,
1962-11-01,0.0,0.0,,0.0,0.0,0.0,0.0,-0.43,
1962-12-01,0.0,0.32,,0.44,0.0,0.42,0.0,-0.22,
1963-01-01,0.2,-0.32,,0.0,0.39,0.42,-0.97,0.43,
1963-02-01,0.13,0.32,,-0.44,0.0,0.0,0.33,0.21,
1963-03-01,0.1,0.32,,0.0,0.39,0.0,0.33,0.0,
1963-04-01,-0.1,0.0,,-0.44,0.0,0.0,0.0,0.21,
1963-05-01,0.1,0.0,,0.0,0.0,0.42,0.32,-0.21,
1963-06-01,0.33,0.32,,-0.44,0.0,0.42,0.0,0.21,
1963-07-01,0.26,0.0,,0.89,0.38,0.0,0.0,0.21,
1963-08-01,0.2,0.31,,-0.44,0.0,0.41,0.32,0.21,
1963-09-01,-0.1,0.0,,-0.44,0.0,0.0,0.0,0.0,
1963-10-01,0.1,0.31,,0.89,0.38,0.0,0.65,0.21,
1963-11-01,0.1,0.0,,-0.44,0.0,0.41,-0.32,0.21,
1963-12-01,0.32,0.31,,0.0,0.38,0.0,0.32,0.0,
1964-01-01,0.19,0.31,,0.88,0.0,0.41,0.64,0.0,
1964-02-01,-0.1,0.0,,-2.63,0.38,0.0,-0.32,0.0,
1964-03-01,0.1,0.0,,1.8,0.0,0.0,0.32,0.0,
1964-04-01,0.03,0.0,,-0.44,0.0,0.41,-0.32,0.21,
1964-05-01,0.1,0.0,,0.0,0.0,0.0,0.0,0.0,
1964-06-01,0.1,0.31,,0.44,0.0,0.41,0.32,0.0,
1964-07-01,0.03,0.0,,-0.44,0.38,0.0,-0.32,0.21,
1964-08-01,0.1,0.0,,0.44,0.0,0.41,0.32,0.0,
1964-09-01,0.1,0.0,,-0.44,0.38,0.0,-0.32,-0.42,
1964-10-01,0.13,0.31,,0.0,0.0,0.0,0.0,0.0,
1964-11-01,0.29,0.31,,0.0,0.38,0.4,0.32,0.21,
1964-12-01,0.13,0.0,,0.44,0.0,0.0,0.96,0.21,
1965-01-01,0.1,0.31,,0.88,0.37,0.0,0.63,0.21,
1965-02-01,0.0,0.0,,-0.44,0.37,0.4,-0.31,0.0,
1965-03-01,0.1,0.0,,-0.44,0.0,0.4,0.0,0.0,
1965-04-01,0.22,0.31,,1.33,0.0,0.0,0.31,0.21,
1965-05-01,0.32,0.0,,0.44,0.0,0.4,0.31,0.21,
1965-06-01,0.41,0.0,,0.43,0.0,0.0,-0.31,0.21,
1965-07-01,-0.09,0.0,,-0.43,0.37,0.8,0.0,-0.21,
1965-08-01,-0.09,0.0,,0.0,0.0,0.0,0.0,0.21,
1965-09-01,0.22,0.31,,0.43,0.0,0.0,0.0,0.0,
1965-10-01,0.09,0.0,,-0.43,0.37,0.4,-0.31,0.21,
1965-11-01,0.32,0.3,,0.43,0.37,0.39,0.31,0.21,
1965-12-01,0.31,0.3,,0.0,0.0,0.0,0.31,0.21,
1966-01-01,0.09,0.0,,0.0,0.37,0.39,-0.31,0.42,
1966-02-01,0.63,0.3,,0.43,0.0,0.0,0.31,0.21,
1966-03-01,0.31,0.0,,0.0,0.37,0.78,0.31,0.21,
1966-04-01,0.31,0.6,,0.0,0.73,0.39,0.31,0.41,
1966-05-01,0.22,0.3,,0.0,0.36,0.39,-0.31,0.21,
1966-06-01,0.09,0.3,,0.43,0.72,0.38,0.31,0.2,
1966-07-01,0.22,0.3,,0.43,0.0,0.77,0.93,0.41,
1966-08-01,0.62,0.3,,-0.43,0.0,0.38,0.31,0.0,
1966-09-01,0.31,0.3,,0.43,0.36,1.14,0.0,0.61,
1966-10-01,0.31,0.59,,0.0,0.71,0.75,0.31,0.4,
1966-11-01,0.09,0.0,,0.43,0.0,0.74,0.31,0.2,
1966-12-01,0.12,0.29,,0.0,0.35,0.37,-0.61,0.4,
1967-01-01,-0.06,0.29,,0.43,0.35,0.74,0.0,0.4,
1967-02-01,0.3,0.0,-0.29,0.42,0.35,0.36,0.61,0.4,
1967-03-01,0.0,0.29,0.0,-0.42,-0.35,0.36,0.0,0.2,
1967-04-01,0.3,0.29,-0.29,1.27,0.35,0.72,0.61,0.4,
1967-05-01,0.0,0.29,0.0,0.0,0.35,0.36,0.3,0.2,
1967-06-01,0.6,0.29,0.87,-0.42,0.35,0.72,0.0,0.39,
1967-07-01,0.3,0.29,0.29,0.0,0.35,0.36,0.6,0.39,
1967-08-01,0.3,0.58,0.57,0.42,0.35,0.35,0.3,0.39,
1967-09-01,0.3,0.29,0.0,0.42,0.0,0.71,0.9,0.0,
1967-10-01,0.3,0.29,0.28,-0.42,0.35,0.7,-0.3,0.39,
1967-11-01,0.59,0.28,0.28,0.42,0.34,0.35,0.89,0.19,
1967-12-01,0.29,0.57,0.28,-0.42,0.34,0.69,0.0,0.58,
1968-01-01,0.29,0.28,0.0,0.42,0.34,0.34,0.59,0.39,
1968-02-01,0.29,0.56,0.56,0.42,0.34,0.34,0.29,0.58,
1968-03-01,0.29,0.28,0.28,0.0,0.34,0.68,0.0,0.57,
1968-04-01,0.29,0.28,0.56,-0.41,0.34,0.34,-0.29,0.57,
1968-05-01,0.29,0.28,0.28,0.42,0.0,0.34,0.0,0.57,
1968-06-01,0.58,0.56,0.0,0.41,1.35,0.34,0.59,0.38,
1968-07-01,0.58,0.55,0.28,0.0,1.0,0.67,0.0,0.75,
1968-08-01,0.29,0.27,0.28,0.41,0.66,0.33,0.29,0.56,
1968-09-01,0.29,0.55,0.55,0.0,0.0,0.67,0.0,0.55,
1968-10-01,0.57,0.54,0.82,0.0,0.66,0.66,0.29,0.55,
1968-11-01,0.28,0.54,0.0,0.41,0.65,0.66,0.58,0.18,
1968-12-01,0.56,0.27,0.54,-0.41,0.65,0.65,-0.58,0.55,
1969-01-01,0.28,0.27,0.0,0.41,0.64,0.32,0.58,0.54,
1969-02-01,0.28,0.8,0.0,0.0,0.32,0.97,1.44,0.36,
1969-03-01,0.84,0.53,0.27,1.23,1.27,0.64,1.7,0.36,
1969-04-01,0.55,0.79,0.81,0.81,0.94,0.64,0.0,0.54,
1969-05-01,0.28,0.0,0.53,-0.4,0.62,0.63,-0.84,0.36,
1969-06-01,0.55,0.52,1.06,0.81,0.31,0.31,0.28,0.53,
1969-07-01,0.55,0.52,0.53,-0.4,0.93,0.63,0.0,0.53,
1969-08-01,0.27,0.52,0.52,0.0,0.61,0.31,0.28,0.0,
1969-09-01,0.54,0.52,0.52,0.4,0.91,0.93,-0.28,0.7,
1969-10-01,0.54,0.51,0.26,0.0,0.6,-0.62,0.84,0.35,
1969-11-01,0.54,0.26,1.03,0.0,0.6,0.62,0.28,0.52,
1969-12-01,0.53,0.51,1.02,0.4,0.6,0.31,0.56,0.17,
1970-01-01,0.53,0.51,0.25,0.0,0.59,0.61,1.1,0.34,
1970-02-01,0.53,0.51,0.51,0.0,1.18,0.61,0.27,0.52,
1970-03-01,0.52,0.75,0.0,-0.4,1.16,0.61,-0.27,0.0,
1970-04-01,0.52,0.75,0.25,2.0,0.57,0.9,1.37,0.34,
1970-05-01,0.26,0.25,0.5,-0.39,0.86,0.6,0.27,0.17,
1970-06-01,0.52,0.74,0.0,-0.39,0.57,0.59,0.54,0.34,
1970-07-01,0.26,0.25,0.25,0.79,0.28,0.59,0.53,0.17,
1970-08-01,0.26,0.49,0.0,-0.39,0.84,0.59,-0.27,0.34,
1970-09-01,0.51,0.49,0.5,0.79,0.84,0.58,0.53,0.51,
1970-10-01,0.51,0.48,0.25,1.17,0.28,0.29,1.06,0.34,
1970-11-01,0.51,0.72,-0.25,0.39,0.55,0.58,1.05,0.5,
1970-12-01,0.51,0.48,0.25,0.77,0.82,0.86,1.04,0.33,
1971-01-01,0.25,0.24,0.0,0.38,0.0,0.28,0.77,0.17,
1971-02-01,0.0,0.24,0.0,-0.38,-0.54,0.57,0.51,0.33,
1971-03-01,0.25,0.0,0.99,0.0,-0.55,0.56,0.0,0.0,
1971-04-01,0.25,0.47,0.49,-0.38,0.0,0.56,0.0,0.17,
1971-05-01,0.5,0.47,0.49,0.38,0.27,0.56,0.0,0.66,
1971-06-01,0.5,0.47,0.48,0.38,1.1,0.56,0.51,0.16,
1971-07-01,0.25,0.23,0.24,0.0,0.27,0.55,0.0,0.16,
1971-08-01,0.25,0.23,0.0,1.9,0.54,0.27,0.25,-0.33,
1971-09-01,0.25,0.0,0.0,0.37,0.54,0.55,-0.5,0.33,
1971-10-01,0.25,0.23,0.24,0.37,0.27,-0.54,0.0,0.16,
1971-11-01,0.24,0.23,0.48,-0.37,0.53,0.27,-0.25,0.16,
1971-12-01,0.24,0.23,0.95,0.37,0.27,0.27,0.0,0.16,
1972-01-01,0.24,0.46,-0.24,0.0,0.53,0.27,0.76,0.16,
1972-02-01,0.49,0.23,0.95,-0.74,0.26,0.27,-0.25,0.32,
1972-03-01,0.0,0.0,0.0,0.37,0.26,0.27,0.0,0.0,
1972-04-01,0.24,0.46,0.0,0.0,0.26,0.27,0.0,0.32,
1972-05-01,0.24,0.23,0.23,0.37,0.26,0.27,0.25,0.16,
1972-06-01,0.24,0.23,0.23,0.0,0.52,0.27,0.0,0.0,
1972-07-01,0.24,0.23,0.7,0.37,0.52,0.0,0.25,0.0,
1972-08-01,0.24,0.45,0.0,0.74,0.52,0.27,0.5,-0.32,
1972-09-01,0.48,0.0,0.93,1.1,0.0,0.0,0.5,0.81,
1972-10-01,0.24,0.23,0.46,0.36,0.26,1.07,-0.25,0.48,
1972-11-01,0.47,0.0,0.46,0.72,0.26,0.0,0.5,0.32,
1972-12-01,0.24,0.45,0.46,-0.36,0.26,0.26,0.25,0.32,
1973-01-01,0.47,0.0,1.59,0.36,0.25,0.26,0.0,0.0,
1973-02-01,0.7,0.45,1.56,1.08,0.25,0.26,0.5,0.32,
1973-03-01,0.93,0.45,2.2,0.35,0.25,0.26,0.25,0.63,
1973-04-01,0.69,0.22,1.51,1.06,0.25,0.26,0.74,0.63,
1973-05-01,0.46,0.44,1.27,0.7,0.5,0.52,0.0,0.31,
1973-06-01,0.68,0.22,1.05,1.39,0.25,0.26,0.49,0.31,
1973-07-01,0.0,0.22,0.21,0.0,0.25,0.0,0.0,0.0,
1973-08-01,1.81,0.44,5.17,0.68,1.0,0.26,0.0,0.46,
1973-09-01,0.44,0.66,0.0,0.0,1.23,0.52,-0.24,0.46,
1973-10-01,0.88,0.65,0.59,3.06,1.46,1.8,0.73,0.31,
1973-11-01,0.66,0.43,1.17,3.96,0.48,0.25,0.97,0.46,
1973-12-01,0.87,0.43,0.97,3.17,0.72,0.5,0.96,0.46,
1974-01-01,1.08,0.43,1.15,4.92,0.71,0.5,1.42,0.45,
1974-02-01,1.07,0.64,2.08,3.81,0.71,0.5,1.4,1.06,
1974-03-01,1.06,0.85,0.93,4.24,0.7,0.99,1.84,0.75,
1974-04-01,0.63,0.63,-0.18,1.9,0.47,0.74,1.13,1.04,
1974-05-01,1.04,1.25,0.74,1.86,0.69,0.98,1.34,0.73,
1974-06-01,0.82,1.03,0.18,0.78,0.92,1.69,1.32,0.73,
1974-07-01,0.61,1.02,-0.18,0.78,1.14,1.19,1.09,0.43,
1974-08-01,1.22,1.41,1.28,0.77,1.13,1.41,0.43,1.87,
1974-09-01,1.4,1.0,1.98,0.26,1.34,1.16,0.86,0.28,
1974-10-01,0.79,0.99,1.06,-0.25,1.1,0.92,0.64,0.28,
1974-11-01,0.98,0.78,1.22,0.51,0.65,0.68,0.63,0.7,
1974-12-01,0.78,0.78,1.21,0.51,1.3,0.9,0.63,0.0,
1975-01-01,0.77,0.58,0.34,1.01,0.85,1.12,0.21,0.14,
1975-02-01,0.57,0.96,0.34,0.75,0.85,1.1,0.62,0.28,
1975-03-01,0.38,0.38,-0.17,0.74,0.42,1.09,0.83,0.14,
1975-04-01,0.38,0.57,-0.17,0.99,0.63,0.86,0.21,0.0,
1975-05-01,0.19,0.38,0.34,0.73,0.21,0.64,0.2,0.14,
1975-06-01,0.75,0.56,1.02,0.97,0.83,0.85,1.02,0.0,
1975-07-01,0.93,0.37,1.68,1.92,0.41,0.84,1.62,0.55,
1975-08-01,0.37,0.37,0.17,0.71,0.2,0.63,0.8,0.0,
1975-09-01,0.74,0.55,0.49,0.93,0.61,0.83,1.58,0.14,
1975-10-01,0.55,0.55,0.98,0.69,0.61,0.82,0.58,0.41,
1975-11-01,0.73,0.73,0.65,0.92,0.81,-0.2,1.35,0.27,
1975-12-01,0.54,0.54,0.48,0.46,0.6,1.02,0.38,0.27,
1976-01-01,0.36,0.72,-0.16,0.91,0.4,0.81,0.76,0.41,
1976-02-01,0.18,0.54,-0.96,-0.22,0.2,1.01,0.57,0.41,
1976-03-01,0.18,0.53,-0.49,-0.68,0.2,1.0,0.94,0.27,
1976-04-01,0.18,0.35,0.0,-0.45,0.0,0.59,0.37,0.13,
1976-05-01,0.53,0.53,0.49,0.46,0.39,0.78,0.56,0.4,
1976-06-01,0.53,0.35,0.16,0.68,0.59,0.78,0.92,0.4,
1976-07-01,0.53,0.7,0.49,0.9,0.78,0.97,0.55,0.53,
1976-08-01,0.53,0.52,0.32,0.89,0.58,0.57,0.54,0.66,
1976-09-01,0.52,0.52,0.48,1.11,0.58,0.76,1.08,0.4,
1976-10-01,0.52,0.52,0.48,0.88,0.19,0.38,1.07,0.13,
1976-11-01,0.35,0.34,0.0,1.52,0.19,1.32,0.71,0.39,
1976-12-01,0.52,0.34,0.16,1.5,0.0,0.56,0.53,0.39,
1977-01-01,0.51,0.68,0.32,1.26,0.95,0.74,0.87,0.52,
1977-02-01,1.02,0.67,1.74,0.0,0.57,0.55,0.69,0.52,
1977-03-01,0.51,0.5,0.47,0.62,0.56,1.09,0.86,-0.13,
1977-04-01,0.67,0.5,1.09,0.41,0.93,0.9,0.51,0.13,
1977-05-01,0.33,0.5,0.46,0.62,0.56,0.89,0.17,0.64,
1977-06-01,0.5,0.66,0.61,0.0,0.74,0.88,0.0,0.51,
1977-07-01,0.5,0.33,0.3,0.41,0.91,0.53,-0.17,0.76,
1977-08-01,0.49,0.49,0.45,0.81,0.54,0.7,-0.17,0.13,
1977-09-01,0.33,0.49,0.3,0.61,0.72,0.87,0.34,-0.13,
1977-10-01,0.49,0.32,0.3,1.41,0.54,0.34,0.34,0.25,
1977-11-01,0.65,0.48,0.9,1.58,0.71,0.34,0.34,0.63,
1977-12-01,0.48,0.64,0.15,0.58,0.71,0.68,0.5,0.38,
1978-01-01,0.64,0.64,0.89,-0.97,0.88,0.51,0.5,0.0,
1978-02-01,0.48,0.48,1.03,-0.98,0.52,1.01,0.17,-0.75,
1978-03-01,0.63,0.63,1.16,0.79,0.87,0.5,0.17,0.5,
1978-04-01,0.79,0.78,1.58,0.78,0.86,0.83,0.17,1.0,
1978-05-01,0.94,0.62,1.41,0.58,1.02,0.66,0.5,0.74,
1978-06-01,0.78,0.77,1.53,0.39,1.01,0.65,0.66,0.37,
1978-07-01,0.77,0.61,0.41,0.39,1.17,0.65,0.82,-0.12,
1978-08-01,0.61,0.76,0.41,0.96,0.99,0.81,0.65,0.25,
1978-09-01,0.91,0.91,0.41,1.14,1.31,0.64,0.97,0.24,
1978-10-01,0.9,0.75,0.81,1.69,1.13,0.8,1.12,0.61,
1978-11-01,0.6,0.6,0.67,1.48,0.8,0.79,0.95,0.24,
1978-12-01,0.59,0.59,0.53,1.82,0.32,0.47,0.94,0.0,
1979-01-01,0.88,0.74,1.73,-0.18,0.79,1.09,0.16,0.48,
1979-02-01,1.02,1.02,1.57,0.18,1.41,0.62,0.93,0.36,
1979-03-01,1.01,0.87,0.9,2.68,0.92,0.77,1.84,0.36,
1979-04-01,1.0,0.72,0.64,3.66,1.22,0.61,2.11,0.48,
1979-05-01,1.13,0.71,1.01,4.2,1.21,0.76,1.92,0.6,
1979-06-01,1.12,0.71,0.38,4.35,1.34,0.75,2.03,0.24,
1979-07-01,1.11,0.84,0.5,4.02,1.47,0.89,1.7,0.12,
1979-08-01,0.96,1.11,-0.12,3.57,1.59,0.74,1.39,0.24,
1979-09-01,0.95,0.83,0.75,3.16,1.43,0.73,1.1,0.71,
1979-10-01,1.08,0.95,0.74,2.23,1.69,0.73,0.68,0.58,
1979-11-01,1.06,1.08,0.74,1.77,1.66,0.87,0.95,0.58,
1979-12-01,1.18,1.2,0.85,2.67,1.5,1.15,1.47,0.81,
1980-01-01,1.43,1.32,0.6,2.99,1.74,1.13,2.9,0.92,
1980-02-01,1.28,1.04,0.12,3.54,1.19,1.26,2.31,0.68,
1980-03-01,1.39,1.42,0.84,3.17,1.69,0.97,2.51,1.13,
1980-04-01,1.0,1.15,0.59,1.07,1.54,0.82,0.49,0.45,
1980-05-01,0.99,0.75,0.71,1.17,1.51,0.82,0.73,0.22,
1980-06-01,0.98,1.12,0.59,0.12,2.24,0.67,-0.12,0.33,
1980-07-01,0.12,-0.25,0.93,0.23,-1.22,0.67,0.48,0.33,
1980-08-01,0.73,0.62,1.62,0.58,0.12,0.53,0.72,0.55,
1980-09-01,0.84,0.98,1.14,0.34,0.74,0.93,1.08,0.66,
1980-10-01,0.95,1.1,0.79,0.57,1.71,0.79,0.83,0.76,
1980-11-01,1.06,1.08,1.12,0.91,1.56,0.52,0.94,0.43,
1980-12-01,0.93,1.19,0.66,2.14,1.3,0.65,0.81,0.21,
1981-01-01,0.93,0.59,0.33,1.54,0.58,1.03,1.96,0.11,
1981-02-01,0.92,0.59,0.55,3.37,0.0,0.76,2.49,0.54,
1981-03-01,0.68,0.58,0.54,2.31,0.46,0.88,1.21,0.43,
1981-04-01,0.56,0.69,0.11,0.21,0.69,1.0,-0.11,0.42,
1981-05-01,0.67,0.92,0.11,0.31,1.49,0.87,0.55,0.11,
1981-06-01,0.89,0.91,0.43,-0.61,1.47,1.11,0.54,0.21,
1981-07-01,1.1,1.35,0.75,0.0,1.78,1.34,0.86,0.42,
1981-08-01,0.77,1.0,0.53,0.51,1.09,1.08,0.43,0.52,
1981-09-01,0.98,1.21,0.42,0.82,1.51,0.95,0.75,0.21,
1981-10-01,0.32,0.33,0.11,0.61,-0.11,0.94,0.95,0.31,
1981-11-01,0.43,0.43,0.21,1.31,0.21,1.05,0.73,0.0,
1981-12-01,0.32,0.54,0.21,1.0,0.32,0.81,0.21,0.31,
1982-01-01,0.32,0.32,0.32,-0.89,0.11,0.8,0.31,0.0,
1982-02-01,0.32,0.54,0.73,-2.58,0.32,0.68,-0.52,0.31,
1982-03-01,0.0,0.11,-0.1,-1.43,-0.53,0.9,-0.42,0.31,
1982-04-01,0.32,0.85,0.21,-2.48,1.17,1.0,-1.36,0.21,
1982-05-01,0.95,0.74,0.83,1.59,1.57,0.88,0.63,0.1,
1982-06-01,1.15,0.73,0.93,2.82,1.24,0.99,2.21,0.1,
1982-07-01,0.52,0.62,0.1,0.91,0.51,0.87,0.93,0.41,
1982-08-01,0.21,0.41,-0.2,0.5,0.41,0.97,0.1,0.0,
1982-09-01,0.0,0.1,0.1,0.5,-0.51,0.85,-0.2,0.0,
1982-10-01,0.41,0.31,0.1,1.4,0.0,0.84,0.2,0.2,
1982-11-01,-0.1,-0.21,0.1,0.79,-0.51,1.05,0.0,0.0,
1982-12-01,-0.31,-0.1,-0.1,0.29,-1.43,0.73,-0.51,-0.1,
1983-01-01,0.2,0.41,-0.1,-3.11,0.73,0.72,-0.1,0.41,
1983-02-01,0.1,0.41,0.2,-1.91,0.31,0.92,-0.72,0.51,
1983-03-01,0.1,0.2,0.61,-0.92,0.1,0.2,-0.41,0.0,
1983-04-01,0.71,0.41,0.4,2.17,0.82,0.4,1.35,0.2,
1983-05-01,0.4,0.3,0.3,1.52,0.3,0.5,0.82,0.6,
1983-06-01,0.2,0.3,0.1,0.2,0.3,0.5,0.41,0.4,
1983-07-01,0.4,0.6,0.0,0.3,0.4,0.4,0.61,0.6,
1983-08-01,0.3,0.3,0.0,0.3,0.2,0.6,0.8,0.1,
1983-09-01,0.3,0.4,0.4,-0.2,0.5,0.39,0.3,-0.2,
1983-10-01,0.4,0.5,0.3,-0.2,0.2,0.49,0.4,-0.2,
1983-11-01,0.3,0.5,0.0,-0.3,0.4,0.49,0.4,0.3,
1983-12-01,0.3,0.3,0.3,-0.5,0.4,0.58,0.0,0.2,
1984-01-01,0.69,0.69,1.29,0.2,0.3,0.58,0.49,0.4,
1984-02-01,0.49,0.29,0.59,1.2,0.39,0.96,0.2,-0.3,
1984-03-01,0.29,0.39,0.29,0.0,0.49,0.19,0.68,0.1,
1984-04-01,0.39,0.48,0.0,0.3,0.68,0.57,0.39,-0.1,
1984-05-01,0.19,0.39,-0.19,-0.1,0.19,0.38,0.39,0.2,
1984-06-01,0.19,0.38,0.39,-0.79,0.39,0.47,0.19,-0.1,
1984-07-01,0.39,0.48,0.19,-0.3,0.68,0.47,-0.19,0.59,
1984-08-01,0.29,0.38,0.58,-0.4,0.38,0.47,0.1,0.59,
1984-09-01,0.29,0.38,-0.1,0.5,0.38,0.37,0.29,0.2,
1984-10-01,0.38,0.38,0.19,0.5,0.38,0.56,0.67,0.29,
1984-11-01,0.19,0.19,0.1,-0.3,0.28,0.55,0.1,0.0,
1984-12-01,0.19,0.38,0.38,-0.69,0.57,0.46,-0.19,0.1,
1985-01-01,0.19,0.28,0.1,0.2,0.28,0.36,0.38,0.1,
1985-02-01,0.57,0.56,0.48,0.0,0.66,0.54,0.48,0.87,
1985-03-01,0.47,0.37,0.38,1.0,0.37,0.54,0.66,0.38,
1985-04-01,0.19,0.28,-0.09,0.99,0.28,0.54,0.47,0.0,
1985-05-01,0.19,0.37,-0.19,-0.1,1.02,0.54,-0.28,-0.1,
1985-06-01,0.28,0.28,0.29,0.0,0.37,0.62,0.0,0.67,
1985-07-01,0.19,0.27,0.0,0.0,0.46,0.53,0.09,0.1,
1985-08-01,0.19,0.37,0.09,-0.98,0.64,0.61,-0.38,0.1,
1985-09-01,0.19,0.18,0.19,0.0,0.18,0.52,0.0,0.19,
1985-10-01,0.37,0.45,0.19,0.0,0.45,0.52,0.28,0.19,
1985-11-01,0.46,0.54,0.57,0.59,0.72,0.6,0.47,0.28,
1985-12-01,0.46,0.27,0.75,0.59,0.36,0.52,0.47,0.09,
1986-01-01,0.37,0.45,0.19,0.2,0.44,0.77,0.47,0.0,
1986-02-01,-0.18,0.27,-0.09,-3.02,0.27,0.68,-0.93,-0.66,
1986-03-01,-0.55,0.27,0.19,-6.93,0.7,0.76,-3.18,-0.38,
1986-04-01,-0.37,0.36,0.19,-5.83,0.61,0.58,-2.51,0.0,
1986-05-01,0.28,0.18,0.37,0.0,0.17,0.66,0.4,-0.1,
1986-06-01,0.37,0.27,0.09,1.83,0.35,0.5,0.89,0.0,
1986-07-01,0.09,0.35,0.74,-3.6,0.26,0.57,-1.17,0.57,
1986-08-01,0.09,0.35,0.82,-2.34,0.35,0.57,-0.99,0.85,
1986-09-01,0.36,0.35,0.09,0.96,0.52,0.65,0.5,0.47,
1986-10-01,0.18,0.35,0.27,-1.9,0.51,0.56,-0.1,-0.28,
1986-11-01,0.18,0.26,0.54,-0.85,0.26,0.64,0.3,0.28,
1986-12-01,0.36,0.26,0.27,0.49,0.25,0.56,0.3,0.28,
1987-01-01,0.54,0.26,0.54,3.52,0.42,0.4,1.48,0.75,
1987-02-01,0.36,0.26,0.27,2.34,0.42,0.39,0.88,0.56,
1987-03-01,0.36,0.34,0.18,0.23,0.34,0.47,0.29,0.55,
1987-04-01,0.45,0.6,0.18,0.0,0.67,0.63,0.48,0.55,
1987-05-01,0.27,0.34,0.53,-0.57,0.33,0.47,0.1,0.46,
1987-06-01,0.44,0.17,0.53,1.61,0.25,0.62,0.67,0.0,
1987-07-01,0.26,0.34,-0.09,0.79,0.08,0.46,0.76,0.0,
1987-08-01,0.44,0.34,0.18,1.46,0.66,0.46,0.66,0.63,
1987-09-01,0.35,0.42,0.44,-0.22,0.41,0.53,0.28,0.54,
1987-10-01,0.26,0.5,0.17,-0.78,0.57,0.38,0.09,0.63,
1987-11-01,0.35,0.25,0.09,0.45,0.24,0.45,0.28,0.62,
1987-12-01,0.17,0.25,0.44,-0.56,0.57,0.38,-0.09,-0.27,
1988-01-01,0.35,0.42,0.35,-0.78,0.4,0.67,-0.19,0.44,
1988-02-01,0.17,0.25,0.09,-0.11,0.4,0.6,0.0,-0.97,
1988-03-01,0.26,0.41,0.17,-0.34,0.32,0.44,0.0,1.16,
1988-04-01,0.6,0.49,0.52,0.45,0.4,0.66,0.47,1.5,
1988-05-01,0.26,0.33,0.34,-0.34,0.24,0.66,0.37,0.0,
1988-06-01,0.43,0.41,0.6,0.45,0.4,0.51,0.37,0.35,
1988-07-01,0.42,0.32,1.02,0.56,0.32,0.58,0.46,0.35,
1988-08-01,0.42,0.32,0.51,0.78,0.47,0.5,0.83,-1.21,
1988-09-01,0.42,0.56,0.5,-0.33,0.39,0.5,0.18,1.57,
1988-10-01,0.33,0.4,0.25,0.0,0.23,0.64,0.09,1.03,
1988-11-01,0.33,0.32,0.17,0.0,0.47,0.42,0.18,0.17,
1988-12-01,0.33,0.32,0.41,-0.22,0.31,0.49,0.18,0.42,
1989-01-01,0.41,0.4,0.41,0.78,0.15,0.77,0.45,0.17,
1989-02-01,0.33,0.32,0.66,0.55,0.46,0.76,0.72,-1.1,
1989-03-01,0.49,0.39,0.65,1.1,0.46,0.62,0.63,0.85,
1989-04-01,0.74,0.31,0.49,5.23,0.31,0.55,2.31,0.42,
1989-05-01,0.49,0.39,0.73,0.83,0.46,0.61,0.7,0.25,
1989-06-01,0.32,0.39,0.24,-0.51,0.3,0.75,-0.09,-0.17,
1989-07-01,0.32,0.31,0.4,-0.21,0.6,0.67,-0.26,-0.34,
1989-08-01,0.0,0.23,0.24,-1.86,0.38,0.67,-0.78,-1.01,
1989-09-01,0.24,0.31,0.32,-1.16,0.15,0.8,-0.52,1.37,
1989-10-01,0.48,0.54,0.48,0.64,0.67,0.66,0.53,0.76,
1989-11-01,0.4,0.38,0.39,-0.53,0.45,0.85,-0.09,0.33,
1989-12-01,0.32,0.38,0.39,0.32,0.44,0.52,0.26,-0.17,
1990-01-01,0.95,0.38,1.33,4.99,0.22,0.71,2.01,0.08,
1990-02-01,0.39,0.45,0.85,-0.71,0.22,0.71,0.17,1.75,
1990-03-01,0.47,0.6,0.15,-0.61,0.73,0.76,0.09,1.48,
1990-04-01,0.23,0.37,-0.08,-0.1,0.44,0.82,0.34,0.24,
1990-05-01,0.16,0.3,0.23,-0.82,0.29,0.75,-0.17,-0.08,
1990-06-01,0.62,0.52,0.69,0.62,0.72,0.75,0.43,0.16,
1990-07-01,0.46,0.52,0.53,-0.21,0.79,0.86,0.42,0.0,
1990-08-01,0.84,0.59,0.3,4.63,0.78,0.86,1.86,0.24,
1990-09-01,0.68,0.37,0.3,4.82,0.21,0.67,2.07,0.72,
1990-10-01,0.68,0.36,0.38,4.04,0.21,0.84,1.95,0.0,
1990-11-01,0.22,0.29,0.3,0.36,0.14,0.84,0.4,0.0,
1990-12-01,0.37,0.43,0.07,-0.18,0.42,0.65,0.63,0.64,
1991-01-01,0.37,0.65,0.67,-2.25,0.7,0.71,-1.1,0.55,
1991-02-01,0.07,0.5,0.37,-3.69,0.21,0.64,-1.27,0.32,
1991-03-01,0.0,0.21,0.15,-2.49,0.21,0.64,-0.97,-0.24,
1991-04-01,0.22,0.28,0.52,-0.69,0.28,0.64,-0.16,0.39,
1991-05-01,0.37,0.28,0.37,0.89,0.28,0.52,0.57,0.39,
1991-06-01,0.29,0.35,0.51,-0.98,0.21,0.68,0.16,-0.08,
1991-07-01,0.15,0.35,-0.44,-0.4,0.34,0.57,-0.08,0.63,
1991-08-01,0.29,0.42,-0.29,0.4,0.2,0.79,0.57,0.93,
1991-09-01,0.29,0.35,0.15,0.4,0.34,0.62,0.08,0.08,
1991-10-01,0.15,0.21,-0.07,0.1,0.34,0.56,-0.16,0.08,
1991-11-01,0.44,0.35,0.37,0.79,0.34,0.55,0.48,0.69,
1991-12-01,0.29,0.35,0.15,0.68,0.47,0.66,0.48,-0.23,
1992-01-01,0.07,0.28,-0.22,-1.55,0.34,0.66,-0.4,0.15,
1992-02-01,0.22,0.21,0.36,-0.3,0.13,0.71,-0.08,0.08,
1992-03-01,0.36,0.34,0.36,0.0,0.27,0.65,0.4,0.23,
1992-04-01,0.22,0.27,-0.07,0.2,0.13,0.59,0.48,-0.46,
1992-05-01,0.22,0.34,-0.07,0.59,0.27,0.43,0.24,0.69,
1992-06-01,0.29,0.2,0.22,1.27,0.33,0.48,0.4,0.38,
1992-07-01,0.29,0.34,-0.07,0.39,0.2,0.53,0.4,0.45,
1992-08-01,0.21,0.2,0.58,-0.19,0.2,0.47,0.08,-0.3,
1992-09-01,0.21,0.14,0.43,0.1,0.07,0.47,0.0,-0.08,
1992-10-01,0.43,0.47,0.0,0.68,0.46,0.57,0.87,0.23,
1992-11-01,0.28,0.27,-0.07,0.77,0.26,0.52,0.47,0.15,
1992-12-01,0.14,0.27,0.0,0.19,0.2,0.41,0.16,0.08,
1993-01-01,0.35,0.33,0.29,-0.28,0.39,0.56,0.23,0.0,
1993-02-01,0.21,0.33,0.29,-0.67,0.2,0.51,0.31,0.9,0.24
1993-03-01,0.14,0.13,0.0,0.58,0.13,0.35,-0.15,0.0,0.36
1993-04-01,0.35,0.4,0.28,0.0,0.45,0.5,0.15,0.0,0.24
1993-05-01,0.28,0.26,0.64,-0.57,0.19,0.7,0.23,-0.37,0.47
1993-06-01,0.07,0.2,-0.21,-0.38,0.32,0.4,0.0,-0.37,0.23
1993-07-01,0.14,0.13,0.0,-0.48,0.06,0.45,0.15,-0.15,0.23
1993-08-01,0.21,0.33,0.35,0.0,0.19,0.3,0.31,0.9,0.47
1993-09-01,0.14,0.07,0.14,-0.39,0.19,0.39,-0.08,-0.22,0.35
1993-10-01,0.41,0.33,0.42,2.23,0.26,0.44,1.23,0.07,0.23
1993-11-01,0.27,0.33,0.21,-0.85,0.25,0.29,0.15,0.45,0.35
1993-12-01,0.21,0.26,0.35,-0.67,0.32,0.34,-0.08,-0.22,0.46
1994-01-01,0.0,0.13,0.07,-0.87,0.25,0.29,-0.3,-0.6,0.11
1994-02-01,0.27,0.19,-0.14,1.26,0.38,0.39,0.46,-0.08,0.69
1994-03-01,0.27,0.32,0.0,0.19,0.38,0.34,0.23,0.45,0.23
1994-04-01,0.07,0.13,0.21,-0.58,0.06,0.53,0.15,-0.22,0.23
1994-05-01,0.2,0.26,0.21,-0.87,0.25,0.33,-0.3,0.37,0.34
1994-06-01,0.27,0.32,0.28,0.29,0.13,0.38,0.6,0.6,0.34
1994-07-01,0.34,0.19,0.55,1.36,0.19,0.38,0.9,-0.45,0.22
1994-08-01,0.4,0.26,0.28,2.11,0.5,0.43,1.19,-0.75,0.22
1994-09-01,0.2,0.25,0.14,-0.56,0.25,0.42,0.07,0.3,0.11
1994-10-01,0.07,0.19,0.0,-0.38,0.31,0.47,0.07,-0.45,0.22
1994-11-01,0.27,0.25,0.27,0.38,0.31,0.42,0.37,-0.38,0.22
1994-12-01,0.2,0.06,0.68,-0.19,-0.06,0.42,0.29,-0.3,0.33
1995-01-01,0.27,0.44,0.0,-0.19,0.37,0.32,0.22,0.08,1.11
1995-02-01,0.27,0.25,0.34,0.09,0.25,0.37,0.36,-0.23,0.11
1995-03-01,0.2,0.31,-0.14,-0.28,0.31,0.32,0.36,0.23,0.11
1995-04-01,0.4,0.31,0.68,0.09,0.3,0.23,0.58,-0.23,0.33
1995-05-01,0.2,0.19,0.13,0.19,0.36,0.27,0.36,-0.23,0.11
1995-06-01,0.2,0.25,0.07,0.85,0.24,0.32,0.64,-0.23,0.44
1995-07-01,0.13,0.19,0.13,-0.84,0.3,0.32,-0.5,0.08,0.22
1995-08-01,0.2,0.25,0.07,-0.19,0.18,0.45,-0.36,0.84,0.22
1995-09-01,0.13,0.25,0.34,-1.42,0.36,0.36,-0.22,-0.15,0.43
1995-10-01,0.26,0.31,0.27,0.29,0.3,0.27,0.29,0.08,0.22
1995-11-01,0.13,0.18,0.0,-0.96,0.3,0.31,-0.29,-0.3,0.21
1995-12-01,0.13,0.06,0.2,0.97,0.18,0.27,0.0,0.15,0.43
1996-01-01,0.52,0.37,0.33,2.39,0.3,0.4,0.93,0.38,0.21
1996-02-01,0.19,0.18,0.27,0.19,0.24,0.22,0.36,-0.38,0.32
1996-03-01,0.32,0.24,0.46,1.12,0.3,0.22,0.43,0.3,0.42
1996-04-01,0.39,0.12,0.39,2.68,0.18,0.27,0.99,-0.6,-0.32
1996-05-01,0.19,0.24,-0.07,0.72,0.29,0.26,0.42,0.0,0.74
1996-06-01,0.19,0.24,0.59,-1.52,0.18,0.26,-0.07,-0.15,0.32
1996-07-01,0.19,0.18,0.33,-0.18,0.41,0.26,-0.28,-0.23,0.31
1996-08-01,0.13,0.18,0.33,-0.36,0.23,0.22,0.0,-0.53,0.21
1996-09-01,0.32,0.3,0.45,0.09,0.17,0.26,0.42,0.54,0.31
1996-10-01,0.32,0.18,0.58,0.64,0.23,0.26,0.21,0.0,0.31
1996-11-01,0.32,0.24,0.32,1.18,0.29,0.3,0.49,0.23,0.21
1996-12-01,0.25,0.12,0.13,1.88,0.06,0.09,0.76,0.23,0.31
1997-01-01,0.19,0.24,-0.19,1.14,0.4,0.26,-0.07,0.3,0.31
1997-02-01,0.19,0.18,0.38,-0.17,0.29,0.17,-0.27,0.53,0.21
1997-03-01,0.06,0.18,0.06,-1.74,0.17,0.34,-0.14,-0.45,0.31
1997-04-01,0.06,0.3,0.0,-1.77,0.29,0.21,-0.48,0.45,0.2
1997-05-01,0.0,0.18,0.06,-1.98,0.29,0.26,-0.69,0.23,0.31
1997-06-01,0.19,0.12,0.19,1.1,0.23,0.13,0.21,-0.15,0.31
1997-07-01,0.12,0.18,0.19,-0.82,0.28,0.13,-0.21,0.15,0.2
1997-08-01,0.25,0.06,0.32,1.65,0.28,0.17,0.56,-0.45,0.0
1997-09-01,0.25,0.24,0.13,1.35,0.23,0.17,0.49,0.15,0.3
1997-10-01,0.19,0.24,0.19,-0.53,0.28,0.25,-0.07,-0.15,0.3
1997-11-01,0.12,0.12,0.19,-0.36,0.28,0.34,-0.55,0.0,0.2
1997-12-01,0.06,0.23,0.13,-1.44,0.28,0.38,-0.14,0.23,0.3
1998-01-01,0.12,0.23,0.44,-2.09,0.28,0.13,-0.49,0.08,0.0
1998-02-01,0.0,0.17,0.0,-2.23,0.22,0.29,-0.42,-0.08,-0.1
1998-03-01,0.0,0.17,0.13,-1.71,0.28,0.25,-0.63,-0.23,0.3
1998-04-01,0.12,0.17,0.06,-0.87,0.28,0.38,-0.42,-0.3,0.2
1998-05-01,0.25,0.23,0.31,0.78,0.33,0.37,0.21,0.3,0.3
1998-06-01,0.12,0.17,-0.06,0.39,0.22,0.25,0.14,0.45,0.1
1998-07-01,0.25,0.17,0.25,-0.29,0.17,0.29,0.21,0.15,0.0
1998-08-01,0.12,0.29,0.25,-1.16,0.38,0.33,-0.07,1.2,-0.5
1998-09-01,0.06,0.11,0.06,-0.78,0.33,0.33,-0.28,-1.48,0.2
1998-10-01,0.24,0.11,0.56,0.2,0.33,0.29,0.14,-0.3,0.1
1998-11-01,0.12,0.23,0.18,-0.39,0.27,0.2,-0.07,0.0,0.2
1998-12-01,0.18,0.34,0.06,-0.99,0.27,0.24,-0.28,-0.53,-0.1
1999-01-01,0.18,0.11,0.37,-0.4,0.05,0.24,-0.07,-0.38,0.0
1999-02-01,0.0,0.0,0.24,-0.5,0.11,0.32,-0.57,-0.53,0.3
1999-03-01,0.06,0.06,-0.06,1.21,0.22,0.24,0.5,-0.31,0.0
1999-04-01,0.67,0.34,0.12,5.08,0.32,0.32,2.06,1.0,0.2
1999-05-01,0.06,0.11,0.18,-0.57,0.16,0.24,-0.14,0.0,-0.1
1999-06-01,0.0,0.06,-0.06,-0.38,0.21,0.28,-0.28,0.0,0.1
1999-07-01,0.42,0.28,0.18,2.11,0.27,0.36,1.12,-0.15,0.1
1999-08-01,0.24,0.11,0.18,2.62,0.16,0.32,0.9,-0.46,0.2
1999-09-01,0.42,0.28,0.24,2.1,0.32,0.32,0.75,0.23,0.2
1999-10-01,0.18,0.17,0.24,0.18,0.11,0.24,0.41,0.15,0.1
1999-11-01,0.18,0.17,0.18,-0.45,0.32,0.32,-0.07,-0.3,0.2
1999-12-01,0.24,0.17,0.12,2.06,0.16,0.39,0.88,0.23,0.1
2000-01-01,0.3,0.34,0.06,1.05,0.58,0.27,0.2,-0.46,0.69
2000-02-01,0.41,0.06,0.36,3.3,0.16,0.35,0.6,-0.23,-0.39
2000-03-01,0.59,0.33,0.24,4.63,0.37,0.47,2.4,-0.08,-0.1
2000-04-01,-0.06,0.17,0.06,-2.74,0.16,0.27,-0.98,-0.38,0.1
2000-05-01,0.18,0.22,0.36,-0.74,0.26,0.31,-0.07,-0.08,0.1
2000-06-01,0.58,0.22,0.12,5.67,0.36,0.42,1.97,-0.31,-0.2
2000-07-01,0.29,0.22,0.48,0.39,0.26,0.35,-0.26,-0.31,0.59
2000-08-01,0.0,0.22,0.3,-2.75,0.26,0.46,-0.91,0.0,0.1
2000-09-01,0.52,0.22,0.06,4.36,0.31,0.34,1.31,0.47,-0.58
2000-10-01,0.17,0.16,0.12,0.31,0.31,0.3,-0.32,-0.23,0.78
2000-11-01,0.17,0.27,0.06,-0.31,0.26,0.23,0.19,0.0,-0.19
2000-12-01,0.23,0.11,0.47,0.7,0.15,0.34,0.06,-0.08,0.58
2001-01-01,0.57,0.33,0.23,3.77,0.36,0.6,0.19,0.23,0.39
2001-02-01,0.23,0.27,0.47,-0.67,0.36,0.41,-0.13,0.15,0.1
2001-03-01,0.06,0.16,0.29,-1.79,0.41,0.41,-0.64,-0.08,0.48
2001-04-01,0.17,0.22,0.23,0.46,0.25,0.37,0.39,-1.0,0.1
2001-05-01,0.51,0.11,0.17,4.61,0.4,0.33,1.81,-0.62,0.1
2001-06-01,0.23,0.38,0.35,-1.08,0.45,0.41,-0.19,0.0,0.38
2001-07-01,-0.17,0.22,0.35,-5.33,0.2,0.15,-2.1,-0.08,0.48
2001-08-01,0.0,0.16,0.23,-1.77,0.45,0.55,-0.39,-0.71,0.28
2001-09-01,0.39,0.21,0.11,2.83,0.1,0.33,1.69,-0.47,0.0
2001-10-01,-0.28,0.16,0.34,-6.11,0.25,0.4,-1.99,0.0,0.57
2001-11-01,-0.06,0.37,0.06,-4.88,0.49,0.4,-1.77,-0.32,0.09
2001-12-01,-0.06,0.16,-0.11,-2.57,0.39,0.29,-0.67,-0.4,0.19
2002-01-01,0.17,0.16,0.34,0.26,0.39,0.58,0.07,-0.4,0.28
2002-02-01,0.17,0.21,0.23,-0.61,0.44,0.21,-0.4,0.16,0.19
2002-03-01,0.28,0.05,0.23,3.61,0.15,0.36,1.21,0.56,-0.37
2002-04-01,0.45,0.26,0.17,3.32,0.34,0.46,1.33,-0.16,-0.19
2002-05-01,0.11,0.16,-0.28,0.33,0.19,0.42,0.2,-0.4,0.56
2002-06-01,0.06,0.11,0.06,-0.25,0.19,0.25,0.0,-0.56,0.28
2002-07-01,0.22,0.16,0.11,0.66,0.19,0.63,0.33,-0.32,0.65
2002-08-01,0.28,0.31,0.0,0.57,0.34,0.28,0.46,0.65,0.65
2002-09-01,0.17,0.1,0.17,0.49,0.24,0.31,0.13,-0.72,-0.18
2002-10-01,0.22,0.1,0.0,2.59,0.14,0.59,0.84,-0.32,0.09
2002-11-01,0.17,0.21,0.28,-0.16,0.33,0.48,-0.06,0.08,0.0
2002-12-01,0.17,0.1,0.11,0.32,0.19,0.31,-0.06,-0.32,0.18
2003-01-01,0.44,0.16,0.0,5.04,0.33,0.21,1.74,-0.49,0.46
2003-02-01,0.55,0.05,0.56,5.47,0.05,0.1,1.77,-0.25,0.18
2003-03-01,0.16,0.0,0.17,2.2,-0.05,0.14,0.0,-0.9,-0.09
2003-04-01,-0.38,0.0,0.06,-5.14,0.05,0.2,-1.93,-0.33,-0.18
2003-05-01,-0.16,0.21,0.17,-5.2,0.47,0.41,-2.09,-0.25,-0.09
2003-06-01,0.11,0.05,0.5,0.31,0.0,0.3,0.13,0.5,-0.18
2003-07-01,0.33,0.21,0.06,1.85,0.28,0.44,0.71,0.41,0.46
2003-08-01,0.44,0.1,0.39,4.24,0.19,0.3,1.61,-0.25,0.36
2003-09-01,0.33,0.05,0.22,3.7,0.19,0.5,1.07,0.08,0.09
2003-10-01,-0.11,0.15,0.39,-3.57,0.33,0.2,-1.5,0.17,0.09
2003-11-01,0.05,0.0,0.49,-0.65,0.19,0.33,-0.38,-0.25,0.09
2003-12-01,0.27,0.1,0.49,1.39,0.19,0.53,0.32,-0.5,0.36
2004-01-01,0.43,0.21,-0.05,3.67,0.19,0.26,1.52,-0.08,0.18
2004-02-01,0.21,0.15,0.22,1.32,-0.05,0.46,0.56,0.0,0.27
2004-03-01,0.21,0.31,0.22,-0.48,0.56,0.43,0.06,0.25,0.09
2004-04-01,0.16,0.2,0.22,-1.17,0.37,0.42,-0.62,0.17,0.0
2004-05-01,0.43,0.15,0.76,2.93,0.32,0.26,1.13,0.25,-0.09
2004-06-01,0.37,0.2,0.21,2.64,0.18,0.39,0.74,0.25,0.27
2004-07-01,0.11,0.1,0.21,-0.26,0.18,0.32,-0.31,-0.17,0.09
2004-08-01,0.05,0.05,0.11,0.26,0.14,0.32,-0.12,-0.58,0.0
2004-09-01,0.32,0.3,-0.05,0.92,0.36,0.35,0.8,-0.25,0.36
2004-10-01,0.53,0.2,0.48,3.73,0.14,0.35,2.02,0.25,-0.18
2004-11-01,0.47,0.2,0.32,3.28,0.09,0.22,1.44,0.25,0.27
2004-12-01,0.0,0.15,0.0,-0.92,0.18,0.35,-0.35,-0.66,0.18
2005-01-01,-0.05,0.2,0.11,-3.14,0.18,0.35,-1.19,0.42,0.18
2005-02-01,0.42,0.2,0.05,2.93,0.36,0.47,1.14,-0.25,0.27
2005-03-01,0.36,0.35,0.21,1.05,0.54,0.41,0.48,0.42,0.18
2005-04-01,0.31,0.05,0.63,1.96,0.0,0.31,0.65,-0.5,0.35
2005-05-01,-0.05,0.15,0.1,-2.04,0.04,0.34,-0.94,0.0,0.0
2005-06-01,0.05,0.05,0.0,0.24,0.09,0.31,0.24,-0.42,0.09
2005-07-01,0.62,0.15,0.21,5.56,0.27,0.4,2.19,-0.34,0.18
2005-08-01,0.62,0.1,0.05,6.19,0.13,0.03,2.6,0.42,-0.18
2005-09-01,1.38,0.1,0.21,13.46,-0.13,0.34,5.87,-0.33,0.79
2005-10-01,0.15,0.35,0.26,-1.1,0.53,0.49,-1.7,-0.08,-0.09
2005-11-01,-0.5,0.25,0.31,-7.24,0.31,0.55,-4.17,0.17,0.44
2005-12-01,0.0,0.15,0.16,-1.78,0.26,0.15,-0.45,-0.5,0.17
2006-01-01,0.61,0.2,0.41,4.8,0.18,0.12,1.7,0.25,0.43
2006-02-01,0.05,0.2,0.05,-1.27,0.35,0.49,-0.28,-0.93,0.09
2006-03-01,0.15,0.34,0.1,-1.08,0.44,0.42,-0.22,1.1,0.17
2006-04-01,0.5,0.24,-0.05,3.39,0.35,0.36,2.08,0.42,0.35
2006-05-01,0.3,0.29,0.21,0.65,0.39,0.36,0.5,0.25,0.09
2006-06-01,0.25,0.24,0.31,0.0,0.39,0.3,0.16,0.17,0.34
2006-07-01,0.55,0.19,0.2,4.05,0.34,0.27,2.13,-0.92,0.34
2006-08-01,0.44,0.24,0.26,1.92,0.34,0.36,0.8,0.67,0.17
2006-09-01,-0.49,0.19,0.31,-6.51,0.21,0.3,-3.66,0.33,0.17
2006-10-01,-0.44,0.19,0.3,-7.07,0.43,0.27,-3.09,-0.33,0.17
2006-11-01,0.05,0.1,0.0,0.0,0.34,0.24,-0.57,-0.33,-0.08
2006-12-01,0.54,0.14,0.05,4.67,0.3,0.12,1.94,0.34,0.09
2007-01-01,0.17,0.24,0.66,-1.26,0.32,0.7,-0.68,0.05,-0.06
2007-02-01,0.39,0.26,0.66,1.07,0.36,0.52,0.36,0.31,0.29
2007-03-01,0.52,0.14,0.36,4.11,0.18,0.16,1.86,-0.37,0.43
2007-04-01,0.3,0.16,0.27,1.55,0.25,0.41,0.8,-0.39,0.23
2007-05-01,0.41,0.15,0.38,2.62,0.21,0.34,1.19,-0.14,0.56
2007-06-01,0.23,0.16,0.41,0.56,0.3,0.29,0.13,-0.5,0.09
2007-07-01,0.18,0.18,0.33,-0.08,0.21,0.63,0.27,-0.11,0.22
2007-08-01,0.03,0.16,0.38,-1.54,0.25,0.47,-0.58,-0.46,0.28
2007-09-01,0.42,0.21,0.45,2.1,0.24,0.33,1.08,0.1,0.23
2007-10-01,0.31,0.25,0.31,0.78,0.22,0.51,0.32,0.35,0.32
2007-11-01,0.79,0.27,0.39,5.38,0.3,0.39,2.87,0.25,0.08
2007-12-01,0.29,0.24,0.17,0.82,0.28,0.32,0.48,0.52,0.31
2008-01-01,0.34,0.28,0.6,0.5,0.24,0.43,0.48,0.07,0.29
2008-02-01,0.24,0.08,0.38,1.3,0.15,0.08,0.41,-0.45,0.15
2008-03-01,0.36,0.22,0.2,1.57,0.3,0.22,0.48,-0.42,0.24
2008-04-01,0.23,0.07,0.85,0.61,-0.02,0.15,-0.35,0.28,0.33
2008-05-01,0.59,0.18,0.4,3.9,0.12,0.16,1.72,-0.01,0.37
2008-06-01,1.05,0.23,0.59,7.44,0.2,0.28,3.92,-0.18,0.53
2008-07-01,0.71,0.25,0.94,3.46,0.19,0.13,1.47,0.43,0.45
2008-08-01,-0.15,0.2,0.5,-3.17,0.14,0.23,-1.67,0.61,0.24
2008-09-01,0.09,0.15,0.56,-0.93,0.21,0.24,0.0,-0.1,0.2
2008-10-01,-0.86,0.03,0.41,-8.48,0.11,0.19,-4.98,-0.68,0.23
2008-11-01,-1.77,0.07,0.2,-18.02,0.2,0.25,-10.28,0.06,0.27
2008-12-01,-0.82,-0.01,0.03,-9.52,0.01,0.35,-5.03,-0.63,0.32
2009-01-01,0.25,0.19,0.08,1.18,0.18,0.29,1.04,-0.13,0.24
2009-02-01,0.36,0.21,-0.12,2.83,0.05,0.28,1.79,1.63,0.19
2009-03-01,-0.1,0.21,-0.17,-2.89,0.11,0.23,-1.15,0.4,0.16
2009-04-01,0.1,0.21,-0.14,-0.48,0.09,0.37,0.38,-0.15,0.18
2009-05-01,0.15,0.09,-0.15,1.28,0.03,0.34,1.26,-0.12,0.29
2009-06-01,0.83,0.1,0.02,9.57,-0.06,0.22,4.9,0.2,0.18
2009-07-01,-0.03,0.07,-0.17,-0.64,-0.14,0.22,0.14,-0.24,0.25
2009-08-01,0.33,0.11,0.01,2.97,0.15,0.29,1.56,0.21,0.19
2009-09-01,0.19,0.19,-0.03,0.59,-0.04,0.34,0.87,0.45,0.3
2009-10-01,0.3,0.26,0.1,0.96,0.09,0.25,1.33,-0.23,0.18
2009-11-01,0.33,0.07,0.08,3.03,-0.17,0.31,1.84,-0.41,-0.0
2009-12-01,0.05,0.1,0.13,-0.48,0.0,0.17,0.14,0.36,0.2
2010-01-01,0.06,-0.11,0.24,1.38,-0.48,0.43,0.83,-0.44,0.21
2010-02-01,-0.1,0.04,0.02,-1.5,-0.01,0.41,-0.59,0.23,0.14
2010-03-01,0.03,0.02,0.19,-0.14,-0.03,0.37,-0.31,0.03,0.23
2010-04-01,0.02,0.02,0.1,-0.05,0.02,0.23,-0.07,-0.48,0.19
2010-05-01,-0.05,0.06,0.05,-1.24,0.07,0.13,-0.53,0.0,0.07
2010-06-01,-0.04,0.1,-0.01,-1.39,0.07,0.28,-0.42,-0.02,0.13
2010-07-01,0.19,0.08,0.01,1.53,0.05,-0.02,0.87,-0.25,0.13
2010-08-01,0.15,0.07,0.11,0.92,0.0,0.24,0.63,-0.3,0.14
2010-09-01,0.16,0.09,0.33,0.51,0.06,0.57,0.54,0.21,0.09
2010-10-01,0.35,0.05,0.14,3.28,0.05,0.16,1.83,-0.25,-0.02
2010-11-01,0.25,0.14,0.18,1.29,0.12,0.16,0.98,0.09,0.13
2010-12-01,0.4,0.09,0.11,3.48,0.12,0.25,1.85,0.16,-0.1
2011-01-01,0.32,0.21,0.53,0.94,0.14,0.14,0.88,0.5,0.13
2011-02-01,0.32,0.18,0.45,1.23,0.12,0.37,0.72,0.07,0.09
2011-03-01,0.52,0.11,0.72,3.45,0.09,0.2,1.89,-0.14,0.08
2011-04-01,0.47,0.12,0.37,3.29,0.1,0.36,1.64,0.25,0.09
2011-05-01,0.32,0.2,0.38,1.12,0.1,0.26,0.69,0.92,0.11
2011-06-01,0.0,0.23,0.25,-2.08,0.21,0.17,-0.72,0.47,0.11
2011-07-01,0.26,0.23,0.38,0.27,0.26,0.28,0.33,0.69,0.08
2011-08-01,0.32,0.29,0.48,0.28,0.2,0.21,0.46,0.82,0.34
2011-09-01,0.22,0.11,0.43,0.68,0.13,0.2,0.37,-0.25,0.13
2011-10-01,0.07,0.17,0.09,-0.76,0.2,0.46,-0.36,0.43,0.24
2011-11-01,0.18,0.17,0.09,0.4,0.17,0.42,0.22,0.8,0.15
2011-12-01,0.02,0.22,0.18,-1.73,0.21,0.36,-0.63,0.08,0.15
2012-01-01,0.27,0.21,0.32,0.63,0.14,0.29,0.75,0.43,0.31
2012-02-01,0.21,0.07,-0.01,1.64,0.17,0.12,1.07,-0.26,0.09
2012-03-01,0.21,0.19,0.17,0.34,0.21,0.33,0.35,0.62,0.08
2012-04-01,0.17,0.19,0.19,-0.03,0.23,0.3,0.07,0.46,0.14
2012-05-01,-0.21,0.14,0.08,-3.15,0.15,0.34,-1.64,0.18,0.28
2012-06-01,-0.08,0.17,0.21,-2.44,0.14,0.59,-1.3,-0.33,0.08
2012-07-01,0.03,0.15,0.05,-0.99,0.13,0.41,-0.2,-0.25,-0.0
2012-08-01,0.58,0.11,0.15,4.89,0.19,0.13,2.73,-0.48,-0.11
2012-09-01,0.48,0.19,0.08,3.27,0.23,0.22,1.84,0.84,0.19
2012-10-01,0.27,0.16,0.17,1.2,0.23,0.15,0.6,0.72,0.19
2012-11-01,-0.17,0.13,0.17,-2.81,0.15,0.1,-1.83,-0.08,0.13
2012-12-01,-0.01,0.17,0.18,-1.65,0.17,0.19,-0.6,0.08,0.15
2013-01-01,0.2,0.22,0.14,0.13,0.19,0.19,0.26,0.62,0.36
2013-02-01,0.54,0.15,0.02,4.36,0.22,0.12,2.38,0.05,0.24
2013-03-01,-0.28,0.1,0.1,-3.56,0.18,0.35,-1.92,-0.91,0.12
2013-04-01,-0.21,0.02,0.19,-2.48,0.19,-0.02,-1.86,-0.05,-0.19
2013-05-01,0.04,0.07,-0.08,-0.0,0.22,-0.17,-0.42,0.01,0.11
2013-06-01,0.24,0.15,0.22,0.93,0.2,0.47,0.64,0.06,0.01
2013-07-01,0.2,0.23,0.09,0.11,0.17,0.17,0.55,0.51,0.13
2013-08-01,0.24,0.19,0.12,0.76,0.24,0.51,0.62,-0.18,0.15
2013-09-01,0.04,0.16,0.02,-0.85,0.17,0.26,-0.46,-0.1,0.19
2013-10-01,0.05,0.09,0.1,-0.33,0.14,0.07,-0.1,-0.23,0.16
2013-11-01,0.18,0.19,0.08,0.32,0.31,-0.02,0.23,0.27,0.12
2013-12-01,0.26,0.17,0.1,1.24,0.28,0.03,0.71,0.98,0.19
2014-01-01,0.24,0.09,0.12,1.87,0.25,0.32,0.26,-0.54,0.11
2014-02-01,0.11,0.09,0.35,-0.17,0.22,0.27,-0.35,-0.47,0.03
2014-03-01,0.2,0.19,0.42,0.01,0.3,0.25,-0.47,0.13,0.09
2014-04-01,0.19,0.19,0.31,-0.04,0.24,0.24,0.69,0.03,0.16
2014-05-01,0.19,0.19,0.46,-0.26,0.29,0.23,-0.31,0.23,0.11
2014-06-01,0.13,0.13,0.1,0.2,0.16,0.21,0.16,0.16,0.1
2014-07-01,0.11,0.15,0.22,-0.39,0.27,0.16,-0.24,-0.03,0.17
2014-08-01,-0.02,0.09,0.26,-1.22,0.22,0.04,-0.48,-0.46,0.13
2014-09-01,0.01,0.16,0.26,-1.66,0.23,0.24,-0.77,0.36,-0.02
2014-10-01,-0.02,0.17,0.14,-1.88,0.22,0.15,-0.78,-0.04,-0.31
2014-11-01,-0.19,0.11,0.25,-3.39,0.26,0.38,-1.73,-0.4,-0.12
2014-12-01,-0.31,0.05,0.3,-4.58,0.21,0.47,-2.81,-0.48,-0.05
2015-01-01,-0.64,0.09,-0.03,-8.52,0.28,-0.03,-4.54,-0.4,0.18
2015-02-01,0.25,0.15,0.12,1.55,0.26,-0.06,1.15,-0.13,-0.05
2015-03-01,0.27,0.24,-0.15,1.35,0.29,0.42,1.03,0.53,0.08
2015-04-01,0.1,0.25,-0.03,-1.06,0.27,0.65,-0.24,-0.19,0.13
2015-05-01,0.33,0.14,0.11,2.65,0.19,0.21,1.83,-0.44,-0.09
2015-06-01,0.28,0.16,0.25,1.46,0.27,-0.09,0.78,-0.26,0.07
2015-07-01,0.16,0.21,0.09,-0.18,0.38,0.14,0.15,0.14,0.15
2015-08-01,-0.0,0.1,0.23,-1.44,0.21,-0.08,-0.76,0.38,0.17
2015-09-01,-0.22,0.21,0.28,-5.43,0.29,0.23,-2.69,-0.12,0.32
2015-10-01,0.1,0.19,0.12,-0.83,0.25,0.68,-0.36,-0.55,0.18
2015-11-01,0.12,0.19,-0.09,-0.26,0.25,0.34,0.1,0.32,0.22
2015-12-01,-0.11,0.13,-0.13,-2.55,0.23,0.11,-0.97,0.25,0.02
2016-01-01,-0.05,0.17,0.08,-2.58,0.33,0.32,-1.07,-0.83,0.13
2016-02-01,-0.13,0.23,0.11,-4.77,0.28,0.6,-2.01,0.72,-0.17
2016-03-01,0.31,0.16,-0.22,3.31,0.22,0.18,1.48,-0.04,0.13
2016-04-01,0.38,0.26,0.08,2.46,0.26,0.33,1.52,-0.05,0.04
2016-05-01,0.24,0.24,-0.13,1.01,0.35,0.27,0.51,0.74,-0.14
2016-06-01,0.28,0.16,-0.06,2.28,0.34,0.35,0.9,-0.34,-0.04
2016-07-01,-0.05,0.12,-0.01,-2.0,0.24,0.51,-1.31,-0.31,-0.03
2016-08-01,0.18,0.24,0.03,-0.14,0.29,0.99,-0.23,0.21,0.09
2016-09-01,0.26,0.17,0.02,1.84,0.35,0.17,0.8,-0.19,-0.33
2016-10-01,0.23,0.12,0.03,1.94,0.35,-0.01,0.71,0.48,-0.13
2016-11-01,0.12,0.14,-0.03,0.2,0.29,0.04,0.09,0.07,0.13
2016-12-01,0.25,0.18,0.0,1.6,0.29,0.13,0.92,-0.33,0.09
2017-01-01,0.4,0.22,0.15,2.94,0.24,0.2,1.47,-0.11,0.05
2017-02-01,0.16,0.21,0.25,-0.6,0.26,0.35,-0.26,0.01,-0.17
2017-03-01,-0.05,-0.02,0.2,-0.79,0.16,0.12,-0.2,0.27,-1.72
2017-04-01,0.12,0.11,0.14,0.21,0.25,-0.14,-0.13,-0.08,-0.27
2017-05-01,-0.08,0.08,0.13,-2.22,0.24,-0.01,-1.14,-0.51,-0.1
2017-06-01,0.07,0.13,-0.08,-0.32,0.25,0.32,-0.28,-0.11,-0.04
2017-07-01,0.03,0.09,0.17,-0.92,0.16,0.38,-0.59,-0.11,-0.1
2017-08-01,0.38,0.22,0.11,2.78,0.41,0.19,1.36,0.02,-0.06
2017-09-01,0.51,0.11,0.15,5.6,0.27,-0.0,2.46,0.29,0.12
2017-10-01,0.08,0.28,0.09,-2.07,0.37,0.1,-0.6,0.16,0.25
2017-11-01,0.27,0.11,0.07,2.27,0.2,0.03,1.19,-0.74,0.25
2017-12-01,0.21,0.21,0.2,0.25,0.33,0.23,0.31,-0.63,0.06
2018-01-01,0.43,0.34,0.25,1.54,0.26,0.4,1.28,0.5,0.05
2018-02-01,0.27,0.2,-0.03,1.52,0.19,0.17,0.72,0.79,-0.2
2018-03-01,0.02,0.22,0.05,-2.01,0.34,0.31,-0.86,0.52,-0.09
2018-04-01,0.26,0.14,0.2,1.6,0.3,0.1,0.43,0.66,0.01
2018-05-01,0.23,0.2,-0.01,0.86,0.36,0.2,0.49,0.11,0.28
2018-06-01,0.09,0.1,0.13,-0.04,0.12,0.34,0.12,-0.85,0.19
2018-07-01,0.08,0.12,0.16,-0.46,0.28,-0.2,-0.17,-0.56,0.17
2018-08-01,0.18,0.07,0.12,1.3,0.31,-0.2,0.65,-1.77,0.14
2018-09-01,0.21,0.18,0.17,0.53,0.17,0.16,0.42,1.37,0.16
2018-10-01,0.23,0.21,-0.04,0.92,0.28,0.13,0.51,0.7,-0.07
2018-11-01,-0.07,0.2,0.28,-3.33,0.27,0.4,-1.31,-0.73,-0.49
2018-12-01,0.07,0.24,0.37,-2.23,0.28,0.25,-1.15,-0.59,0.08
2019-01-01,-0.08,0.27,0.24,-4.35,0.28,0.23,-1.38,0.09,0.15
2019-02-01,0.3,0.16,0.27,1.86,0.34,0.04,0.86,0.05,0.09
2019-03-01,0.38,0.15,0.15,3.26,0.31,0.26,1.25,-0.69,0.06
2019-04-01,0.38,0.16,-0.14,3.48,0.36,0.32,1.4,0.19,0.15
2019-05-01,0.02,0.08,0.2,-0.85,0.27,0.38,-0.6,-0.11,0.05
2019-06-01,-0.03,0.2,0.05,-2.54,0.29,0.18,-1.19,0.8,0.1
2019-07-01,0.23,0.21,0.07,0.82,0.26,0.4,0.33,-0.02,0.18
2019-08-01,0.09,0.23,0.08,-1.31,0.19,0.59,-0.32,-0.16,0.14
2019-09-01,0.15,0.19,0.21,-0.39,0.33,0.21,-0.09,0.21,-0.04
2019-10-01,0.28,0.22,0.2,1.06,0.13,0.94,0.56,-1.05,0.09
2019-11-01,0.28,0.22,0.21,1.03,0.23,0.37,0.49,0.05,0.37
2019-12-01,0.29,0.18,0.16,1.7,0.2,0.5,0.98,-0.56,0.04
2020-01-01,0.19,0.26,0.31,-0.47,0.38,0.19,-0.1,-0.31,0.29
2020-02-01,0.05,0.25,0.27,-2.66,0.31,0.22,-0.82,0.39,0.08
2020-03-01,-0.45,-0.12,0.26,-5.89,0.02,0.35,-3.17,-1.13,0.08
2020-04-01,-0.79,-0.49,1.35,-9.47,-0.05,0.39,-6.03,-3.7,0.19
2020-05-01,-0.09,-0.13,0.63,-1.39,0.18,0.46,-1.89,-2.41,0.01
2020-06-01,0.48,0.16,0.52,4.83,0.14,0.33,2.02,1.24,-0.08
2020-07-01,0.51,0.58,-0.38,1.71,0.25,0.35,2.46,0.79,1.09
2020-08-01,0.37,0.39,0.17,0.7,0.16,0.05,1.36,0.28,0.13
2020-09-01,0.26,0.19,0.03,1.76,0.08,0.0,1.3,0.21,-0.19
2020-10-01,0.12,0.14,0.24,-0.3,0.12,-0.38,0.32,0.0,0.12
2020-11-01,0.23,0.25,0.02,0.46,0.12,-0.07,0.55,0.22,0.13
2020-12-01,0.43,0.13,0.38,4.39,0.13,-0.13,1.88,0.47,0.1
2021-01-01,0.24,0.02,0.15,3.31,0.1,0.38,1.17,0.93,0.07
2021-02-01,0.34,0.15,0.09,3.19,0.18,0.35,1.08,-0.78,0.08
2021-03-01,0.52,0.25,0.09,4.73,0.25,0.07,2.15,0.29,-0.16
2021-04-01,0.62,0.81,0.39,-1.03,0.38,0.08,1.5,1.02,0.38
2021-05-01,0.66,0.66,0.43,1.14,0.27,-0.09,2.29,0.92,0.21
2021-06-01,0.85,0.79,0.73,1.63,0.52,-0.17,3.27,0.45,0.11
2021-07-01,0.46,0.36,0.62,1.24,0.48,0.23,0.56,-0.02,0.15
2021-08-01,0.28,0.13,0.43,1.78,0.17,0.07,0.04,0.15,0.21
2021-09-01,0.45,0.25,0.8,1.92,0.4,0.03,0.5,-0.37,0.32
2021-10-01,0.96,0.7,0.86,3.85,0.47,0.53,2.24,1.25,0.16
2021-11-01,0.86,0.62,0.72,3.55,0.47,0.36,2.91,0.85,0.02
2021-12-01,0.69,0.63,0.55,1.55,0.41,0.28,2.04,0.92,0.06
2022-01-01,0.6,0.55,0.77,0.85,0.27,0.69,0.58,0.58,0.1
2022-02-01,0.69,0.53,0.97,1.9,0.54,0.35,1.28,0.42,0.03
2022-03-01,1.12,0.27,0.88,10.09,0.49,0.46,3.41,0.35,-0.18
2022-04-01,0.31,0.5,0.91,-2.52,0.53,0.43,-0.77,-0.27,-0.14
2022-05-01,0.95,0.53,1.1,4.6,0.57,0.4,1.9,0.47,-0.05
2022-06-01,1.26,0.68,0.99,6.93,0.69,0.59,3.46,0.58,0.14
2022-07-01,-0.01,0.35,1.05,-4.88,0.59,0.57,-2.23,-0.03,-0.18
2022-08-01,0.06,0.49,0.82,-5.09,0.67,0.56,-2.47,0.02,0.12
2022-09-01,0.42,0.57,0.64,-1.42,0.72,0.62,-0.19,0.13,0.05
2022-10-01,0.56,0.39,0.69,1.99,0.77,-0.4,1.0,0.15,0.03
2022-11-01,0.26,0.31,0.51,-0.61,0.65,-0.46,-0.27,0.44,0.72
2022-12-01,0.02,0.36,0.38,-3.95,0.76,0.09,-1.96,0.11,0.13
2023-01-01,0.53,0.41,0.47,2.2,0.67,-0.18,0.55,0.74,0.35
2023-02-01,0.34,0.49,0.37,-1.34,0.74,-0.3,0.09,0.63,0.07
2023-03-01,0.12,0.34,0.01,-2.02,0.55,-0.4,-0.11,0.14,0.17
2023-04-01,0.34,0.45,0.22,-0.71,0.46,-0.03,0.67,0.11,0.02
2023-05-01,0.16,0.36,0.26,-2.35,0.5,0.08,-0.05,0.33,-0.14
2023-06-01,0.22,0.22,0.11,0.52,0.49,-0.03,0.24,0.09,-0.23
2023-07-01,0.2,0.21,0.24,-0.06,0.46,-0.03,-0.07,0.18,-0.07
2023-08-01,0.48,0.2,0.25,4.27,0.28,0.1,1.82,-0.15,-0.07
2023-09-01,0.39,0.31,0.13,1.85,0.61,0.13,0.54,-0.63,0.09
2023-10-01,0.14,0.3,0.33,-2.0,0.39,0.25,-0.61,0.72,-0.11
2023-11-01,0.15,0.3,0.13,-1.61,0.45,0.48,-0.25,-0.9,-0.23
2023-12-01,0.19,0.26,0.15,-0.49,0.42,0.36,-0.14,-0.12,0.11
2024-01-01,0.31,0.36,0.3,-0.29,0.56,0.42,-0.47,-0.2,0.44
2024-02-01,0.41,0.4,0.09,1.21,0.45,0.08,1.11,0.48,0.44
2024-03-01,0.44,0.39,0.02,1.89,0.44,0.38,1.27,0.5,0.02
2024-04-01,0.22,0.27,0.2,-0.37,0.35,0.36,0.08,0.98,0.19
2024-05-01,0.05,0.14,0.15,-1.2,0.38,0.52,-0.82,-0.16,-0.02
2024-06-01,-0.04,0.09,0.2,-2.07,0.25,0.14,-1.21,-0.05,-0.06
2024-07-01,0.17,0.17,0.21,0.0,0.36,-0.07,-0.1,-0.29,0.1
2024-08-01,0.16,0.25,0.13,-0.93,0.44,-0.07,0.0,-0.12,0.04
2024-09-01,0.21,0.31,0.29,-1.1,0.26,0.37,0.04,0.86,-0.03
2024-10-01,0.29,0.31,0.23,0.12,0.44,0.3,0.23,-0.6,-0.25
2024-11-01,0.28,0.29,0.33,0.1,0.34,0.26,0.34,-0.04,-0.28
2024-12-01,0.34,0.19,0.22,2.4,0.26,0.11,1.11,-0.09,0.03
2025-01-01,0.43,0.43,0.29,0.87,0.35,0.22,0.96,-0.86,0.32
2025-02-01,0.23,0.25,0.2,-0.06,0.3,0.34,-0.36,0.51,0.29
2025-03-01,0.03,0.07,0.37,-1.13,0.21,0.14,-1.19,0.22,0.23
2025-04-01,0.16,0.24,0.05,-0.56,0.34,0.43,-0.4,-0.14,-0.13
2025-05-01,0.1,0.13,0.27,-0.71,0.26,0.26,-0.61,-0.32,0.07
2025-06-01,0.25,0.23,0.28,0.43,0.21,0.42,0.0,0.33,0.11
2025-07-01,0.23,0.31,0.12,-0.62,0.23,0.68,0.14,0.11,-0.02
2025-08-01,0.35,0.31,0.43,0.69,0.39,-0.11,0.82,0.26,0.01
2025-09-01,0.3,0.22,0.22,1.43,0.21,0.18,0.76,0.54,-0.01
2025-11-01,0.25,0.19,0.1,1.41,0.24,0.19,0.17,-0.4,0.55
2025-12-01,0.3,0.23,0.61,0.34,0.38,0.36,-0.01,0.33,-0.93
2026-01-01,0.17,0.3,0.18,-1.47,0.22,0.26,-0.31,0.31,0.39
2026-02-01,0.27,0.22,0.37,0.63,0.23,0.5,0.2,1.28,-0.2
2026-03-01,0.87,0.2,0.01,10.87,0.27,-0.16,4.28,1.03,0.2
