date,Total Existing Home Sales (NSA) Period Chg,Existing Home Sales - Northeast (NSA) Period Chg,Existing Home Sales - Midwest (NSA) Period Chg,Existing Home Sales - South (NSA) Period Chg,Existing Home Sales - West (NSA) Period Chg,Median Sales Price - National Period Chg,Median Sales Price - Northeast Period Chg,Median Sales Price - Midwest Period Chg,Median Sales Price - South Period Chg,Median Sales Price - West Period Chg,Housing Inventory Period Chg,Months Supply of Inventory Period Chg
1968-02-01,,,,,,1.02,,,,,,
1968-03-01,,,,,,-1.01,,,,,,
1968-04-01,,,,,,1.52,,,,,,
1968-05-01,,,,,,0.5,,,,,,
1968-06-01,,,,,,2.99,,,,,,
1968-07-01,,,,,,0.48,,,,,,
1968-08-01,,,,,,-0.96,,,,,,
1968-09-01,,,,,,-0.49,,,,,,
1968-10-01,,,,,,-1.95,,,,,,
1968-11-01,,,,,,1.99,,,,,,
1968-12-01,,,,,,1.95,,,,,,
1969-01-01,,,,,,0.96,,,,,,
1969-02-01,,,,,,-0.47,,,,,,
1969-03-01,,,,,,0.95,,,,,,
1969-04-01,,,,,,1.42,,,,,,
1969-05-01,,,,,,0.47,,,,,,
1969-06-01,,,,,,2.78,,,,,,
1969-07-01,,,,,,3.6,,,,,,
1969-08-01,,,,,,-1.74,,,,,,
1969-09-01,,,,,,-3.98,,,,,,
1969-10-01,,,,,,0.92,,,,,,
1969-11-01,,,,,,0.91,,,,,,
1969-12-01,,,,,,-0.45,,,,,,
1970-01-01,,,,,,0.91,,,,,,
1970-02-01,,,,,,1.35,,,,,,
1970-03-01,,,,,,1.33,,,,,,
1970-04-01,,,,,,0.44,,,,,,
1970-05-01,,,,,,0.87,,,,,,
1970-06-01,,,,,,0.87,,,,,,
1970-07-01,,,,,,1.72,,,,,,
1970-08-01,,,,,,-0.84,,,,,,
1970-09-01,,,,,,-1.7,,,,,,
1970-10-01,,,,,,-1.73,,,,,,
1970-11-01,,,,,,2.2,,,,,,
1970-12-01,,,,,,-1.72,,,,,,
1971-01-01,,,,,,3.95,,,,,,
1971-02-01,,,,,,2.11,,,,,,
1971-03-01,,,,,,0.41,,,,,,
1971-04-01,,,,,,1.23,,,,,,
1971-05-01,,,,,,2.03,,,,,,
1971-06-01,,,,,,0.0,,,,,,
1971-07-01,,,,,,1.2,,,,,,
1971-08-01,,,,,,-0.39,,,,,,
1971-09-01,,,,,,-1.98,,,,,,
1971-10-01,,,,,,0.0,,,,,,
1971-11-01,,,,,,1.21,,,,,,
1971-12-01,,,,,,-0.8,,,,,,
1972-01-01,,,,,,1.61,,,,,,
1972-02-01,,,,,,0.4,,,,,,
1972-03-01,,,,,,1.97,,,,,,
1972-04-01,,,,,,1.54,,,,,,
1972-05-01,,,,,,2.28,,,,,,
1972-06-01,,,,,,1.49,,,,,,
1972-07-01,,,,,,0.73,,,,,,
1972-08-01,,,,,,-0.36,,,,,,
1972-09-01,,,,,,-1.46,,,,,,
1972-10-01,,,,,,-0.37,,,,,,
1972-11-01,,,,,,0.37,,,,,,
1972-12-01,,,,,,0.37,,,,,,
1973-01-01,,,,,,1.11,,,,,,
1973-02-01,,,,,,2.19,,,,,,
1973-03-01,,,,,,1.43,,,,,,
1973-04-01,,,,,,0.35,,,,,,
1973-05-01,,,,,,1.05,,,,,,
1973-06-01,,,,,,1.39,,,,,,
1973-07-01,,,,,,2.4,,,,,,
1973-08-01,,,,,,0.0,,,,,,
1973-09-01,,,,,,-2.68,,,,,,
1973-10-01,,,,,,-0.69,,,,,,
1973-11-01,,,,,,2.77,,,,,,
1973-12-01,,,,,,-0.67,,,,,,
1974-01-01,,,,,,3.73,,,,,,
1974-02-01,,,,,,0.0,,,,,,
1974-03-01,,,,,,2.61,,,,,,
1974-04-01,,,,,,0.96,,,,,,
1974-05-01,,,,,,1.26,,,,,,
1974-06-01,,,,,,2.49,,,,,,
1974-07-01,,,,,,0.3,,,,,,
1974-08-01,,,,,,-0.3,,,,,,
1974-09-01,,,,,,-1.52,,,,,,
1974-10-01,,,,,,-1.54,,,,,,
1974-11-01,,,,,,0.63,,,,,,
1974-12-01,,,,,,1.87,,,,,,
1975-01-01,,,,,,1.53,,,,,,
1975-02-01,,,,,,2.11,,,,,,
1975-03-01,,,,,,0.88,,,,,,
1975-04-01,,,,,,2.05,,,,,,
1975-05-01,,,,,,0.86,,,,,,
1975-06-01,,,,,,2.84,,,,,,
1975-07-01,,,,,,-0.83,,,,,,
1975-08-01,,,,,,2.51,,,,,,
1975-09-01,,,,,,-2.72,,,,,,
1975-10-01,,,,,,-1.12,,,,,,
1975-11-01,,,,,,0.85,,,,,,
1975-12-01,,,,,,0.28,,,,,,
1976-01-01,,,,,,1.4,,,,,,
1976-02-01,,,,,,-0.28,,,,,,
1976-03-01,,,,,,2.76,,,,,,
1976-04-01,,,,,,1.34,,,,,,
1976-05-01,,,,,,-0.27,,,,,,
1976-06-01,,,,,,2.66,,,,,,
1976-07-01,,,,,,0.78,,,,,,
1976-08-01,,,,,,1.29,,,,,,
1976-09-01,,,,,,-1.78,,,,,,
1976-10-01,,,,,,-0.52,,,,,,
1976-11-01,,,,,,0.78,,,,,,
1976-12-01,,,,,,0.52,,,,,,
1977-01-01,,,,,,1.54,,,,,,
1977-02-01,,,,,,2.78,,,,,,
1977-03-01,,,,,,0.74,,,,,,
1977-04-01,,,,,,2.44,,,,,,
1977-05-01,,,,,,0.48,,,,,,
1977-06-01,,,,,,2.84,,,,,,
1977-07-01,,,,,,0.69,,,,,,
1977-08-01,,,,,,0.46,,,,,,
1977-09-01,,,,,,-0.23,,,,,,
1977-10-01,,,,,,0.46,,,,,,
1977-11-01,,,,,,1.14,,,,,,
1977-12-01,,,,,,-0.67,,,,,,
1978-01-01,,,,,,2.94,,,,,,
1978-02-01,,,,,,1.76,,,,,,
1978-03-01,,,,,,0.43,,,,,,
1978-04-01,,,,,,3.66,,,,,,
1978-05-01,,,,,,-0.83,,,,,,
1978-06-01,,,,,,1.26,,,,,,
1978-07-01,,,,,,2.07,,,,,,
1978-08-01,,,,,,1.82,,,,,,
1978-09-01,,,,,,-0.2,,,,,,
1978-10-01,,,,,,-0.2,,,,,,
1978-11-01,,,,,,1.2,,,,,,
1978-12-01,,,,,,0.39,,,,,,
1979-01-01,,,,,,2.16,,,,,,
1979-02-01,,,,,,-0.19,,,,,,
1979-03-01,,,,,,3.66,,,,,,
1979-04-01,,,,,,1.67,,,,,,
1979-05-01,,,,,,2.19,,,,,,
1979-06-01,,,,,,1.61,,,,,,
1979-07-01,,,,,,1.94,,,,,,
1979-08-01,,,,,,-0.35,,,,,,
1979-09-01,,,,,,-0.69,,,,,,
1979-10-01,,,,,,-1.75,,,,,,
1979-11-01,,,,,,-1.24,,,,,,
1979-12-01,,,,,,1.62,,,,,,
1980-01-01,,,,,,2.48,,,,,,
1980-02-01,,,,,,1.9,,,,,,
1980-03-01,,,,,,0.85,,,,,,
1980-04-01,,,,,,1.51,,,,,,
1980-05-01,,,,,,1.32,,,,,,
1980-06-01,,,,,,3.59,,,,,,
1980-07-01,,,,,,1.1,,,,,,
1980-08-01,,,,,,1.25,,,,,,
1980-09-01,,,,,,-1.08,,,,,,
1980-10-01,,,,,,-2.34,,,,,,
1980-11-01,,,,,,2.55,,,,,,
1980-12-01,,,,,,-2.02,,,,,,
1981-01-01,,,,,,2.38,,,,,,
1981-02-01,,,,,,-0.62,,,,,,
1981-03-01,,,,,,0.47,,,,,,
1981-04-01,,,,,,1.4,,,,,,
1981-05-01,,,,,,1.53,,,,,,
1981-06-01,,,,,,2.11,,,,,,
1981-07-01,,,,,,-0.3,,,,,,
1981-08-01,,,,,,0.89,,,,,,
1981-09-01,,,,,,-1.47,,,,,,
1981-10-01,,,,,,-1.64,,,,,,
1981-11-01,,,,,,-0.15,,,,,,
1981-12-01,,,,,,1.06,,,,,,
1982-01-01,,,,,,-0.3,,,,,,
1982-02-01,,,,,,0.75,,,,,,
1982-03-01,,,,,,0.15,,,,,,
1982-04-01,,,,,,0.15,,,,,,
1982-05-01,,,,,,1.04,,,,,,
1982-06-01,,,,,,2.36,,,,,,
1982-07-01,,,,,,-0.29,,,,,,
1982-08-01,,,,,,-0.43,,,,,,
1982-09-01,,,,,,-2.32,,,,,,
1982-10-01,,,,,,-0.59,,,,,,
1982-11-01,,,,,,1.2,,,,,,
1982-12-01,,,,,,0.15,,,,,,
1983-01-01,,,,,,0.44,,,,,,
1983-02-01,,,,,,0.15,,,,,,
1983-03-01,,,,,,1.03,,,,,,
1983-04-01,,,,,,-0.15,,,,,,
1983-05-01,,,,,,0.58,,,,,,
1983-06-01,,,,,,3.18,,,,,,
1983-07-01,,,,,,0.56,,,,,,
1983-08-01,,,,,,-0.42,,,,,,
1983-09-01,,,,,,-2.24,,,,,,
1983-10-01,,,,,,-0.14,,,,,,
1983-11-01,,,,,,0.86,,,,,,
1983-12-01,,,,,,-0.71,,,,,,
1984-01-01,,,,,,1.14,,,,,,
1984-02-01,,,,,,0.99,,,,,,
1984-03-01,,,,,,0.56,,,,,,
1984-04-01,,,,,,0.42,,,,,,
1984-05-01,,,,,,0.83,,,,,,
1984-06-01,,,,,,0.96,,,,,,
1984-07-01,,,,,,1.09,,,,,,
1984-08-01,,,,,,-0.94,,,,,,
1984-09-01,,,,,,-2.18,,,,,,
1984-10-01,,,,,,0.0,,,,,,
1984-11-01,,,,,,0.0,,,,,,
1984-12-01,,,,,,0.28,,,,,,
1985-01-01,,,,,,2.36,,,,,,
1985-02-01,,,,,,0.27,,,,,,
1985-03-01,,,,,,0.81,,,,,,
1985-04-01,,,,,,0.27,,,,,,
1985-05-01,,,,,,0.53,,,,,,
1985-06-01,,,,,,1.73,,,,,,
1985-07-01,,,,,,0.26,,,,,,
1985-08-01,,,,,,0.65,,,,,,
1985-09-01,,,,,,-1.68,,,,,,
1985-10-01,,,,,,-0.92,,,,,,
1985-11-01,,,,,,-0.4,,,,,,
1985-12-01,,,,,,0.8,,,,,,
1986-01-01,,,,,,2.12,,,,,,
1986-02-01,,,,,,0.39,,,,,,
1986-03-01,,,,,,3.1,,,,,,
1986-04-01,,,,,,0.5,,,,,,
1986-05-01,,,,,,3.74,,,,,,
1986-06-01,,,,,,-0.72,,,,,,
1986-07-01,,,,,,-3.27,,,,,,
1986-08-01,,,,,,2.63,,,,,,
1986-09-01,,,,,,-2.07,,,,,,
1986-10-01,,,,,,-1.12,,,,,,
1986-11-01,,,,,,1.26,,,,,,
1986-12-01,,,,,,0.5,,,,,,
1987-01-01,,,,,,2.6,,,,,,
1987-02-01,,,,,,3.26,,,,,,
1987-03-01,,,,,,-0.47,,,,,,
1987-04-01,,,,,,0.94,,,,,,
1987-05-01,,,,,,0.0,,,,,,
1987-06-01,,,,,,-0.12,,,,,,
1987-07-01,,,,,,2.79,,,,,,
1987-08-01,,,,,,-2.04,,,,,,
1987-09-01,,,,,,-1.16,,,,,,
1987-10-01,,,,,,-1.05,,,,,,
1987-11-01,,,,,,0.47,,,,,,
1987-12-01,,,,,,0.47,,,,,,
1988-01-01,,,,,,3.16,,,,,,
1988-02-01,,,,,,0.91,,,,,,
1988-03-01,,,,,,0.0,,,,,,
1988-04-01,,,,,,-1.01,,,,,,
1988-05-01,,,,,,1.82,,,,,,
1988-06-01,,,,,,0.67,,,,,,
1988-07-01,,,,,,0.55,,,,,,
1988-08-01,,,,,,0.88,,,,,,
1988-09-01,,,,,,-3.28,,,,,,
1988-10-01,,,,,,0.45,,,,,,
1988-11-01,,,,,,-0.45,,,,,,
1988-12-01,,,,,,0.23,,,,,,
1989-01-01,,,,,,-2.82,,,,,,
1989-02-01,,,,,,2.09,,,,,,
1989-03-01,,,,,,0.23,,,,,,
1989-04-01,,,,,,0.79,,,,,,
1989-05-01,,,,,,-0.22,,,,,,
1989-06-01,,,,,,1.01,,,,,,
1989-07-01,,,,,,1.34,,,,,,
1989-08-01,,,,,,1.54,,,,,,
1989-09-01,,,,,,-2.17,,,,,,
1989-10-01,,,,,,-1.11,,,,,,
1989-11-01,,,,,,2.02,,,,,,
1989-12-01,,,,,,-1.1,,,,,,
1990-01-01,,,,,,1.11,,,,,,
1990-02-01,,,,,,0.11,,,,,,
1990-03-01,,,,,,1.87,,,,,,
1990-04-01,,,,,,-0.32,,,,,,
1990-05-01,,,,,,-0.97,,,,,,
1990-06-01,,,,,,4.48,,,,,,
1990-07-01,,,,,,-0.73,,,,,,
1990-08-01,,,,,,-2.63,,,,,,
1990-09-01,,,,,,-0.76,,,,,,
1990-10-01,,,,,,-2.29,,,,,,
1990-11-01,,,,,,-0.67,,,,,,
1990-12-01,,,,,,-0.11,,,,,,
1991-01-01,,,,,,4.38,,,,,,
1991-02-01,,,,,,-0.86,,,,,,
1991-03-01,,,,,,3.8,,,,,,
1991-04-01,,,,,,1.67,,,,,,
1991-05-01,,,,,,0.41,,,,,,
1991-06-01,,,,,,1.23,,,,,,
1991-07-01,,,,,,1.92,,,,,,
1991-08-01,,,,,,-1.49,,,,,,
1991-09-01,,,,,,-2.12,,,,,,
1991-10-01,,,,,,-0.51,,,,,,
1991-11-01,,,,,,-1.04,,,,,,
1991-12-01,,,,,,1.88,,,,,,
1992-01-01,,,,,,0.82,,,,,,
1992-02-01,,,,,,0.61,,,,,,
1992-03-01,,,,,,1.11,,,,,,
1992-04-01,,,,,,-0.6,,,,,,
1992-05-01,,,,,,-0.1,,,,,,
1992-06-01,,,,,,2.12,,,,,,
1992-07-01,,,,,,-1.88,,,,,,
1992-08-01,,,,,,1.21,,,,,,
1992-09-01,,,,,,-0.99,,,,,,
1992-10-01,,,,,,0.4,,,,,,
1992-11-01,,,,,,-0.8,,,,,,
1992-12-01,,,,,,0.5,,,,,,
1993-01-01,,,,,,-1.5,,,,,,
1993-02-01,,,,,,-0.51,,,,,,
1993-03-01,,,,,,2.25,,,,,,
1993-04-01,,,,,,1.1,,,,,,
1993-05-01,,,,,,0.89,,,,,,
1993-06-01,,,,,,4.02,,,,,,
1993-07-01,,,,,,-0.94,,,,,,
1993-08-01,,,,,,0.38,,,,,,
1993-09-01,,,,,,-1.14,,,,,,
1993-10-01,,,,,,-0.48,,,,,,
1993-11-01,,,,,,0.29,,,,,,
1993-12-01,,,,,,0.58,,,,,,
1994-01-01,,,,,,0.29,,,,,,
1994-02-01,,,,,,-1.43,,,,,,
1994-03-01,,,,,,0.97,,,,,,
1994-04-01,,,,,,1.25,,,,,,
1994-05-01,,,,,,1.14,,,,,,
1994-06-01,,,,,,3.37,,,,,,
1994-07-01,,,,,,-0.81,,,,,,
1994-08-01,,,,,,0.82,,,,,,
1994-09-01,,,,,,-3.35,,,,,,
1994-10-01,,,,,,-0.47,,,,,,
1994-11-01,,,,,,0.09,,,,,,
1994-12-01,,,,,,0.75,,,,,,
1995-01-01,,,,,,-1.59,,,,,,
1995-02-01,,,,,,-1.14,,,,,,
1995-03-01,,,,,,1.05,,,,,,
1995-04-01,,,,,,0.19,,,,,,
1995-05-01,,,,,,1.52,,,,,,
1995-06-01,,,,,,5.78,,,,,,
1995-07-01,,,,,,0.35,,,,,,
1995-08-01,,,,,,1.14,,,,,,
1995-09-01,,,,,,-2.17,,,,,,
1995-10-01,,,,,,-1.24,,,,,,
1995-11-01,,,,,,0.63,,,,,,
1995-12-01,,,,,,-0.18,,,,,,
1996-01-01,,,,,,1.16,,,,,,
1996-02-01,,,,,,-1.68,,,,,,
1996-03-01,,,,,,1.89,,,,,,
1996-04-01,,,,,,0.8,,,,,,
1996-05-01,,,,,,0.88,,,,,,
1996-06-01,,,,,,4.0,,,,,,
1996-07-01,,,,,,-0.92,,,,,,
1996-08-01,,,,,,0.08,,,,,,
1996-09-01,,,,,,-2.36,,,,,,
1996-10-01,,,,,,-1.12,,,,,,
1996-11-01,,,,,,0.87,,,,,,
1996-12-01,,,,,,1.12,,,,,,
1997-01-01,,,,,,0.6,,,,,,
1997-02-01,,,,,,-1.87,,,,,,
1997-03-01,,,,,,1.91,,,,,,
1997-04-01,,,,,,0.85,,,,,,
1997-05-01,,,,,,1.94,,,,,,
1997-06-01,,,,,,2.98,,,,,,
1997-07-01,,,,,,-0.24,,,,,,
1997-08-01,,,,,,1.13,,,,,,
1997-09-01,,,,,,-1.43,,,,,,
1997-10-01,,,,,,-1.37,,,,,,
1997-11-01,,,,,,0.25,,,,,,
1997-12-01,,,,,,1.23,,,,,,
1998-01-01,,,,,,0.32,,,,,,
1998-02-01,,,,,,-1.53,,,,,,
1998-03-01,,,,,,1.8,,,,,,
1998-04-01,,,,,,0.96,,,,,,
1998-05-01,,,,,,2.46,,,,,,
1998-06-01,,,,,,1.86,,,,,,
1998-07-01,,,,,,0.46,,,,,,
1998-08-01,,,,,,-0.83,,,,,,
1998-09-01,,,,,,-1.07,,,,,,
1998-10-01,,,,,,-1.0,,,,,,
1998-11-01,,,,,,1.01,,,,,,
1998-12-01,,,,,,-0.7,,,,,,
1999-01-01,,,,,,4.28,,,,,,
1999-02-01,,,,,,-2.24,,,,,,
1999-03-01,,,,,,2.29,,,,,,
1999-04-01,,,,,,0.0,,,,,,
1999-05-01,,,,,,2.24,,,,,,
1999-06-01,,,,,,3.65,,,,,,
1999-07-01,,,,,,-1.41,,,,,,
1999-08-01,,,,,,0.71,,,,,,
1999-09-01,,,,,,-0.71,,,,,,
1999-10-01,,,,,,-2.14,,,,,,
1999-11-01,,,,,,0.73,,,,,,
1999-12-01,,,,,,0.0,,,,,,
2000-01-01,,,,,,-0.72,,,,,,
2000-02-01,,,,,,0.0,,,,,,
2000-03-01,,,,,,1.46,,,,,,
2000-04-01,,,,,,0.72,,,,,,
2000-05-01,,,,,,1.43,,,,,,
2000-06-01,,,,,,2.11,,,,,,
2000-07-01,,,,,,1.38,,,,,,
2000-08-01,,,,,,-0.68,,,,,,
2000-09-01,,,,,,0.68,,,,,,
2000-10-01,,,,,,-3.4,,,,,,
2000-11-01,,,,,,1.41,,,,,,
2000-12-01,,,,,,0.69,,,,,,
2001-01-01,,,,,,-2.07,,,,,,
2001-02-01,,,,,,0.7,,,,,,
2001-03-01,,,,,,2.8,,,,,,
2001-04-01,,,,,,0.0,,,,,,
2001-05-01,,,,,,2.04,,,,,,
2001-06-01,,,,,,4.67,,,,,,
2001-07-01,,,,,,-0.64,,,,,,
2001-08-01,,,,,,0.64,,,,,,
2001-09-01,,,,,,-2.55,,,,,,
2001-10-01,,,,,,-1.96,,,,,,
2001-11-01,,,,,,1.33,,,,,,
2001-12-01,,,,,,4.61,,,,,,
2002-01-01,,,,,,-1.89,,,,,,
2002-02-01,,,,,,-0.64,,,,,,
2002-03-01,,,,,,1.94,,,,,,
2002-04-01,,,,,,0.63,,,,,,
2002-05-01,,,,,,1.89,,,,,,
2002-06-01,,,,,,5.56,,,,,,
2002-07-01,,,,,,-1.17,,,,,,
2002-08-01,,,,,,-1.18,,,,,,
2002-09-01,,,,,,-1.2,,,,,,
2002-10-01,,,,,,0.61,,,,,,
2002-11-01,,,,,,1.2,,,,,,
2002-12-01,,,,,,1.79,,,,,,
2003-01-01,,,,,,-2.34,,,,,,
2003-02-01,,,,,,-0.6,,,,,,
2003-03-01,,,,,,1.81,,,,,,
2003-04-01,,,,,,1.78,,,,,,
2003-05-01,,,,,,1.74,,,,,,
2003-06-01,,,,,,5.14,,,,,,
2003-07-01,,,,,,0.0,,,,,,
2003-08-01,,,,,,0.0,,,,,,
2003-09-01,,,,,,-1.63,,,,,,
2003-10-01,,,,,,-0.55,,,,,,
2003-11-01,,,,,,-0.56,,,,,,
2003-12-01,,,,,,3.35,,,,,,
2004-01-01,,,,,,-3.24,,,,,,
2004-02-01,,,,,,1.12,,,,,,
2004-03-01,,,,,,1.1,,,,,,
2004-04-01,,,,,,2.19,,,,,,
2004-05-01,,,,,,3.21,,,,,,
2004-06-01,,,,,,4.66,,,,,,
2004-07-01,,,,,,-0.5,,,,,,
2004-08-01,,,,,,-1.49,,,,,,
2004-09-01,,,,,,0.0,,,,,,
2004-10-01,,,,,,-1.01,,,,,,
2004-11-01,,,,,,1.53,,,,,,
2004-12-01,,,,,,1.01,,,,,,
2005-01-01,,,,,,-1.99,,,,,,
2005-02-01,,,,,,1.02,,,,,,
2005-03-01,,,,,,2.01,,,,,,
2005-04-01,,,,,,5.42,,,,,,
2005-05-01,,,,,,1.4,,,,,,
2005-06-01,,,,,,5.53,,,,,,
2005-07-01,,,,,,-0.44,,,,,,
2005-08-01,,,,,,0.44,,,,,,
2005-09-01,,,,,,-1.75,,,,,,
2005-10-01,,,,,,1.78,,,,,,
2005-11-01,,,,,,-1.75,,,,,,
2005-12-01,,,,,,-1.33,,,,,,
2006-01-01,,,,,,-2.12,,,,,,
2006-02-01,,,,,,-0.78,,,,,,
2006-03-01,,,,,,1.02,,,,,,
2006-04-01,,,,,,2.16,,,,,,
2006-05-01,,,,,,2.7,,,,,,
2006-06-01,,,,,,0.39,,,,,,
2006-07-01,,,,,,0.39,,,,,,
2006-08-01,,,,,,-2.69,,,,,,
2006-09-01,,,,,,-1.47,,,,,,
2006-10-01,,,,,,-0.91,,,,,,
2006-11-01,,,,,,-0.55,,,,,,
2006-12-01,,,,,,1.93,,,,,,
2007-01-01,,,,,,-4.87,,,,,,
2007-02-01,,,,,,1.28,,,,,,
2007-03-01,,,,,,1.82,,,,,,
2007-04-01,,,,,,0.92,,,,,,
2007-05-01,,,,,,1.41,,,,,,
2007-06-01,,,,,,2.83,,,,,,
2007-07-01,,,,,,-0.26,,,,,,
2007-08-01,,,,,,-1.66,,,,,,
2007-09-01,,,,,,-6.28,,,,,,
2007-10-01,,,,,,-1.81,,,,,,
2007-11-01,,,,,,1.02,,,,,,
2007-12-01,,,,,,-0.91,,,,,,
2008-01-01,,,,,,-3.43,,,,,,
2008-02-01,,,,,,-2.05,,,,,,
2008-03-01,,,,,,2.25,,,,,,
2008-04-01,,,,,,0.45,,,,,,
2008-05-01,,,,,,3.33,,,,,,
2008-06-01,,,,,,3.56,,,,,,
2008-07-01,,,,,,-2.23,,,,,,
2008-08-01,,,,,,-3.52,,,,,,
2008-09-01,,,,,,-5.86,,,,,,
2008-10-01,,,,,,-2.36,,,,,,
2008-11-01,,,,,,-3.43,,,,,,
2008-12-01,,,,,,-2.44,,,,,,
2009-01-01,,,,,,-6.32,,,,,,
2009-02-01,,,,,,2.19,,,,,,
2009-03-01,,,,,,1.01,,,,,,
2009-04-01,,,,,,-1.94,,,,,,
2009-05-01,,,,,,4.86,,,,,,
2009-06-01,,,,,,4.06,,,,,,
2009-07-01,,,,,,-0.28,,,,,,
2009-08-01,,,,,,-2.21,,,,,,
2009-09-01,,,,,,-0.68,,,,,,
2009-10-01,,,,,,-2.21,,,,,,
2009-11-01,,,,,,-1.28,,,,,,
2009-12-01,,,,,,0.41,,,,,,
2010-01-01,,,,,,-3.4,,,,,,
2010-02-01,,,,,,-0.18,,,,,,
2010-03-01,,,,,,3.04,,,,,,
2010-04-01,,,,,,1.59,,,,,,
2010-05-01,,,,,,1.33,,,,,,
2010-06-01,,,,,,4.75,,,,,,
2010-07-01,,,,,,-0.44,,,,,,
2010-08-01,,,,,,-2.64,,,,,,
2010-09-01,,,,,,-3.33,,,,,,
2010-10-01,,,,,,-0.47,,,,,,
2010-11-01,,,,,,-0.23,,,,,,
2010-12-01,,,,,,-0.82,,,,,,
2011-01-01,,,,,,-6.46,,,,,,
2011-02-01,,,,,,-1.14,,,,,,
2011-03-01,,,,,,2.37,,,,,,
2011-04-01,,,,,,0.81,,,,,,
2011-05-01,,,,,,5.09,,,,,,
2011-06-01,,,,,,3.72,,,,,,
2011-07-01,,,,,,-2.51,,,,,,
2011-08-01,,,,,,0.0,,,,,,
2011-09-01,,,,,,-3.45,,,,,,
2011-10-01,,,,,,-2.72,,,,,,
2011-11-01,,,,,,1.99,,,,,,
2011-12-01,,,,,,-1.1,,,,,,
2012-01-01,,,,,,-4.69,,,,,,
2012-02-01,,,,,,0.65,,,,,,
2012-03-01,,,,,,5.91,,,,,,
2012-04-01,,,,,,5.4,,,,,,
2012-05-01,,,,,,3.8,,,,,,
2012-06-01,,,,,,4.71,,,,,,
2012-07-01,,,,,,-0.53,,,,,,
2012-08-01,,,,,,-1.54,,,,,,
2012-09-01,,,,,,-3.57,,,,,,
2012-10-01,,,,,,-0.79,,,,,,
2012-11-01,,,,,,1.41,,,,,,
2012-12-01,,,,,,0.45,,,,,,
2013-01-01,,,,,,-5.33,,,,,,
2013-02-01,,,,,,1.52,,,,,,
2013-03-01,,,,,,6.24,,,,,,
2013-04-01,,,,,,4.24,,,,,,
2013-05-01,,,,,,5.89,,,,,,
2013-06-01,,,,,,5.37,,,,,,
2013-07-01,,,,,,-0.75,,,,,,
2013-08-01,,,,,,-1.27,,,,,,
2013-09-01,,,,,,-5.34,,,,,,
2013-10-01,,,,,,-0.5,,,,,,
2013-11-01,,,,,,-1.01,,,,,,
2013-12-01,,,,,,1.13,,,,,,
2014-01-01,,,,,,-4.96,,,,,,
2014-02-01,,,,,,0.27,,,,,,
2014-03-01,,,,,,4.41,,,,,,
2014-04-01,,,,,,2.44,,,,,,
2014-05-01,,,,,,5.21,,,,,,
2014-06-01,,,,,,4.72,,,,,,
2014-07-01,,,,,,-0.18,,,,,,
2014-08-01,,,,,,-1.44,,,,,,
2014-09-01,,,,,,-4.26,,,,,,
2014-10-01,,,,,,-0.77,,,,,,
2014-11-01,,,,,,-0.14,,,,,,
2014-12-01,,,,,,0.48,,,,,,
2015-01-01,,,,,,-5.09,,,,,,
2015-02-01,,,,,,2.18,,,,,,
2015-03-01,,,,,,4.36,,,,,,
2015-04-01,,,,,,3.8,,,,,,
2015-05-01,,,,,,4.66,,,,,,
2015-06-01,,,,,,3.23,,,,,,
2015-07-01,,,,,,-1.9,,,,,,
2015-08-01,,,,,,-1.42,,,,,,
2015-09-01,,,,,,-2.98,,,,,,
2015-10-01,,,,,,-1.17,,,,,,
2015-11-01,,,,,,0.41,,,,,,
2015-12-01,,,,,,1.45,,,,,,
2016-01-01,,,,,,-4.26,,,,,,
2016-02-01,,,,,,-0.75,,,,,,
2016-03-01,,,,,,4.38,,,,,,
2016-04-01,,,,,,4.29,,,,,,
2016-05-01,,,,,,3.46,,,,,,
2016-06-01,,,,,,3.64,,,,,,
2016-07-01,,,,,,-1.78,,,,,,
2016-08-01,,,,,,-1.32,,,,,,
2016-09-01,,,,,,-2.0,,,,,,
2016-10-01,,,,,,-0.47,,,,,,
2016-11-01,,,,,,0.13,,,,,,
2016-12-01,,,,,,-0.47,,,,,,
2017-01-01,,,,,,-2.57,,,,,,
2017-02-01,,,,,,0.4,,,,,,
2017-03-01,,,,,,3.68,,,,,,
2017-04-01,,,,,,3.55,,,,,,
2017-05-01,,,,,,3.06,,,,,,
2017-06-01,,,,,,4.28,,,,,,
2017-07-01,,,,,,-1.97,,,,,,
2017-08-01,,,,,,-1.94,,,,,,
2017-09-01,,,,,,-2.17,,,,,,
2017-10-01,,,,,,-0.65,,,,,,
2017-11-01,,,,,,0.49,,,,,,
2017-12-01,,,,,,-0.28,,,,,,
2018-01-01,,,,,,-2.31,,,,,,
2018-02-01,,,,,,0.0,,,,,,
2018-03-01,,,,,,3.74,,,,,,
2018-04-01,,,,,,3.24,,,,,,
2018-05-01,,,,,,2.79,,,,,,
2018-06-01,,,,,,3.28,,,,,,
2018-07-01,,,,,,-1.64,,,,,,
2018-08-01,,,,,,-1.37,,,,,,
2018-09-01,,,,,,-3.28,,,,,,
2018-10-01,,,,,,-0.7,,,,,,
2018-11-01,,,,,,0.9,,,,,,
2018-12-01,,,,,,-1.05,,,,,,
2019-01-01,,,,,,-2.08,,,,,,
2019-02-01,,,,,,0.28,,,,,,
2019-03-01,,,,,,3.84,,,,,,
2019-04-01,,,,,,2.81,,,,,,
2019-05-01,,,,,,4.19,,,,,,
2019-06-01,,,,,,2.59,,,,,,
2019-07-01,,,,,,-1.75,,,,,,
2019-08-01,,,,,,-0.57,,,,,,
2019-09-01,,,,,,-2.62,,,,,,
2019-10-01,,,,,,-0.15,,,,,,
2019-11-01,,,,,,0.07,,,,,,
2019-12-01,,,,,,1.18,,,,,,
2020-01-01,,,,,,-2.99,,,,,,
2020-02-01,,,,,,1.54,,,,,,
2020-03-01,,,,,,3.81,,,,,,
2020-04-01,,,,,,2.17,,,,,,
2020-05-01,,,,,,-1.15,,,,,,
2020-06-01,,,,,,3.84,,,,,,
2020-07-01,,,,,,3.8,,,,,,
2020-08-01,,,,,,1.57,,,,,,
2020-09-01,,,,,,0.35,,,,,,
2020-10-01,,,,,,0.48,,,,,,
2020-11-01,,,,,,-0.7,,,,,,
2020-12-01,,,,,,-0.51,,,,,,
2021-01-01,,,,,,-1.81,,,,,,
2021-02-01,,,,,,2.34,,,,,,
2021-03-01,,,,,,5.02,,,,,,
2021-04-01,,,,,,4.38,,,,,,
2021-05-01,,,,,,2.88,,,,,,
2021-06-01,,,,,,3.54,,,,,,
2021-07-01,,,,,,-0.91,,,,,,
2021-08-01,,,,,,-0.5,,,,,,
2021-09-01,,,,,,-1.82,,,,,,
2021-10-01,,,,,,0.43,,,,,,
2021-11-01,,,,,,0.48,,,,,,
2021-12-01,,,,,,0.06,,,,,,
2022-01-01,,,,,,-1.21,,,,,,
2022-02-01,,,,,,2.0,,,,,,
2022-03-01,,,,,,5.04,,,,,,
2022-04-01,,,,,,4.24,,,,,,
2022-05-01,,,,,,4.19,,,,,,
2022-06-01,,,,,,2.06,,,,,,
2022-07-01,,,,,,-2.93,,,,,,
2022-08-01,,,,,,-3.54,,,,,,
2022-09-01,,,,,,-1.54,,,,,,
2022-10-01,,,,,,-1.23,,,,,,
2022-11-01,,,,,,-2.14,,,,,,
2022-12-01,,,,,,-1.13,,,,,,
2023-01-01,,,,,,-1.45,,,,,,
2023-02-01,,,,,,0.66,,,,,,
2023-03-01,,,,,,3.22,,,,,,
2023-04-01,,,,,,2.8,,,,,,
2023-05-01,,,,,,2.77,,,,,,
2023-06-01,,,,,,3.43,,,,,,
2023-07-01,,,,,,-1.1,,,,,,
2023-08-01,,,,,,-0.35,,,,,,
2023-09-01,,,,,,-2.85,,,,,,
2023-10-01,,,,,,-0.28,,,,,,
2023-11-01,,,,,,-0.97,,,,,,
2023-12-01,,,,,,-1.65,,,,,,
2024-01-01,,,,,,-0.73,,,,,,
2024-02-01,,,,,,1.37,,,,,,
2024-03-01,,,,,,2.37,,,,,,
2024-04-01,,,,,,3.49,,,,,,
2024-05-01,,,,,,2.61,,,,,,
2024-06-01,,,,,,2.33,,,,,,
2024-07-01,,,,,,-1.29,,,,,,
2024-08-01,,,,,,-1.71,,,,,,
2024-09-01,,,,,,-1.81,,,,,,
2024-10-01,,,,,,0.02,,,,,,
2024-11-01,,,,,,-0.59,,,,,,
2024-12-01,,,,,,-0.17,,,,,,
2025-01-01,,,,,,-2.55,,,,,,
2025-02-01,,,,,,0.86,,,,,,
2025-03-01,22.57,26.92,21.43,21.77,23.53,1.59,0.78,1.9,1.07,1.07,8.13,11.11
2025-04-01,10.79,9.09,19.12,8.61,7.94,2.7,4.15,4.12,1.53,1.18,9.02,7.5
2025-05-01,11.75,19.44,18.52,10.37,2.94,2.34,5.29,4.44,1.01,0.24,6.21,6.98
2025-06-01,0.26,9.3,3.12,-2.76,-1.43,2.12,5.88,3.18,1.41,-0.37,0.0,0.0
2025-07-01,-0.51,8.51,-2.02,-1.7,-1.45,-1.62,-1.42,-1.24,-1.58,-1.12,0.65,0.0
2025-08-01,-3.34,-1.96,-3.09,-4.05,-2.94,-0.78,-0.3,-1.17,-1.14,-0.06,-1.29,0.0
2025-09-01,-5.59,-10.0,-8.51,-4.82,0.0,-2.39,-6.33,-3.0,-1.04,-0.76,0.0,-2.17
2025-10-01,1.13,2.22,4.65,-0.63,0.0,0.63,0.66,-0.03,0.56,1.46,-0.65,-2.22
2025-11-01,-17.83,-17.39,-20.0,-15.92,-19.7,-1.18,-0.75,-0.75,-0.72,-1.55,-5.26,-4.55
2025-12-01,17.29,15.79,6.94,23.48,16.98,-1.2,0.02,-3.37,-0.08,-2.7,-14.58,-16.67
2026-01-01,-34.1,-34.09,-36.36,-33.74,-32.26,-2.49,0.82,-2.71,-2.37,-2.12,2.44,8.57
2026-02-01,13.6,-13.79,12.24,18.52,21.43,0.76,-5.16,1.95,1.62,1.98,4.76,0.0
2026-03-01,27.03,24.0,27.27,25.78,31.37,2.79,3.1,4.84,1.63,1.99,5.3,10.53
2026-04-01,8.21,9.68,14.29,7.45,2.99,2.05,1.34,2.61,1.24,1.53,7.91,7.14
2026-05-01,9.83,20.59,18.75,6.94,1.45,3.28,7.11,3.88,1.88,1.65,4.67,0.0
2026-06-01,8.44,24.39,12.63,3.78,5.71,2.18,5.81,3.09,1.44,0.08,-0.64,2.22
2026-07-01,-5.66,3.92,-5.61,-7.81,-6.76,-1.48,-0.39,-2.06,-1.98,-1.1,-1.28,0.0
