date,Total Housing Completions Period Chg,Single-Family Completions Period Chg,5+ Unit Completions Period Chg
1968-02-01,-6.6,-11.89,7.44
1968-03-01,12.69,13.36,11.14
1968-04-01,0.38,2.75,-3.52
1968-05-01,2.94,0.22,9.83
1968-06-01,-13.39,-12.0,-15.6
1968-07-01,15.71,12.63,13.94
1968-08-01,-6.64,-6.28,3.46
1968-09-01,9.23,4.9,9.0
1968-10-01,-3.51,-5.59,1.89
1968-11-01,1.41,4.47,-0.93
1968-12-01,1.68,1.16,1.87
1969-01-01,-9.57,-4.11,-18.35
1969-02-01,12.49,3.93,30.9
1969-03-01,10.18,0.0,28.97
1969-04-01,-15.4,-13.76,-19.63
1969-05-01,8.5,9.18,7.66
1969-06-01,1.75,3.53,-0.58
1969-07-01,-1.58,-4.59,4.84
1969-08-01,-2.72,-1.36,-6.27
1969-09-01,-1.87,-3.75,1.97
1969-10-01,2.85,4.68,0.58
1969-11-01,-0.14,-5.09,7.49
1969-12-01,-0.14,0.13,0.0
1970-01-01,2.28,8.36,-5.71
1970-02-01,-0.28,-8.31,10.23
1970-03-01,-7.9,-6.04,-11.34
1970-04-01,2.81,3.92,1.74
1970-05-01,-1.48,3.1,-7.43
1970-06-01,7.27,0.78,13.79
1970-07-01,-3.28,2.59,-4.88
1970-08-01,16.26,6.44,29.85
1970-09-01,-14.05,4.74,-37.92
1970-10-01,3.9,-8.72,27.59
1970-11-01,1.39,4.84,-3.33
1970-12-01,-1.37,-1.18,-0.19
1971-01-01,2.37,1.44,1.15
1971-02-01,-1.56,2.48,-7.58
1971-03-01,2.83,4.03,2.05
1971-04-01,14.78,13.84,15.06
1971-05-01,-4.21,-5.35,-0.52
1971-06-01,0.0,-0.82,0.18
1971-07-01,3.79,7.15,-1.23
1971-08-01,11.6,0.68,32.45
1971-09-01,-4.85,3.55,-18.07
1971-10-01,0.61,1.3,0.33
1971-11-01,1.6,2.01,0.0
1971-12-01,2.77,2.69,0.16
1972-01-01,2.48,-0.96,11.06
1972-02-01,6.13,-0.97,18.89
1972-03-01,-3.88,2.85,-13.79
1972-04-01,-0.56,2.95,-2.0
1972-05-01,-3.76,-4.8,-3.5
1972-06-01,2.11,1.24,1.21
1972-07-01,-0.31,-2.1,2.99
1972-08-01,8.91,11.33,5.94
1972-09-01,-2.33,-10.9,11.35
1972-10-01,-2.83,6.29,-13.39
1972-11-01,-0.5,-2.71,0.71
1972-12-01,6.85,4.96,11.69
1973-01-01,1.93,7.21,-5.42
1973-02-01,-1.76,-0.31,-3.73
1973-03-01,3.39,1.16,6.37
1973-04-01,-0.05,-1.76,3.26
1973-05-01,4.74,1.33,8.07
1973-06-01,-1.78,-2.31,-0.82
1973-07-01,-8.5,-14.81,0.12
1973-08-01,-0.48,6.29,-6.58
1973-09-01,0.24,1.91,-4.78
1973-10-01,-0.44,-3.59,2.64
1973-11-01,-6.19,-2.13,-8.11
1973-12-01,-2.91,-3.89,0.0
1974-01-01,3.37,-3.48,10.22
1974-02-01,0.31,0.2,1.65
1974-03-01,-6.81,-5.26,-9.88
1974-04-01,1.33,-3.8,8.32
1974-05-01,-6.28,-0.64,-12.29
1974-06-01,10.61,19.35,1.75
1974-07-01,-10.65,-17.3,-3.01
1974-08-01,-3.6,-0.98,-5.77
1974-09-01,1.04,-0.44,4.24
1974-10-01,-1.27,0.88,-3.46
1974-11-01,-2.45,-5.91,1.4
1974-12-01,-3.14,-2.1,-3.54
1975-01-01,3.12,15.34,-10.85
1975-02-01,-15.24,-18.56,-13.06
1975-03-01,-3.94,-3.8,-1.85
1975-04-01,-1.16,4.34,-12.58
1975-05-01,5.56,11.6,-3.6
1975-06-01,-8.52,-7.8,-9.95
1975-07-01,3.4,7.97,-6.63
1975-08-01,1.1,-0.45,5.92
1975-09-01,3.33,10.26,-13.13
1975-10-01,-14.93,-21.82,2.25
1975-11-01,21.96,30.95,1.89
1975-12-01,-5.57,-1.62,-17.28
1976-01-01,-3.68,-2.05,-8.96
1976-02-01,4.21,3.25,6.56
1976-03-01,2.75,1.32,10.0
1976-04-01,-1.11,0.4,-6.99
1976-05-01,8.11,0.7,25.56
1976-06-01,-3.47,4.86,-24.55
1976-07-01,-4.89,-1.7,-16.67
1976-08-01,3.93,1.92,12.38
1976-09-01,-0.22,-7.64,33.9
1976-10-01,1.24,6.54,-19.3
1976-11-01,2.88,4.99,-1.96
1976-12-01,2.03,0.0,10.4
1977-01-01,0.0,3.38,-16.67
1977-02-01,13.59,12.63,30.87
1977-03-01,-2.18,-6.98,13.95
1977-04-01,-4.39,0.17,-18.08
1977-05-01,0.45,-0.42,3.91
1977-06-01,5.21,2.62,4.11
1977-07-01,3.12,5.19,3.29
1977-08-01,-0.83,-0.23,-5.73
1977-09-01,11.48,13.81,0.68
1977-10-01,-10.19,-14.21,9.73
1977-11-01,5.67,4.5,14.98
1977-12-01,-7.68,-1.0,-28.19
1978-01-01,8.75,0.85,38.15
1978-02-01,-3.26,-3.08,-10.19
1978-03-01,3.84,7.07,-7.76
1978-04-01,3.25,4.9,0.0
1978-05-01,0.38,-1.27,6.8
1978-06-01,2.97,-1.29,26.36
1978-07-01,2.73,-2.47,17.99
1978-08-01,0.97,3.95,-7.32
1978-09-01,-1.62,2.22,-10.31
1978-10-01,-3.03,-0.42,-9.54
1978-11-01,-0.42,-2.89,-0.27
1978-12-01,-1.76,-2.1,3.25
1979-01-01,0.33,-2.89,10.5
1979-02-01,-0.27,0.46,-3.56
1979-03-01,5.47,6.37,2.71
1979-04-01,-4.11,-4.28,-2.88
1979-05-01,7.56,-0.52,39.01
1979-06-01,-7.67,0.22,-30.91
1979-07-01,-5.07,-7.47,1.54
1979-08-01,1.14,0.24,5.57
1979-09-01,11.47,0.81,45.8
1979-10-01,-7.61,1.68,-28.62
1979-11-01,3.28,-0.24,12.44
1979-12-01,-1.53,3.23,-16.19
1980-01-01,-3.7,-5.27,1.47
1980-02-01,0.5,-4.83,20.48
1980-03-01,-5.66,-5.67,-5.6
1980-04-01,2.94,-3.41,14.62
1980-05-01,-12.51,-9.85,-18.67
1980-06-01,-3.39,-5.98,1.14
1980-07-01,-0.54,-4.17,11.91
1980-08-01,-2.17,7.44,-24.7
1980-09-01,-12.01,-19.17,9.6
1980-10-01,0.39,9.22,-21.41
1980-11-01,3.22,1.57,11.15
1980-12-01,4.95,7.13,-1.39
1981-01-01,-7.84,-0.44,-24.86
1981-02-01,9.84,7.02,12.78
1981-03-01,-1.29,-7.6,18.0
1981-04-01,6.68,5.29,18.08
1981-05-01,-15.18,-5.99,-37.56
1981-06-01,8.35,-1.71,41.0
1981-07-01,-0.96,-1.5,-1.9
1981-08-01,-8.6,-5.88,-3.88
1981-09-01,-0.08,-0.75,-10.37
1981-10-01,-1.23,-10.44,24.12
1981-11-01,-10.95,-5.62,-20.98
1981-12-01,5.12,1.49,9.84
1982-01-01,-6.82,-5.87,-1.49
1982-02-01,-11.12,-13.55,-7.27
1982-03-01,3.21,6.85,-6.54
1982-04-01,1.45,2.19,1.4
1982-05-01,8.27,12.71,2.76
1982-06-01,-12.26,-16.11,-2.01
1982-07-01,8.17,17.1,-11.99
1982-08-01,-2.09,-6.71,7.39
1982-09-01,-3.86,-5.11,-8.7
1982-10-01,11.83,13.3,19.84
1982-11-01,1.89,2.23,1.32
1982-12-01,-2.97,-4.51,3.59
1983-01-01,13.37,18.11,-1.58
1983-02-01,-4.38,-7.99,9.29
1983-03-01,2.91,10.36,-13.49
1983-04-01,2.48,3.68,1.69
1983-05-01,8.6,4.77,14.0
1983-06-01,3.38,7.83,-7.31
1983-07-01,4.91,5.2,9.46
1983-08-01,21.35,6.39,70.03
1983-09-01,-12.74,-4.65,-30.17
1983-10-01,6.23,6.5,6.31
1983-11-01,-7.82,-4.39,-17.81
1983-12-01,3.21,0.5,16.11
1984-01-01,5.7,0.6,17.7
1984-02-01,-2.07,2.17,-12.2
1984-03-01,2.43,-0.39,11.81
1984-04-01,5.19,-4.26,17.18
1984-05-01,2.91,8.3,-6.71
1984-06-01,-1.04,-2.71,6.44
1984-07-01,-1.28,2.21,-9.96
1984-08-01,-0.41,-2.26,0.2
1984-09-01,-2.55,-0.87,-0.2
1984-10-01,-0.55,-5.24,7.31
1984-11-01,-1.35,3.89,-10.31
1984-12-01,1.12,-2.76,9.03
1985-01-01,1.04,8.41,-13.56
1985-02-01,7.65,1.96,22.66
1985-03-01,-3.22,-5.04,0.18
1985-04-01,-4.96,4.05,-19.68
1985-05-01,2.15,-3.8,21.19
1985-06-01,7.57,3.66,11.48
1985-07-01,-5.47,-2.51,-10.46
1985-08-01,-0.47,-1.62,3.28
1985-09-01,7.18,7.86,4.95
1985-10-01,-13.34,-3.51,-30.98
1985-11-01,11.76,1.96,39.27
1985-12-01,-0.97,2.38,-8.76
1986-01-01,-0.52,-6.7,10.56
1986-02-01,1.74,2.11,-0.17
1986-03-01,0.17,5.72,-9.04
1986-04-01,-4.04,0.89,-13.38
1986-05-01,8.78,0.62,35.98
1986-06-01,-8.78,-6.55,-15.42
1986-07-01,2.99,0.0,9.4
1986-08-01,2.38,5.7,-0.88
1986-09-01,-1.76,-1.59,-3.72
1986-10-01,2.89,5.12,-1.47
1986-11-01,0.62,-1.45,2.05
1986-12-01,2.62,0.95,7.31
1987-01-01,1.2,0.09,4.94
1987-02-01,-4.89,-1.8,-10.71
1987-03-01,-4.35,0.26,-8.36
1987-04-01,2.42,0.87,0.99
1987-05-01,-1.27,0.69,-5.7
1987-06-01,-4.55,-4.55,-11.25
1987-07-01,3.06,1.35,14.55
1987-08-01,-3.62,-4.7,-1.43
1987-09-01,-2.28,3.26,-15.18
1987-10-01,-0.63,0.81,-7.6
1987-11-01,0.06,-2.95,12.2
1987-12-01,3.42,2.4,8.04
1988-01-01,-4.78,-1.62,-12.91
1988-02-01,-6.69,-6.5,-5.53
1988-03-01,10.34,7.44,14.89
1988-04-01,0.94,-5.01,15.74
1988-05-01,-8.17,4.41,-33.0
1988-06-01,1.96,1.19,8.36
1988-07-01,0.99,-1.81,8.82
1988-08-01,1.57,0.09,3.54
1988-09-01,-1.29,2.59,-10.27
1988-10-01,-0.13,-1.35,2.72
1988-11-01,-7.98,-6.93,-9.02
1988-12-01,9.95,9.31,8.75
1989-01-01,0.9,3.77,-5.09
1989-02-01,2.31,0.52,9.04
1989-03-01,-9.71,-10.75,-7.25
1989-04-01,6.93,6.55,5.03
1989-05-01,-6.03,-5.79,-14.36
1989-06-01,-7.11,-7.01,1.86
1989-07-01,2.97,0.52,6.4
1989-08-01,3.1,6.98,-9.46
1989-09-01,-6.37,-8.83,10.13
1989-10-01,-0.37,4.53,-19.54
1989-11-01,10.65,8.16,21.07
1989-12-01,-11.59,-13.97,-7.08
1990-01-01,15.64,15.91,17.78
1990-02-01,-10.34,-3.27,-23.99
1990-03-01,-0.52,-2.8,4.96
1990-04-01,-0.97,-4.27,5.07
1990-05-01,1.43,2.59,1.29
1990-06-01,-6.51,-4.25,-11.75
1990-07-01,2.53,3.27,-4.68
1990-08-01,0.93,-1.94,12.83
1990-09-01,0.38,-0.1,6.35
1990-10-01,-2.29,-3.34,-0.31
1990-11-01,-2.65,-0.32,-12.3
1990-12-01,-6.01,-3.58,-10.07
1991-01-01,-2.05,-3.93,6.0
1991-02-01,-5.13,-3.74,-12.08
1991-03-01,7.89,4.98,15.45
1991-04-01,-7.06,-4.98,-11.15
1991-05-01,-2.1,-2.56,1.26
1991-06-01,2.15,2.0,-1.24
1991-07-01,-1.56,0.86,-10.88
1991-08-01,-2.42,-0.36,-6.57
1991-09-01,15.81,7.93,34.17
1991-10-01,-11.51,-0.9,-39.33
1991-11-01,-5.86,-5.7,-5.56
1991-12-01,-1.09,0.97,-11.11
1992-01-01,5.89,2.28,20.59
1992-02-01,3.49,5.62,-11.59
1992-03-01,2.73,7.1,-2.07
1992-04-01,-3.99,-7.35,9.86
1992-05-01,9.6,11.17,-3.21
1992-06-01,0.17,-0.3,5.3
1992-07-01,5.21,4.33,11.95
1992-08-01,-8.87,-7.63,-14.04
1992-09-01,-1.49,-1.57,-1.96
1992-10-01,1.42,3.08,-4.67
1992-11-01,7.46,3.51,27.97
1992-12-01,-2.04,-1.29,-8.74
1993-01-01,-5.34,-1.61,-17.37
1993-02-01,8.9,6.97,25.36
1993-03-01,-10.6,-5.75,-41.62
1993-04-01,10.05,8.55,25.74
1993-05-01,-8.63,-8.81,-7.09
1993-06-01,7.38,4.52,25.42
1993-07-01,-8.63,-6.0,-29.05
1993-08-01,15.96,13.39,42.86
1993-09-01,-7.28,-3.41,-34.0
1993-10-01,6.31,2.96,28.28
1993-11-01,-0.88,2.23,-16.54
1993-12-01,4.37,2.45,28.3
1994-01-01,-4.73,-4.07,-16.18
1994-02-01,10.18,10.62,8.77
1994-03-01,-7.1,-8.93,0.0
1994-04-01,9.31,10.82,5.65
1994-05-01,4.08,2.73,12.98
1994-06-01,-6.57,-7.49,6.08
1994-07-01,-4.12,1.83,-42.68
1994-08-01,5.23,-1.79,91.11
1994-09-01,4.9,0.78,27.33
1994-10-01,-2.55,1.04,-18.26
1994-11-01,-0.94,-2.65,11.17
1994-12-01,1.54,2.9,-10.55
1995-01-01,2.67,1.96,2.81
1995-02-01,-9.07,-9.71,-4.37
1995-03-01,9.2,10.75,5.14
1995-04-01,-5.02,-8.12,11.96
1995-05-01,-1.19,-3.28,11.17
1995-06-01,-6.33,-2.26,-25.76
1995-07-01,8.86,1.54,47.65
1995-08-01,-6.43,-2.47,-16.33
1995-09-01,1.11,-2.24,17.62
1995-10-01,4.38,4.38,4.45
1995-11-01,1.87,2.0,-3.49
1995-12-01,-11.76,-6.54,-30.52
1996-01-01,16.83,11.3,51.45
1996-02-01,-6.06,-6.02,-6.87
1996-03-01,3.95,5.45,-2.05
1996-04-01,-3.07,-4.44,3.77
1996-05-01,7.23,8.82,1.21
1996-06-01,0.98,-1.39,11.55
1996-07-01,1.11,1.24,-2.14
1996-08-01,1.03,2.36,-8.03
1996-09-01,-6.06,-4.78,-11.11
1996-10-01,0.94,2.69,-1.34
1996-11-01,1.51,-2.44,9.5
1996-12-01,5.24,5.55,8.68
1997-01-01,-7.4,-4.41,-12.55
1997-02-01,12.2,10.55,10.43
1997-03-01,-6.47,-7.78,1.18
1997-04-01,-0.48,-1.48,-0.78
1997-05-01,-2.64,-1.59,-2.75
1997-06-01,-6.07,-1.7,-24.6
1997-07-01,-0.15,-3.65,16.58
1997-08-01,1.45,0.57,7.8
1997-09-01,8.26,8.1,6.81
1997-10-01,-3.19,-6.45,13.55
1997-11-01,1.72,5.31,-7.72
1997-12-01,0.56,-3.09,10.27
1998-01-01,-7.84,-7.12,-6.55
1998-02-01,9.5,10.71,0.74
1998-03-01,2.5,0.35,8.42
1998-04-01,1.42,4.86,-8.45
1998-05-01,-2.2,-5.9,10.7
1998-06-01,0.14,4.21,-12.0
1998-07-01,5.79,5.16,11.74
1998-08-01,-2.0,-3.6,1.36
1998-09-01,-4.54,0.59,-23.08
1998-10-01,0.0,-1.52,3.48
1998-11-01,10.47,7.45,28.99
1998-12-01,-10.66,-9.08,-18.57
1999-01-01,11.58,8.59,19.6
1999-02-01,-8.76,-3.23,-25.08
1999-03-01,14.67,10.01,33.93
1999-04-01,-5.56,-3.64,-6.33
1999-05-01,2.72,2.44,6.76
1999-06-01,1.54,0.69,-1.0
1999-07-01,-3.09,-6.33,8.42
1999-08-01,-2.13,-0.24,-2.17
1999-09-01,5.12,5.47,2.22
1999-10-01,-3.04,-3.25,-2.48
1999-11-01,0.19,3.12,-11.78
1999-12-01,3.95,1.55,14.8
2000-01-01,-5.12,-3.59,-8.18
2000-02-01,6.54,5.07,9.93
2000-03-01,1.61,-1.06,13.08
2000-04-01,-5.52,-0.38,-24.79
2000-05-01,4.47,2.07,17.58
2000-06-01,-9.04,-10.79,-3.12
2000-07-01,-2.29,-0.25,-7.4
2000-08-01,5.22,3.71,10.42
2000-09-01,-2.86,-4.55,2.52
2000-10-01,-0.98,0.09,-8.28
2000-11-01,1.72,4.34,-8.03
2000-12-01,-1.17,0.0,0.36
2001-01-01,-4.27,-8.56,13.41
2001-02-01,5.49,6.77,-0.32
2001-03-01,-4.3,-0.42,-22.12
2001-04-01,7.07,4.11,24.69
2001-05-01,-4.89,-1.45,-26.4
2001-06-01,10.49,4.82,45.74
2001-07-01,-4.35,-0.78,-15.08
2001-08-01,2.09,0.63,10.51
2001-09-01,-3.96,-1.48,-15.74
2001-10-01,3.09,5.71,-7.39
2001-11-01,-2.75,-6.9,17.65
2001-12-01,8.87,8.78,7.14
2002-01-01,-3.6,-2.0,-9.0
2002-02-01,2.39,3.47,0.37
2002-03-01,-6.7,-3.36,-20.07
2002-04-01,4.23,-4.98,48.86
2002-05-01,4.92,8.03,-13.8
2002-06-01,-6.8,-5.74,-2.14
2002-07-01,1.64,-0.47,12.0
2002-08-01,6.63,5.02,9.09
2002-09-01,-4.7,-0.6,-16.96
2002-10-01,-2.44,-3.38,3.23
2002-11-01,7.31,8.94,0.0
2002-12-01,-2.74,-3.71,1.04
2003-01-01,-1.02,-2.37,-1.37
2003-02-01,2.06,1.9,11.85
2003-03-01,-2.96,-2.76,-11.21
2003-04-01,1.47,3.45,-4.21
2003-05-01,4.27,2.96,14.65
2003-06-01,-5.31,-2.59,-15.97
2003-07-01,2.38,5.17,-13.69
2003-08-01,-6.55,-6.67,-2.2
2003-09-01,9.49,6.32,18.02
2003-10-01,0.52,4.67,-12.98
2003-11-01,-2.08,-2.7,0.88
2003-12-01,1.42,-0.35,7.83
2004-01-01,-0.41,0.0,5.65
2004-02-01,0.53,0.91,-8.4
2004-03-01,4.42,3.04,17.5
2004-04-01,8.03,10.33,-3.9
2004-05-01,-2.32,-8.51,35.42
2004-06-01,-1.9,1.06,-14.99
2004-07-01,1.29,1.64,-2.88
2004-08-01,1.59,0.52,11.88
2004-09-01,-6.02,-1.35,-28.32
2004-10-01,2.39,0.39,11.52
2004-11-01,-4.4,-4.87,0.37
2004-12-01,9.27,13.05,-12.5
2005-01-01,-1.51,-3.99,8.4
2005-02-01,0.85,1.2,-3.88
2005-03-01,-6.34,-5.22,-5.65
2005-04-01,7.83,6.69,16.67
2005-05-01,9.13,7.63,11.72
2005-06-01,-6.56,-4.06,-17.05
2005-07-01,-4.02,-2.38,-17.79
2005-08-01,3.5,0.61,22.6
2005-09-01,-1.54,-1.09,1.18
2005-10-01,2.08,-0.8,22.87
2005-11-01,-2.8,0.93,-21.45
2005-12-01,1.78,1.78,-4.42
2006-01-01,4.89,0.06,38.24
2006-02-01,0.59,4.75,-28.27
2006-03-01,9.62,9.7,21.19
2006-04-01,-7.75,-9.11,5.24
2006-05-01,-8.4,-7.37,-15.61
2006-06-01,8.07,8.27,9.84
2006-07-01,-5.66,-5.05,-8.24
2006-08-01,-2.95,-2.42,-7.42
2006-09-01,7.14,3.78,27.43
2006-10-01,-4.62,-6.93,4.97
2006-11-01,-1.3,-2.18,-4.73
2006-12-01,-0.26,-1.05,7.95
2007-01-01,-3.5,-0.53,-11.04
2007-02-01,-9.99,-12.19,-2.07
2007-03-01,-1.04,-0.46,-4.23
2007-04-01,-5.18,-2.74,-17.65
2007-05-01,-0.19,0.16,-4.46
2007-06-01,-3.58,-4.54,7.01
2007-07-01,3.58,-0.98,28.38
2007-08-01,-1.43,2.73,-15.65
2007-09-01,-10.32,-12.57,-2.82
2007-10-01,3.61,4.88,-0.83
2007-11-01,-1.07,-0.88,-2.93
2007-12-01,-4.46,-8.6,21.12
2008-01-01,0.23,-2.62,1.78
2008-02-01,-4.28,-7.37,9.79
2008-03-01,-6.2,-2.8,-11.78
2008-04-01,-14.48,-12.06,-29.96
2008-05-01,11.74,10.57,26.29
2008-06-01,0.0,-3.3,10.61
2008-07-01,-4.82,-2.24,-14.02
2008-08-01,-6.44,-14.32,23.18
2008-09-01,14.06,15.17,6.27
2008-10-01,-9.05,-8.66,-3.93
2008-11-01,1.99,0.67,2.73
2008-12-01,-5.11,-9.02,4.32
2009-01-01,-23.9,-17.49,-35.03
2009-02-01,5.41,-5.48,32.84
2009-03-01,2.44,1.87,2.95
2009-04-01,0.83,-2.39,7.17
2009-05-01,-3.31,-7.52,5.35
2009-06-01,-2.57,3.05,-11.43
2009-07-01,0.0,-1.38,1.43
2009-08-01,-0.63,3.4,-8.48
2009-09-01,-8.96,-6.96,-14.29
2009-10-01,3.47,9.36,-7.66
2009-11-01,13.14,7.79,27.8
2009-12-01,-11.14,-13.05,-9.92
2010-01-01,-8.13,-9.13,-5.93
2010-02-01,-2.76,1.79,-7.66
2010-03-01,-5.22,7.68,-33.66
2010-04-01,16.06,13.24,25.0
2010-05-01,-4.75,-6.83,5.29
2010-06-01,27.35,32.05,12.85
2010-07-01,-36.02,-31.29,-53.47
2010-08-01,3.5,0.64,20.21
2010-09-01,6.76,2.33,21.24
2010-10-01,-4.27,-1.03,-13.14
2010-11-01,-8.76,-9.81,-3.36
2010-12-01,2.36,5.09,-13.04
2011-01-01,-7.96,-6.83,-9.0
2011-02-01,18.27,13.71,38.46
2011-03-01,-3.9,-23.49,70.63
2011-04-01,-7.11,17.66,-53.95
2011-05-01,0.0,2.31,2.02
2011-06-01,5.46,2.26,8.91
2011-07-01,9.5,7.73,25.45
2011-08-01,-3.15,-1.84,-5.07
2011-09-01,-1.79,-11.06,27.48
2011-10-01,-6.14,2.82,-26.95
2011-11-01,3.36,5.48,-3.28
2011-12-01,4.27,0.0,17.8
2012-01-01,-10.66,-15.15,4.32
2012-02-01,2.94,7.4,-6.21
2012-03-01,3.74,3.09,0.0
2012-04-01,15.29,13.82,27.94
2012-05-01,-6.71,-3.85,-22.99
2012-06-01,-0.16,1.47,-5.22
2012-07-01,8.16,-1.66,51.97
2012-08-01,1.18,3.8,-5.18
2012-09-01,-4.68,4.07,-26.23
2012-10-01,11.96,2.54,48.15
2012-11-01,-8.49,-2.29,-27.0
2012-12-01,1.35,2.34,-1.37
2013-01-01,5.47,5.9,3.47
2013-02-01,2.1,3.96,-3.36
2013-03-01,11.93,4.5,43.75
2013-04-01,-12.75,-13.25,-12.56
2013-05-01,-0.56,4.77,-17.68
2013-06-01,3.95,-3.1,28.19
2013-07-01,6.52,8.65,3.66
2013-08-01,-2.42,-1.21,-4.55
2013-09-01,1.44,1.05,1.06
2013-10-01,3.22,4.68,-3.14
2013-11-01,4.74,-0.5,22.16
2013-12-01,-7.27,-6.82,-9.73
2014-01-01,7.71,6.61,11.27
2014-02-01,4.53,5.36,4.85
2014-03-01,1.94,0.0,5.46
2014-04-01,-6.61,-4.93,-7.57
2014-05-01,6.83,4.01,10.78
2014-06-01,-10.21,-6.59,-16.73
2014-07-01,4.88,8.43,-5.14
2014-08-01,8.22,-3.65,43.35
2014-09-01,7.38,5.77,12.03
2014-10-01,-5.64,-3.74,-9.51
2014-11-01,-6.2,0.32,-22.03
2014-12-01,10.66,6.45,25.22
2015-01-01,-0.1,-0.3,0.35
2015-02-01,-9.54,-8.66,-15.57
2015-03-01,-9.5,-3.99,-20.9
2015-04-01,28.17,19.24,55.44
2015-05-01,1.1,-6.83,21.33
2015-06-01,-4.94,-1.09,-12.36
2015-07-01,2.7,0.47,6.58
2015-08-01,-1.42,3.45,-9.71
2015-09-01,6.78,0.61,20.2
2015-10-01,-5.29,-2.71,-10.3
2015-11-01,1.52,0.62,1.51
2015-12-01,2.3,9.24,-9.23
2016-01-01,3.23,-5.36,20.66
2016-02-01,-1.8,9.39,-23.64
2016-03-01,-3.28,-3.54,2.14
2016-04-01,-5.78,-0.28,-19.86
2016-05-01,5.82,2.12,17.83
2016-06-01,10.9,4.58,27.68
2016-07-01,-3.34,-1.59,-6.65
2016-08-01,-1.68,0.4,-6.81
2016-09-01,-1.8,-0.81,-6.31
2016-10-01,3.38,3.65,5.32
2016-11-01,16.26,3.13,48.82
2016-12-01,-11.5,-2.28,-27.15
2017-01-01,-1.82,2.33,-10.87
2017-02-01,6.2,-5.82,35.19
2017-03-01,-0.09,4.84,-9.54
2017-04-01,-6.8,-1.92,-19.37
2017-05-01,9.45,4.58,26.86
2017-06-01,5.64,1.25,15.32
2017-07-01,-5.1,3.83,-21.5
2017-08-01,-5.63,-11.3,10.15
2017-09-01,0.54,6.43,-12.85
2017-10-01,7.46,2.64,19.87
2017-11-01,-1.17,-0.86,-4.01
2017-12-01,1.52,4.58,-4.74
2018-01-01,0.67,0.59,1.46
2018-02-01,6.62,1.53,20.46
2018-03-01,-8.31,-3.71,-18.9
2018-04-01,3.64,-6.14,27.43
2018-05-01,3.1,13.59,-15.74
2018-06-01,-3.96,-3.5,-3.85
2018-07-01,-5.12,-5.15,-4.57
2018-08-01,9.74,17.51,-8.98
2018-09-01,-5.94,-10.28,6.25
2018-10-01,-5.48,-1.64,-15.79
2018-11-01,0.8,-4.64,16.54
2018-12-01,-6.9,-3.74,-14.51
2019-01-01,18.42,18.13,22.51
2019-02-01,4.57,-14.25,51.81
2019-03-01,0.69,19.05,-26.79
2019-04-01,-0.38,-2.04,4.07
2019-05-01,-6.65,-2.41,-14.84
2019-06-01,-3.52,-1.57,-11.01
2019-07-01,3.14,3.42,2.75
2019-08-01,8.07,5.41,16.05
2019-09-01,-12.11,-9.11,-18.44
2019-10-01,11.7,9.56,17.31
2019-11-01,-1.78,0.53,-9.64
2019-12-01,3.32,-5.33,32.0
2020-01-01,0.0,-1.1,1.52
2020-02-01,-5.43,5.25,-28.86
2020-03-01,0.0,-6.9,23.08
2020-04-01,-4.53,-1.94,-11.36
2020-05-01,-0.59,-3.02,4.49
2020-06-01,4.68,10.91,-8.28
2020-07-01,6.51,2.59,17.39
2020-08-01,-3.51,-4.11,-2.28
2020-09-01,13.78,2.2,44.31
2020-10-01,-2.92,-0.54,-8.28
2020-11-01,-9.61,0.65,-29.52
2020-12-01,8.96,1.61,29.69
2021-01-01,0.36,10.78,-21.45
2021-02-01,-5.8,-7.63,-1.53
2021-03-01,10.47,2.79,35.2
2021-04-01,-2.23,-1.61,-2.76
2021-05-01,-4.7,-1.23,-13.51
2021-06-01,-4.26,-6.0,-0.27
2021-07-01,6.64,3.85,12.09
2021-08-01,-2.64,1.69,-11.03
2021-09-01,-7.3,-1.67,-22.59
2021-10-01,5.52,2.12,14.23
2021-11-01,7.46,-1.45,36.45
2021-12-01,-4.72,7.26,-30.14
2022-01-01,-3.46,-6.08,2.94
2022-02-01,4.44,8.67,-6.67
2022-03-01,-1.04,-0.87,-2.72
2022-04-01,1.2,-2.62,13.64
2022-05-01,6.18,4.28,15.38
2022-06-01,-4.06,-4.87,-2.13
2022-07-01,3.8,0.6,12.81
2022-08-01,-3.8,2.89,-20.53
2022-09-01,4.83,2.13,14.89
2022-10-01,-2.44,-5.41,1.59
2022-11-01,11.02,10.74,14.32
2022-12-01,-10.05,-9.43,-12.76
2023-01-01,-0.43,3.9,-10.18
2023-02-01,10.5,-2.5,50.58
2023-03-01,-2.67,1.19,-11.39
2023-04-01,-4.68,-5.37,-4.58
2023-05-01,5.47,3.61,10.05
2023-06-01,-2.59,-0.9,-4.15
2023-07-01,-7.65,1.21,-27.49
2023-08-01,0.81,-5.56,19.7
2023-09-01,7.92,5.15,15.21
2023-10-01,-5.23,0.4,-18.4
2023-11-01,4.73,-4.18,27.59
2023-12-01,7.88,8.32,8.32
2024-01-01,-4.76,-13.82,11.9
2024-02-01,11.6,17.93,3.26
2024-03-01,-11.17,-11.71,-12.62
2024-04-01,11.77,20.96,-1.9
2024-05-01,-6.08,-9.28,1.16
2024-06-01,10.89,4.78,21.84
2024-07-01,-5.55,1.21,-14.94
2024-08-01,7.34,-5.15,30.31
2024-09-01,-4.79,-1.74,-8.51
2024-10-01,-2.09,-2.47,-2.02
2024-11-01,-1.1,2.83,-7.75
2024-12-01,-5.62,-8.75,-1.54
2025-01-01,8.12,8.08,9.76
2025-02-01,-5.21,1.89,-15.87
2025-03-01,0.06,2.54,-6.23
2025-04-01,-5.81,-8.02,0.6
2025-05-01,4.54,9.54,-6.4
2025-06-01,-10.18,-12.88,-5.56
2025-07-01,5.05,9.35,0.0
2025-08-01,6.94,5.77,7.01
2025-09-01,-11.83,-11.28,-12.68
2025-10-01,4.23,8.9,-5.81
2025-11-01,2.31,-1.46,11.83
2025-12-01,-0.41,-3.26,5.29
2026-01-01,4.8,-1.02,16.16
