date,Median Household Income (current $) Period Chg,Real Median Household Income (2024 $) Period Chg,Average Hourly Earnings (Total Private) Period Chg,Real Disposable Personal Income Per Capita Period Chg
1959-02-01,,,,0.17
1959-03-01,,,,0.44
1959-04-01,,,,0.52
1959-05-01,,,,0.42
1959-06-01,,,,0.2
1959-07-01,,,,-0.3
1959-08-01,,,,-0.74
1959-09-01,,,,-0.12
1959-10-01,,,,-0.08
1959-11-01,,,,0.58
1959-12-01,,,,0.84
1960-01-01,,,,-0.01
1960-02-01,,,,-0.21
1960-03-01,,,,-0.1
1960-04-01,,,,0.19
1960-05-01,,,,0.03
1960-06-01,,,,-0.09
1960-07-01,,,,0.0
1960-08-01,,,,-0.39
1960-09-01,,,,0.0
1960-10-01,,,,0.24
1960-11-01,,,,-0.54
1960-12-01,,,,-0.56
1961-01-01,,,,0.87
1961-02-01,,,,0.3
1961-03-01,,,,0.29
1961-04-01,,,,0.07
1961-05-01,,,,0.68
1961-06-01,,,,0.9
1961-07-01,,,,0.2
1961-08-01,,,,-0.14
1961-09-01,,,,-0.07
1961-10-01,,,,0.91
1961-11-01,,,,0.79
1961-12-01,,,,0.49
1962-01-01,,,,-0.37
1962-02-01,,,,0.34
1962-03-01,,,,0.55
1962-04-01,,,,0.33
1962-05-01,,,,-0.06
1962-06-01,,,,-0.11
1962-07-01,,,,0.31
1962-08-01,,,,-0.05
1962-09-01,,,,-0.11
1962-10-01,,,,0.36
1962-11-01,,,,0.15
1962-12-01,,,,0.35
1963-01-01,,,,0.61
1963-02-01,,,,-0.69
1963-03-01,,,,0.32
1963-04-01,,,,0.3
1963-05-01,,,,0.27
1963-06-01,,,,0.38
1963-07-01,,,,-0.01
1963-08-01,,,,0.26
1963-09-01,,,,0.6
1963-10-01,,,,0.45
1963-11-01,,,,0.09
1963-12-01,,,,0.7
1964-01-01,,,,0.23
1964-02-01,,,,0.22
1964-03-01,,,,2.27
1964-04-01,,,,0.44
1964-05-01,,,,0.42
1964-06-01,,,,0.21
1964-07-01,,,,0.35
1964-08-01,,,,0.31
1964-09-01,,,,0.27
1964-10-01,,,,-0.15
1964-11-01,,,,0.54
1964-12-01,,,,0.86
1965-01-01,,,,0.1
1965-02-01,,,,-0.06
1965-03-01,,,,0.25
1965-04-01,,,,0.02
1965-05-01,,,,1.0
1965-06-01,,,,0.04
1965-07-01,,,,0.93
1965-08-01,,,,0.38
1965-09-01,,,,2.49
1965-10-01,,,,-0.6
1965-11-01,,,,0.61
1965-12-01,,,,0.32
1966-01-01,,,,-0.01
1966-02-01,,,,0.34
1966-03-01,,,,0.31
1966-04-01,,,,-0.47
1966-05-01,,,,0.06
1966-06-01,,,,0.32
1966-07-01,,,,0.25
1966-08-01,,,,0.4
1966-09-01,,,,0.48
1966-10-01,,,,0.22
1966-11-01,,,,0.36
1966-12-01,,,,-0.17
1967-01-01,,,,0.95
1967-02-01,,,,0.12
1967-03-01,,,,0.67
1967-04-01,,,,-0.12
1967-05-01,,,,0.12
1967-06-01,,,,0.28
1967-07-01,,,,0.3
1967-08-01,,,,0.26
1967-09-01,,,,-0.12
1967-10-01,,,,0.06
1967-11-01,,,,0.52
1967-12-01,,,,0.1
1968-01-01,,,,0.47
1968-02-01,,,,0.66
1968-03-01,,,,0.87
1968-04-01,,,,0.27
1968-05-01,,,,0.33
1968-06-01,,,,0.37
1968-07-01,,,,-0.3
1968-08-01,,,,0.03
1968-09-01,,,,-0.08
1968-10-01,,,,0.26
1968-11-01,,,,0.29
1968-12-01,,,,0.27
1969-01-01,,,,-0.25
1969-02-01,,,,-0.04
1969-03-01,,,,0.11
1969-04-01,,,,-0.22
1969-05-01,,,,1.05
1969-06-01,,,,0.62
1969-07-01,,,,0.61
1969-08-01,,,,0.51
1969-09-01,,,,0.12
1969-10-01,,,,0.14
1969-11-01,,,,0.08
1969-12-01,,,,0.09
1970-01-01,,,,0.45
1970-02-01,,,,0.24
1970-03-01,,,,0.3
1970-04-01,,,,0.95
1970-05-01,,,,-0.51
1970-06-01,,,,0.1
1970-07-01,,,,1.3
1970-08-01,,,,0.2
1970-09-01,,,,-0.23
1970-10-01,,,,-0.44
1970-11-01,,,,-0.26
1970-12-01,,,,0.35
1971-01-01,,,,1.43
1971-02-01,,,,0.04
1971-03-01,,,,0.23
1971-04-01,,,,0.11
1971-05-01,,,,0.31
1971-06-01,,,,2.02
1971-07-01,,,,-1.52
1971-08-01,,,,0.24
1971-09-01,,,,0.48
1971-10-01,,,,0.22
1971-11-01,,,,0.14
1971-12-01,,,,0.42
1972-01-01,,,,-0.58
1972-02-01,,,,0.54
1972-03-01,,,,0.34
1972-04-01,,,,-0.13
1972-05-01,,,,0.66
1972-06-01,,,,0.23
1972-07-01,,,,0.64
1972-08-01,,,,0.83
1972-09-01,,,,0.29
1972-10-01,,,,2.42
1972-11-01,,,,1.03
1972-12-01,,,,0.37
1973-01-01,,,,-0.59
1973-02-01,,,,0.68
1973-03-01,,,,0.29
1973-04-01,,,,0.05
1973-05-01,,,,0.11
1973-06-01,,,,0.22
1973-07-01,,,,0.16
1973-08-01,,,,-0.41
1973-09-01,,,,0.42
1973-10-01,,,,0.8
1973-11-01,,,,0.08
1973-12-01,,,,-0.44
1974-01-01,,,,-0.8
1974-02-01,,,,-0.82
1974-03-01,,,,-0.78
1974-04-01,,,,-0.14
1974-05-01,,,,-0.17
1974-06-01,,,,-0.28
1974-07-01,,,,0.3
1974-08-01,,,,-0.23
1974-09-01,,,,-0.2
1974-10-01,,,,0.24
1974-11-01,,,,-0.61
1974-12-01,,,,-0.06
1975-01-01,,,,-0.12
1975-02-01,,,,0.0
1975-03-01,,,,0.02
1975-04-01,,,,1.75
1975-05-01,,,,5.67
1975-06-01,,,,-3.46
1975-07-01,,,,-1.64
1975-08-01,,,,0.57
1975-09-01,,,,0.16
1975-10-01,,,,0.33
1975-11-01,,,,-0.15
1975-12-01,,,,0.02
1976-01-01,,,,0.58
1976-02-01,,,,0.55
1976-03-01,,,,0.23
1976-04-01,,,,0.06
1976-05-01,,,,-0.07
1976-06-01,,,,0.01
1976-07-01,,,,0.49
1976-08-01,,,,0.11
1976-09-01,,,,-0.07
1976-10-01,,,,-0.26
1976-11-01,,,,0.81
1976-12-01,,,,0.3
1977-01-01,,,,-0.28
1977-02-01,,,,-0.96
1977-03-01,,,,1.32
1977-04-01,,,,0.07
1977-05-01,,,,-0.06
1977-06-01,,,,0.33
1977-07-01,,,,0.55
1977-08-01,,,,0.3
1977-09-01,,,,0.44
1977-10-01,,,,0.63
1977-11-01,,,,0.71
1977-12-01,,,,0.33
1978-01-01,,,,-0.51
1978-02-01,,,,0.53
1978-03-01,,,,0.75
1978-04-01,,,,0.26
1978-05-01,,,,-0.15
1978-06-01,,,,-0.09
1978-07-01,,,,0.41
1978-08-01,,,,0.32
1978-09-01,,,,-0.07
1978-10-01,,,,0.17
1978-11-01,,,,0.0
1978-12-01,,,,0.41
1979-01-01,,,,0.39
1979-02-01,,,,0.33
1979-03-01,,,,0.18
1979-04-01,,,,-0.9
1979-05-01,,,,-0.55
1979-06-01,,,,-0.35
1979-07-01,,,,0.63
1979-08-01,,,,0.03
1979-09-01,,,,-0.19
1979-10-01,,,,-0.15
1979-11-01,,,,0.18
1979-12-01,,,,0.12
1980-01-01,,,,0.61
1980-02-01,,,,-0.62
1980-03-01,,,,-0.71
1980-04-01,,,,-0.19
1980-05-01,,,,-0.47
1980-06-01,,,,0.11
1980-07-01,,,,0.77
1980-08-01,,,,-0.0
1980-09-01,,,,0.32
1980-10-01,,,,0.68
1980-11-01,,,,0.06
1980-12-01,,,,0.38
1981-01-01,,,,-0.47
1981-02-01,,,,-0.38
1981-03-01,,,,0.2
1981-04-01,,,,-0.37
1981-05-01,,,,0.1
1981-06-01,,,,0.45
1981-07-01,,,,1.48
1981-08-01,,,,0.19
1981-09-01,,,,-0.28
1981-10-01,,,,0.02
1981-11-01,,,,-0.03
1981-12-01,,,,-0.21
1982-01-01,,,,0.06
1982-02-01,,,,0.21
1982-03-01,,,,-0.09
1982-04-01,,,,0.93
1982-05-01,,,,-0.49
1982-06-01,,,,-0.62
1982-07-01,,,,0.83
1982-08-01,,,,0.07
1982-09-01,,,,-0.12
1982-10-01,,,,-0.18
1982-11-01,,,,0.33
1982-12-01,,,,0.42
1983-01-01,,,,0.28
1983-02-01,,,,-0.02
1983-03-01,,,,0.41
1983-04-01,,,,0.15
1983-05-01,,,,0.13
1983-06-01,,,,-0.0
1983-07-01,,,,1.18
1983-08-01,,,,-0.28
1983-09-01,,,,0.63
1983-10-01,,,,0.8
1983-11-01,,,,0.78
1983-12-01,,,,0.81
1984-01-01,,,,0.38
1984-02-01,,,,0.51
1984-03-01,,,,0.57
1984-04-01,,,,0.61
1984-05-01,,,,0.08
1984-06-01,,,,0.58
1984-07-01,,,,0.04
1984-08-01,,,,0.59
1984-09-01,,,,0.62
1984-10-01,,,,-0.45
1984-11-01,,,,0.37
1984-12-01,,,,0.55
1985-01-01,5.35,1.9,,-0.09
1985-02-01,,,,-0.97
1985-03-01,,,,-0.51
1985-04-01,,,,1.61
1985-05-01,,,,2.38
1985-06-01,,,,-2.17
1985-07-01,,,,0.14
1985-08-01,,,,-0.15
1985-09-01,,,,0.35
1985-10-01,,,,0.43
1985-11-01,,,,0.09
1985-12-01,,,,0.54
1986-01-01,5.42,3.7,,0.13
1986-02-01,,,,0.46
1986-03-01,,,,0.96
1986-04-01,,,,0.3
1986-05-01,,,,0.01
1986-06-01,,,,-0.17
1986-07-01,,,,0.42
1986-08-01,,,,0.03
1986-09-01,,,,-0.03
1986-10-01,,,,-0.19
1986-11-01,,,,-0.06
1986-12-01,,,,0.04
1987-01-01,4.66,1.25,,0.25
1987-02-01,,,,0.41
1987-03-01,,,,0.02
1987-04-01,,,,-3.87
1987-05-01,,,,3.98
1987-06-01,,,,-0.22
1987-07-01,,,,0.2
1987-08-01,,,,0.34
1987-09-01,,,,-0.07
1987-10-01,,,,0.58
1987-11-01,,,,0.36
1987-12-01,,,,0.88
1988-01-01,4.49,0.74,,0.21
1988-02-01,,,,0.58
1988-03-01,,,,0.39
1988-04-01,,,,0.31
1988-05-01,,,,0.1
1988-06-01,,,,0.31
1988-07-01,,,,0.34
1988-08-01,,,,0.2
1988-09-01,,,,0.11
1988-10-01,,,,0.45
1988-11-01,,,,-0.05
1988-12-01,,,,0.41
1989-01-01,6.17,1.7,,0.34
1989-02-01,,,,0.21
1989-03-01,,,,0.42
1989-04-01,,,,-0.6
1989-05-01,,,,-0.55
1989-06-01,,,,0.19
1989-07-01,,,,0.25
1989-08-01,,,,0.17
1989-09-01,,,,0.2
1989-10-01,,,,0.41
1989-11-01,,,,0.02
1989-12-01,,,,-0.07
1990-01-01,3.56,-1.21,,0.53
1990-02-01,,,,0.15
1990-03-01,,,,-0.05
1990-04-01,,,,0.54
1990-05-01,,,,-0.21
1990-06-01,,,,0.04
1990-07-01,,,,0.24
1990-08-01,,,,-0.74
1990-09-01,,,,-0.15
1990-10-01,,,,-0.92
1990-11-01,,,,-0.07
1990-12-01,,,,0.49
1991-01-01,0.63,-2.92,,-0.36
1991-02-01,,,,0.06
1991-03-01,,,,0.07
1991-04-01,,,,0.29
1991-05-01,,,,-0.09
1991-06-01,,,,0.4
1991-07-01,,,,-0.32
1991-08-01,,,,0.1
1991-09-01,,,,0.14
1991-10-01,,,,0.02
1991-11-01,,,,0.04
1991-12-01,,,,0.79
1992-01-01,1.69,-0.82,,0.86
1992-02-01,,,,0.34
1992-03-01,,,,-0.02
1992-04-01,,,,0.17
1992-05-01,,,,0.35
1992-06-01,,,,0.29
1992-07-01,,,,-0.2
1992-08-01,,,,0.22
1992-09-01,,,,-0.59
1992-10-01,,,,-0.76
1992-11-01,,,,0.04
1992-12-01,,,,3.46
1993-01-01,1.96,-0.49,,-2.28
1993-02-01,,,,0.39
1993-03-01,,,,-0.4
1993-04-01,,,,0.42
1993-05-01,,,,-0.25
1993-06-01,,,,-0.3
1993-07-01,,,,0.14
1993-08-01,,,,0.03
1993-09-01,,,,-0.39
1993-10-01,,,,-0.59
1993-11-01,,,,0.18
1993-12-01,,,,3.31
1994-01-01,3.27,1.07,,-1.96
1994-02-01,,,,0.1
1994-03-01,,,,0.23
1994-04-01,,,,-0.1
1994-05-01,,,,1.06
1994-06-01,,,,-0.27
1994-07-01,,,,-0.02
1994-08-01,,,,0.01
1994-09-01,,,,0.33
1994-10-01,,,,0.84
1994-11-01,,,,-0.1
1994-12-01,,,,0.36
1995-01-01,5.64,3.17,,0.23
1995-02-01,,,,0.11
1995-03-01,,,,0.18
1995-04-01,,,,-0.83
1995-05-01,,,,0.91
1995-06-01,,,,0.19
1995-07-01,,,,0.11
1995-08-01,,,,-0.05
1995-09-01,,,,0.21
1995-10-01,,,,0.0
1995-11-01,,,,0.18
1995-12-01,,,,0.05
1996-01-01,4.14,1.47,,0.05
1996-02-01,,,,0.69
1996-03-01,,,,0.23
1996-04-01,,,,-0.7
1996-05-01,,,,1.16
1996-06-01,,,,0.49
1996-07-01,,,,-0.38
1996-08-01,,,,0.13
1996-09-01,,,,0.11
1996-10-01,,,,-0.12
1996-11-01,,,,0.16
1996-12-01,,,,0.24
1997-01-01,4.28,2.08,,0.19
1997-02-01,,,,0.18
1997-03-01,,,,0.37
1997-04-01,,,,-0.03
1997-05-01,,,,0.33
1997-06-01,,,,0.21
1997-07-01,,,,0.27
1997-08-01,,,,0.4
1997-09-01,,,,0.15
1997-10-01,,,,0.39
1997-11-01,,,,0.56
1997-12-01,,,,0.49
1998-01-01,5.08,3.66,,0.79
1998-02-01,,,,0.57
1998-03-01,,,,0.5
1998-04-01,,,,0.23
1998-05-01,,,,0.32
1998-06-01,,,,0.47
1998-07-01,,,,0.07
1998-08-01,,,,0.21
1998-09-01,,,,0.18
1998-10-01,,,,0.03
1998-11-01,,,,0.3
1998-12-01,,,,0.09
1999-01-01,4.65,2.54,,0.47
1999-02-01,,,,0.26
1999-03-01,,,,0.0
1999-04-01,,,,-0.42
1999-05-01,,,,0.07
1999-06-01,,,,0.24
1999-07-01,,,,0.08
1999-08-01,,,,0.31
1999-09-01,,,,-0.24
1999-10-01,,,,0.44
1999-11-01,,,,0.55
1999-12-01,,,,0.69
2000-01-01,3.17,-0.26,,0.57
2000-02-01,,,,0.31
2000-03-01,,,,0.18
2000-04-01,,,,0.42
2000-05-01,,,,0.33
2000-06-01,,,,0.19
2000-07-01,,,,0.45
2000-08-01,,,,0.53
2000-09-01,,,,0.03
2000-10-01,,,,0.2
2000-11-01,,,,-0.04
2000-12-01,,,,0.12
2001-01-01,0.57,-1.64,,0.39
2001-02-01,,,,0.04
2001-03-01,,,,0.23
2001-04-01,,,,-0.29
2001-05-01,,,,-0.26
2001-06-01,,,,-0.05
2001-07-01,,,,1.41
2001-08-01,,,,1.57
2001-09-01,,,,-0.94
2001-10-01,,,,-1.86
2001-11-01,,,,0.04
2001-12-01,,,,0.11
2002-01-01,0.43,-0.81,,2.02
2002-02-01,,,,0.09
2002-03-01,,,,0.0
2002-04-01,,,,0.26
2002-05-01,,,,0.32
2002-06-01,,,,0.21
2002-07-01,,,,-0.34
2002-08-01,,,,-0.07
2002-09-01,,,,0.01
2002-10-01,,,,0.18
2002-11-01,,,,0.2
2002-12-01,,,,0.2
2003-01-01,2.15,0.06,,-0.16
2003-02-01,,,,-0.41
2003-03-01,,,,0.14
2003-04-01,,,,0.45
2003-05-01,,,,0.66
2003-06-01,,,,0.18
2003-07-01,,,,1.12
2003-08-01,,,,0.6
2003-09-01,,,,-1.22
2003-10-01,,,,0.3
2003-11-01,,,,0.53
2003-12-01,,,,0.01
2004-01-01,2.33,-0.16,,-0.12
2004-02-01,,,,0.12
2004-03-01,,,,0.34
2004-04-01,,,,0.26
2004-05-01,,,,0.42
2004-06-01,,,,-0.02
2004-07-01,,,,0.14
2004-08-01,,,,0.22
2004-09-01,,,,-0.04
2004-10-01,,,,-0.06
2004-11-01,,,,-0.4
2004-12-01,,,,3.59
2005-01-01,4.51,1.56,,-3.78
2005-02-01,,,,-0.04
2005-03-01,,,,0.29
2005-04-01,,,,0.24
2005-05-01,,,,0.35
2005-06-01,,,,0.12
2005-07-01,,,,0.02
2005-08-01,,,,0.07
2005-09-01,,,,-0.44
2005-10-01,,,,0.47
2005-11-01,,,,0.55
2005-12-01,,,,0.23
2006-01-01,4.04,1.11,,0.94
2006-02-01,,,,0.37
2006-03-01,,,,0.31
2006-04-01,,,0.65,-0.1
2006-05-01,,,-0.2,-0.14
2006-06-01,,,0.45,0.05
2006-07-01,,,0.35,-0.13
2006-08-01,,,0.15,-0.17
2006-09-01,,,0.39,0.45
2006-10-01,,,0.1,0.37
2006-11-01,,,0.34,0.33
2006-12-01,,,0.44,0.4
2007-01-01,4.21,1.61,0.05,-0.09
2007-02-01,,,0.44,0.26
2007-03-01,,,0.19,0.25
2007-04-01,,,0.34,0.07
2007-05-01,,,0.24,-0.02
2007-06-01,,,0.53,-0.14
2007-07-01,,,-0.05,0.02
2007-08-01,,,0.29,-0.05
2007-09-01,,,0.19,0.07
2007-10-01,,,0.1,-0.16
2007-11-01,,,0.28,-0.17
2007-12-01,,,0.19,0.34
2008-01-01,0.14,-3.41,0.14,0.07
2008-02-01,,,0.38,-0.03
2008-03-01,,,0.42,-0.04
2008-04-01,,,0.09,-0.44
2008-05-01,,,0.42,4.84
2008-06-01,,,0.23,-2.59
2008-07-01,,,0.37,-1.6
2008-08-01,,,0.46,-0.64
2008-09-01,,,0.14,0.15
2008-10-01,,,0.14,0.67
2008-11-01,,,0.46,0.79
2008-12-01,,,0.41,-0.53
2009-01-01,-1.03,-0.64,0.05,0.53
2009-02-01,,,0.09,-1.03
2009-03-01,,,0.32,-0.06
2009-04-01,,,0.23,0.56
2009-05-01,,,0.09,1.39
2009-06-01,,,0.09,-1.89
2009-07-01,,,0.18,-0.52
2009-08-01,,,0.23,-0.28
2009-09-01,,,0.18,0.21
2009-10-01,,,0.18,-0.39
2009-11-01,,,0.13,0.18
2009-12-01,,,0.13,0.39
2010-01-01,-1.0,-2.35,0.13,-0.02
2010-02-01,,,0.27,-0.02
2010-03-01,,,0.0,0.33
2010-04-01,,,0.13,0.8
2010-05-01,,,0.09,0.69
2010-06-01,,,0.09,-0.03
2010-07-01,,,0.27,0.01
2010-08-01,,,0.13,0.22
2010-09-01,,,0.22,-0.09
2010-10-01,,,0.26,-0.05
2010-11-01,,,0.0,0.03
2010-12-01,,,0.13,0.54
2011-01-01,1.56,-1.48,0.48,0.41
2011-02-01,,,0.0,0.23
2011-03-01,,,0.0,-0.32
2011-04-01,,,0.17,-0.23
2011-05-01,,,0.26,-0.19
2011-06-01,,,0.13,0.34
2011-07-01,,,0.48,0.31
2011-08-01,,,-0.22,-0.12
2011-09-01,,,0.22,-0.21
2011-10-01,,,0.3,0.01
2011-11-01,,,0.04,-0.13
2011-12-01,,,0.13,0.84
2012-01-01,1.94,-0.01,0.17,0.48
2012-02-01,,,0.09,0.42
2012-03-01,,,0.34,0.23
2012-04-01,,,0.13,0.32
2012-05-01,,,0.09,-0.09
2012-06-01,,,0.21,-0.18
2012-07-01,,,0.13,-0.81
2012-08-01,,,-0.04,-0.37
2012-09-01,,,0.38,0.63
2012-10-01,,,-0.04,0.61
2012-11-01,,,0.3,1.26
2012-12-01,,,0.38,2.39
2013-01-01,5.04,3.78,0.08,-5.89
2013-02-01,,,0.17,-0.29
2013-03-01,,,0.08,0.24
2013-04-01,,,0.29,0.27
2013-05-01,,,0.08,0.41
2013-06-01,,,0.29,-0.05
2013-07-01,,,0.08,-0.18
2013-08-01,,,0.17,0.14
2013-09-01,,,0.17,0.37
2013-10-01,,,0.12,-0.48
2013-11-01,,,0.29,0.12
2013-12-01,,,0.08,0.09
2014-01-01,0.13,-1.27,0.17,0.4
2014-02-01,,,0.45,0.47
2014-03-01,,,-0.08,0.49
2014-04-01,,,0.12,0.32
2014-05-01,,,0.25,0.26
2014-06-01,,,0.25,0.29
2014-07-01,,,0.08,0.12
2014-08-01,,,0.25,0.36
2014-09-01,,,0.08,0.22
2014-10-01,,,0.12,0.4
2014-11-01,,,0.28,0.48
2014-12-01,,,-0.12,0.63
2015-01-01,5.33,5.4,0.45,0.52
2015-02-01,,,0.2,0.31
2015-03-01,,,0.24,-0.32
2015-04-01,,,0.16,0.16
2015-05-01,,,0.32,0.11
2015-06-01,,,0.0,-0.01
2015-07-01,,,0.16,0.16
2015-08-01,,,0.36,0.14
2015-09-01,,,0.04,0.19
2015-10-01,,,0.36,0.1
2015-11-01,,,0.2,-0.09
2015-12-01,,,0.0,0.41
2016-01-01,4.46,3.56,0.48,0.37
2016-02-01,,,0.04,0.05
2016-03-01,,,0.28,-0.06
2016-04-01,,,0.31,-0.27
2016-05-01,,,0.2,-0.14
2016-06-01,,,0.16,0.0
2016-07-01,,,0.27,0.32
2016-08-01,,,0.08,0.05
2016-09-01,,,0.23,0.16
2016-10-01,,,0.5,0.12
2016-11-01,,,0.0,0.21
2016-12-01,,,0.12,0.23
2017-01-01,3.56,1.76,0.27,0.37
2017-02-01,,,0.27,0.25
2017-03-01,,,0.15,0.37
2017-04-01,,,0.27,0.18
2017-05-01,,,0.11,0.64
2017-06-01,,,0.19,-0.0
2017-07-01,,,0.34,0.22
2017-08-01,,,0.08,0.06
2017-09-01,,,0.46,0.13
2017-10-01,,,0.04,0.23
2017-11-01,,,0.15,0.1
2017-12-01,,,0.34,0.14
2018-01-01,3.34,1.29,0.34,0.56
2018-02-01,,,0.07,0.2
2018-03-01,,,0.41,0.32
2018-04-01,,,0.22,0.17
2018-05-01,,,0.26,0.29
2018-06-01,,,0.19,0.36
2018-07-01,,,0.26,0.38
2018-08-01,,,0.41,0.3
2018-09-01,,,0.4,-0.06
2018-10-01,,,0.18,0.19
2018-11-01,,,0.26,0.22
2018-12-01,,,0.44,1.21
2019-01-01,8.74,7.16,0.11,0.16
2019-02-01,,,0.36,0.13
2019-03-01,,,0.29,0.0
2019-04-01,,,0.07,-0.24
2019-05-01,,,0.32,-0.05
2019-06-01,,,0.32,0.14
2019-07-01,,,0.21,0.07
2019-08-01,,,0.39,0.48
2019-09-01,,,0.07,0.16
2019-10-01,,,0.28,0.08
2019-11-01,,,0.35,0.27
2019-12-01,,,0.14,-0.57
2020-01-01,-1.0,-2.02,0.18,0.98
2020-02-01,,,0.39,0.34
2020-03-01,,,0.67,-1.29
2020-04-01,,,4.56,14.7
2020-05-01,,,-1.07,-5.03
2020-06-01,,,-1.14,-0.36
2020-07-01,,,0.03,0.88
2020-08-01,,,0.34,-3.86
2020-09-01,,,0.07,0.53
2020-10-01,,,0.1,-0.38
2020-11-01,,,0.34,-1.17
2020-12-01,,,0.91,0.1
2021-01-01,4.07,-0.38,0.07,10.97
2021-02-01,,,0.4,-8.22
2021-03-01,,,-0.07,22.88
2021-04-01,,,0.63,-15.12
2021-05-01,,,0.63,-2.88
2021-06-01,,,0.43,-0.53
2021-07-01,,,0.39,0.61
2021-08-01,,,0.39,-0.25
2021-09-01,,,0.65,-1.16
2021-10-01,,,0.52,-0.02
2021-11-01,,,0.29,-0.33
2021-12-01,,,0.51,-0.5
2022-01-01,5.37,-2.18,0.67,-2.47
2022-02-01,,,0.13,-0.02
2022-03-01,,,0.51,-0.54
2022-04-01,,,0.5,-0.07
2022-05-01,,,0.44,-0.19
2022-06-01,,,0.28,-0.31
2022-07-01,,,0.47,1.23
2022-08-01,,,0.31,0.52
2022-09-01,,,0.4,0.27
2022-10-01,,,0.4,0.25
2022-11-01,,,0.37,0.09
2022-12-01,,,0.37,0.39
2023-01-01,8.09,4.01,0.24,1.92
2023-02-01,,,0.39,0.48
2023-03-01,,,0.36,0.53
2023-04-01,,,0.48,0.15
2023-05-01,,,0.21,0.29
2023-06-01,,,0.57,0.04
2023-07-01,,,0.47,0.12
2023-08-01,,,0.12,0.06
2023-09-01,,,0.35,-0.05
2023-10-01,,,0.21,0.26
2023-11-01,,,0.26,0.42
2023-12-01,,,0.35,0.24
2024-01-01,3.87,1.26,0.52,0.47
2024-02-01,,,0.15,0.05
2024-03-01,,,0.38,0.04
2024-04-01,,,0.32,0.04
2024-05-01,,,0.37,0.34
2024-06-01,,,0.34,0.13
2024-07-01,,,0.2,-0.11
2024-08-01,,,0.4,0.0
2024-09-01,,,0.34,0.04
2024-10-01,,,0.34,0.18
2024-11-01,,,0.39,0.18
2024-12-01,,,0.25,0.05
2025-01-01,,,0.42,0.09
2025-02-01,,,0.28,0.08
2025-03-01,,,0.47,0.63
2025-04-01,,,0.03,0.54
2025-05-01,,,0.44,-0.88
2025-06-01,,,0.22,-0.15
2025-07-01,,,0.3,0.4
2025-08-01,,,0.41,0.17
2025-09-01,,,0.22,0.07
2025-10-01,,,0.41,-0.2
2025-11-01,,,0.41,0.06
2025-12-01,,,0.05,-0.06
2026-01-01,,,0.35,0.63
2026-02-01,,,0.32,-0.39
2026-03-01,,,0.21,-0.07
2026-04-01,,,0.16,
