date,1-Year Expected Inflation Period Chg,5-Year Expected Inflation Period Chg,10-Year Expected Inflation Period Chg
1982-02-01,0.04,-0.08,-0.12
1982-03-01,-0.04,-0.38,-0.43
1982-04-01,-0.25,0.04,0.07
1982-05-01,-0.65,-0.12,-0.02
1982-06-01,-0.04,-0.06,-0.09
1982-07-01,0.93,0.39,0.31
1982-08-01,-0.01,-0.24,-0.22
1982-09-01,-0.03,-0.02,0.04
1982-10-01,-1.21,-0.5,-0.39
1982-11-01,-0.48,-0.62,-0.62
1982-12-01,-0.08,0.12,0.15
1983-01-01,0.29,-0.1,-0.14
1983-02-01,-0.27,0.09,0.14
1983-03-01,-0.53,-0.3,-0.25
1983-04-01,0.57,0.2,0.13
1983-05-01,-0.01,-0.18,-0.2
1983-06-01,-0.48,0.1,0.18
1983-07-01,0.82,0.23,0.15
1983-08-01,0.23,0.19,0.15
1983-09-01,-0.09,0.06,0.09
1983-10-01,0.01,-0.13,-0.13
1983-11-01,0.09,0.1,0.1
1983-12-01,-0.0,0.02,0.02
1984-01-01,0.05,0.0,-0.03
1984-02-01,-0.19,-0.06,-0.03
1984-03-01,-0.23,0.11,0.14
1984-04-01,0.59,0.21,0.14
1984-05-01,0.04,0.13,0.13
1984-06-01,0.13,0.28,0.29
1984-07-01,0.1,0.03,0.0
1984-08-01,-0.47,-0.36,-0.31
1984-09-01,-0.12,0.01,0.01
1984-10-01,0.31,-0.16,-0.23
1984-11-01,-0.48,-0.28,-0.2
1984-12-01,-0.09,0.0,0.02
1985-01-01,0.03,0.07,0.08
1985-02-01,-0.22,-0.1,-0.07
1985-03-01,0.33,0.25,0.22
1985-04-01,-0.22,-0.23,-0.24
1985-05-01,-0.07,-0.07,-0.04
1985-06-01,0.01,-0.38,-0.39
1985-07-01,-0.31,-0.05,-0.03
1985-08-01,0.02,0.14,0.15
1985-09-01,0.03,-0.08,-0.09
1985-10-01,-0.05,-0.01,-0.01
1985-11-01,-0.14,-0.12,-0.12
1985-12-01,-0.27,-0.16,-0.13
1986-01-01,-0.03,-0.24,-0.23
1986-02-01,-0.0,-0.0,-0.02
1986-03-01,-0.49,-0.4,-0.38
1986-04-01,-0.46,-0.24,-0.18
1986-05-01,-0.17,0.02,0.05
1986-06-01,0.61,0.37,0.32
1986-07-01,0.11,-0.24,-0.26
1986-08-01,-0.19,-0.07,-0.04
1986-09-01,0.02,-0.18,-0.2
1986-10-01,0.07,0.19,0.2
1986-11-01,-0.25,-0.11,-0.08
1986-12-01,0.42,-0.01,-0.08
1987-01-01,-0.16,0.01,0.04
1987-02-01,0.09,0.01,-0.0
1987-03-01,-0.48,-0.17,-0.14
1987-04-01,0.55,0.28,0.24
1987-05-01,0.27,0.36,0.36
1987-06-01,0.07,-0.04,-0.08
1987-07-01,0.03,0.04,0.06
1987-08-01,0.12,0.1,0.08
1987-09-01,0.15,0.11,0.1
1987-10-01,0.11,0.13,0.1
1987-11-01,-0.41,-0.17,-0.08
1987-12-01,0.11,0.09,0.08
1988-01-01,-0.42,-0.09,-0.04
1988-02-01,0.12,-0.31,-0.37
1988-03-01,-0.11,-0.05,-0.04
1988-04-01,0.3,0.24,0.21
1988-05-01,0.12,0.05,0.04
1988-06-01,-0.15,0.05,0.07
1988-07-01,0.32,-0.01,-0.05
1988-08-01,0.09,0.03,0.01
1988-09-01,0.05,0.09,0.08
1988-10-01,-0.04,-0.12,-0.12
1988-11-01,-0.12,-0.07,-0.05
1988-12-01,0.21,0.15,0.12
1989-01-01,0.02,0.15,0.17
1989-02-01,-0.08,-0.1,-0.1
1989-03-01,0.13,0.15,0.14
1989-04-01,0.17,-0.02,-0.06
1989-05-01,0.15,-0.12,-0.17
1989-06-01,-0.47,-0.2,-0.14
1989-07-01,-0.06,-0.22,-0.22
1989-08-01,-0.2,-0.18,-0.16
1989-09-01,-0.11,0.19,0.22
1989-10-01,0.2,0.06,0.03
1989-11-01,-0.23,-0.17,-0.14
1989-12-01,-0.34,-0.07,-0.02
1990-01-01,0.49,0.19,0.13
1990-02-01,0.28,0.2,0.18
1990-03-01,-0.44,-0.06,-0.01
1990-04-01,0.14,0.02,0.0
1990-05-01,0.11,0.17,0.18
1990-06-01,-0.06,-0.19,-0.18
1990-07-01,-0.12,-0.09,-0.09
1990-08-01,0.06,-0.04,-0.04
1990-09-01,0.61,0.3,0.25
1990-10-01,0.27,-0.04,-0.08
1990-11-01,-0.04,-0.03,-0.01
1990-12-01,-0.07,-0.12,-0.12
1991-01-01,-0.81,-0.16,-0.05
1991-02-01,-0.28,-0.1,-0.08
1991-03-01,-0.0,0.13,0.14
1991-04-01,-0.03,-0.09,-0.1
1991-05-01,-0.11,-0.01,0.02
1991-06-01,-0.07,0.07,0.08
1991-07-01,0.27,0.06,0.03
1991-08-01,-0.08,-0.05,-0.04
1991-09-01,-0.19,-0.18,-0.16
1991-10-01,0.01,-0.1,-0.1
1991-11-01,-0.11,-0.05,-0.04
1991-12-01,0.07,-0.05,-0.06
1992-01-01,-0.28,-0.16,-0.13
1992-02-01,0.07,0.2,0.21
1992-03-01,0.25,0.07,0.03
1992-04-01,-0.22,0.0,0.03
1992-05-01,0.04,0.02,0.03
1992-06-01,0.15,-0.06,-0.08
1992-07-01,-0.27,-0.17,-0.14
1992-08-01,-0.17,-0.15,-0.13
1992-09-01,-0.11,-0.11,-0.11
1992-10-01,-0.05,-0.12,-0.12
1992-11-01,0.13,0.26,0.25
1992-12-01,-0.07,0.08,0.09
1993-01-01,0.03,-0.1,-0.11
1993-02-01,-0.13,-0.15,-0.14
1993-03-01,0.06,-0.15,-0.18
1993-04-01,-0.07,0.04,0.05
1993-05-01,-0.09,-0.07,-0.05
1993-06-01,-0.01,0.01,-0.01
1993-07-01,0.01,-0.06,-0.05
1993-08-01,0.01,0.05,0.05
1993-09-01,-0.14,-0.16,-0.15
1993-10-01,0.08,0.01,0.0
1993-11-01,0.04,0.07,0.07
1993-12-01,-0.14,0.04,0.07
1994-01-01,0.19,0.07,0.04
1994-02-01,-0.05,-0.06,-0.05
1994-03-01,0.47,0.28,0.23
1994-04-01,-0.05,0.26,0.28
1994-05-01,0.02,-0.01,-0.02
1994-06-01,0.18,0.06,0.04
1994-07-01,-0.14,0.08,0.11
1994-08-01,0.0,-0.13,-0.16
1994-09-01,-0.04,0.03,0.03
1994-10-01,0.25,0.21,0.19
1994-11-01,0.08,0.11,0.11
1994-12-01,0.33,0.08,0.03
1995-01-01,-0.21,0.02,0.05
1995-02-01,-0.14,-0.11,-0.1
1995-03-01,-0.09,-0.19,-0.19
1995-04-01,-0.01,-0.05,-0.05
1995-05-01,0.0,-0.17,-0.19
1995-06-01,-0.41,-0.36,-0.31
1995-07-01,0.2,0.08,0.07
1995-08-01,0.01,0.09,0.09
1995-09-01,-0.06,-0.06,-0.05
1995-10-01,-0.08,-0.05,-0.05
1995-11-01,-0.15,-0.07,-0.05
1995-12-01,-0.23,-0.19,-0.18
1996-01-01,0.25,0.06,0.04
1996-02-01,-0.08,-0.03,-0.01
1996-03-01,-0.3,0.06,0.1
1996-04-01,0.52,0.21,0.15
1996-05-01,0.11,0.16,0.16
1996-06-01,-0.02,0.09,0.09
1996-07-01,-0.08,-0.1,-0.11
1996-08-01,-0.04,-0.01,0.0
1996-09-01,0.03,0.09,0.09
1996-10-01,0.05,-0.07,-0.08
1996-11-01,-0.08,-0.09,-0.08
1996-12-01,-0.14,-0.15,-0.15
1997-01-01,0.19,0.21,0.2
1997-02-01,-0.03,-0.01,-0.01
1997-03-01,0.1,0.04,0.02
1997-04-01,-0.0,0.11,0.12
1997-05-01,-0.1,-0.08,-0.07
1997-06-01,0.07,-0.01,-0.01
1997-07-01,-0.11,-0.1,-0.1
1997-08-01,-0.12,-0.07,-0.06
1997-09-01,0.04,0.02,0.0
1997-10-01,-0.03,-0.04,-0.03
1997-11-01,-0.06,-0.03,-0.02
1997-12-01,0.0,-0.08,-0.1
1998-01-01,-0.18,-0.07,-0.04
1998-02-01,-0.14,-0.06,-0.04
1998-03-01,0.25,0.07,0.03
1998-04-01,-0.14,-0.04,-0.02
1998-05-01,-0.08,0.03,0.05
1998-06-01,-0.18,-0.07,-0.06
1998-07-01,0.27,0.04,0.01
1998-08-01,-0.02,-0.01,-0.01
1998-09-01,-0.18,-0.19,-0.18
1998-10-01,-0.17,-0.34,-0.33
1998-11-01,-0.01,0.13,0.14
1998-12-01,-0.08,-0.04,-0.04
1999-01-01,0.13,0.09,0.09
1999-02-01,0.02,0.04,0.04
1999-03-01,0.29,0.2,0.16
1999-04-01,-0.01,0.01,0.01
1999-05-01,0.04,0.05,0.05
1999-06-01,-0.4,0.05,0.09
1999-07-01,0.45,0.11,0.07
1999-08-01,0.01,0.05,0.05
1999-09-01,-0.12,0.02,0.04
1999-10-01,0.19,0.06,0.04
1999-11-01,0.11,0.03,0.01
1999-12-01,0.18,0.08,0.07
2000-01-01,-0.08,0.05,0.06
2000-02-01,0.08,0.08,0.07
2000-03-01,0.08,-0.01,-0.02
2000-04-01,-0.08,-0.15,-0.15
2000-05-01,0.15,0.11,0.09
2000-06-01,0.45,0.08,0.05
2000-07-01,-0.67,-0.28,-0.24
2000-08-01,0.04,-0.01,-0.02
2000-09-01,0.05,-0.07,-0.08
2000-10-01,-0.07,-0.03,-0.03
2000-11-01,-0.01,-0.01,-0.01
2000-12-01,0.07,-0.07,-0.08
2001-01-01,-0.51,-0.37,-0.34
2001-02-01,-0.02,0.07,0.11
2001-03-01,-0.49,-0.18,-0.14
2001-04-01,0.42,0.12,0.09
2001-05-01,0.16,0.18,0.18
2001-06-01,0.03,0.07,0.08
2001-07-01,-0.06,-0.04,-0.04
2001-08-01,-0.1,-0.13,-0.12
2001-09-01,0.53,0.11,0.06
2001-10-01,-0.82,-0.31,-0.22
2001-11-01,-0.21,-0.15,-0.13
2001-12-01,0.65,0.3,0.24
2002-01-01,-0.44,0.09,0.15
2002-02-01,-0.14,-0.09,-0.08
2002-03-01,-0.13,-0.02,-0.01
2002-04-01,0.57,0.3,0.25
2002-05-01,0.03,-0.15,-0.16
2002-06-01,-0.28,-0.09,-0.06
2002-07-01,0.01,-0.08,-0.08
2002-08-01,-0.22,-0.27,-0.25
2002-09-01,-0.09,-0.18,-0.18
2002-10-01,-0.04,-0.1,-0.1
2002-11-01,0.03,0.07,0.07
2002-12-01,-0.08,0.12,0.13
2003-01-01,0.13,-0.06,-0.08
2003-02-01,0.03,0.0,0.0
2003-03-01,-0.2,-0.18,-0.17
2003-04-01,0.09,0.05,0.04
2003-05-01,-0.15,-0.02,0.0
2003-06-01,0.45,-0.08,-0.14
2003-07-01,-0.66,-0.08,-0.01
2003-08-01,0.23,0.33,0.32
2003-09-01,0.13,0.12,0.11
2003-10-01,-0.19,-0.3,-0.29
2003-11-01,0.14,0.19,0.18
2003-12-01,0.29,0.1,0.07
2004-01-01,-0.32,-0.08,-0.05
2004-02-01,0.08,-0.03,-0.04
2004-03-01,-0.28,-0.13,-0.1
2004-04-01,0.15,-0.01,-0.02
2004-05-01,0.36,0.33,0.31
2004-06-01,0.36,0.15,0.11
2004-07-01,-0.32,-0.1,-0.07
2004-08-01,0.09,-0.02,-0.03
2004-09-01,0.34,-0.07,-0.12
2004-10-01,-0.53,-0.06,-0.01
2004-11-01,0.06,-0.03,-0.04
2004-12-01,-0.45,-0.01,0.04
2005-01-01,0.39,0.06,0.02
2005-02-01,-0.0,0.01,0.0
2005-03-01,0.2,0.13,0.1
2005-04-01,0.13,0.06,0.05
2005-05-01,0.12,-0.1,-0.12
2005-06-01,-0.22,-0.13,-0.11
2005-07-01,-0.03,0.06,0.06
2005-08-01,0.13,0.13,0.11
2005-09-01,-0.11,-0.11,-0.12
2005-10-01,0.49,0.23,0.2
2005-11-01,0.2,0.06,0.03
2005-12-01,0.18,0.01,-0.01
2006-01-01,-0.82,-0.21,-0.12
2006-02-01,0.11,0.07,0.06
2006-03-01,-0.74,-0.12,-0.04
2006-04-01,0.91,0.25,0.15
2006-05-01,0.2,0.05,0.04
2006-06-01,-0.14,-0.01,0.0
2006-07-01,0.06,0.06,0.06
2006-08-01,0.07,-0.08,-0.1
2006-09-01,-0.22,-0.11,-0.1
2006-10-01,-0.25,-0.06,-0.03
2006-11-01,-0.51,-0.15,-0.11
2006-12-01,0.1,-0.02,-0.03
2007-01-01,0.69,0.24,0.18
2007-02-01,-0.04,0.04,0.05
2007-03-01,0.16,-0.09,-0.12
2007-04-01,-0.08,0.01,0.02
2007-05-01,0.21,0.06,0.05
2007-06-01,0.29,0.17,0.15
2007-07-01,-0.6,-0.1,-0.03
2007-08-01,0.04,-0.13,-0.15
2007-09-01,-0.08,-0.09,-0.08
2007-10-01,-0.28,-0.01,0.04
2007-11-01,0.34,-0.0,-0.07
2007-12-01,-0.09,-0.24,-0.24
2008-01-01,-0.08,0.01,0.03
2008-02-01,-0.17,-0.14,-0.1
2008-03-01,-0.36,-0.16,-0.13
2008-04-01,0.08,0.06,0.06
2008-05-01,0.27,0.23,0.22
2008-06-01,0.44,0.14,0.08
2008-07-01,0.22,0.06,0.04
2008-08-01,0.1,0.01,0.0
2008-09-01,-0.32,-0.16,-0.14
2008-10-01,-1.12,-0.22,-0.1
2008-11-01,-0.82,-0.18,-0.1
2008-12-01,-0.5,-0.47,-0.43
2009-01-01,0.19,0.05,0.04
2009-02-01,-0.09,0.03,0.05
2009-03-01,-0.86,-0.13,-0.04
2009-04-01,1.71,0.24,0.06
2009-05-01,0.07,0.16,0.16
2009-06-01,-0.02,0.14,0.15
2009-07-01,0.28,0.06,0.03
2009-08-01,0.47,0.1,0.05
2009-09-01,0.34,0.01,-0.02
2009-10-01,-0.73,-0.19,-0.11
2009-11-01,0.18,0.08,0.07
2009-12-01,-0.02,-0.11,-0.12
2010-01-01,-0.09,0.16,0.18
2010-02-01,0.04,-0.07,-0.07
2010-03-01,0.24,0.02,-0.01
2010-04-01,-0.38,0.02,0.06
2010-05-01,-0.02,-0.04,-0.04
2010-06-01,-0.21,-0.16,-0.14
2010-07-01,-0.39,-0.19,-0.15
2010-08-01,0.38,0.02,-0.02
2010-09-01,-0.43,-0.17,-0.13
2010-10-01,0.46,0.04,-0.01
2010-11-01,0.03,-0.02,-0.03
2010-12-01,0.1,0.16,0.15
2011-01-01,0.3,0.31,0.27
2011-02-01,0.16,0.04,0.02
2011-03-01,0.15,0.07,0.06
2011-04-01,-0.03,0.04,0.05
2011-05-01,0.22,-0.04,-0.07
2011-06-01,-0.17,-0.15,-0.14
2011-07-01,0.31,0.12,0.09
2011-08-01,-0.92,-0.35,-0.26
2011-09-01,-0.5,-0.22,-0.17
2011-10-01,0.46,0.08,0.03
2011-11-01,0.04,0.02,0.02
2011-12-01,0.21,0.06,0.03
2012-01-01,-0.24,-0.07,-0.04
2012-02-01,0.03,-0.05,-0.06
2012-03-01,-0.14,0.02,0.03
2012-04-01,0.32,0.1,0.07
2012-05-01,-0.1,-0.1,-0.09
2012-06-01,-0.8,-0.22,-0.14
2012-07-01,0.51,0.12,0.07
2012-08-01,0.07,0.01,-0.0
2012-09-01,0.56,0.11,0.05
2012-10-01,-0.32,-0.06,-0.03
2012-11-01,0.05,0.02,0.02
2012-12-01,0.44,0.06,0.01
2013-01-01,-0.79,-0.12,-0.04
2013-02-01,0.05,0.06,0.05
2013-03-01,-0.36,-0.16,-0.13
2013-04-01,0.45,0.1,0.05
2013-05-01,-0.28,-0.08,-0.05
2013-06-01,0.18,0.15,0.14
2013-07-01,-0.35,0.04,0.08
2013-08-01,0.79,0.2,0.12
2013-09-01,0.4,0.15,0.11
2013-10-01,-0.65,-0.21,-0.14
2013-11-01,-0.1,-0.02,-0.01
2013-12-01,0.47,0.12,0.07
2014-01-01,-0.29,0.03,0.06
2014-02-01,-0.05,-0.08,-0.08
2014-03-01,-0.37,-0.06,-0.02
2014-04-01,0.43,0.17,0.13
2014-05-01,0.12,0.01,-0.01
2014-06-01,-0.24,-0.06,-0.04
2014-07-01,0.33,0.09,0.05
2014-08-01,-0.05,-0.0,-0.0
2014-09-01,0.31,0.07,0.03
2014-10-01,-0.51,-0.09,-0.04
2014-11-01,-0.28,-0.08,-0.06
2014-12-01,0.86,0.13,0.04
2015-01-01,-1.27,-0.28,-0.16
2015-02-01,-0.53,-0.22,-0.16
2015-03-01,0.42,0.21,0.17
2015-04-01,0.79,0.09,0.01
2015-05-01,0.11,0.09,0.08
2015-06-01,0.07,0.04,0.03
2015-07-01,0.03,0.06,0.06
2015-08-01,-0.08,-0.07,-0.07
2015-09-01,0.2,0.04,0.02
2015-10-01,-0.62,-0.16,-0.1
2015-11-01,-0.01,0.06,0.06
2015-12-01,0.16,0.03,0.01
2016-01-01,0.01,0.04,0.04
2016-02-01,-0.36,-0.18,-0.14
2016-03-01,-0.33,-0.09,-0.06
2016-04-01,0.91,0.17,0.07
2016-05-01,-0.03,0.03,0.03
2016-06-01,-0.38,-0.06,-0.03
2016-07-01,0.37,-0.05,-0.09
2016-08-01,-0.06,0.01,0.02
2016-09-01,0.47,0.13,0.08
2016-10-01,-0.32,-0.06,-0.02
2016-11-01,0.16,0.07,0.05
2016-12-01,0.39,0.23,0.2
2017-01-01,-0.19,-0.04,-0.03
2017-02-01,-0.16,-0.02,-0.0
2017-03-01,-0.44,-0.08,-0.04
2017-04-01,0.22,-0.0,-0.03
2017-05-01,-0.15,-0.03,-0.02
2017-06-01,-0.61,-0.17,-0.11
2017-07-01,0.75,0.2,0.12
2017-08-01,-0.06,-0.04,-0.03
2017-09-01,0.41,0.07,0.03
2017-10-01,-0.11,0.03,0.05
2017-11-01,0.12,0.04,0.03
2017-12-01,0.75,0.17,0.09
2018-01-01,-0.92,-0.15,-0.05
2018-02-01,0.23,0.14,0.12
2018-03-01,-0.45,-0.14,-0.1
2018-04-01,0.16,0.03,0.01
2018-05-01,0.12,0.12,0.11
2018-06-01,-0.38,-0.08,-0.05
2018-07-01,0.53,0.11,0.05
2018-08-01,0.01,0.04,0.04
2018-09-01,0.28,0.03,-0.0
2018-10-01,-0.2,0.01,0.03
2018-11-01,-0.05,-0.01,-0.01
2018-12-01,-0.19,-0.08,-0.06
2019-01-01,-0.18,-0.15,-0.13
2019-02-01,-0.01,0.01,0.01
2019-03-01,-0.41,-0.31,-0.28
2019-04-01,0.66,0.13,0.06
2019-05-01,0.15,0.07,0.06
2019-06-01,-0.58,-0.22,-0.17
2019-07-01,0.14,0.05,0.04
2019-08-01,-0.03,-0.02,-0.02
2019-09-01,-0.07,-0.1,-0.1
2019-10-01,0.08,0.08,0.08
2019-11-01,-0.03,0.03,0.04
2019-12-01,0.01,0.03,0.04
2020-01-01,0.09,0.03,0.02
2020-02-01,-0.15,-0.13,-0.12
2020-03-01,-0.66,-0.39,-0.35
2020-04-01,-1.04,-0.24,-0.11
2020-05-01,-0.17,-0.02,0.0
2020-06-01,0.73,0.15,0.07
2020-07-01,1.06,0.22,0.12
2020-08-01,0.1,0.0,-0.01
2020-09-01,-0.09,-0.0,0.01
2020-10-01,-0.19,-0.04,-0.01
2020-11-01,0.02,0.04,0.04
2020-12-01,0.23,0.06,0.04
2021-01-01,-0.2,-0.06,-0.04
2021-02-01,0.23,0.07,0.05
2021-03-01,-0.16,0.05,0.07
2021-04-01,0.24,0.11,0.09
2021-05-01,0.11,0.01,-0.0
2021-06-01,0.19,0.04,0.02
2021-07-01,0.02,0.03,0.03
2021-08-01,0.39,-0.0,-0.04
2021-09-01,0.22,0.08,0.06
2021-10-01,-0.83,-0.12,-0.03
2021-11-01,0.63,0.21,0.15
2021-12-01,0.14,0.01,0.0
2022-01-01,-0.38,-0.01,0.04
2022-02-01,0.39,0.16,0.12
2022-03-01,0.43,0.08,0.03
2022-04-01,0.34,0.29,0.26
2022-05-01,0.24,0.18,0.16
2022-06-01,0.59,0.1,0.03
2022-07-01,-0.92,-0.26,-0.18
2022-08-01,0.07,-0.1,-0.12
2022-09-01,0.8,0.35,0.27
2022-10-01,-1.3,-0.13,0.0
2022-11-01,0.36,0.13,0.08
2022-12-01,-0.37,-0.26,-0.24
2023-01-01,-0.19,0.05,0.07
2023-02-01,-0.07,-0.18,-0.18
2023-03-01,-0.54,0.09,0.15
2023-04-01,0.58,-0.09,-0.16
2023-05-01,0.0,0.05,0.06
2023-06-01,-1.29,-0.52,-0.41
2023-07-01,1.11,0.42,0.31
2023-08-01,0.13,0.09,0.07
2023-09-01,0.21,0.1,0.08
2023-10-01,-0.04,0.13,0.14
2023-11-01,0.02,0.02,0.02
2023-12-01,0.3,-0.07,-0.11
2024-01-01,-0.67,-0.18,-0.11
2024-02-01,0.01,-0.02,-0.02
2024-03-01,-0.35,0.03,0.07
2024-04-01,0.62,0.19,0.12
2024-05-01,0.23,0.13,0.11
2024-06-01,-0.21,-0.1,-0.08
2024-07-01,-0.17,-0.02,0.0
2024-08-01,-0.21,-0.22,-0.2
2024-09-01,-0.11,-0.05,-0.04
2024-10-01,0.02,-0.01,-0.01
2024-11-01,0.18,0.23,0.22
2024-12-01,0.22,0.02,-0.01
2025-01-01,-0.02,0.11,0.12
2025-02-01,0.1,0.03,0.02
2025-03-01,-0.54,-0.22,-0.17
2025-04-01,0.7,0.13,0.06
2025-05-01,-0.2,-0.06,-0.04
2025-06-01,-0.31,0.0,0.04
2025-07-01,0.41,0.04,-0.01
2025-08-01,-0.1,-0.07,-0.06
2025-09-01,0.11,0.03,0.02
2025-10-01,-0.08,-0.01,-0.0
2025-11-01,-0.02,0.01,0.01
2025-12-01,0.49,0.09,0.04
2026-01-01,-0.61,-0.08,-0.02
2026-02-01,-0.0,0.04,0.04
2026-03-01,-0.29,-0.19,-0.18
2026-04-01,0.98,0.32,0.22
2026-05-01,0.26,0.09,0.07
2026-06-01,-0.5,-0.07,-0.02
2026-07-01,-0.65,-0.1,-0.03
