date,Civilian Labor Force Level (000s) Period Chg,Labor Force Participation Rate Period Chg,Employment-Population Ratio Period Chg,Total Nonfarm Payrolls (000s) Period Chg,Average Hourly Earnings - All Employees Period Chg,Average Weekly Hours - All Employees Period Chg,Average Hourly Earnings - Production Workers Period Chg
1939-02-01,,,,0.59,,,
1939-03-01,,,,0.6,,,
1939-04-01,,,,-0.61,,,
1939-05-01,,,,0.68,,,
1939-06-01,,,,0.67,,,
1939-07-01,,,,-0.27,,,
1939-08-01,,,,0.8,,,
1939-09-01,,,,1.2,,,
1939-10-01,,,,1.22,,,
1939-11-01,,,,0.19,,,
1939-12-01,,,,0.23,,,
1940-01-01,,,,0.19,,,
1940-02-01,,,,0.35,,,
1940-03-01,,,,0.35,,,
1940-04-01,,,,-0.39,,,
1940-05-01,,,,0.56,,,
1940-06-01,,,,0.31,,,
1940-07-01,,,,-0.11,,,
1940-08-01,,,,1.28,,,
1940-09-01,,,,1.42,,,
1940-10-01,,,,1.39,,,
1940-11-01,,,,1.21,,,
1940-12-01,,,,1.5,,,
1941-01-01,,,,0.9,,,
1941-02-01,,,,1.05,,,
1941-03-01,,,,0.71,,,
1941-04-01,,,,1.07,,,
1941-05-01,,,,2.01,,,
1941-06-01,,,,1.29,,,
1941-07-01,,,,1.33,,,
1941-08-01,,,,1.1,,,
1941-09-01,,,,0.78,,,
1941-10-01,,,,0.3,,,
1941-11-01,,,,0.2,,,
1941-12-01,,,,0.21,,,
1942-01-01,,,,0.64,,,
1942-02-01,,,,0.43,,,
1942-03-01,,,,1.1,,,
1942-04-01,,,,1.07,,,
1942-05-01,,,,1.06,,,
1942-06-01,,,,0.65,,,
1942-07-01,,,,1.11,,,
1942-08-01,,,,1.27,,,
1942-09-01,,,,0.66,,,
1942-10-01,,,,0.62,,,
1942-11-01,,,,0.38,,,
1942-12-01,,,,0.58,,,
1943-01-01,,,,0.61,,,
1943-02-01,,,,0.52,,,
1943-03-01,,,,0.38,,,
1943-04-01,,,,0.22,,,
1943-05-01,,,,-0.12,,,
1943-06-01,,,,0.43,,,
1943-07-01,,,,-0.19,,,
1943-08-01,,,,-0.36,,,
1943-09-01,,,,-0.13,,,
1943-10-01,,,,0.43,,,
1943-11-01,,,,0.34,,,
1943-12-01,,,,-0.18,,,
1944-01-01,,,,-0.22,,,
1944-02-01,,,,-0.27,,,
1944-03-01,,,,-0.57,,,
1944-04-01,,,,-0.55,,,
1944-05-01,,,,-0.19,,,
1944-06-01,,,,-0.09,,,
1944-07-01,,,,-0.1,,,
1944-08-01,,,,-0.13,,,
1944-09-01,,,,-0.41,,,
1944-10-01,,,,0.07,,,
1944-11-01,,,,0.01,,,
1944-12-01,,,,0.36,,,
1945-01-01,,,,0.08,,,
1945-02-01,,,,0.0,,,
1945-03-01,,,,-0.24,,,
1945-04-01,,,,-0.84,,,
1945-05-01,,,,-0.34,,,
1945-06-01,,,,-0.38,,,
1945-07-01,,,,-0.67,,,
1945-08-01,,,,-1.0,,,
1945-09-01,,,,-4.84,,,
1945-10-01,,,,0.24,,,
1945-11-01,,,,1.03,,,
1945-12-01,,,,0.29,,,
1946-01-01,,,,1.84,,,
1946-02-01,,,,-1.47,,,
1946-03-01,,,,2.42,,,
1946-04-01,,,,1.79,,,
1946-05-01,,,,1.07,,,
1946-06-01,,,,0.93,,,
1946-07-01,,,,1.0,,,
1946-08-01,,,,1.16,,,
1946-09-01,,,,0.64,,,
1946-10-01,,,,0.41,,,
1946-11-01,,,,0.7,,,
1946-12-01,,,,-0.04,,,
1947-01-01,,,,0.36,,,
1947-02-01,,,,0.05,,,
1947-03-01,,,,0.11,,,
1947-04-01,,,,-0.25,,,
1947-05-01,,,,0.32,,,
1947-06-01,,,,0.39,,,
1947-07-01,,,,-0.15,,,
1947-08-01,,,,0.5,,,
1947-09-01,,,,0.55,,,
1947-10-01,,,,0.47,,,
1947-11-01,,,,0.16,,,
1947-12-01,,,,0.22,,,
1948-01-01,,,,0.22,,,
1948-02-01,0.71,0.3,0.1,-0.33,,,
1948-03-01,-0.75,-0.4,-0.6,0.34,,,
1948-04-01,1.01,0.5,0.6,-0.68,,,
1948-05-01,-1.16,-0.7,-0.5,0.94,,,
1948-06-01,1.64,0.9,0.8,0.53,,,
1948-07-01,0.37,0.1,0.1,0.28,,,
1948-08-01,-0.61,-0.4,-0.5,0.04,,,
1948-09-01,0.01,0.0,0.0,0.26,,,
1948-10-01,-0.28,-0.2,-0.1,-0.11,,,
1948-11-01,0.09,0.0,0.0,-0.12,,,
1948-12-01,0.77,0.4,0.3,-0.35,,,
1949-01-01,-0.65,-0.4,-0.6,-0.81,,,
1949-02-01,0.47,0.3,0.0,-0.38,,,
1949-03-01,0.03,-0.1,-0.2,-0.58,,,
1949-04-01,-0.11,-0.1,-0.3,-0.01,,,
1949-05-01,0.41,0.2,-0.3,-0.57,,,
1949-06-01,-0.51,-0.4,-0.4,-0.56,,,
1949-07-01,0.58,0.3,0.0,-0.48,,,
1949-08-01,0.47,0.3,0.1,0.21,,,
1949-09-01,0.07,-0.1,0.2,0.36,,,
1949-10-01,0.9,0.5,-0.4,-1.91,,,
1949-11-01,-0.29,-0.2,0.7,0.7,,,
1949-12-01,-0.16,-0.2,-0.3,0.65,,,
1950-01-01,-0.4,-0.3,-0.2,0.01,,,
1950-02-01,0.04,0.0,0.0,-0.53,,,
1950-03-01,-0.13,-0.1,0.0,1.52,,,
1950-04-01,0.9,0.4,0.7,0.97,,,
1950-05-01,-0.12,-0.1,0.0,0.76,,,
1950-06-01,0.54,0.3,0.4,0.82,,,
1950-07-01,-0.48,-0.3,-0.1,0.82,,,
1950-08-01,0.76,0.4,0.7,1.62,,,
1950-09-01,-0.39,-0.3,-0.2,0.53,,,
1950-10-01,0.13,0.2,0.3,0.58,,,
1950-11-01,-0.23,-0.1,0.0,0.15,,,
1950-12-01,-0.35,-0.1,-0.2,0.18,,,
1951-01-01,-0.2,-0.1,0.2,0.91,,,
1951-02-01,-0.26,0.0,0.1,0.61,,,
1951-03-01,1.21,0.7,0.7,0.62,,,
1951-04-01,-1.15,-0.7,-0.4,-0.03,,,
1951-05-01,0.38,0.3,0.3,0.19,,,
1951-06-01,-0.69,-0.4,-0.5,0.23,,,
1951-07-01,0.8,0.4,0.5,-0.01,,,
1951-08-01,-0.29,-0.2,-0.2,-0.1,,,
1951-09-01,-0.24,-0.1,-0.3,-0.12,,,
1951-10-01,0.69,0.3,0.2,0.11,,,
1951-11-01,-0.31,-0.2,-0.2,0.29,,,
1951-12-01,0.71,0.4,0.6,0.35,,,
1952-01-01,-0.04,-0.1,0.0,-0.04,,,
1952-02-01,-0.02,0.0,0.0,0.47,,,
1952-03-01,-1.12,-0.6,-0.6,-0.04,,,
1952-04-01,0.0,-0.1,0.0,0.24,,,
1952-05-01,0.55,0.3,0.2,0.05,,,
1952-06-01,0.07,0.0,0.0,-0.74,,,
1952-07-01,-0.23,-0.2,-0.3,-0.29,,,
1952-08-01,-0.14,-0.2,-0.2,1.62,,,
1952-09-01,0.94,0.5,0.6,0.81,,,
1952-10-01,-0.78,-0.5,-0.5,0.56,,,
1952-11-01,0.84,0.4,0.6,0.44,,,
1952-12-01,0.21,0.1,0.1,0.7,,,
1953-01-01,1.31,0.3,0.2,-0.04,,,
1953-02-01,0.13,0.0,0.2,0.39,,,
1953-03-01,0.22,0.1,0.1,0.27,,,
1953-04-01,-0.77,-0.5,-0.6,-0.08,,,
1953-05-01,-0.87,-0.5,-0.4,0.11,,,
1953-06-01,0.72,0.3,0.3,0.06,,,
1953-07-01,-0.01,0.0,0.0,0.03,,,
1953-08-01,-0.38,-0.3,-0.3,-0.09,,,
1953-09-01,-0.14,-0.1,-0.3,-0.24,,,
1953-10-01,0.22,0.0,-0.1,-0.25,,,
1953-11-01,0.13,0.1,-0.2,-0.66,,,
1953-12-01,-0.24,-0.3,-0.8,-0.41,,,
1954-01-01,0.49,0.3,0.0,-0.47,,,
1954-02-01,1.42,0.7,0.5,-0.18,,,
1954-03-01,-0.31,-0.2,-0.5,-0.46,,,
1954-04-01,0.22,0.1,0.0,0.04,,,
1954-05-01,-0.41,-0.3,-0.3,-0.44,,,
1954-06-01,-0.52,-0.4,-0.2,-0.14,,,
1954-07-01,-0.06,-0.1,-0.2,-0.12,,,
1954-08-01,0.64,0.3,0.2,-0.02,,,
1954-09-01,0.79,0.5,0.3,0.12,,,
1954-10-01,-0.43,-0.4,0.0,0.11,,,
1954-11-01,-0.28,-0.2,0.0,0.49,,,
1954-12-01,-0.7,-0.5,-0.3,0.31,,,
1955-01-01,0.94,0.5,0.5,0.33,,,
1955-02-01,-0.33,-0.2,0.0,0.3,,,
1955-03-01,0.29,0.1,0.1,0.64,,,
1955-04-01,1.07,0.5,0.4,0.57,,,
1955-05-01,-0.28,-0.2,0.1,0.53,,,
1955-06-01,0.16,0.0,0.0,0.55,,,
1955-07-01,1.03,0.5,0.6,0.39,,,
1955-08-01,0.67,0.4,0.2,0.24,,,
1955-09-01,0.07,0.0,0.1,0.3,,,
1955-10-01,0.29,0.1,0.0,0.32,,,
1955-11-01,0.33,0.1,0.2,0.32,,,
1955-12-01,0.62,0.3,0.3,0.41,,,
1956-01-01,-0.04,0.0,0.1,0.33,,,
1956-02-01,-0.44,-0.3,-0.3,0.37,,,
1956-03-01,0.08,-0.1,-0.2,0.24,,,
1956-04-01,0.13,0.1,0.2,0.15,,,
1956-05-01,0.69,0.3,0.1,0.25,,,
1956-06-01,-0.03,-0.1,-0.1,0.15,,,
1956-07-01,0.07,0.0,0.0,-1.2,,,
1956-08-01,-0.12,-0.1,0.1,1.3,,,
1956-09-01,0.06,0.0,0.0,-0.05,,,
1956-10-01,-0.25,-0.2,-0.1,0.33,,,
1956-11-01,0.17,0.0,-0.2,0.08,,,
1956-12-01,0.06,0.0,0.0,0.2,,,
1957-01-01,-0.41,-0.3,-0.3,-0.08,,,
1957-02-01,0.68,0.4,0.5,0.4,,,
1957-03-01,0.05,-0.1,0.1,0.11,,,
1957-04-01,-0.4,-0.3,-0.4,0.15,,,
1957-05-01,0.07,0.0,-0.1,-0.17,,,
1957-06-01,0.54,0.3,0.1,-0.16,,,
1957-07-01,0.42,0.2,0.3,0.11,,,
1957-08-01,-0.94,-0.7,-0.6,0.01,,,
1957-09-01,0.54,0.3,0.1,-0.37,,,
1957-10-01,0.0,-0.1,-0.2,-0.32,,,
1957-11-01,0.08,0.0,-0.4,-0.39,,,
1957-12-01,0.41,0.1,0.2,-0.33,,,
1958-01-01,-0.45,-0.3,-0.7,-0.59,,,
1958-02-01,0.16,0.0,-0.4,-0.96,,,
1958-03-01,0.03,0.0,-0.2,-0.54,,,
1958-04-01,0.63,0.3,-0.1,-0.53,,,
1958-05-01,0.37,0.2,0.2,-0.22,,,
1958-06-01,-0.33,-0.3,-0.2,0.0,,,
1958-07-01,0.22,0.1,0.0,0.25,,,
1958-08-01,0.31,0.2,0.2,0.38,,,
1958-09-01,-0.05,-0.1,0.0,0.53,,,
1958-10-01,0.06,-0.1,0.2,-0.04,,,
1958-11-01,-0.57,-0.4,-0.1,0.89,,,
1958-12-01,0.12,0.0,0.0,0.27,,,
1959-01-01,0.29,0.1,0.2,0.75,,,
1959-02-01,-0.42,-0.3,-0.2,0.4,,,
1959-03-01,0.62,0.3,0.5,0.62,,,
1959-04-01,0.4,0.1,0.3,0.58,,,
1959-05-01,-0.24,-0.2,-0.1,0.43,,,
1959-06-01,0.15,0.0,0.1,0.24,,,
1959-07-01,0.38,0.2,0.0,0.23,,,
1959-08-01,-0.16,-0.2,-0.2,-0.87,,,
1959-09-01,0.17,0.1,-0.1,0.17,,,
1959-10-01,0.4,0.1,0.1,-0.13,,,
1959-11-01,-0.42,-0.3,-0.4,0.52,,,
1959-12-01,0.67,0.4,0.6,1.01,,,
1960-01-01,-0.05,-0.4,-0.3,0.18,,,
1960-02-01,-0.02,0.0,0.2,0.44,,,
1960-03-01,-0.8,-0.6,-0.8,-0.11,,,
1960-04-01,1.73,1.0,1.0,0.66,,,
1960-05-01,0.07,0.0,0.0,-0.62,,,
1960-06-01,0.44,0.2,0.1,-0.23,,,
1960-07-01,-0.27,-0.2,-0.3,-0.08,,,
1960-08-01,0.14,0.0,-0.1,-0.06,,,
1960-09-01,0.44,0.2,0.3,-0.08,,,
1960-10-01,-0.38,-0.3,-0.6,-0.16,,,
1960-11-01,0.79,0.4,0.3,-0.33,,,
1960-12-01,-0.06,-0.1,-0.4,-0.41,,,
1961-01-01,0.07,-0.1,0.0,-0.11,,,
1961-02-01,-0.04,0.0,-0.2,-0.23,,,
1961-03-01,0.4,0.1,0.1,0.19,,,
1961-04-01,-0.62,-0.4,-0.4,-0.06,,,
1961-05-01,0.26,0.1,0.0,0.3,,,
1961-06-01,0.6,0.3,0.4,0.36,,,
1961-07-01,-0.48,-0.4,-0.4,0.27,,,
1961-08-01,0.0,0.0,0.1,0.32,,,
1961-09-01,-0.45,-0.3,-0.3,0.17,,,
1961-10-01,0.39,0.1,0.3,0.25,,,
1961-11-01,-0.16,0.0,0.2,0.4,,,
1961-12-01,-0.42,-0.3,-0.2,0.24,,,
1962-01-01,0.16,0.0,0.1,0.03,,,
1962-02-01,0.31,0.2,0.3,0.54,,,
1962-03-01,0.01,-0.1,0.0,0.16,,,
1962-04-01,-0.19,-0.2,-0.3,0.59,,,
1962-05-01,0.39,0.2,0.3,0.05,,,
1962-06-01,-0.05,-0.1,-0.1,0.03,,,
1962-07-01,-0.3,-0.3,-0.3,0.18,,,
1962-08-01,0.97,0.5,0.4,0.17,,,
1962-09-01,0.24,0.0,0.0,0.25,,,
1962-10-01,-0.33,-0.3,-0.2,0.11,,,
1962-11-01,-0.06,-0.2,-0.3,0.03,,,
1962-12-01,-0.02,-0.1,0.0,-0.05,,,
1963-01-01,0.41,0.2,0.0,0.16,,,
1963-02-01,0.16,0.0,-0.1,0.2,,,
1963-03-01,0.23,0.0,0.2,0.16,,,
1963-04-01,0.38,0.2,0.2,0.46,,,
1963-05-01,0.19,0.0,-0.2,0.06,,,
1963-06-01,-0.29,-0.3,0.0,0.08,,,
1963-07-01,0.46,0.2,0.1,0.24,,,
1963-08-01,-0.24,-0.2,0.0,0.2,,,
1963-09-01,0.48,0.2,0.1,0.3,,,
1963-10-01,0.21,0.1,0.0,0.36,,,
1963-11-01,0.19,0.0,-0.1,-0.05,,,
1963-12-01,-0.32,-0.3,-0.1,0.19,,,
1964-01-01,0.23,0.1,0.0,0.22,,,
1964-02-01,0.45,0.2,0.3,0.46,,,0.0
1964-03-01,0.04,-0.1,-0.1,0.25,,,0.4
1964-04-01,0.77,0.4,0.4,0.04,,,0.4
1964-05-01,0.17,0.0,0.2,0.29,,,0.0
1964-06-01,-0.49,-0.4,-0.5,0.22,,,0.4
1964-07-01,-0.03,-0.1,0.1,0.33,,,0.4
1964-08-01,0.15,0.0,0.0,0.35,,,0.39
1964-09-01,0.24,0.1,0.0,0.48,,,0.39
1964-10-01,0.02,-0.1,-0.1,-0.19,,,-0.39
1964-11-01,-0.03,-0.1,0.1,0.72,,,0.39
1964-12-01,0.24,0.1,-0.1,0.34,,,0.78
1965-01-01,0.14,0.0,0.1,0.27,,,0.0
1965-02-01,0.39,0.1,0.0,0.37,,,0.39
1965-03-01,0.12,0.0,0.2,0.34,,,0.77
1965-04-01,0.38,0.1,0.1,0.43,,,-0.38
1965-05-01,0.32,0.2,0.2,0.39,,,0.77
1965-06-01,-0.07,-0.2,-0.1,0.33,,,0.38
1965-07-01,0.47,0.3,0.4,0.45,,,0.0
1965-08-01,-0.19,-0.2,-0.2,0.43,,,0.38
1965-09-01,-0.15,-0.2,-0.1,0.43,,,0.38
1965-10-01,0.45,0.2,0.2,0.37,,,0.38
1965-11-01,-0.05,-0.1,0.0,0.45,,,0.38
1965-12-01,0.4,0.2,0.2,0.53,,,0.0
1966-01-01,0.12,0.0,0.1,0.33,,,0.37
1966-02-01,-0.31,-0.2,-0.1,0.43,,,0.37
1966-03-01,0.16,0.0,0.0,0.63,,,0.37
1966-04-01,0.35,0.2,0.2,0.39,,,0.37
1966-05-01,0.14,0.0,-0.1,0.43,,,0.37
1966-06-01,0.27,0.1,0.2,0.63,,,0.37
1966-07-01,0.12,0.0,0.0,0.3,,,0.37
1966-08-01,0.41,0.2,0.1,0.32,,,0.36
1966-09-01,0.01,0.0,0.1,0.21,,,0.36
1966-10-01,0.19,0.0,0.0,0.33,,,0.36
1966-11-01,0.54,0.3,0.3,0.25,,,0.36
1966-12-01,0.04,-0.1,-0.1,0.28,,,0.0
1967-01-01,0.0,0.0,-0.2,0.32,,,0.72
1967-02-01,-0.15,-0.2,-0.1,0.03,,,0.36
1967-03-01,-0.25,-0.2,-0.2,0.15,,,0.0
1967-04-01,0.59,0.3,0.3,-0.1,,,0.36
1967-05-01,-0.01,-0.1,-0.1,0.24,,,0.35
1967-06-01,0.65,0.3,0.3,0.2,,,0.71
1967-07-01,0.25,0.0,0.1,0.21,,,0.35
1967-08-01,0.32,0.1,0.0,0.39,,,0.7
1967-09-01,0.13,0.0,0.0,0.03,,,0.0
1967-10-01,0.49,0.2,0.1,0.09,,,0.35
1967-11-01,0.0,-0.1,0.0,0.72,,,0.69
1967-12-01,0.38,0.1,0.1,0.3,,,0.34
1968-01-01,-1.16,-0.7,-0.6,-0.14,,,0.68
1968-02-01,0.84,0.4,0.3,0.62,,,0.34
1968-03-01,0.03,0.0,0.1,0.12,,,0.68
1968-04-01,0.02,-0.1,0.0,0.39,,,0.67
1968-05-01,0.74,0.4,0.4,0.14,,,0.33
1968-06-01,0.35,0.1,0.0,0.37,,,0.33
1968-07-01,-0.19,-0.2,-0.2,0.33,,,0.66
1968-08-01,-0.2,-0.2,-0.1,0.3,,,0.33
1968-09-01,0.06,-0.1,0.0,0.23,,,0.99
1968-10-01,0.07,0.0,0.0,0.35,,,0.33
1968-11-01,0.38,0.1,0.1,0.38,,,0.65
1968-12-01,0.32,0.1,0.1,0.38,,,0.32
1969-01-01,0.08,-0.1,-0.1,0.28,,,0.32
1969-02-01,0.62,0.4,0.3,0.37,,,0.64
1969-03-01,0.07,-0.1,0.0,0.3,,,0.64
1969-04-01,0.25,0.1,0.0,0.24,,,0.63
1969-05-01,-0.19,-0.2,-0.1,0.37,,,0.31
1969-06-01,0.71,0.3,0.2,0.44,,,0.63
1969-07-01,0.16,0.0,0.0,0.13,,,0.31
1969-08-01,0.35,0.2,0.1,0.39,,,0.62
1969-09-01,0.23,0.0,0.0,-0.13,,,0.62
1969-10-01,0.25,0.1,0.0,0.29,,,0.61
1969-11-01,-0.12,-0.2,0.0,-0.05,,,0.61
1969-12-01,0.28,0.0,0.0,0.22,,,0.3
1970-01-01,0.44,0.2,-0.1,-0.09,,,0.0
1970-02-01,0.21,0.0,-0.1,0.18,,,0.6
1970-03-01,0.42,0.2,0.0,0.2,,,0.9
1970-04-01,0.28,0.0,0.0,-0.14,,,0.0
1970-05-01,-0.29,-0.3,-0.4,-0.31,,,0.3
1970-06-01,0.0,-0.1,-0.2,-0.13,,,0.89
1970-07-01,0.51,0.2,0.1,0.03,,,0.29
1970-08-01,-0.03,-0.1,-0.2,-0.16,,,0.88
1970-09-01,0.09,-0.1,-0.2,0.01,,,0.29
1970-10-01,0.39,0.2,0.0,-0.6,,,0.0
1970-11-01,0.33,0.0,-0.1,-0.16,,,0.58
1970-12-01,0.15,0.0,-0.2,0.54,,,0.86
1971-01-01,0.22,0.0,0.1,0.1,,,0.86
1971-02-01,-0.29,-0.3,-0.2,-0.08,,,0.57
1971-03-01,-0.03,-0.1,-0.2,0.07,,,0.28
1971-04-01,0.44,0.1,0.2,0.25,,,0.56
1971-05-01,0.23,0.1,0.0,0.3,,,0.84
1971-06-01,-0.51,-0.4,-0.4,0.01,,,0.28
1971-07-01,0.76,0.3,0.3,0.09,,,0.28
1971-08-01,0.39,0.1,0.1,0.08,,,0.83
1971-09-01,0.07,-0.1,0.0,0.34,,,0.27
1971-10-01,0.17,0.0,0.0,0.04,,,0.27
1971-11-01,0.69,0.3,0.2,0.29,,,0.54
1971-12-01,0.2,0.0,0.0,0.36,,,0.81
1972-01-01,0.41,-0.2,-0.1,0.46,,,1.88
1972-02-01,0.07,0.0,0.0,0.29,,,0.53
1972-03-01,0.67,0.3,0.2,0.41,,,0.52
1972-04-01,0.0,-0.1,0.0,0.3,,,0.52
1972-05-01,0.23,0.0,0.1,0.42,,,0.52
1972-06-01,0.23,0.0,0.0,0.39,,,0.0
1972-07-01,0.16,0.0,0.0,-0.07,,,0.52
1972-08-01,0.43,0.2,0.1,0.59,,,0.51
1972-09-01,-0.14,-0.2,-0.1,0.17,,,0.51
1972-10-01,0.11,-0.1,0.0,0.55,,,0.76
1972-11-01,0.12,0.0,0.2,0.4,,,0.5
1972-12-01,0.4,0.2,0.1,0.39,,,0.25
1973-01-01,-0.52,-0.5,-0.2,0.46,,,0.75
1973-02-01,1.0,0.5,0.4,0.53,,,0.5
1973-03-01,0.55,0.3,0.3,0.36,,,0.25
1973-04-01,0.19,0.0,-0.1,0.22,,,0.74
1973-05-01,-0.05,-0.2,0.0,0.25,,,0.24
1973-06-01,0.64,0.3,0.3,0.31,,,0.49
1973-07-01,0.06,0.0,-0.1,0.03,,,0.73
1973-08-01,-0.11,-0.2,-0.1,0.33,,,0.24
1973-09-01,0.37,0.1,0.1,0.14,,,0.96
1973-10-01,0.33,0.1,0.2,0.43,,,0.24
1973-11-01,0.65,0.3,0.1,0.4,,,0.71
1973-12-01,0.19,0.0,0.0,0.14,,,0.24
1974-01-01,0.34,0.1,0.0,0.09,,,0.47
1974-02-01,0.31,0.1,0.0,0.2,,,0.47
1974-03-01,-0.03,-0.1,0.0,0.05,,,0.7
1974-04-01,-0.18,-0.2,-0.2,0.11,,,0.23
1974-05-01,0.34,0.1,0.0,0.21,,,1.62
1974-06-01,0.3,0.0,0.0,0.07,,,0.91
1974-07-01,0.37,0.2,0.0,0.04,,,0.23
1974-08-01,-0.17,-0.2,-0.2,-0.02,,,0.9
1974-09-01,0.47,0.2,-0.1,-0.01,,,0.89
1974-10-01,0.03,-0.1,-0.1,0.03,,,0.66
1974-11-01,0.27,0.0,-0.3,-0.46,,,0.22
1974-12-01,0.02,-0.1,-0.4,-0.78,,,0.66
1975-01-01,0.38,0.2,-0.5,-0.46,,,0.22
1975-02-01,-0.38,-0.4,-0.3,-0.49,,,0.65
1975-03-01,0.42,0.2,-0.1,-0.35,,,0.65
1975-04-01,0.25,0.1,-0.1,-0.25,,,0.0
1975-05-01,0.52,0.2,0.1,0.21,,,0.43
1975-06-01,-0.33,-0.3,-0.2,-0.13,,,0.64
1975-07-01,0.48,0.1,0.2,0.33,,,0.42
1975-08-01,0.15,0.0,0.1,0.5,,,0.84
1975-09-01,0.04,-0.1,0.0,0.1,,,0.21
1975-10-01,0.07,0.0,0.0,0.4,,,0.63
1975-11-01,-0.02,-0.1,-0.1,0.19,,,0.83
1975-12-01,0.17,0.0,0.1,0.43,,,0.21
1976-01-01,0.56,0.2,0.3,0.62,,,0.62
1976-02-01,0.07,0.0,0.1,0.4,,,0.61
1976-03-01,0.23,0.0,0.2,0.29,,,0.41
1976-04-01,0.56,0.3,0.1,0.31,,,0.61
1976-05-01,0.11,-0.1,0.2,0.03,,,0.6
1976-06-01,0.04,0.0,-0.2,0.08,,,0.4
1976-07-01,0.73,0.3,0.2,0.22,,,0.6
1976-08-01,0.16,0.0,0.0,0.2,,,0.99
1976-09-01,-0.19,-0.2,-0.1,0.24,,,0.59
1976-10-01,0.16,0.0,0.0,0.02,,,0.39
1976-11-01,0.57,0.3,0.1,0.41,,,0.97
1976-12-01,0.1,-0.1,0.0,0.26,,,0.38
1977-01-01,-0.14,-0.2,0.0,0.3,,,0.57
1977-02-01,0.59,0.3,0.2,0.37,,,0.76
1977-03-01,0.34,0.1,0.2,0.5,,,0.38
1977-04-01,0.22,0.1,0.2,0.41,,,0.75
1977-05-01,0.34,0.1,0.2,0.44,,,0.75
1977-06-01,0.43,0.2,0.1,0.49,,,0.37
1977-07-01,-0.18,-0.3,-0.1,0.42,,,0.74
1977-08-01,0.46,0.2,0.2,0.29,,,0.37
1977-09-01,0.09,0.0,0.1,0.55,,,0.55
1977-10-01,0.36,0.1,0.1,0.32,,,0.73
1977-11-01,0.76,0.4,0.4,0.45,,,0.54
1977-12-01,-0.08,-0.1,0.1,0.28,,,0.54
1978-01-01,0.38,0.1,0.1,0.22,,,0.89
1978-02-01,-0.04,-0.1,0.0,0.42,,,0.53
1978-03-01,0.25,0.1,0.0,0.6,,,0.7
1978-04-01,0.48,0.2,0.4,0.82,,,1.05
1978-05-01,0.32,0.1,0.1,0.4,,,0.52
1978-06-01,0.47,0.2,0.2,0.51,,,0.69
1978-07-01,0.03,-0.1,-0.2,0.29,,,0.68
1978-08-01,0.11,0.0,0.1,0.32,,,0.34
1978-09-01,0.28,0.1,0.1,0.16,,,0.84
1978-10-01,0.28,0.0,0.2,0.38,,,0.84
1978-11-01,0.47,0.2,0.1,0.49,,,0.5
1978-12-01,0.24,0.1,0.0,0.32,,,0.83
1979-01-01,0.24,0.0,0.1,0.15,,,0.49
1979-02-01,0.43,0.2,0.2,0.28,,,0.82
1979-03-01,0.08,0.0,-0.1,0.48,,,0.65
1979-04-01,-0.4,-0.3,-0.2,-0.07,,,-0.16
1979-05-01,0.0,-0.2,0.0,0.42,,,0.97
1979-06-01,0.45,0.2,0.1,0.36,,,0.8
1979-07-01,0.35,0.1,0.1,0.12,,,0.63
1979-08-01,0.09,0.0,-0.2,0.09,,,0.63
1979-09-01,0.41,0.2,0.2,0.03,,,0.78
1979-10-01,0.16,-0.1,-0.1,0.17,,,0.16
1979-11-01,0.11,0.0,0.1,0.1,,,0.77
1979-12-01,0.42,0.2,0.1,0.11,,,0.77
1980-01-01,0.29,0.1,-0.1,0.14,,,0.15
1980-02-01,0.13,0.0,0.0,0.09,,,0.91
1980-03-01,-0.24,-0.3,-0.3,0.12,,,0.9
1980-04-01,0.14,0.1,-0.3,-0.16,,,0.45
1980-05-01,0.32,0.1,-0.3,-0.47,,,0.6
1980-06-01,-0.14,-0.2,-0.2,-0.35,,,0.89
1980-07-01,0.35,0.1,-0.1,-0.29,,,0.59
1980-08-01,-0.05,-0.1,0.0,0.29,,,0.73
1980-09-01,-0.01,-0.1,0.1,0.13,,,0.58
1980-10-01,0.29,0.1,0.0,0.31,,,1.01
1980-11-01,0.15,0.1,0.1,0.28,,,1.0
1980-12-01,-0.2,-0.2,0.0,0.22,,,0.56
1981-01-01,0.63,0.3,0.1,0.1,,,0.7
1981-02-01,0.2,0.0,0.1,0.08,,,0.7
1981-03-01,0.29,0.2,0.2,0.12,,,0.83
1981-04-01,0.34,0.1,0.2,0.08,,,0.55
1981-05-01,0.27,0.1,-0.1,0.01,,,0.55
1981-06-01,-0.76,-0.6,-0.5,0.21,,,0.54
1981-07-01,0.15,0.1,0.1,0.12,,,0.54
1981-08-01,0.16,0.0,0.0,-0.04,,,0.94
1981-09-01,-0.4,-0.3,-0.4,-0.1,,,0.53
1981-10-01,0.67,0.3,0.1,-0.11,,,0.4
1981-11-01,0.19,0.1,-0.2,-0.23,,,0.53
1981-12-01,-0.3,-0.3,-0.4,-0.3,,,0.13
1982-01-01,0.16,0.1,0.0,-0.36,,,1.05
1982-02-01,0.35,0.1,0.0,0.0,,,0.0
1982-03-01,0.09,0.0,-0.1,-0.14,,,0.39
1982-04-01,0.23,0.1,-0.2,-0.31,,,0.26
1982-05-01,0.57,0.3,0.3,-0.05,,,0.9
1982-06-01,-0.33,-0.3,-0.4,-0.27,,,0.13
1982-07-01,0.24,0.1,-0.1,-0.38,,,0.64
1982-08-01,0.16,0.1,0.1,-0.18,,,0.51
1982-09-01,0.19,0.0,-0.2,-0.2,,,0.0
1982-10-01,0.02,0.0,-0.2,-0.31,,,0.25
1982-11-01,0.28,0.1,-0.1,-0.14,,,0.25
1982-12-01,0.03,-0.1,-0.1,-0.02,,,0.38
1983-01-01,-0.35,-0.2,0.0,0.25,,,0.62
1983-02-01,-0.06,-0.1,-0.1,-0.08,,,0.37
1983-03-01,-0.04,-0.1,0.0,0.19,,,0.12
1983-04-01,0.22,0.1,0.2,0.31,,,0.37
1983-05-01,-0.03,-0.1,0.0,0.31,,,0.49
1983-06-01,0.98,0.6,0.5,0.42,,,0.24
1983-07-01,-0.11,-0.2,0.3,0.46,,,0.37
1983-08-01,0.43,0.2,0.1,-0.34,,,-0.24
1983-09-01,0.06,0.0,0.2,1.24,,,0.85
1983-10-01,-0.33,-0.3,0.0,0.3,,,0.48
1983-11-01,0.27,0.1,0.3,0.39,,,0.0
1983-12-01,0.09,0.0,0.1,0.39,,,0.24
1984-01-01,-0.11,-0.2,0.0,0.48,,,0.6
1984-02-01,0.36,0.2,0.3,0.52,,,0.0
1984-03-01,0.09,0.0,0.0,0.29,,,0.36
1984-04-01,0.34,0.2,0.2,0.39,,,0.48
1984-05-01,0.49,0.2,0.4,0.33,,,0.0
1984-06-01,0.15,0.1,0.2,0.4,,,0.36
1984-07-01,0.14,0.0,-0.1,0.33,,,0.35
1984-08-01,-0.25,-0.2,-0.2,0.26,,,0.0
1984-09-01,0.15,0.0,0.1,0.33,,,0.47
1984-10-01,0.14,0.0,0.0,0.3,,,0.0
1984-11-01,0.13,0.1,0.1,0.37,,,0.23
1984-12-01,0.36,0.1,0.1,0.13,,,0.47
1985-01-01,0.13,0.1,0.0,0.28,,,0.0
1985-02-01,0.13,0.0,0.1,0.14,,,0.35
1985-03-01,0.39,0.2,0.2,0.35,,,0.23
1985-04-01,0.0,0.0,-0.1,0.2,,,0.35
1985-05-01,-0.08,-0.1,0.0,0.28,,,0.12
1985-06-01,-0.23,-0.2,-0.3,0.15,,,0.46
1985-07-01,0.31,0.1,0.1,0.19,,,0.0
1985-08-01,-0.03,-0.1,0.1,0.2,,,0.23
1985-09-01,0.53,0.3,0.3,0.21,,,0.46
1985-10-01,0.21,0.1,0.0,0.19,,,-0.11
1985-11-01,-0.01,-0.1,0.1,0.21,,,0.23
1985-12-01,0.19,0.1,0.0,0.17,,,0.68
1986-01-01,0.28,-0.1,0.2,0.12,,,-0.23
1986-02-01,0.17,0.1,-0.3,0.12,,,0.34
1986-03-01,0.29,0.1,0.2,0.09,,,0.11
1986-04-01,0.08,0.0,0.0,0.19,,,-0.11
1986-05-01,0.18,0.1,0.0,0.13,,,0.23
1986-06-01,0.47,0.2,0.2,-0.09,,,0.22
1986-07-01,0.04,0.0,0.1,0.32,,,-0.11
1986-08-01,0.02,-0.1,0.0,0.12,,,0.34
1986-09-01,0.21,0.1,0.0,0.35,,,0.0
1986-10-01,0.1,0.0,0.1,0.19,,,0.22
1986-11-01,0.1,0.0,0.0,0.19,,,0.56
1986-12-01,-0.02,-0.1,0.1,0.2,,,0.0
1987-01-01,0.2,0.1,0.0,0.17,,,0.11
1987-02-01,0.23,0.1,0.1,0.24,,,0.33
1987-03-01,0.12,0.0,0.1,0.24,,,0.22
1987-04-01,0.06,-0.1,0.1,0.33,,,0.11
1987-05-01,0.56,0.3,0.3,0.23,,,0.33
1987-06-01,-0.3,-0.2,-0.2,0.17,,,0.0
1987-07-01,0.22,0.1,0.2,0.34,,,0.11
1987-08-01,0.35,0.1,0.2,0.17,,,0.66
1987-09-01,-0.26,-0.2,-0.2,0.22,,,0.11
1987-10-01,0.41,0.2,0.2,0.48,,,0.33
1987-11-01,0.03,0.0,0.1,0.23,,,0.54
1987-12-01,0.16,0.0,0.1,0.28,,,0.11
1988-01-01,0.2,0.1,0.0,0.09,,,0.11
1988-02-01,0.15,0.1,0.1,0.44,,,0.0
1988-03-01,-0.2,-0.2,-0.2,0.26,,,0.22
1988-04-01,0.28,0.1,0.3,0.23,,,0.54
1988-05-01,-0.15,-0.1,-0.2,0.22,,,0.53
1988-06-01,0.33,0.1,0.3,0.35,,,0.0
1988-07-01,0.16,0.1,0.0,0.21,,,0.43
1988-08-01,0.38,0.2,0.1,0.12,,,0.11
1988-09-01,-0.14,-0.2,0.0,0.32,,,0.53
1988-10-01,0.2,0.1,0.1,0.25,,,0.53
1988-11-01,0.35,0.2,0.2,0.32,,,0.21
1988-12-01,-0.01,-0.1,-0.1,0.26,,,0.21
1989-01-01,0.63,0.4,0.3,0.25,,,0.52
1989-02-01,-0.21,-0.2,0.0,0.25,,,0.31
1989-03-01,0.07,0.0,0.0,0.18,,,0.21
1989-04-01,0.27,0.1,0.0,0.16,,,0.52
1989-05-01,-0.07,-0.1,0.0,0.11,,,-0.1
1989-06-01,0.42,0.2,0.1,0.11,,,0.31
1989-07-01,-0.02,0.0,0.0,0.04,,,0.61
1989-08-01,0.16,0.0,0.1,0.05,,,0.0
1989-09-01,-0.18,-0.1,-0.3,0.23,,,0.41
1989-10-01,0.22,0.1,0.1,0.1,,,0.51
1989-11-01,0.34,0.1,0.1,0.25,,,0.1
1989-12-01,-0.11,-0.1,0.0,0.08,,,0.5
1990-01-01,1.07,0.3,0.2,0.33,,,0.4
1990-02-01,-0.1,-0.1,0.0,0.22,,,0.5
1990-03-01,0.07,0.0,0.0,0.19,,,0.4
1990-04-01,-0.12,-0.1,-0.2,0.03,,,0.1
1990-05-01,0.19,0.0,0.1,0.14,,,0.4
1990-06-01,-0.25,-0.2,-0.2,0.02,,,0.39
1990-07-01,0.13,0.1,-0.1,-0.03,,,0.2
1990-08-01,0.21,0.0,-0.1,-0.19,,,0.2
1990-09-01,-0.08,-0.1,-0.2,-0.08,,,0.29
1990-10-01,0.08,0.0,0.0,-0.13,,,0.29
1990-11-01,0.06,0.0,-0.2,-0.14,,,0.19
1990-12-01,0.06,0.0,-0.1,-0.05,,,0.19
1991-01-01,-0.15,-0.2,-0.2,-0.1,,,0.29
1991-02-01,0.05,0.0,-0.1,-0.3,,,0.19
1991-03-01,0.17,0.1,-0.1,-0.15,,,0.19
1991-04-01,0.25,0.1,0.2,-0.2,,,0.48
1991-05-01,-0.29,-0.2,-0.4,-0.09,,,0.38
1991-06-01,0.12,0.0,0.1,0.07,,,0.1
1991-07-01,-0.14,-0.1,-0.1,-0.04,,,0.29
1991-08-01,0.0,-0.1,-0.1,0.01,,,0.19
1991-09-01,0.4,0.2,0.1,0.03,,,0.19
1991-10-01,-0.01,-0.1,-0.1,0.02,,,0.09
1991-11-01,0.05,0.0,-0.1,-0.06,,,0.19
1991-12-01,-0.03,-0.1,-0.2,0.03,,,0.28
1992-01-01,0.47,0.3,0.3,0.03,,,0.0
1992-02-01,-0.04,-0.1,-0.2,-0.05,,,0.19
1992-03-01,0.31,0.2,0.2,0.05,,,0.19
1992-04-01,0.19,0.1,0.1,0.14,,,0.37
1992-05-01,0.22,0.1,-0.1,0.12,,,0.19
1992-06-01,0.27,0.1,0.0,0.06,,,0.28
1992-07-01,0.08,0.0,0.1,0.08,,,0.09
1992-08-01,0.04,-0.1,0.0,0.11,,,0.28
1992-09-01,-0.09,-0.1,-0.2,0.03,,,0.19
1992-10-01,-0.37,-0.3,-0.1,0.17,,,0.18
1992-11-01,0.32,0.1,0.1,0.13,,,0.09
1992-12-01,0.09,0.0,0.0,0.2,,,0.37
1993-01-01,-0.12,-0.1,0.0,0.26,,,0.28
1993-02-01,0.05,0.0,0.0,0.23,,,0.18
1993-03-01,0.11,0.0,0.1,-0.04,,,0.37
1993-04-01,-0.01,-0.1,0.0,0.27,,,0.0
1993-05-01,0.53,0.3,0.2,0.25,,,0.18
1993-06-01,0.11,0.1,0.1,0.15,,,0.18
1993-07-01,-0.01,-0.1,0.0,0.28,,,0.18
1993-08-01,0.17,0.0,0.2,0.13,,,0.18
1993-09-01,-0.27,-0.2,-0.3,0.22,,,0.18
1993-10-01,0.24,0.1,0.1,0.26,,,0.36
1993-11-01,0.11,0.0,0.1,0.23,,,0.18
1993-12-01,0.18,0.1,0.1,0.3,,,0.27
1994-01-01,0.5,0.2,0.2,0.25,,,0.18
1994-02-01,0.06,0.0,0.1,0.16,,,0.45
1994-03-01,-0.21,-0.1,-0.2,0.41,,,0.0
1994-04-01,0.17,0.0,0.2,0.3,,,0.18
1994-05-01,0.12,0.1,0.2,0.29,,,0.18
1994-06-01,-0.17,-0.2,-0.2,0.28,,,0.18
1994-07-01,0.07,0.0,0.0,0.32,,,0.27
1994-08-01,0.48,0.2,0.3,0.26,,,0.18
1994-09-01,0.11,0.0,0.1,0.3,,,0.26
1994-10-01,0.25,0.1,0.2,0.18,,,0.26
1994-11-01,0.11,0.0,0.1,0.36,,,0.26
1994-12-01,0.05,0.0,0.1,0.26,,,0.26
1995-01-01,0.07,0.1,-0.1,0.28,,,0.0
1995-02-01,0.06,0.0,0.1,0.16,,,0.44
1995-03-01,-0.01,-0.1,0.0,0.18,,,0.17
1995-04-01,0.36,0.2,0.0,0.14,,,0.09
1995-05-01,-0.56,-0.4,-0.4,-0.02,,,0.26
1995-06-01,0.07,0.0,0.0,0.21,,,0.35
1995-07-01,0.3,0.1,0.1,0.08,,,0.34
1995-08-01,-0.01,0.0,0.0,0.22,,,0.17
1995-09-01,0.21,0.0,0.1,0.19,,,0.34
1995-10-01,0.08,0.0,0.0,0.13,,,0.17
1995-11-01,-0.08,-0.1,-0.1,0.12,,,0.26
1995-12-01,-0.08,-0.1,-0.1,0.14,,,0.25
1996-01-01,0.08,0.0,0.0,-0.01,,,0.42
1996-02-01,0.25,0.2,0.2,0.36,,,0.08
1996-03-01,0.17,0.0,0.1,0.21,,,0.17
1996-04-01,0.17,0.1,0.0,0.14,,,0.59
1996-05-01,0.19,0.0,0.0,0.28,,,0.17
1996-06-01,0.02,0.0,0.2,0.23,,,0.42
1996-07-01,0.44,0.2,0.1,0.21,,,0.17
1996-08-01,-0.17,-0.2,0.0,0.15,,,0.33
1996-09-01,0.34,0.2,0.1,0.17,,,0.33
1996-10-01,0.3,0.1,0.1,0.22,,,0.25
1996-11-01,0.06,0.0,-0.1,0.23,,,0.33
1996-12-01,0.08,0.0,0.0,0.16,,,0.33
1997-01-01,0.25,0.0,0.0,0.18,,,0.41
1997-02-01,-0.04,-0.1,0.0,0.26,,,0.16
1997-03-01,0.36,0.2,0.2,0.26,,,0.32
1997-04-01,0.09,0.0,0.1,0.24,,,0.32
1997-05-01,0.08,0.0,0.1,0.22,,,0.32
1997-06-01,0.07,0.0,-0.1,0.21,,,0.24
1997-07-01,0.2,0.1,0.2,0.24,,,0.32
1997-08-01,0.1,0.0,0.0,-0.02,,,0.56
1997-09-01,0.04,-0.1,0.0,0.4,,,0.24
1997-10-01,-0.03,0.0,0.0,0.28,,,0.48
1997-11-01,0.24,0.1,0.2,0.24,,,0.39
1997-12-01,0.14,0.0,-0.1,0.26,,,0.31
1998-01-01,-0.04,-0.1,0.0,0.21,,,0.31
1998-02-01,0.01,0.0,0.0,0.17,,,0.31
1998-03-01,0.09,0.0,0.0,0.12,,,0.31
1998-04-01,-0.06,-0.1,0.1,0.22,,,0.39
1998-05-01,0.16,0.0,0.0,0.32,,,0.31
1998-06-01,0.06,0.0,-0.1,0.18,,,0.23
1998-07-01,0.1,0.0,0.0,0.11,,,0.08
1998-08-01,-0.01,0.0,-0.1,0.26,,,0.54
1998-09-01,0.52,0.2,0.3,0.16,,,0.31
1998-10-01,-0.01,0.0,-0.1,0.16,,,0.23
1998-11-01,0.07,-0.1,0.1,0.22,,,0.23
1998-12-01,0.18,0.1,0.1,0.29,,,0.3
1999-01-01,0.27,0.0,0.1,0.08,,,0.45
1999-02-01,-0.03,0.0,-0.2,0.33,,,0.23
1999-03-01,-0.17,-0.2,0.0,0.09,,,0.3
1999-04-01,0.17,0.1,0.0,0.28,,,0.3
1999-05-01,0.11,0.0,0.1,0.17,,,0.3
1999-06-01,0.16,0.0,-0.1,0.21,,,0.37
1999-07-01,0.08,0.0,0.0,0.26,,,0.3
1999-08-01,-0.01,-0.1,0.0,0.12,,,0.15
1999-09-01,0.14,0.0,0.0,0.15,,,0.59
1999-10-01,0.11,0.0,0.1,0.31,,,0.22
1999-11-01,0.18,0.1,0.1,0.22,,,0.15
1999-12-01,0.11,0.0,0.0,0.24,,,0.29
2000-01-01,1.49,0.2,0.2,0.17,,,0.29
2000-02-01,0.13,0.0,0.0,0.08,,,0.44
2000-03-01,-0.02,0.0,0.0,0.37,,,0.36
2000-04-01,0.22,0.0,0.1,0.21,,,0.29
2000-05-01,-0.25,-0.2,-0.3,0.17,,,0.29
2000-06-01,0.14,0.0,0.1,-0.03,,,0.36
2000-07-01,-0.22,-0.2,-0.3,0.12,,,0.29
2000-08-01,0.17,0.0,0.0,0.0,,,0.36
2000-09-01,0.0,0.0,0.0,0.08,,,0.43
2000-10-01,0.07,-0.1,0.0,0.01,,,0.28
2000-11-01,0.24,0.1,0.1,0.15,,,0.42
2000-12-01,0.2,0.1,0.1,0.12,,,0.42
2001-01-01,0.39,0.2,0.0,-0.01,,,0.0
2001-02-01,-0.07,-0.1,-0.1,0.06,,,0.49
2001-03-01,0.16,0.1,0.0,-0.03,,,0.42
2001-04-01,-0.25,-0.3,-0.3,-0.22,,,0.14
2001-05-01,-0.17,-0.2,-0.2,-0.04,,,0.42
2001-06-01,0.03,0.0,-0.1,-0.08,,,0.28
2001-07-01,0.21,0.1,0.0,-0.1,,,0.07
2001-08-01,-0.26,-0.3,-0.5,-0.11,,,0.34
2001-09-01,0.49,0.3,0.3,-0.2,,,0.14
2001-10-01,0.07,-0.1,-0.3,-0.24,,,0.27
2001-11-01,0.11,0.0,-0.2,-0.23,,,0.41
2001-12-01,0.05,0.0,-0.1,-0.12,,,0.14
2002-01-01,-0.29,-0.2,-0.2,-0.09,,,0.14
2002-02-01,0.54,0.3,0.3,-0.09,,,0.14
2002-03-01,-0.12,-0.2,-0.2,-0.01,,,0.27
2002-04-01,0.17,0.1,-0.1,-0.08,,,0.13
2002-05-01,0.15,0.0,0.2,0.01,,,0.27
2002-06-01,-0.09,-0.1,-0.2,0.03,,,0.34
2002-07-01,0.0,-0.1,0.0,-0.07,,,0.27
2002-08-01,0.14,0.1,0.0,0.0,,,0.33
2002-09-01,0.37,0.1,0.3,-0.06,,,0.2
2002-10-01,-0.16,-0.1,-0.3,0.09,,,0.47
2002-11-01,-0.19,-0.2,-0.2,0.0,,,0.2
2002-12-01,0.02,-0.1,-0.1,-0.12,,,0.33
2003-01-01,0.6,0.1,0.1,0.08,,,0.07
2003-02-01,0.11,0.0,0.0,-0.1,,,0.46
2003-03-01,-0.05,-0.1,-0.1,-0.16,,,-0.07
2003-04-01,0.31,0.1,0.0,-0.05,,,0.07
2003-05-01,0.02,0.0,-0.1,0.02,,,0.33
2003-06-01,0.38,0.1,0.0,-0.01,,,0.2
2003-07-01,-0.39,-0.3,-0.2,0.0,,,0.26
2003-08-01,-0.03,-0.1,0.0,-0.02,,,0.13
2003-09-01,0.06,0.0,-0.1,0.08,,,0.0
2003-10-01,0.13,0.0,0.1,0.14,,,0.0
2003-11-01,0.19,0.0,0.2,0.03,,,0.26
2003-12-01,-0.18,-0.2,-0.1,0.08,,,0.06
2004-01-01,0.08,0.2,0.1,0.13,,,0.26
2004-02-01,-0.09,-0.1,0.0,0.05,,,0.13
2004-03-01,0.16,0.0,-0.1,0.24,,,0.19
2004-04-01,-0.06,-0.1,0.1,0.21,,,0.19
2004-05-01,0.15,0.1,0.0,0.22,,,0.26
2004-06-01,0.27,0.1,0.1,0.07,,,0.26
2004-07-01,0.16,0.0,0.1,0.05,,,0.13
2004-08-01,-0.09,-0.1,-0.1,0.06,,,0.25
2004-09-01,-0.1,-0.2,-0.1,0.11,,,0.32
2004-10-01,0.26,0.1,0.0,0.26,,,0.19
2004-11-01,0.25,0.1,0.2,0.06,,,0.19
2004-12-01,-0.07,-0.1,-0.1,0.1,,,0.13
2005-01-01,-0.02,-0.1,0.0,0.11,,,0.25
2005-02-01,0.23,0.1,0.0,0.19,,,0.19
2005-03-01,0.02,0.0,0.0,0.09,,,0.25
2005-04-01,0.36,0.2,0.3,0.27,,,0.25
2005-05-01,0.22,0.0,0.1,0.13,,,0.19
2005-06-01,-0.02,0.0,-0.1,0.19,,,0.25
2005-07-01,0.13,0.0,0.1,0.26,,,0.44
2005-08-01,0.23,0.1,0.1,0.15,,,0.12
2005-09-01,0.12,-0.1,-0.1,0.04,,,0.12
2005-10-01,0.03,0.0,0.0,0.07,,,0.56
2005-11-01,0.04,-0.1,-0.1,0.26,,,0.12
2005-12-01,-0.02,0.0,0.1,0.12,,,0.37
2006-01-01,0.12,0.0,0.1,0.2,,,0.37
2006-02-01,0.28,0.1,0.1,0.23,,,0.37
2006-03-01,0.11,0.1,0.1,0.22,,,0.36
2006-04-01,0.05,-0.1,-0.1,0.13,0.65,0.29,0.54
2006-05-01,0.12,0.0,0.1,0.03,-0.2,0.0,0.12
2006-06-01,0.19,0.1,0.0,0.06,0.45,0.29,0.42
2006-07-01,0.02,-0.1,-0.1,0.14,0.35,-0.29,0.36
2006-08-01,0.22,0.1,0.1,0.12,0.15,0.0,0.24
2006-09-01,-0.04,-0.1,0.0,0.1,0.39,0.29,0.3
2006-10-01,0.25,0.1,0.2,0.01,0.1,-0.29,0.36
2006-11-01,0.24,0.1,0.0,0.16,0.34,0.0,0.3
2006-12-01,0.21,0.1,0.1,0.14,0.44,0.58,0.41
2007-01-01,0.27,0.0,-0.1,0.16,0.05,-0.58,0.23
2007-02-01,-0.11,-0.1,0.0,0.06,0.44,0.0,0.41
2007-03-01,0.04,-0.1,0.0,0.16,0.19,0.29,0.35
2007-04-01,-0.4,-0.3,-0.3,0.05,0.34,0.0,0.29
2007-05-01,0.15,0.1,0.0,0.11,0.24,0.0,0.41
2007-06-01,0.24,0.0,0.0,0.06,0.53,0.29,0.4
2007-07-01,0.01,0.0,-0.1,-0.02,-0.05,-0.29,0.29
2007-08-01,-0.2,-0.2,-0.2,-0.02,0.29,0.0,0.23
2007-09-01,0.44,0.2,0.2,0.06,0.19,0.0,0.29
2007-10-01,-0.15,-0.2,-0.2,0.06,0.1,-0.29,0.17
2007-11-01,0.43,0.2,0.2,0.08,0.28,0.29,0.28
2007-12-01,0.05,0.0,-0.2,0.08,0.19,0.0,0.28
2008-01-01,0.09,0.2,0.2,0.0,0.14,0.0,0.34
2008-02-01,-0.27,-0.2,-0.1,-0.04,0.38,0.0,0.34
2008-03-01,0.17,0.1,-0.1,-0.05,0.42,0.0,0.39
2008-04-01,-0.09,-0.2,0.0,-0.16,0.09,0.0,0.28
2008-05-01,0.35,0.2,-0.2,-0.14,0.42,0.0,0.33
2008-06-01,0.01,0.0,-0.1,-0.11,0.23,-0.29,0.33
2008-07-01,0.1,0.0,-0.2,-0.15,0.37,0.0,0.33
2008-08-01,0.11,0.0,-0.2,-0.21,0.46,0.0,0.44
2008-09-01,-0.05,-0.1,-0.1,-0.33,0.14,-0.29,0.11
2008-10-01,0.2,0.0,-0.2,-0.34,0.14,0.29,0.27
2008-11-01,-0.15,-0.1,-0.3,-0.55,0.46,-0.58,0.33
2008-12-01,0.01,-0.1,-0.4,-0.51,0.41,-0.59,0.44
2009-01-01,-0.29,-0.1,-0.4,-0.57,0.05,0.29,0.0
2009-02-01,0.21,0.1,-0.3,-0.57,0.09,0.0,0.27
2009-03-01,-0.26,-0.2,-0.4,-0.62,0.32,-0.59,0.27
2009-04-01,0.24,0.1,-0.1,-0.51,0.23,0.0,0.16
2009-05-01,0.15,0.0,-0.2,-0.27,0.09,0.0,0.05
2009-06-01,-0.02,0.0,-0.2,-0.35,0.09,-0.3,0.16
2009-07-01,-0.14,-0.2,-0.1,-0.26,0.18,0.3,0.16
2009-08-01,-0.13,-0.1,-0.2,-0.15,0.23,0.0,0.43
2009-09-01,-0.31,-0.3,-0.4,-0.17,0.18,0.3,0.16
2009-10-01,-0.03,-0.1,-0.2,-0.14,0.18,-0.29,0.21
2009-11-01,0.06,0.0,0.1,0.0,0.13,0.3,0.32
2009-12-01,-0.5,-0.4,-0.3,-0.19,0.13,0.0,0.21
2010-01-01,0.24,0.2,0.2,0.0,0.13,0.29,0.21
2010-02-01,0.14,0.1,0.0,-0.07,0.27,-0.59,0.16
2010-03-01,0.17,0.0,0.0,0.12,0.0,0.59,0.05
2010-04-01,0.43,0.3,0.2,0.2,0.13,0.29,0.21
2010-05-01,-0.34,-0.3,-0.1,0.4,0.09,0.29,0.26
2010-06-01,-0.31,-0.3,-0.1,-0.1,0.09,-0.29,0.11
2010-07-01,0.05,0.0,0.0,-0.07,0.27,0.29,0.05
2010-08-01,0.26,0.1,0.1,0.0,0.13,0.0,0.37
2010-09-01,-0.07,-0.1,-0.1,-0.06,0.22,0.29,0.0
2010-10-01,-0.22,-0.2,-0.2,0.21,0.26,0.0,0.52
2010-11-01,0.32,0.2,-0.1,0.1,0.0,-0.29,0.0
2010-12-01,-0.31,-0.3,0.1,0.06,0.13,0.29,0.1
2011-01-01,-0.25,-0.1,0.0,0.01,0.48,-0.29,0.52
2011-02-01,-0.03,-0.1,0.1,0.17,0.0,0.29,-0.1
2011-03-01,0.11,0.1,0.0,0.17,0.0,0.0,-0.05
2011-04-01,0.11,0.0,0.0,0.24,0.17,0.29,0.31
2011-05-01,-0.04,-0.1,-0.1,0.08,0.26,0.0,0.26
2011-06-01,-0.09,-0.1,-0.1,0.17,0.13,-0.29,0.0
2011-07-01,-0.04,0.0,0.0,0.05,0.48,0.29,0.36
2011-08-01,0.31,0.1,0.1,0.1,-0.22,-0.29,-0.05
2011-09-01,0.24,0.1,0.1,0.17,0.22,0.29,0.1
2011-10-01,-0.11,-0.1,0.0,0.16,0.3,0.29,0.36
2011-11-01,0.11,0.0,0.2,0.1,0.04,-0.29,0.0
2011-12-01,-0.09,-0.1,0.0,0.15,0.13,0.0,0.05
2012-01-01,0.25,-0.3,-0.2,0.27,0.17,0.29,0.1
2012-02-01,0.19,0.1,0.1,0.2,0.09,0.0,-0.05
2012-03-01,0.05,0.0,0.0,0.18,0.34,0.0,0.31
2012-04-01,-0.13,-0.1,-0.1,0.06,0.13,-0.29,0.2
2012-05-01,0.21,0.0,0.1,0.08,0.09,-0.29,0.0
2012-06-01,0.14,0.1,0.1,0.06,0.21,0.29,0.15
2012-07-01,-0.09,-0.1,-0.1,0.11,0.13,0.0,0.2
2012-08-01,-0.12,-0.2,-0.1,0.14,-0.04,0.0,-0.05
2012-09-01,0.26,0.1,0.3,0.13,0.38,0.0,0.25
2012-10-01,0.25,0.2,0.1,0.11,-0.04,0.0,0.0
2012-11-01,-0.14,-0.2,-0.1,0.12,0.3,0.0,0.25
2012-12-01,0.19,0.1,0.0,0.18,0.38,0.29,0.3
2013-01-01,0.09,0.0,-0.1,0.14,0.08,-0.29,0.15
2013-02-01,-0.29,-0.3,0.0,0.21,0.17,0.29,0.3
2013-03-01,-0.2,-0.1,-0.1,0.11,0.08,0.0,0.1
2013-04-01,0.25,0.1,0.1,0.14,0.29,-0.29,0.15
2013-05-01,0.09,0.0,0.0,0.16,0.08,0.0,0.05
2013-06-01,0.14,0.0,0.0,0.13,0.29,0.29,0.4
2013-07-01,-0.1,-0.1,0.1,0.08,0.08,-0.29,0.05
2013-08-01,0.0,0.0,0.0,0.19,0.17,0.29,0.15
2013-09-01,0.05,-0.1,0.0,0.13,0.17,-0.29,0.3
2013-10-01,-0.65,-0.4,-0.4,0.16,0.12,0.0,0.1
2013-11-01,0.38,0.2,0.3,0.2,0.29,0.0,0.3
2013-12-01,-0.05,-0.1,0.1,0.04,0.08,0.0,0.15
2014-01-01,0.11,0.0,0.1,0.14,0.17,0.0,0.25
2014-02-01,0.08,0.0,-0.1,0.11,0.45,-0.29,0.59
2014-03-01,0.35,0.2,0.2,0.2,-0.08,0.58,-0.05
2014-04-01,-0.42,-0.3,0.0,0.23,0.12,0.0,0.05
2014-05-01,0.2,0.1,0.0,0.16,0.25,0.0,0.1
2014-06-01,0.01,-0.1,0.1,0.24,0.25,0.0,0.34
2014-07-01,0.19,0.1,0.0,0.16,0.08,0.0,0.05
2014-08-01,0.08,0.0,0.0,0.14,0.25,0.29,0.24
2014-09-01,-0.06,-0.1,0.1,0.21,0.08,-0.29,0.0
2014-10-01,0.24,0.1,0.2,0.17,0.12,0.29,0.19
2014-11-01,0.05,0.0,-0.1,0.21,0.28,0.0,0.34
2014-12-01,-0.1,-0.1,0.1,0.2,-0.12,0.0,-0.29
2015-01-01,0.45,0.1,0.0,0.15,0.45,-0.29,0.43
2015-02-01,-0.25,-0.2,-0.1,0.18,0.2,0.29,0.19
2015-03-01,0.0,-0.1,0.0,0.07,0.24,-0.29,0.34
2015-04-01,0.27,0.2,0.1,0.19,0.16,0.0,0.05
2015-05-01,0.38,0.1,0.1,0.24,0.32,0.0,0.29
2015-06-01,-0.37,-0.2,0.0,0.12,0.0,0.0,0.1
2015-07-01,-0.04,-0.1,-0.1,0.2,0.16,0.29,0.14
2015-08-01,0.11,0.0,0.1,0.09,0.36,0.0,0.38
2015-09-01,-0.28,-0.2,-0.2,0.11,0.04,-0.29,-0.09
2015-10-01,0.28,0.1,0.1,0.21,0.36,0.0,0.47
2015-11-01,0.19,0.0,0.1,0.16,0.2,0.0,0.09
2015-12-01,0.36,0.2,0.2,0.19,0.0,0.0,0.09
2016-01-01,0.16,0.0,0.1,0.09,0.48,0.29,0.38
2016-02-01,0.23,0.1,0.1,0.14,0.04,-0.58,0.09
2016-03-01,0.34,0.2,0.0,0.18,0.28,0.0,0.28
2016-04-01,-0.02,-0.1,-0.1,0.13,0.31,0.0,0.33
2016-05-01,-0.22,-0.2,0.0,0.03,0.2,0.0,0.09
2016-06-01,0.12,0.0,0.0,0.17,0.16,0.0,0.19
2016-07-01,0.14,0.1,0.1,0.26,0.27,0.29,0.28
2016-08-01,0.23,0.1,0.0,0.1,0.08,-0.58,0.09
2016-09-01,0.1,0.0,-0.1,0.21,0.23,0.29,0.09
2016-10-01,-0.07,-0.1,0.0,0.07,0.5,0.0,0.42
2016-11-01,-0.06,-0.1,0.0,0.08,0.0,0.0,0.0
2016-12-01,0.11,0.0,0.0,0.15,0.12,0.0,0.23
2017-01-01,-0.04,0.1,0.2,0.15,0.27,0.0,0.28
2017-02-01,0.15,0.1,0.1,0.15,0.27,-0.29,0.14
2017-03-01,0.17,0.0,0.2,0.09,0.15,0.0,0.14
2017-04-01,0.13,0.1,0.0,0.14,0.27,0.29,0.27
2017-05-01,-0.17,-0.2,-0.1,0.14,0.11,0.0,0.14
2017-06-01,0.08,0.0,0.0,0.14,0.19,0.0,0.23
2017-07-01,0.17,0.1,0.1,0.13,0.34,0.0,0.23
2017-08-01,0.08,0.0,-0.1,0.1,0.08,0.0,0.14
2017-09-01,0.34,0.2,0.3,0.06,0.46,0.0,0.36
2017-10-01,-0.52,-0.4,-0.3,0.1,0.04,0.0,0.0
2017-11-01,0.17,0.0,0.0,0.15,0.15,0.29,0.18
2017-12-01,-0.03,0.0,0.0,0.1,0.34,0.0,0.32
2018-01-01,0.24,0.0,0.0,0.09,0.34,-0.29,0.31
2018-02-01,0.54,0.3,0.3,0.27,0.07,0.29,0.22
2018-03-01,-0.06,-0.1,0.0,0.15,0.41,0.0,0.36
2018-04-01,0.05,0.0,0.0,0.09,0.22,0.0,0.27
2018-05-01,0.05,0.0,0.1,0.22,0.26,0.0,0.22
2018-06-01,0.22,0.1,0.0,0.15,0.19,0.0,0.27
2018-07-01,0.08,0.0,0.1,0.04,0.26,0.0,0.18
2018-08-01,-0.42,-0.4,-0.3,0.17,0.41,0.0,0.35
2018-09-01,0.26,0.2,0.1,0.05,0.4,-0.29,0.35
2018-10-01,0.32,0.1,0.1,0.11,0.18,0.29,0.13
2018-11-01,0.14,0.0,0.1,0.06,0.26,-0.29,0.48
2018-12-01,0.23,0.1,0.0,0.13,0.44,0.29,0.48
2019-01-01,-0.15,0.1,0.0,0.17,0.11,0.0,0.09
2019-02-01,0.02,0.0,0.1,0.0,0.36,-0.29,0.26
2019-03-01,-0.06,-0.1,-0.1,0.15,0.29,0.29,0.43
2019-04-01,-0.2,-0.2,-0.1,0.2,0.07,-0.29,0.17
2019-05-01,0.1,0.1,0.1,0.02,0.32,0.0,0.3
2019-06-01,0.26,0.1,0.1,0.15,0.32,0.0,0.34
2019-07-01,0.26,0.1,0.1,0.07,0.21,0.0,0.21
2019-08-01,0.11,0.0,0.0,0.15,0.39,0.0,0.34
2019-09-01,0.19,0.1,0.2,0.13,0.07,0.0,0.3
2019-10-01,0.2,0.1,0.0,0.06,0.28,0.0,0.3
2019-11-01,0.05,0.0,0.0,0.14,0.35,-0.29,0.34
2019-12-01,0.12,0.0,0.1,0.08,0.14,0.0,0.08
2020-01-01,-0.2,0.0,0.0,0.16,0.18,0.0,0.25
2020-02-01,0.05,0.0,0.0,0.17,0.39,0.0,0.5
2020-03-01,-1.16,-0.7,-1.3,-0.92,0.67,-0.58,0.37
2020-04-01,-3.87,-2.5,-8.6,-13.57,4.56,0.29,4.23
2020-05-01,1.17,0.7,1.5,2.0,-1.07,1.46,-0.64
2020-06-01,1.2,0.7,2.0,3.48,-1.14,-0.29,-0.8
2020-07-01,0.09,0.0,0.5,1.15,0.03,0.0,-0.36
2020-08-01,0.36,0.2,1.3,1.12,0.34,0.29,0.45
2020-09-01,-0.33,-0.3,0.1,0.67,0.07,0.29,0.08
2020-10-01,0.52,0.3,0.9,0.49,0.1,0.0,0.08
2020-11-01,-0.23,-0.2,-0.1,0.19,0.34,0.0,0.4
2020-12-01,0.07,0.0,0.0,-0.13,0.91,0.0,0.88
2021-01-01,-0.41,-0.1,0.0,0.22,0.07,0.57,0.0
2021-02-01,0.1,0.0,0.2,0.36,0.4,-1.14,0.36
2021-03-01,0.12,0.1,0.1,0.59,-0.07,0.87,0.32
2021-04-01,0.22,0.1,0.1,0.25,0.63,0.0,0.75
2021-05-01,0.0,0.0,0.2,0.33,0.63,0.0,0.63
2021-06-01,0.25,0.1,0.1,0.52,0.43,-0.29,0.55
2021-07-01,0.21,0.1,0.3,0.65,0.39,0.0,0.58
2021-08-01,-0.01,-0.1,0.2,0.38,0.39,0.0,0.58
2021-09-01,-0.05,0.0,0.2,0.31,0.65,0.0,0.69
2021-10-01,0.17,0.1,0.2,0.54,0.52,-0.29,0.57
2021-11-01,0.31,0.1,0.3,0.44,0.29,0.29,0.42
2021-12-01,0.14,0.1,0.2,0.39,0.51,0.29,0.75
2022-01-01,0.71,0.2,0.2,0.13,0.67,-1.15,0.56
2022-02-01,0.22,0.1,0.2,0.55,0.13,0.58,0.22
2022-03-01,0.18,0.1,0.2,0.32,0.51,0.0,0.48
2022-04-01,-0.26,-0.2,-0.2,0.2,0.5,-0.29,0.66
2022-05-01,0.32,0.1,0.2,0.2,0.44,0.0,0.44
2022-06-01,-0.19,-0.1,-0.2,0.29,0.28,0.0,0.44
2022-07-01,0.01,-0.1,0.1,0.47,0.47,0.0,0.51
2022-08-01,0.35,0.2,0.1,0.19,0.31,-0.29,0.33
2022-09-01,-0.06,-0.1,0.0,0.14,0.4,0.29,0.43
2022-10-01,0.04,0.0,-0.1,0.23,0.4,0.0,0.43
2022-11-01,-0.13,-0.1,-0.1,0.2,0.37,-0.29,0.43
2022-12-01,0.35,0.2,0.2,0.06,0.37,-0.29,0.39
2023-01-01,0.58,0.1,0.1,0.28,0.24,0.58,0.32
2023-02-01,0.3,0.1,0.1,0.19,0.39,-0.29,0.39
2023-03-01,0.16,0.1,0.1,0.04,0.36,-0.29,0.49
2023-04-01,-0.02,0.0,0.0,0.16,0.48,0.0,0.49
2023-05-01,0.13,0.0,-0.1,0.18,0.21,0.0,0.28
2023-06-01,0.04,0.0,0.0,0.14,0.57,0.0,0.38
2023-07-01,0.13,0.0,0.1,0.1,0.47,-0.29,0.42
2023-08-01,0.35,0.2,0.0,0.14,0.12,0.29,0.17
2023-09-01,-0.02,-0.1,0.0,0.1,0.35,0.0,0.41
2023-10-01,-0.04,-0.1,-0.2,0.1,0.21,-0.29,0.27
2023-11-01,0.26,0.2,0.2,0.08,0.26,0.29,0.38
2023-12-01,-0.42,-0.3,-0.3,0.1,0.35,0.0,0.34
2024-01-01,-0.05,0.0,0.1,0.11,0.52,-0.58,0.48
2024-02-01,0.16,0.1,0.0,0.13,0.15,0.58,0.17
2024-03-01,0.25,0.1,0.1,0.15,0.38,0.0,0.4
2024-04-01,-0.04,-0.1,-0.1,0.04,0.32,-0.58,0.24
2024-05-01,-0.07,0.0,-0.1,0.05,0.37,0.29,0.4
2024-06-01,0.14,0.0,-0.1,0.06,0.34,0.0,0.33
2024-07-01,0.21,0.1,0.0,0.03,0.2,-0.29,0.3
2024-08-01,0.06,0.0,0.0,0.01,0.4,0.29,0.36
2024-09-01,0.1,0.0,0.1,0.1,0.34,0.0,0.4
2024-10-01,-0.16,-0.2,-0.1,0.02,0.34,-0.29,0.3
2024-11-01,-0.09,-0.1,-0.2,0.08,0.39,0.29,0.26
2024-12-01,0.15,0.1,0.1,0.15,0.25,0.0,0.33
2025-01-01,1.3,0.1,0.2,-0.03,0.42,-0.58,0.42
2025-02-01,-0.15,-0.1,-0.2,0.03,0.28,0.29,0.32
2025-03-01,0.12,0.0,0.0,0.04,0.47,0.0,0.42
2025-04-01,0.24,0.1,0.1,0.07,0.03,0.29,0.23
2025-05-01,-0.33,-0.2,-0.3,0.01,0.44,-0.29,0.35
2025-06-01,-0.07,-0.1,0.0,-0.01,0.22,0.0,0.35
2025-07-01,0.02,-0.1,-0.1,0.04,0.3,0.0,0.26
2025-08-01,0.2,0.1,0.0,-0.04,0.41,0.0,0.32
2025-09-01,0.3,0.2,0.1,0.05,0.22,0.0,0.22
2025-10-01,,,,-0.09,0.41,0.0,0.44
2025-11-01,0.16,0.0,-0.1,0.03,0.41,0.29,0.28
2025-12-01,-0.03,-0.1,0.1,-0.01,0.05,-0.29,0.13
2026-01-01,-0.6,-0.3,-0.3,0.08,0.41,0.29,0.35
2026-02-01,0.01,-0.1,-0.1,-0.06,0.4,0.0,0.28
