date,PPI Final Demand (Headline) Period Chg,PPI Final Demand Less Food & Energy (Core) Period Chg,"PPI Final Demand Less Food, Energy & Trade Services Period Chg",PPI Final Demand Goods Period Chg,PPI Final Demand Services Period Chg,PPI Final Demand Finished Consumer Foods Period Chg,PPI Final Demand Finished Consumer Energy Goods Period Chg,PPI Processed Goods for Intermediate Demand Period Chg,PPI Unprocessed Goods for Intermediate Demand Period Chg,PPI Final Demand - Finished Goods Period Chg,PPI Final Demand - Less Food & Energy Period Chg
1947-05-01,,,,,,-1.59,,-0.43,-0.98,0.38,
1947-06-01,,,,,,0.32,,0.87,0.66,0.38,
1947-07-01,,,,,,-0.32,,0.0,1.31,0.0,
1947-08-01,,,,,,1.29,,0.43,1.94,0.38,
1947-09-01,,,,,,2.87,,1.72,2.53,1.52,
1947-10-01,,,,,,1.55,,1.27,4.01,0.37,
1947-11-01,,,,,,1.52,,1.25,0.59,1.12,
1947-12-01,,,,,,3.3,,0.82,4.13,2.21,
1948-01-01,,,,,,3.2,,2.04,2.55,1.44,
1948-02-01,,,,,,-1.97,,-1.2,-4.97,-0.71,
1948-03-01,,,,,,-0.29,,0.4,-2.62,0.36,
1948-04-01,,,,,,1.44,,1.21,2.09,0.36,
1948-05-01,,,,,,0.28,,0.0,3.22,1.07,
1948-06-01,,,,,,0.57,,1.2,2.55,0.7,
1948-07-01,,,,,,0.0,,0.0,-0.28,0.7,
1948-08-01,,,,,,0.0,,0.39,-1.66,0.35,
1948-09-01,,,,,,-1.41,,0.0,-1.69,-0.35,
1948-10-01,,,,,,-1.71,,0.0,-3.15,-0.35,
1948-11-01,,,,,,-1.16,,-0.39,-0.89,-0.7,
1948-12-01,,,,,,-1.18,,-0.79,-1.49,0.0,
1949-01-01,,,,,,-0.89,,0.0,-3.03,-0.7,
1949-02-01,,,,,,-2.4,,-1.59,-3.44,-1.06,
1949-03-01,,,,,,0.31,,-0.4,-0.32,0.0,
1949-04-01,,,,,,-0.31,,-0.81,-1.95,-0.36,
1949-05-01,,,,,,-0.31,,-0.82,-0.33,-0.36,
1949-06-01,,,,,,0.0,,-0.82,-1.33,-0.36,
1949-07-01,,,,,,-1.54,,0.0,-1.68,-0.72,
1949-08-01,,,,,,-0.31,,-0.83,0.0,-0.36,
1949-09-01,,,,,,-0.31,,0.0,1.03,0.0,
1949-10-01,,,,,,-1.26,,-0.42,0.0,-0.36,
1949-11-01,,,,,,0.32,,-0.42,0.34,-0.37,
1949-12-01,,,,,,-0.96,,0.42,0.0,0.0,
1950-01-01,,,,,,-0.32,,0.0,0.0,0.0,
1950-02-01,,,,,,1.29,,0.42,3.04,0.0,
1950-03-01,,,,,,0.32,,0.84,-0.66,0.37,
1950-04-01,,,,,,-0.63,,0.41,0.66,0.0,
1950-05-01,,,,,,0.96,,1.65,3.61,0.73,
1950-06-01,,,,,,0.95,,0.41,1.58,0.36,
1950-07-01,,,,,,3.76,,2.43,3.74,1.45,
1950-08-01,,,,,,2.11,,1.19,2.1,2.14,
1950-09-01,,,,,,0.59,,2.34,1.47,1.05,
1950-10-01,,,,,,-1.47,,1.91,0.0,0.35,
1950-11-01,,,,,,1.49,,0.75,2.61,1.38,
1950-12-01,,,,,,3.82,,3.35,3.67,2.04,
1951-01-01,,,,,,1.98,,2.52,4.09,1.67,
1951-02-01,,,,,,3.33,,0.7,3.66,0.98,
1951-03-01,,,,,,-1.08,,0.35,-1.26,0.32,
1951-04-01,,,,,,0.27,,0.0,0.0,0.0,
1951-05-01,,,,,,0.27,,0.0,-1.79,0.65,
1951-06-01,,,,,,-0.27,,-0.35,-0.78,-0.32,
1951-07-01,,,,,,-2.71,,-1.05,-3.41,-0.65,
1951-08-01,,,,,,0.84,,-1.41,-1.63,-0.32,
1951-09-01,,,,,,0.28,,0.0,-0.83,-0.33,
1951-10-01,,,,,,1.65,,-0.36,2.23,0.65,
1951-11-01,,,,,,0.54,,0.0,-0.82,0.32,
1951-12-01,,,,,,0.54,,-0.36,0.55,0.0,
1952-01-01,,,,,,-0.8,,0.0,-2.19,-0.32,
1952-02-01,,,,,,-0.81,,-0.36,-0.84,-0.32,
1952-03-01,,,,,,0.0,,-0.36,-1.41,0.65,
1952-04-01,,,,,,-0.54,,-0.36,-0.29,-0.65,
1952-05-01,,,,,,-0.55,,0.0,-0.29,0.0,
1952-06-01,,,,,,0.0,,0.36,-0.57,0.0,
1952-07-01,,,,,,1.1,,-0.36,0.0,0.33,
1952-08-01,,,,,,0.0,,0.36,0.29,-0.32,
1952-09-01,,,,,,-0.82,,0.0,-2.59,-0.33,
1952-10-01,,,,,,-0.55,,-0.36,0.0,-0.33,
1952-11-01,,,,,,-0.83,,-0.36,-0.3,-0.33,
1952-12-01,,,,,,-2.23,,-0.36,-2.37,-0.66,
1953-01-01,,,,,,0.28,,0.37,-1.22,0.33,
1953-02-01,,,,,,-0.85,,0.0,-0.31,-0.33,
1953-03-01,,,,,,-0.57,,0.36,0.0,0.33,
1953-04-01,,,,,,-1.15,,0.0,-2.47,-0.33,
1953-05-01,,,,,,0.29,,0.36,0.63,0.33,
1953-06-01,,,,,,0.0,,0.36,-1.26,0.33,
1953-07-01,,,,,,-0.29,,1.08,2.87,0.33,
1953-08-01,,,,,,-0.29,,-0.36,-1.55,-0.33,
1953-09-01,,,,,,1.46,,0.0,0.63,0.0,
1953-10-01,,,,,,-0.86,,0.0,-1.88,0.0,
1953-11-01,,,,,,-0.87,,-0.36,-0.64,-0.33,
1953-12-01,,,,,,0.59,,0.0,1.6,0.33,
1954-01-01,,,,,,1.46,,0.36,0.95,0.33,
1954-02-01,,,,,,-1.44,,0.0,0.0,-0.33,
1954-03-01,,,,,,0.29,,0.0,0.31,0.0,
1954-04-01,,,,,,0.29,,0.0,0.31,0.66,
1954-05-01,,,,,,0.58,,0.0,-0.31,0.0,
1954-06-01,,,,,,-2.31,,-0.36,-1.87,-0.65,
1954-07-01,,,,,,1.77,,0.36,-0.32,0.33,
1954-08-01,,,,,,-0.29,,0.0,-0.32,-0.33,
1954-09-01,,,,,,-1.74,,-0.36,0.64,-0.33,
1954-10-01,,,,,,-0.3,,0.0,-0.95,-0.33,
1954-11-01,,,,,,0.3,,0.36,0.64,0.33,
1954-12-01,,,,,,-0.3,,0.0,-1.91,0.0,
1955-01-01,,,,,,0.59,,0.0,0.97,0.33,
1955-02-01,,,,,,0.59,,0.36,-0.32,0.33,
1955-03-01,,,,,,-1.47,,0.0,-0.97,-0.66,
1955-04-01,,,,,,1.19,,0.36,0.98,0.33,
1955-05-01,,,,,,-1.76,,0.0,-2.58,0.0,
1955-06-01,,,,,,0.9,,0.36,1.66,0.33,
1955-07-01,,,,,,-1.78,,0.71,-0.98,-0.33,
1955-08-01,,,,,,0.0,,0.35,-0.99,0.0,
1955-09-01,,,,,,0.3,,1.05,1.0,0.33,
1955-10-01,,,,,,-1.51,,0.35,0.0,0.33,
1955-11-01,,,,,,0.0,,0.0,-3.29,0.0,
1955-12-01,,,,,,0.0,,0.35,0.34,0.33,
1956-01-01,,,,,,-0.92,,0.34,-0.34,0.0,
1956-02-01,,,,,,0.31,,0.34,1.7,0.33,
1956-03-01,,,,,,0.92,,0.68,-0.33,0.32,
1956-04-01,,,,,,0.0,,0.34,1.68,0.32,
1956-05-01,,,,,,2.13,,0.34,1.32,0.65,
1956-06-01,,,,,,0.3,,0.0,-0.65,0.64,
1956-07-01,,,,,,-0.6,,-0.68,0.0,-0.32,
1956-08-01,,,,,,-0.6,,1.02,1.64,0.32,
1956-09-01,,,,,,1.51,,0.34,0.0,0.64,
1956-10-01,,,,,,0.3,,0.67,0.0,0.63,
1956-11-01,,,,,,0.59,,0.0,0.32,0.31,
1956-12-01,,,,,,-0.29,,0.33,1.93,0.0,
1957-01-01,,,,,,0.0,,0.66,-1.26,0.63,
1957-02-01,,,,,,-0.29,,0.0,-0.96,0.31,
1957-03-01,,,,,,0.0,,0.0,-0.32,-0.31,
1957-04-01,,,,,,0.3,,-0.33,-0.32,0.62,
1957-05-01,,,,,,0.29,,0.0,-0.32,0.0,
1957-06-01,,,,,,0.59,,0.33,2.61,0.62,
1957-07-01,,,,,,1.46,,0.0,1.59,0.31,
1957-08-01,,,,,,0.58,,0.33,0.0,0.0,
1957-09-01,,,,,,-0.86,,0.0,-2.5,0.0,
1957-10-01,,,,,,0.87,,-0.33,-0.64,0.31,
1957-11-01,,,,,,0.86,,0.33,0.32,0.61,
1957-12-01,,,,,,1.14,,0.0,1.29,0.3,
1958-01-01,,,,,,1.4,,0.0,-0.32,0.61,
1958-02-01,,,,,,0.83,,-0.33,1.59,0.0,
1958-03-01,,,,,,3.3,,0.0,1.25,0.6,
1958-04-01,,,,,,-1.86,,-0.33,-1.55,-0.6,
1958-05-01,,,,,,0.54,,0.33,1.89,0.0,
1958-06-01,,,,,,-0.81,,0.0,-1.23,0.3,
1958-07-01,,,,,,-0.54,,0.0,0.31,-0.3,
1958-08-01,,,,,,-0.82,,0.33,-0.62,0.0,
1958-09-01,,,,,,-0.28,,0.0,-0.94,0.0,
1958-10-01,,,,,,-0.55,,0.0,0.95,0.0,
1958-11-01,,,,,,-0.56,,0.33,0.63,0.0,
1958-12-01,,,,,,0.0,,0.33,-1.56,-0.3,
1959-01-01,,,,,,-0.84,,0.0,0.0,0.0,
1959-02-01,,,,,,-0.56,,0.33,-0.63,0.3,
1959-03-01,,,,,,-1.13,,0.0,0.32,0.0,
1959-04-01,,,,,,0.29,,0.0,0.63,0.0,
1959-05-01,,,,,,-0.29,,0.65,-0.63,0.3,
1959-06-01,,,,,,-0.29,,0.0,-0.63,-0.3,
1959-07-01,,,,,,-0.57,,-0.32,-0.96,-0.3,
1959-08-01,,,,,,-1.16,,0.0,-0.97,-0.3,
1959-09-01,,,,,,2.63,,0.0,0.65,1.21,
1959-10-01,,,,,,-1.99,,0.0,-0.65,-0.9,
1959-11-01,,,,,,-0.87,,0.32,-0.65,-0.3,
1959-12-01,,,,,,0.88,,0.0,-0.66,0.0,
1960-01-01,,,,,,0.29,,-0.32,0.33,0.3,
1960-02-01,,,,,,0.0,,0.32,0.0,0.0,
1960-03-01,,,,,,2.61,,0.0,0.99,0.91,
1960-04-01,,,,,,0.0,,-0.32,0.33,0.0,
1960-05-01,,,,,,0.28,,0.0,0.0,0.0,
1960-06-01,,,,,,-0.28,,0.32,-1.3,0.0,
1960-07-01,,,,,,0.56,,-0.32,0.0,0.3,
1960-08-01,,,,,,-0.84,,0.0,-1.97,-0.3,
1960-09-01,,,,,,0.85,,0.0,0.67,0.0,
1960-10-01,,,,,,1.4,,0.0,0.67,0.9,
1960-11-01,,,,,,0.83,,-0.32,0.0,0.0,
1960-12-01,,,,,,-0.55,,0.0,0.33,-0.3,
1961-01-01,,,,,,-0.83,,-0.33,0.33,0.0,
1961-02-01,,,,,,0.56,,0.33,0.33,0.3,
1961-03-01,,,,,,-1.11,,0.33,-0.66,-0.3,
1961-04-01,,,,,,-1.12,,-0.32,-0.33,-0.6,
1961-05-01,,,,,,-0.85,,-0.33,-0.99,-0.3,
1961-06-01,,,,,,-0.86,,-0.33,-1.34,0.0,
1961-07-01,,,,,,1.15,,0.0,0.68,0.0,
1961-08-01,,,,,,0.57,,0.0,2.69,0.3,
1961-09-01,,,,,,-0.28,,0.0,-0.66,-0.3,
1961-10-01,,,,,,-0.28,,-0.33,0.0,0.0,
1961-11-01,,,,,,0.0,,0.33,-0.33,0.3,
1961-12-01,,,,,,1.14,,0.33,1.32,0.0,
1962-01-01,,,,,,0.85,,-0.33,0.0,0.3,
1962-02-01,,,,,,0.56,,0.33,-0.33,0.3,
1962-03-01,,,,,,-0.28,,0.0,0.0,-0.3,
1962-04-01,,,,,,-1.39,,0.0,-1.31,0.0,
1962-05-01,,,,,,-0.28,,0.0,0.0,-0.3,
1962-06-01,,,,,,-0.57,,0.0,-0.66,0.0,
1962-07-01,,,,,,0.0,,0.0,1.0,0.0,
1962-08-01,,,,,,1.71,,0.0,0.99,0.3,
1962-09-01,,,,,,2.24,,0.0,2.3,0.9,
1962-10-01,,,,,,-1.92,,-0.33,-1.28,-0.59,
1962-11-01,,,,,,0.28,,0.0,0.65,0.0,
1962-12-01,,,,,,-0.56,,0.0,-1.29,-0.3,
1963-01-01,,,,,,-0.28,,0.0,-0.98,-0.3,
1963-02-01,,,,,,-0.56,,0.0,-0.99,0.0,
1963-03-01,,,,,,-1.41,,0.0,-1.33,-0.3,
1963-04-01,,,,,,-0.29,,0.0,0.68,0.0,
1963-05-01,,,,,,1.44,,0.66,-0.67,0.3,
1963-06-01,,,,,,0.28,,0.0,1.01,0.3,
1963-07-01,,,,,,0.0,,0.0,0.33,-0.3,
1963-08-01,,,,,,-0.28,,0.0,-0.33,0.0,
1963-09-01,,,,,,-0.28,,0.0,-0.33,0.0,
1963-10-01,,,,,,0.28,,0.33,0.34,0.3,
1963-11-01,,,,,,0.57,,0.0,1.0,0.0,
1963-12-01,,,,,,-1.13,,0.0,-2.65,-0.3,
1964-01-01,,,,,,1.42,,0.0,1.36,0.3,
1964-02-01,,,,,,-1.4,,0.0,-1.34,0.0,
1964-03-01,,,,,,0.57,,0.0,0.34,-0.3,
1964-04-01,,,,,,0.28,,0.0,0.0,0.3,
1964-05-01,,,,,,-0.85,,-0.32,-0.34,0.0,
1964-06-01,,,,,,1.14,,-0.33,-1.36,0.0,
1964-07-01,,,,,,0.0,,0.33,0.69,0.0,
1964-08-01,,,,,,-0.28,,-0.33,0.68,0.3,
1964-09-01,,,,,,1.13,,0.33,2.38,0.0,
1964-10-01,,,,,,-0.28,,0.33,-1.0,0.0,
1964-11-01,,,,,,-0.56,,0.0,0.34,0.0,
1964-12-01,,,,,,-0.56,,0.32,-0.33,0.0,
1965-01-01,,,,,,0.28,,0.0,-1.01,0.0,
1965-02-01,,,,,,0.28,,0.0,1.36,0.3,
1965-03-01,,,,,,0.85,,0.32,0.33,0.0,
1965-04-01,,,,,,1.68,,0.32,1.33,0.89,
1965-05-01,,,,,,1.1,,0.0,1.32,0.29,
1965-06-01,,,,,,0.82,,0.32,2.6,0.29,
1965-07-01,,,,,,-0.27,,0.0,-1.27,-0.29,
1965-08-01,,,,,,0.27,,0.32,0.96,0.29,
1965-09-01,,,,,,0.27,,0.0,-0.32,0.29,
1965-10-01,,,,,,0.81,,0.0,1.27,0.29,
1965-11-01,,,,,,0.8,,0.32,0.94,0.29,
1965-12-01,,,,,,2.12,,0.0,1.87,0.58,
1966-01-01,,,,,,-0.26,,0.0,1.22,0.0,
1966-02-01,,,,,,2.08,,0.64,1.81,0.86,
1966-03-01,,,,,,0.25,,0.32,-0.59,0.0,
1966-04-01,,,,,,0.0,,0.32,-0.6,0.29,
1966-05-01,,,,,,-1.52,,0.63,-0.9,0.0,
1966-06-01,,,,,,-1.29,,0.0,0.0,-0.57,
1966-07-01,,,,,,1.31,,0.63,1.21,0.57,
1966-08-01,,,,,,2.32,,0.31,0.3,0.85,
1966-09-01,,,,,,1.01,,-0.31,-0.3,0.56,
1966-10-01,,,,,,-1.0,,-0.31,-1.5,-0.28,
1966-11-01,,,,,,-1.01,,0.31,-1.82,0.0,
1966-12-01,,,,,,-0.76,,0.0,-0.62,-0.28,
1967-01-01,,,,,,-0.77,,0.0,0.31,0.0,
1967-02-01,,,,,,-1.03,,-0.31,-2.17,-0.28,
1967-03-01,,,,,,-1.04,,0.0,-1.27,0.0,
1967-04-01,,,,,,0.26,,0.0,-1.29,0.0,
1967-05-01,,,,,,0.26,,0.0,1.3,0.28,
1967-06-01,,,,,,2.1,,0.31,0.96,0.85,
1967-07-01,,,,,,-0.51,,0.0,-0.32,0.0,
1967-08-01,,,,,,0.0,,0.0,0.0,0.28,
1967-09-01,,,,,,0.26,,0.31,-0.32,0.0,
1967-10-01,,,,,,0.26,,0.0,0.32,0.28,
1967-11-01,,,,,,-0.26,,0.31,-0.64,0.0,
1967-12-01,,,,,,0.52,,0.62,1.29,0.28,
1968-01-01,,,,,,-0.51,,0.0,-0.32,0.28,
1968-02-01,,,,,,1.03,,0.31,0.32,0.28,
1968-03-01,,,,,,0.26,,0.31,0.32,0.28,
1968-04-01,,,,,,1.02,,0.0,0.32,0.55,
1968-05-01,,,,,,0.25,,0.0,-0.63,0.0,
1968-06-01,,,,,,0.0,,0.3,-0.63,0.27,
1968-07-01,,,,,,0.5,,0.3,0.96,0.27,
1968-08-01,,,,,,0.25,,0.0,0.32,0.27,
1968-09-01,,,,,,1.5,,0.3,0.63,0.54,
1968-10-01,,,,,,0.0,,0.3,0.63,0.0,
1968-11-01,,,,,,0.25,,0.0,2.18,0.27,
1968-12-01,,,,,,0.0,,0.6,-1.22,0.0,
1969-01-01,,,,,,0.49,,0.6,0.62,0.27,
1969-02-01,,,,,,-0.49,,0.3,-0.92,0.0,
1969-03-01,,,,,,0.74,,0.59,1.24,0.54,
1969-04-01,,,,,,0.97,,-0.29,1.22,0.53,
1969-05-01,,,,,,1.93,,0.3,2.72,0.53,
1969-06-01,,,,,,0.95,,0.29,1.47,0.53,
1969-07-01,,,,,,-0.47,,0.0,-1.16,0.26,
1969-08-01,,,,,,0.71,,0.59,0.88,0.26,
1969-09-01,,,,,,0.23,,0.0,0.0,0.26,
1969-10-01,,,,,,0.93,,0.58,1.16,0.52,
1969-11-01,,,,,,1.85,,0.58,1.15,0.78,
1969-12-01,,,,,,0.0,,0.29,-0.28,0.26,
1970-01-01,,,,,,0.68,,0.86,0.0,0.51,
1970-02-01,,,,,,-0.68,,0.0,0.28,-0.26,
1970-03-01,,,,,,0.23,,-0.29,1.14,0.26,
1970-04-01,,,,,,-0.45,,0.57,-0.28,0.0,
1970-05-01,,,,,,-1.14,,0.28,-1.41,0.0,
1970-06-01,,,,,,0.46,,0.28,0.0,0.26,
1970-07-01,,,,,,0.23,,0.57,0.29,0.0,
1970-08-01,,,,,,-1.14,,0.0,-1.14,0.0,
1970-09-01,,,,,,1.85,,0.28,2.31,1.02,
1970-10-01,,,,,,-1.13,,0.56,0.0,0.0,
1970-11-01,,,,,,0.46,,0.28,-1.13,0.51,
1970-12-01,,,,,,-1.83,,0.0,-1.71,0.0,
1971-01-01,,,,,,0.47,,0.28,0.87,0.25,
1971-02-01,,,,,,0.93,,0.28,3.16,0.5,
1971-03-01,,,,,,0.69,,0.55,-1.39,0.25,
1971-04-01,,,,,,1.14,,0.0,1.69,0.25,
1971-05-01,,,,,,0.68,,0.55,0.0,0.5,
1971-06-01,,,,,,0.67,,0.55,0.56,0.25,
1971-07-01,,,,,,-2.0,,0.54,-0.83,-0.49,
1971-08-01,,,,,,1.36,,0.81,-0.28,0.74,
1971-09-01,,,,,,-0.45,,0.0,-0.28,0.0,
1971-10-01,,,,,,0.9,,-0.27,1.96,0.0,
1971-11-01,,,,,,0.67,,0.27,1.65,0.25,
1971-12-01,,,,,,1.11,,0.54,0.54,0.74,
1972-01-01,,,,,,-0.44,,0.27,1.61,-0.24,
1972-02-01,,,,,,0.88,,0.53,0.79,0.73,
1972-03-01,,,,,,-0.44,,0.27,0.0,0.0,
1972-04-01,,,,,,0.0,,0.26,1.57,0.0,
1972-05-01,,,,,,1.31,,0.26,1.55,0.48,
1972-06-01,,,,,,1.08,,0.0,0.25,0.48,
1972-07-01,,,,,,0.64,,0.26,1.52,0.24,
1972-08-01,,,,,,0.42,,0.26,0.75,0.48,
1972-09-01,,,,,,1.06,,0.79,0.5,0.48,
1972-10-01,,,,,,-0.42,,0.52,0.99,-0.47,
1972-11-01,,,,,,1.47,,0.78,2.69,0.71,
1972-12-01,,,,,,2.07,,1.54,4.29,0.95,
1973-01-01,,,,,,2.43,,0.51,2.74,0.7,
1973-02-01,,,,,,1.39,,1.51,4.67,1.16,
1973-03-01,,,,,,5.27,,1.73,4.67,2.07,
1973-04-01,,,,,,1.11,,0.49,1.62,0.68,
1973-05-01,,,,,,0.92,,2.18,4.79,0.67,
1973-06-01,,,,,,2.18,,1.9,4.76,1.11,
1973-07-01,,,,,,-0.89,,-1.63,-4.55,-0.22,
1973-08-01,,,,,,9.52,,2.84,22.1,3.52,
1973-09-01,,,,,,-1.15,,-1.15,-4.99,-0.21,
1973-10-01,,,,,,-1.16,,0.93,-3.94,-0.21,
1973-11-01,,,,,,0.34,,0.92,0.85,0.85,
1973-12-01,,,,,,0.5,,2.28,0.17,0.85,
1974-01-01,,,,,,3.49,,2.46,7.11,2.52,
1974-02-01,,,,,,2.57,10.0,1.96,1.58,1.84,0.6
1974-03-01,,,,,,-0.47,9.09,2.78,-3.11,1.01,1.0
1974-04-01,,,,,,-0.79,5.42,1.87,-2.73,1.0,1.19
1974-05-01,,,,,,-0.16,2.37,3.27,-3.8,1.18,2.15
1974-06-01,,,,,,-3.34,3.86,1.78,-4.97,0.0,1.72
1974-07-01,,,,,,3.78,2.6,3.69,7.94,2.73,1.69
1974-08-01,,,,,,2.38,1.09,4.49,5.18,1.9,1.85
1974-09-01,,,,,,0.77,1.43,0.18,-3.18,1.12,1.27
1974-10-01,,,,,,1.84,1.77,2.33,3.78,1.84,1.8
1974-11-01,,,,,,4.22,-1.74,1.05,1.58,1.99,1.23
1974-12-01,,,,,,-1.59,1.06,0.0,-4.21,0.0,0.87
1975-01-01,,,,,,0.0,2.45,0.35,-3.09,0.53,0.69
1975-02-01,,,,,,-1.03,0.0,-0.34,-2.85,-0.18,0.69
1975-03-01,,,,,,-0.89,0.0,-0.69,-1.38,0.0,0.51
1975-04-01,,,,,,1.65,1.02,0.17,4.2,0.88,0.34
1975-05-01,,,,,,1.03,1.69,-0.35,2.86,0.53,0.17
1975-06-01,,,,,,1.46,1.33,0.0,0.49,0.87,0.34
1975-07-01,,,,,,1.44,1.97,0.35,1.46,0.86,0.5
1975-08-01,,,,,,1.13,3.86,0.87,0.96,0.86,0.17
1975-09-01,,,,,,0.7,2.17,0.34,2.38,0.68,0.5
1975-10-01,,,,,,0.84,1.52,1.03,0.93,0.84,0.66
1975-11-01,,,,,,-0.14,1.49,0.34,-1.08,0.33,0.66
1975-12-01,,,,,,-0.55,0.0,0.34,-0.62,0.17,0.66
1976-01-01,,,,,,-1.39,-2.65,0.34,-1.56,-0.17,0.49
1976-02-01,,,,,,-1.69,-0.3,0.34,-1.43,-0.17,0.32
1976-03-01,,,,,,-0.29,-0.61,0.34,-0.97,0.17,0.48
1976-04-01,,,,,,1.73,0.0,0.33,3.9,0.5,0.16
1976-05-01,,,,,,-0.14,-0.3,0.5,-0.47,0.17,0.16
1976-06-01,,,,,,-1.13,1.83,0.83,2.52,0.17,0.64
1976-07-01,,,,,,-0.43,1.8,0.49,-0.61,0.33,0.48
1976-08-01,,,,,,-0.86,1.77,0.33,-1.85,0.33,0.63
1976-09-01,,,,,,-0.58,0.87,0.98,-0.31,0.33,0.63
1976-10-01,,,,,,0.29,4.02,0.16,-0.63,0.49,0.31
1976-11-01,,,,,,-0.15,3.59,0.65,0.63,0.81,0.78
1976-12-01,,,,,,2.19,-1.33,0.64,1.74,0.81,0.46
1977-01-01,,,,,,0.14,-0.81,0.32,-0.31,0.16,0.31
1977-02-01,,,,,,1.85,3.81,0.48,2.18,1.12,0.46
1977-03-01,,,,,,1.54,2.36,0.95,1.37,0.79,0.46
1977-04-01,,,,,,0.28,1.28,0.78,2.55,0.47,0.3
1977-05-01,,,,,,1.24,1.52,0.78,-1.02,0.63,0.3
1977-06-01,,,,,,-0.68,0.0,0.0,-3.11,0.31,0.61
1977-07-01,,,,,,0.68,0.25,0.31,-1.22,0.31,0.45
1977-08-01,,,,,,0.54,0.0,0.46,-1.24,0.62,0.75
1977-09-01,,,,,,-0.54,0.25,0.46,-0.31,0.46,0.74
1977-10-01,,,,,,0.27,0.25,0.15,0.47,0.61,0.59
1977-11-01,,,,,,0.95,1.49,0.76,2.19,0.76,0.88
1977-12-01,,,,,,0.4,0.98,0.45,1.53,0.45,0.29
1978-01-01,,,,,,0.93,0.0,0.45,1.36,0.45,0.29
1978-02-01,,,,,,1.98,-0.48,0.75,1.63,0.75,0.43
1978-03-01,,,,,,0.65,-0.24,0.59,2.05,0.44,0.58
1978-04-01,,,,,,1.93,0.24,0.44,3.3,1.18,1.0
1978-05-01,,,,,,0.38,0.24,0.88,0.97,0.73,0.71
1978-06-01,,,,,,1.39,0.97,0.73,2.47,0.87,0.84
1978-07-01,,,,,,0.25,0.72,0.29,-0.54,0.86,0.84
1978-08-01,,,,,,-0.87,0.71,0.72,-0.67,0.14,0.69
1978-09-01,,,,,,1.0,1.18,0.86,1.9,0.99,0.96
1978-10-01,,,,,,1.73,1.17,1.13,2.53,0.42,-0.14
1978-11-01,,,,,,0.24,1.62,0.84,0.52,0.84,0.95
1978-12-01,,,,,,1.46,2.27,0.7,0.78,1.11,0.81
1979-01-01,,,,,,1.67,2.0,0.97,2.69,1.24,0.8
1979-02-01,,,,,,1.76,1.31,0.82,2.5,0.95,0.8
1979-03-01,,,,,,0.81,1.94,1.22,2.07,0.81,0.66
1979-04-01,,,,,,0.46,3.8,1.47,0.72,1.07,0.79
1979-05-01,,,,,,-0.91,5.28,1.19,0.36,0.53,0.52
1979-06-01,,,,,,-1.04,4.83,1.17,1.06,0.52,0.78
1979-07-01,,,,,,0.35,5.71,1.55,1.05,1.04,0.64
1979-08-01,,,,,,0.58,5.57,1.4,-1.16,1.03,0.38
1979-09-01,,,,,,1.27,6.27,1.63,2.81,1.66,1.14
1979-10-01,,,,,,0.0,4.5,1.6,1.02,1.13,0.88
1979-11-01,,,,,,1.94,2.97,0.97,1.35,1.24,0.75
1979-12-01,,,,,,0.56,2.6,0.96,1.33,0.98,0.86
1980-01-01,,,,,,-0.56,3.8,2.38,-0.33,1.46,1.96
1980-02-01,,,,,,-0.22,6.5,1.86,1.87,1.44,1.08
1980-03-01,,,,,,0.78,4.45,0.68,-1.94,1.06,0.59
1980-04-01,,,,,,-1.56,4.99,0.34,-2.75,0.82,0.94
1980-05-01,,,,,,0.56,0.46,0.56,1.36,0.46,0.23
1980-06-01,,,,,,0.79,-0.12,0.9,0.67,0.81,1.05
1980-07-01,,,,,,3.34,0.35,0.78,4.99,1.6,1.27
1980-08-01,,,,,,2.59,0.23,1.1,4.65,1.13,0.8
1980-09-01,,,,,,0.11,0.46,0.44,1.41,0.45,0.45
1980-10-01,,,,,,0.84,0.34,0.98,1.79,0.78,0.9
1980-11-01,,,,,,0.42,1.6,0.75,1.27,0.66,0.56
1980-12-01,,,,,,0.1,1.68,0.96,-0.77,0.44,0.33
1981-01-01,,,,,,0.21,2.65,1.27,0.68,1.09,1.11
1981-02-01,,,,,,-0.31,4.09,0.52,0.77,0.86,0.66
1981-03-01,,,,,,0.73,4.86,1.04,-0.38,1.18,0.65
1981-04-01,,,,,,0.0,4.04,1.24,0.39,1.06,0.97
1981-05-01,,,,,,0.21,-1.33,0.41,-0.38,0.31,0.53
1981-06-01,,,,,,0.62,-0.19,0.3,1.06,0.52,0.64
1981-07-01,,,,,,1.02,-1.25,0.2,0.1,0.21,0.21
1981-08-01,,,,,,-0.1,-1.56,0.5,-0.95,0.1,0.53
1981-09-01,,,,,,-0.2,0.79,0.0,-1.25,0.41,0.63
1981-10-01,,,,,,-0.2,-0.29,0.1,-1.46,0.41,0.63
1981-11-01,,,,,,-0.41,0.59,0.1,-1.48,0.31,0.52
1981-12-01,,,,,,0.0,0.98,0.1,-0.9,0.41,0.62
1982-01-01,,,,,,0.82,0.0,0.4,0.91,0.61,0.51
1982-02-01,,,,,,0.3,-1.07,-0.1,0.3,-0.1,0.0
1982-03-01,,,,,,-0.2,-3.53,-0.4,-0.3,0.0,0.61
1982-04-01,,,,,,1.21,-2.34,-0.2,0.5,0.2,0.3
1982-05-01,,,,,,0.7,-3.53,0.0,1.7,0.0,0.4
1982-06-01,,,,,,0.69,3.34,0.1,-0.1,0.81,0.5
1982-07-01,,,,,,-1.48,4.9,0.2,-1.08,0.4,0.2
1982-08-01,,,,,,0.0,0.8,-0.1,-0.89,0.4,0.5
1982-09-01,,,,,,0.0,0.1,0.1,-0.6,0.1,0.2
1982-10-01,,,,,,-0.1,-0.3,-0.1,-0.5,0.3,0.5
1982-11-01,,,,,,0.0,1.88,0.2,0.51,0.4,0.3
1982-12-01,,,,,,0.1,-0.29,0.0,-0.4,0.39,0.59
1983-01-01,,,,,,-0.5,-3.7,-0.3,0.0,-0.79,-0.39
1983-02-01,,,,,,0.7,-2.42,0.2,1.21,0.1,0.39
1983-03-01,,,,,,0.2,-2.8,-0.3,0.5,-0.1,0.29
1983-04-01,,,,,,0.6,-0.43,-0.2,0.7,0.1,-0.1
1983-05-01,,,,,,0.0,1.28,0.3,-0.3,0.3,0.2
1983-06-01,,,,,,-0.4,1.9,0.4,-0.4,0.2,0.19
1983-07-01,,,,,,-0.5,-0.52,0.3,-1.0,0.0,0.29
1983-08-01,,,,,,0.4,0.0,0.4,2.71,0.3,0.39
1983-09-01,,,,,,0.89,-0.21,0.69,1.08,0.29,0.0
1983-10-01,,,,,,0.89,-1.25,0.1,-0.1,0.0,0.1
1983-11-01,,,,,,-0.78,-1.48,0.1,-0.87,-0.2,0.19
1983-12-01,,,,,,0.69,-0.54,0.1,1.17,0.29,0.29
1984-01-01,,,,,,2.44,-0.76,0.2,1.06,0.68,0.38
1984-02-01,,,,,,0.48,0.98,0.39,-0.76,0.39,0.19
1984-03-01,,,,,,0.85,-0.86,0.49,1.83,0.39,0.48
1984-04-01,,,,,,-0.94,2.06,0.19,-0.47,0.1,0.1
1984-05-01,,,,,,-0.48,0.11,0.19,-0.67,-0.1,0.0
1984-06-01,,,,,,-0.19,-0.85,0.19,-1.15,0.0,0.19
1984-07-01,,,,,,1.34,-2.14,-0.19,0.68,0.19,0.19
1984-08-01,,,,,,-0.09,-2.19,-0.19,-0.67,-0.19,0.19
1984-09-01,,,,,,-0.28,-1.23,-0.1,-0.48,0.0,0.28
1984-10-01,,,,,,-0.28,1.02,0.1,-1.26,-0.19,-0.28
1984-11-01,,,,,,0.38,0.45,0.1,0.39,0.39,0.28
1984-12-01,,,,,,0.0,-0.89,-0.1,-0.49,0.0,0.09
1985-01-01,,,,,,-0.19,-2.03,-0.1,-1.48,0.0,0.56
1985-02-01,,,,,,0.57,-2.42,-0.29,-0.5,0.1,0.37
1985-03-01,,,,,,-0.57,-0.71,-0.1,-1.81,0.0,0.28
1985-04-01,,,,,,-0.57,6.18,0.19,-0.92,0.48,0.0
1985-05-01,,,,,,-0.95,2.8,0.29,-0.93,0.29,0.19
1985-06-01,,,,,,-0.1,-3.7,-0.58,-0.63,-0.29,0.37
1985-07-01,,,,,,0.58,-1.69,-0.29,-0.32,0.1,0.18
1985-08-01,,,,,,-0.48,-0.69,0.0,-2.11,-0.19,0.09
1985-09-01,,,,,,-1.25,-0.12,-0.1,-1.18,-0.67,-0.55
1985-10-01,,,,,,1.37,0.93,0.1,2.51,1.06,0.93
1985-11-01,,,,,,1.35,0.92,0.2,1.7,0.57,0.18
1985-12-01,,,,,,0.76,2.39,0.39,-0.21,0.47,0.0
1986-01-01,,,,,,-0.28,-4.11,-0.49,-1.36,-0.47,0.18
1986-02-01,,,,,,-0.95,-9.73,-1.17,-3.93,-1.33,0.18
1986-03-01,,,,,,0.0,-12.45,-1.28,-2.54,-1.25,0.09
1986-04-01,,,,,,0.19,-8.06,-1.0,-2.95,-0.49,0.46
1986-05-01,,,,,,1.05,1.91,-0.2,1.05,0.49,0.09
1986-06-01,,,,,,0.09,0.94,-0.1,-0.35,0.29,0.27
1986-07-01,,,,,,1.32,-13.95,-0.61,0.23,-0.78,0.18
1986-08-01,,,,,,1.77,-0.9,0.0,0.35,0.39,0.09
1986-09-01,,,,,,-0.46,4.0,0.51,-0.12,0.19,-0.09
1986-10-01,,,,,,0.73,-3.5,-0.2,0.92,0.58,0.99
1986-11-01,,,,,,-0.27,-0.36,0.0,0.23,-0.1,0.18
1986-12-01,,,,,,-0.18,1.09,0.2,-0.8,0.19,0.09
1987-01-01,,,,,,-1.19,6.47,0.51,2.76,0.48,0.36
1987-02-01,,,,,,0.56,2.53,0.81,1.01,0.29,-0.18
1987-03-01,,,,,,-0.28,1.15,0.1,0.33,0.1,0.09
1987-04-01,,,,,,1.2,0.49,0.4,2.21,0.57,0.44
1987-05-01,,,,,,0.82,-1.62,0.5,1.41,0.1,0.09
1987-06-01,,,,,,-0.09,1.98,0.6,0.75,0.29,0.09
1987-07-01,,,,,,-0.18,1.29,0.49,1.16,0.19,0.18
1987-08-01,,,,,,-0.73,2.07,0.49,0.94,0.19,0.26
1987-09-01,,,,,,0.82,-1.41,0.2,-0.52,0.28,0.26
1987-10-01,,,,,,-0.36,-0.48,0.49,-0.21,-0.19,0.09
1987-11-01,,,,,,0.0,-1.59,0.39,-0.73,0.0,0.18
1987-12-01,,,,,,-0.73,-0.32,0.29,-0.21,-0.19,0.09
1988-01-01,,,,,,1.47,-2.44,0.29,-0.74,0.57,0.61
1988-02-01,,,,,,-0.72,-0.5,0.29,1.06,-0.09,0.26
1988-03-01,,,,,,0.36,-0.17,0.38,-1.16,0.28,0.26
1988-04-01,,,,,,0.09,2.85,0.67,1.38,0.38,0.26
1988-05-01,,,,,,0.27,-0.98,0.66,0.42,0.19,0.26
1988-06-01,,,,,,0.9,-1.64,1.13,1.25,0.28,0.34
1988-07-01,,,,,,1.16,1.51,0.84,-0.31,0.84,0.51
1988-08-01,,,,,,0.62,-0.99,0.18,0.31,0.37,0.43
1988-09-01,,,,,,1.41,-3.16,0.18,0.0,0.18,0.34
1988-10-01,,,,,,-0.35,0.69,-0.09,-0.41,0.18,0.25
1988-11-01,,,,,,0.17,1.37,0.18,-1.45,0.37,0.25
1988-12-01,,,,,,0.52,-0.34,0.55,3.05,0.36,0.42
1989-01-01,,,,,,1.04,4.39,1.28,3.98,1.0,0.59
1989-02-01,,,,,,0.6,2.59,0.45,-0.29,0.72,0.5
1989-03-01,,,,,,0.51,1.26,0.54,1.18,0.36,0.17
1989-04-01,,,,,,-0.34,7.79,0.54,1.17,0.71,0.08
1989-05-01,,,,,,0.42,2.6,0.09,0.38,0.8,0.66
1989-06-01,,,,,,-0.25,-2.11,-0.09,-1.24,0.0,0.49
1989-07-01,,,,,,0.34,-2.59,-0.27,0.29,-0.18,-0.08
1989-08-01,,,,,,0.25,-7.83,-0.36,-2.22,-0.35,0.49
1989-09-01,,,,,,0.0,3.85,0.27,1.28,0.53,0.33
1989-10-01,,,,,,1.01,0.15,0.09,0.2,0.53,0.32
1989-11-01,,,,,,0.5,-2.0,-0.18,0.78,0.17,0.32
1989-12-01,,,,,,1.08,2.36,0.18,1.55,0.61,0.24
1990-01-01,,,,,,1.97,13.36,1.34,1.52,1.9,0.24
1990-02-01,,,,,,0.56,-3.79,-0.79,0.09,-0.08,0.32
1990-03-01,,,,,,-0.32,-2.54,0.09,-1.59,-0.09,0.32
1990-04-01,,,,,,-0.96,0.29,0.18,-2.28,-0.09,0.16
1990-05-01,,,,,,0.41,-2.59,0.0,0.39,0.09,0.4
1990-06-01,,,,,,-0.16,-0.3,-0.18,-2.42,0.09,0.32
1990-07-01,,,,,,0.73,-0.59,-0.09,0.4,0.26,0.16
1990-08-01,,,,,,0.16,9.1,1.06,9.41,1.1,0.39
1990-09-01,,,,,,-0.32,9.85,1.58,4.8,1.26,0.47
1990-10-01,,,,,,0.32,7.47,1.38,8.64,0.99,0.23
1990-11-01,,,,,,0.56,1.27,0.26,-6.36,0.57,0.31
1990-12-01,,,,,,-0.56,-3.32,-0.68,-5.94,-0.49,0.16
1991-01-01,,,,,,0.24,0.36,0.0,2.26,0.49,0.7
1991-02-01,,,,,,-0.24,-4.95,-0.86,-8.12,-0.65,0.23
1991-03-01,,,,,,0.24,-3.47,-1.04,-3.46,-0.41,0.23
1991-04-01,,,,,,0.16,-0.77,-0.44,-0.3,0.0,0.23
1991-05-01,,,,,,0.08,0.52,-0.09,0.7,0.25,0.15
1991-06-01,,,,,,-0.32,-1.03,-0.18,-1.68,-0.16,0.08
1991-07-01,,,,,,-0.48,-1.69,-0.26,0.2,-0.25,0.23
1991-08-01,,,,,,-1.05,1.72,0.18,-0.3,0.17,0.23
1991-09-01,,,,,,-0.16,0.13,0.18,-0.71,0.16,0.38
1991-10-01,,,,,,0.24,0.26,0.0,2.44,0.33,0.38
1991-11-01,,,,,,0.24,1.56,0.09,-0.1,0.41,0.15
1991-12-01,,,,,,-0.49,-0.26,-0.09,-2.48,-0.08,0.08
1992-01-01,,,,,,0.0,-2.94,-0.53,-1.02,-0.25,0.3
1992-02-01,,,,,,0.57,0.92,0.35,1.44,0.25,0.08
1992-03-01,,,,,,-0.32,-0.39,0.09,-1.52,0.08,0.23
1992-04-01,,,,,,-0.41,0.26,0.18,1.03,0.08,0.3
1992-05-01,,,,,,-0.08,0.79,0.35,2.24,0.33,0.37
1992-06-01,,,,,,0.33,2.6,0.52,1.3,0.41,-0.15
1992-07-01,,,,,,-0.16,-0.38,0.09,0.0,-0.08,0.15
1992-08-01,,,,,,0.49,-0.25,-0.09,-0.89,0.08,0.0
1992-09-01,,,,,,0.16,0.25,0.17,2.09,0.24,0.22
1992-10-01,,,,,,0.32,1.02,0.0,0.0,0.4,0.22
1992-11-01,,,,,,-0.08,-0.75,-0.17,-0.29,-0.08,0.15
1992-12-01,,,,,,0.73,-0.89,0.0,-1.17,0.08,0.07
1993-01-01,,,,,,0.08,-0.13,0.26,0.39,0.16,0.3
1993-02-01,,,,,,-0.08,0.64,0.43,-0.49,0.24,0.22
1993-03-01,,,,,,-0.16,1.02,0.35,0.49,0.24,0.15
1993-04-01,,,,,,1.61,0.13,0.26,1.47,0.56,0.29
1993-05-01,,,,,,0.24,-0.13,-0.26,2.33,0.0,0.07
1993-06-01,,,,,,-1.18,-0.76,0.0,-1.7,-0.4,-0.15
1993-07-01,,,,,,-0.24,-0.76,0.0,-2.12,-0.08,0.15
1993-08-01,,,,,,0.0,-1.02,-0.09,-0.79,-0.96,-1.24
1993-09-01,,,,,,0.4,0.13,0.09,0.4,0.16,0.0
1993-10-01,,,,,,-0.08,0.77,0.09,2.47,0.08,0.07
1993-11-01,,,,,,1.12,-2.05,0.09,-0.68,0.16,0.22
1993-12-01,,,,,,0.55,-2.48,-0.26,-1.26,0.0,0.3
1994-01-01,,,,,,-0.08,0.94,0.26,2.06,0.32,0.44
1994-02-01,,,,,,-0.39,1.99,0.34,-1.64,0.16,0.0
1994-03-01,,,,,,0.32,-0.52,0.17,1.67,0.08,0.07
1994-04-01,,,,,,-0.08,-0.26,0.0,0.0,0.0,0.15
1994-05-01,,,,,,-0.55,-0.92,0.09,-1.54,0.0,0.29
1994-06-01,,,,,,-0.4,0.93,0.51,0.49,0.08,0.15
1994-07-01,,,,,,0.24,2.1,0.42,-0.97,0.4,0.07
1994-08-01,,,,,,-0.16,2.31,0.68,-0.1,0.4,0.22
1994-09-01,,,,,,-0.08,-2.26,0.42,-1.87,-0.24,0.07
1994-10-01,,,,,,0.0,-1.16,0.42,-1.1,-0.32,-0.22
1994-11-01,,,,,,0.63,1.95,0.75,1.22,0.48,0.15
1994-12-01,,,,,,1.5,-0.77,0.41,1.3,0.4,0.22
1995-01-01,,,,,,-0.39,0.64,1.07,0.99,0.24,0.36
1995-02-01,,,,,,0.16,0.26,0.73,0.78,0.24,0.22
1995-03-01,,,,,,0.23,0.13,0.49,-0.58,0.16,0.22
1995-04-01,,,,,,0.16,0.25,0.56,1.37,0.24,0.22
1995-05-01,,,,,,-0.85,0.76,0.16,-1.25,0.08,0.29
1995-06-01,,,,,,-0.23,-0.13,0.24,0.59,0.0,0.07
1995-07-01,,,,,,0.86,-1.39,0.08,-1.36,0.16,0.29
1995-08-01,,,,,,-0.23,-0.38,0.0,-1.87,-0.08,0.0
1995-09-01,,,,,,1.25,-0.9,-0.08,2.31,0.16,0.0
1995-10-01,,,,,,0.0,-0.39,-0.08,-0.1,0.23,0.57
1995-11-01,,,,,,0.92,-1.56,-0.16,2.16,0.23,0.21
1995-12-01,,,,,,-0.08,3.43,0.16,2.31,0.47,0.14
1996-01-01,,,,,,0.08,2.3,0.08,3.1,0.31,0.0
1996-02-01,,,,,,-0.23,-0.5,-0.4,1.64,0.0,0.07
1996-03-01,,,,,,1.15,3.14,0.24,-1.61,0.62,0.0
1996-04-01,,,,,,-0.45,2.31,0.32,4.01,0.31,0.0
1996-05-01,,,,,,-0.23,-0.48,0.4,0.35,0.0,0.28
1996-06-01,,,,,,1.75,-1.31,-0.32,-2.09,0.31,0.14
1996-07-01,,,,,,0.0,-0.36,-0.24,2.14,-0.08,0.0
1996-08-01,,,,,,0.75,0.61,0.08,0.61,0.3,0.07
1996-09-01,,,,,,0.3,0.24,0.4,-2.25,0.08,-0.07
1996-10-01,,,,,,1.04,1.69,-0.08,-0.71,0.53,0.07
1996-11-01,,,,,,-0.15,1.3,-0.16,3.4,0.08,-0.14
1996-12-01,,,,,,-0.66,2.46,0.48,5.88,0.3,0.14
1997-01-01,,,,,,-0.44,0.8,0.16,4.08,0.08,0.14
1997-02-01,,,,,,-0.37,-1.02,-0.08,-8.55,-0.23,-0.07
1997-03-01,,,,,,1.04,-2.4,-0.32,-7.8,-0.08,0.14
1997-04-01,,,,,,-0.59,-3.05,-0.4,0.28,-0.6,0.0
1997-05-01,,,,,,0.15,-1.57,-0.16,1.21,-0.23,-0.14
1997-06-01,,,,,,-0.89,0.12,0.0,-2.66,-0.15,0.0
1997-07-01,,,,,,-0.22,-0.49,-0.24,0.0,-0.3,-0.14
1997-08-01,,,,,,0.3,1.48,0.16,0.56,0.38,0.07
1997-09-01,,,,,,-0.07,0.73,0.16,1.5,0.15,0.21
1997-10-01,,,,,,0.75,-0.12,-0.08,4.61,0.23,0.0
1997-11-01,,,,,,-0.15,-0.24,0.16,2.12,-0.23,-0.14
1997-12-01,,,,,,-0.22,-0.48,-0.16,-6.04,-0.15,-0.07
1998-01-01,,,,,,-0.52,-3.65,-0.64,-5.51,-0.53,0.07
1998-02-01,,,,,,0.37,-1.64,-0.32,-1.95,-0.08,0.14
1998-03-01,,,,,,-0.15,-2.57,-0.4,-1.29,-0.08,0.49
1998-04-01,,,,,,0.45,-0.4,-0.08,1.11,0.15,0.07
1998-05-01,,,,,,-0.67,0.26,-0.08,-0.99,-0.15,0.07
1998-06-01,,,,,,0.0,-0.66,-0.32,-2.51,-0.08,0.0
1998-07-01,,,,,,0.45,-0.27,-0.08,0.31,0.23,0.21
1998-08-01,,,,,,0.15,-1.73,-0.24,-3.9,-0.23,0.0
1998-09-01,,,,,,-0.07,-0.68,-0.33,-2.35,0.0,0.14
1998-10-01,,,,,,0.52,0.95,-0.08,2.74,0.38,0.14
1998-11-01,,,,,,-0.3,-0.27,-0.16,-0.32,-0.08,0.07
1998-12-01,,,,,,-0.07,-2.03,-0.57,-3.63,0.38,1.04
1999-01-01,,,,,,1.26,0.69,-0.08,0.89,0.3,-0.14
1999-02-01,,,,,,-1.17,-1.37,-0.33,-2.2,-0.38,0.07
1999-03-01,,,,,,0.45,1.25,0.25,0.67,0.23,0.0
1999-04-01,,,,,,-1.03,5.78,0.66,1.9,0.46,0.0
1999-05-01,,,,,,0.45,0.13,0.25,6.02,0.15,0.0
1999-06-01,,,,,,0.37,-0.13,0.33,0.21,0.08,0.07
1999-07-01,,,,,,-0.52,2.6,0.65,0.31,0.23,0.0
1999-08-01,,,,,,0.67,3.55,0.57,5.24,0.6,-0.07
1999-09-01,,,,,,0.52,2.08,0.4,3.91,0.75,0.55
1999-10-01,,,,,,-0.37,-0.96,0.24,-2.44,-0.07,0.27
1999-11-01,,,,,,0.0,2.66,0.4,5.68,0.37,0.0
1999-12-01,,,,,,0.3,1.06,0.32,-4.83,0.22,0.07
2000-01-01,,,,,,-0.22,0.82,0.48,2.3,0.0,-0.14
2000-02-01,,,,,,0.66,4.51,0.87,3.93,1.04,0.34
2000-03-01,,,,,,0.0,3.1,0.71,1.98,0.51,0.07
2000-04-01,,,,,,0.81,-3.01,-0.08,-1.68,-0.29,0.0
2000-05-01,,,,,,0.36,-1.11,-0.08,3.41,0.07,0.27
2000-06-01,,,,,,-0.43,6.16,0.86,8.43,0.8,0.0
2000-07-01,,,,,,-0.15,-0.21,0.23,-2.16,0.07,0.2
2000-08-01,,,,,,-0.44,-1.06,-0.23,-3.69,-0.22,0.07
2000-09-01,,,,,,0.29,3.95,0.77,6.8,0.8,0.27
2000-10-01,,,,,,0.51,1.34,0.31,3.66,0.36,-0.07
2000-11-01,,,,,,0.51,2.13,0.0,-0.84,0.5,0.13
2000-12-01,,,,,,-0.07,0.79,0.46,9.3,0.21,0.13
2001-01-01,,,,,,0.51,3.25,0.61,17.36,0.85,0.4
2001-02-01,,,,,,0.94,0.38,-0.23,-14.43,0.14,-0.2
2001-03-01,,,,,,0.71,-4.75,-0.61,-6.56,-0.49,0.2
2001-04-01,,,,,,0.5,2.0,-0.08,0.45,0.57,0.2
2001-05-01,,,,,,0.0,0.59,0.15,-1.88,0.21,0.2
2001-06-01,,,,,,-0.21,-2.33,-0.15,-8.12,-0.35,0.07
2001-07-01,,,,,,-0.42,-7.27,-1.15,-5.5,-1.2,0.2
2001-08-01,,,,,,0.71,1.5,-0.23,-0.88,0.43,0.0
2001-09-01,,,,,,0.28,1.69,0.15,-4.54,0.43,0.13
2001-10-01,,,,,,-0.42,-7.28,-1.31,-9.14,-1.63,-0.6
2001-11-01,,,,,,-0.63,-2.47,-0.47,5.44,-0.36,0.27
2001-12-01,,,,,,-0.14,-3.22,-0.71,-7.01,-0.36,0.13
2002-01-01,,,,,,0.36,-1.43,-0.32,4.5,-0.22,-0.27
2002-02-01,,,,,,0.85,0.0,-0.16,-1.4,0.22,0.07
2002-03-01,,,,,,0.7,3.5,0.72,5.49,0.58,-0.07
2002-04-01,,,,,,-2.93,3.03,0.63,4.14,-0.07,0.2
2002-05-01,,,,,,-0.07,-1.13,-0.08,0.83,-0.22,-0.07
2002-06-01,,,,,,0.36,0.34,0.16,-3.58,0.29,0.2
2002-07-01,,,,,,0.0,0.91,0.31,1.33,-0.14,-0.33
2002-08-01,,,,,,-0.43,1.13,0.23,1.69,0.07,-0.07
2002-09-01,,,,,,-0.43,1.79,0.7,2.31,0.36,0.27
2002-10-01,,,,,,0.36,2.85,0.7,1.62,0.57,0.13
2002-11-01,,,,,,0.22,0.0,0.08,3.55,0.0,-0.13
2002-12-01,,,,,,0.29,0.53,0.08,1.97,-0.21,-0.53
2003-01-01,,,,,,1.79,3.4,1.08,7.65,1.0,0.2
2003-02-01,,,,,,0.21,6.57,1.83,4.92,1.13,0.07
2003-03-01,,,,,,0.28,3.28,1.87,13.33,0.91,0.53
2003-04-01,,,,,,0.91,-6.53,-2.35,-15.77,-1.25,-0.53
2003-05-01,,,,,,0.14,-1.9,-0.53,1.33,-0.21,0.13
2003-06-01,,,,,,0.48,2.95,0.53,4.31,0.56,0.0
2003-07-01,,,,,,-0.28,0.4,0.15,-2.66,0.07,0.13
2003-08-01,,,,,,0.97,1.87,0.45,-0.83,0.63,0.13
2003-09-01,,,,,,1.16,-0.29,-0.07,2.75,0.21,-0.07
2003-10-01,,,,,,2.1,-0.97,0.3,2.83,0.56,0.47
2003-11-01,,,,,,-0.53,0.0,0.0,-0.22,-0.14,-0.07
2003-12-01,,,,,,0.2,2.15,0.6,3.26,0.35,0.0
2004-01-01,,,,,,-1.33,4.12,1.19,4.42,0.55,0.26
2004-02-01,,,,,,0.2,-0.37,0.88,1.41,-0.07,-0.07
2004-03-01,,,,,,1.41,-1.11,0.44,1.59,0.27,0.33
2004-04-01,,,,,,1.59,1.4,1.23,1.96,0.68,0.07
2004-05-01,,,,,,1.37,2.49,1.14,2.82,0.82,0.26
2004-06-01,,,,,,-0.32,-1.08,0.35,0.56,0.0,0.33
2004-07-01,,,,,,-1.81,2.45,0.49,-0.12,-0.13,-0.2
2004-08-01,,,,,,-0.07,0.53,1.05,0.25,0.27,0.26
2004-09-01,,,,,,0.26,-0.44,0.28,-4.76,0.13,0.2
2004-10-01,,,,,,1.71,6.29,1.24,4.55,1.61,0.33
2004-11-01,,,,,,0.06,2.67,0.89,7.27,0.6,0.26
2004-12-01,,,,,,0.06,-3.49,-0.14,-3.18,-0.46,0.26
2005-01-01,,,,,,-0.32,0.08,0.54,-1.79,0.33,0.58
2005-02-01,,,,,,0.71,2.27,0.67,-0.79,0.53,-0.06
2005-03-01,,,,,,0.58,2.22,0.8,4.67,0.65,0.19
2005-04-01,,,,,,0.13,0.8,0.4,2.64,0.33,0.26
2005-05-01,,,,,,-0.26,-1.67,-0.46,-3.37,-0.19,0.26
2005-06-01,,,,,,-0.77,1.38,0.33,-2.13,0.0,-0.13
2005-07-01,,,,,,-0.71,3.6,0.79,5.38,0.71,0.38
2005-08-01,,,,,,-0.26,4.32,0.59,4.07,0.84,0.06
2005-09-01,,,,,,1.24,6.59,2.61,10.36,1.6,0.13
2005-10-01,,,,,,0.26,5.49,3.24,6.19,1.07,-0.19
2005-11-01,,,,,,0.38,-5.53,-1.23,-1.32,-1.12,0.0
2005-12-01,,,,,,0.7,2.02,-0.06,-3.76,0.57,0.0
2006-01-01,,,,,,-0.19,1.71,1.37,0.59,0.56,0.45
2006-02-01,,,,,,-2.1,-4.37,-0.49,-8.17,-1.12,0.32
2006-03-01,,,,,,0.32,1.12,-0.06,-3.75,0.38,0.25
2006-04-01,,,,,,0.45,3.19,0.93,1.84,0.82,0.06
2006-05-01,,,,,,-0.84,0.13,0.86,0.82,0.0,0.25
2006-06-01,,,,,,1.23,1.08,0.49,-3.2,0.5,0.06
2006-07-01,,,,,,0.13,0.2,0.18,1.12,-0.25,-0.57
2006-08-01,,,,,,1.28,1.13,0.6,3.6,0.68,0.38
2006-09-01,,,,,,0.51,-6.82,-1.08,-2.3,-1.17,0.32
2006-10-01,,,,,,-0.13,-3.45,-1.03,-7.72,-0.94,-0.44
2006-11-01,,,,,,-0.25,1.82,0.49,12.34,0.82,0.88
2006-12-01,,,,,,1.14,2.01,0.55,3.17,0.69,0.06
2007-01-01,,,,,,0.81,-1.76,-0.36,-5.37,-0.12,0.12
2007-02-01,,,,,,1.73,2.36,0.73,9.03,1.12,0.44
2007-03-01,,,,,,1.22,3.21,0.85,0.99,0.86,0.0
2007-04-01,,,,,,0.66,2.91,0.96,0.2,0.73,0.06
2007-05-01,,,,,,-0.72,2.04,0.83,0.39,0.42,0.25
2007-06-01,,,,,,-0.18,-0.06,0.41,0.54,0.06,0.19
2007-07-01,,,,,,0.36,2.19,0.82,-1.07,0.66,0.25
2007-08-01,,,,,,0.0,-3.79,-0.99,-2.5,-0.72,0.12
2007-09-01,,,,,,1.08,3.67,0.76,2.32,0.96,0.0
2007-10-01,,,,,,1.43,2.15,0.76,5.51,1.01,0.37
2007-11-01,,,,,,-0.06,7.8,2.32,7.04,1.83,0.31
2007-12-01,,,,,,1.17,-2.87,0.11,2.66,-0.41,0.0
2008-01-01,,,,,,1.39,1.89,1.3,3.27,0.93,0.43
2008-02-01,,,,,,-0.29,0.7,0.89,4.11,0.35,0.43
2008-03-01,,,,,,1.09,2.31,2.1,4.3,0.86,0.18
2008-04-01,,,,,,0.11,0.28,0.98,3.26,0.29,0.42
2008-05-01,,,,,,0.79,4.83,2.52,5.32,1.42,0.3
2008-06-01,,,,,,1.12,5.47,2.2,2.4,1.57,0.18
2008-07-01,,,,,,0.78,3.35,2.71,3.13,1.21,0.48
2008-08-01,,,,,,0.28,-4.42,-1.25,-10.91,-0.76,0.42
2008-09-01,,,,,,-0.22,0.82,-0.05,-5.59,0.38,0.48
2008-10-01,,,,,,0.11,-12.91,-4.34,-15.4,-2.41,0.95
2008-11-01,,,,,,-0.39,-13.77,-5.12,-13.25,-3.03,-0.06
2008-12-01,,,,,,-1.33,-9.24,-4.12,-5.66,-1.85,0.23
2009-01-01,,,,,,-0.62,4.49,0.06,-2.04,0.65,0.0
2009-02-01,,,,,,-1.3,0.5,-0.87,-5.6,-0.12,0.06
2009-03-01,,,,,,-0.74,-4.7,-1.52,-2.02,-0.88,0.18
2009-04-01,,,,,,1.44,1.42,0.06,1.44,0.53,0.06
2009-05-01,,,,,,-1.19,2.43,0.59,3.14,0.18,-0.06
2009-06-01,,,,,,0.86,7.92,1.36,4.48,1.88,0.35
2009-07-01,,,,,,-1.08,-3.8,-0.35,-4.0,-1.15,-0.23
2009-08-01,,,,,,0.06,6.31,1.58,4.82,1.4,0.23
2009-09-01,,,,,,-0.12,-0.65,0.29,-1.14,-0.23,-0.12
2009-10-01,,,,,,1.27,1.18,0.4,7.35,0.46,-0.06
2009-11-01,,,,,,0.57,4.8,1.09,4.49,1.32,0.35
2009-12-01,0.1,,,0.4,-0.1,1.36,0.12,0.51,2.82,0.28,0.0
2010-01-01,0.9,,,1.09,0.8,0.39,3.77,1.69,6.52,1.02,0.23
2010-02-01,-0.2,,,-0.59,0.0,0.67,-3.52,-0.22,-2.43,-0.67,0.06
2010-03-01,0.1,,,0.69,-0.3,2.43,0.49,0.5,1.63,0.68,0.17
2010-04-01,0.3,,,0.2,0.4,-0.7,0.31,0.77,-0.71,0.0,0.0
2010-05-01,0.2,0.3,,0.0,0.4,-0.16,-0.55,0.38,-2.09,0.0,0.29
2010-06-01,-0.2,-0.1,,-0.39,-0.1,-2.66,0.43,-0.6,-2.28,-0.34,0.12
2010-07-01,0.2,0.2,,0.1,0.2,0.89,-0.37,-0.22,2.78,0.11,0.06
2010-08-01,0.2,0.0,,0.59,-0.1,-0.39,2.52,0.49,2.08,0.56,0.12
2010-09-01,0.29,0.2,,0.39,0.3,0.83,0.3,0.38,-0.8,0.33,0.23
2010-10-01,0.39,0.1,,1.07,0.0,0.5,3.41,1.2,3.48,0.83,0.0
2010-11-01,0.29,0.1,,0.58,0.1,0.93,1.22,0.86,1.2,0.44,0.0
2010-12-01,0.29,0.1,,0.96,0.0,0.92,2.52,1.07,4.64,0.88,0.17
2011-01-01,0.58,0.4,,0.95,0.39,0.75,1.67,1.43,3.31,0.76,0.4
2011-02-01,0.58,0.3,,1.22,0.1,3.58,1.21,1.46,2.53,1.08,0.23
2011-03-01,0.67,0.49,,0.74,0.59,-0.21,2.77,1.44,1.81,0.75,0.28
2011-04-01,0.48,0.29,,1.01,0.29,-0.05,2.96,1.32,5.04,0.9,0.34
2011-05-01,0.28,0.2,,0.45,0.19,-0.98,2.56,0.9,-2.77,0.52,0.11
2011-06-01,0.09,0.2,,-0.18,0.19,0.42,-2.35,0.1,0.28,-0.37,0.34
2011-07-01,0.19,0.19,,0.36,0.1,0.73,0.15,0.45,0.28,0.42,0.34
2011-08-01,0.19,0.39,,-0.27,0.39,0.77,-1.89,-0.74,-1.49,-0.26,0.17
2011-09-01,0.38,0.19,,0.73,0.19,0.61,2.4,0.5,0.28,0.89,0.28
2011-10-01,-0.37,-0.29,,-0.36,-0.38,-0.31,-1.12,-0.94,-2.78,-0.21,0.22
2011-11-01,0.28,0.19,,0.27,0.39,0.87,0.21,0.1,2.78,0.26,0.11
2011-12-01,-0.09,0.0,,-0.18,-0.19,-0.41,-0.62,-0.35,-2.51,-0.1,0.22
2012-01-01,0.38,0.39,,0.36,0.48,0.31,0.26,0.1,0.78,0.36,0.39
2012-02-01,0.28,0.29,,0.36,0.29,-0.1,0.88,0.35,-0.57,0.26,0.17
2012-03-01,0.19,0.19,,0.27,0.19,0.41,-0.41,1.14,0.65,0.1,0.17
2012-04-01,0.28,0.29,,-0.09,0.29,-0.15,-0.31,-0.54,-2.96,-0.05,0.17
2012-05-01,-0.09,0.19,,-0.72,0.28,-0.05,-2.83,-0.89,-3.05,-0.57,0.11
2012-06-01,-0.28,-0.1,,-0.63,-0.09,0.25,-2.22,-1.0,-3.18,-0.41,0.17
2012-07-01,-0.09,-0.1,,0.18,-0.09,0.1,-0.65,-0.4,3.33,0.16,0.44
2012-08-01,0.28,-0.1,,1.18,-0.28,0.71,4.36,1.01,4.56,1.2,0.16
2012-09-01,0.65,0.29,,0.89,0.48,0.3,3.6,1.0,1.23,0.92,0.0
2012-10-01,0.09,0.1,,0.09,0.09,0.25,0.15,0.2,-0.57,0.1,0.05
2012-11-01,0.09,0.48,,-0.53,0.57,1.0,-3.22,-0.74,0.74,-0.51,0.22
2012-12-01,0.0,0.09,,-0.18,0.09,-0.49,-0.73,0.05,0.73,-0.2,0.0
2013-01-01,0.28,0.09,,0.54,0.0,1.29,1.2,0.45,0.04,0.56,0.11
2013-02-01,0.18,0.0,,0.62,0.0,-0.83,2.95,0.99,-0.28,0.61,0.16
2013-03-01,0.0,0.19,,-0.53,0.28,0.89,-3.32,-0.98,-0.16,-0.56,0.11
2013-04-01,-0.18,0.19,,-0.71,0.09,-1.13,-2.08,-0.55,0.04,-0.61,0.11
2013-05-01,-0.09,-0.28,,0.27,-0.28,0.4,1.22,-0.15,1.09,0.41,0.11
2013-06-01,0.37,0.38,,0.0,0.47,-0.25,0.05,-0.05,-0.52,0.05,0.11
2013-07-01,0.18,0.28,,0.0,0.37,0.15,-0.52,0.05,1.0,-0.1,0.11
2013-08-01,0.09,0.0,,0.27,0.0,0.49,1.37,0.15,-1.67,0.51,0.05
2013-09-01,0.0,0.09,0.1,-0.18,0.09,-0.39,-0.78,-0.05,-0.24,-0.25,0.05
2013-10-01,0.18,0.19,0.2,0.09,0.28,0.64,0.31,-0.1,-1.26,0.2,0.11
2013-11-01,0.18,0.19,0.1,0.18,0.09,0.2,0.47,-0.05,-2.01,0.3,0.16
2013-12-01,0.09,0.0,0.3,0.44,-0.09,0.0,0.73,0.45,1.84,0.41,0.43
2014-01-01,0.27,0.19,0.2,0.62,0.09,0.68,1.55,0.75,1.81,0.76,0.43
2014-02-01,0.18,0.19,0.0,0.26,0.19,0.49,0.31,0.35,5.1,0.2,0.11
2014-03-01,0.36,0.28,0.2,0.26,0.46,1.16,0.3,0.15,0.38,0.3,0.0
2014-04-01,0.09,0.0,0.2,0.44,-0.09,2.01,0.05,0.2,1.07,0.45,0.11
2014-05-01,0.18,0.28,0.0,-0.35,0.37,-0.84,-1.06,-0.39,-1.29,-0.35,0.16
2014-06-01,-0.09,0.0,0.1,0.0,-0.09,0.33,0.26,-0.15,-1.0,0.25,0.16
2014-07-01,0.36,0.46,0.1,-0.09,0.55,0.89,-1.12,0.1,-1.71,0.0,0.11
2014-08-01,0.0,0.0,0.3,0.0,0.0,-0.23,-0.31,0.05,-2.96,-0.05,0.16
2014-09-01,-0.18,-0.09,0.0,-0.26,-0.18,0.05,-1.6,-0.25,0.61,-0.3,0.11
2014-10-01,0.18,0.37,0.1,-0.53,0.55,0.93,-2.78,-0.99,-3.4,-0.3,0.26
2014-11-01,-0.18,0.0,0.0,-0.44,0.0,-0.19,-1.57,-0.8,-1.47,-0.35,0.0
2014-12-01,-0.27,0.18,0.1,-1.33,0.27,0.19,-6.47,-1.76,-5.69,-1.35,0.05
2015-01-01,-0.63,0.0,-0.1,-1.79,0.0,-0.65,-8.74,-2.46,-9.55,-1.78,0.47
2015-02-01,-0.45,-0.37,-0.1,-0.27,-0.54,-1.44,1.16,-0.37,-3.34,0.1,0.26
2015-03-01,0.18,0.09,0.0,0.18,0.09,-0.71,2.03,-0.11,-0.98,0.36,0.1
2015-04-01,-0.18,0.0,0.2,-0.64,0.09,-0.71,-2.68,-0.74,0.62,-0.67,0.05
2015-05-01,0.36,0.09,0.1,1.01,0.09,0.62,4.61,0.64,3.1,1.14,0.16
2015-06-01,0.27,0.28,0.2,0.45,0.18,0.33,0.98,0.37,0.55,0.56,0.47
2015-07-01,0.18,0.18,0.0,-0.09,0.27,-0.76,-0.24,-0.21,-3.04,-0.1,0.16
2015-08-01,-0.18,0.0,0.1,-0.54,0.0,0.62,-2.19,-0.68,-3.14,-0.36,0.0
2015-09-01,-0.36,-0.09,-0.1,-1.09,0.0,-0.24,-5.96,-1.38,-2.07,-1.23,0.1
2015-10-01,-0.27,-0.18,-0.2,-0.37,-0.27,-0.81,-0.4,-0.43,-1.36,-0.26,-0.05
2015-11-01,0.09,0.09,0.1,-0.09,0.18,0.24,0.27,-0.43,-4.67,0.1,0.05
2015-12-01,-0.09,0.18,0.1,-0.65,0.18,-0.77,-3.04,-1.14,-4.15,-0.67,0.1
2016-01-01,0.36,0.55,0.39,-0.47,0.82,0.82,-3.14,-1.1,-0.6,-0.26,0.26
2016-02-01,-0.27,0.0,0.0,-0.66,0.0,0.0,-4.15,-0.78,-1.88,-0.73,0.1
2016-03-01,0.0,-0.09,0.1,0.28,-0.18,-1.39,2.5,0.28,1.42,0.21,0.1
2016-04-01,0.18,0.18,0.19,0.28,0.09,-0.39,1.58,0.45,2.55,0.32,0.15
2016-05-01,0.18,0.0,0.0,0.56,0.0,-0.24,1.83,0.61,3.32,0.37,0.1
2016-06-01,0.45,0.36,0.19,0.75,0.36,-0.05,2.49,0.72,2.47,0.68,0.31
2016-07-01,-0.09,-0.09,0.19,-0.09,-0.09,0.24,-0.14,0.27,0.34,0.0,0.0
2016-08-01,-0.18,0.0,0.1,-0.28,-0.09,-1.12,-0.74,-0.05,-1.28,-0.31,0.1
2016-09-01,0.27,0.18,0.1,0.37,0.27,0.89,1.02,0.38,-0.57,0.42,0.1
2016-10-01,0.27,0.09,0.1,0.37,0.09,-0.83,3.1,0.27,-1.02,0.57,0.15
2016-11-01,0.18,0.27,0.19,-0.09,0.27,-0.44,-0.92,0.11,0.46,-0.21,0.1
2016-12-01,0.27,0.09,0.19,0.83,0.09,0.79,3.1,0.6,7.04,0.88,0.2
2017-01-01,0.45,0.36,0.29,0.82,0.27,0.2,3.01,1.19,3.53,0.82,0.25
2017-02-01,0.0,-0.09,0.1,0.36,-0.18,0.64,0.62,0.69,-0.26,0.31,0.1
2017-03-01,0.18,0.18,0.1,0.09,0.18,0.98,-1.73,0.0,-3.36,-0.05,0.25
2017-04-01,0.45,0.45,0.48,0.36,0.44,1.3,0.19,0.58,1.93,0.51,0.3
2017-05-01,-0.09,0.27,0.1,-0.72,0.35,-1.29,-3.58,-0.32,-0.63,-1.01,0.0
2017-06-01,0.09,0.09,0.19,0.0,0.09,0.34,-0.52,0.0,0.0,0.05,0.15
2017-07-01,0.09,0.09,0.09,0.09,0.09,0.05,0.07,0.0,0.42,0.05,0.05
2017-08-01,0.35,0.18,0.09,0.54,0.26,-0.43,2.88,0.53,-0.58,0.56,0.1
2017-09-01,0.35,0.09,0.19,0.72,0.09,0.1,4.07,0.73,0.48,0.81,-0.05
2017-10-01,0.35,0.44,0.28,0.36,0.44,0.34,-0.31,0.57,-0.32,0.3,0.5
2017-11-01,0.35,0.18,0.28,0.62,0.17,0.19,3.13,0.62,2.7,0.85,0.25
2017-12-01,0.09,0.0,0.09,0.35,-0.09,-0.1,1.13,0.41,0.88,0.25,0.05
2018-01-01,0.35,0.35,0.47,0.35,0.44,-0.19,0.47,0.77,1.68,0.2,0.2
2018-02-01,0.26,0.18,0.28,0.35,0.17,-0.77,1.81,0.81,1.51,0.3,0.2
2018-03-01,0.17,0.35,0.37,0.09,0.26,1.89,-2.64,-0.05,-3.21,0.0,0.25
2018-04-01,0.17,0.09,0.09,0.09,0.09,-1.62,1.06,0.61,0.77,0.0,0.2
2018-05-01,0.35,0.26,0.19,0.52,0.26,0.39,1.52,0.85,2.79,0.49,0.15
2018-06-01,0.35,0.44,0.28,0.17,0.43,-1.11,1.09,0.4,-0.74,0.1,0.2
2018-07-01,0.09,0.17,0.37,0.09,0.17,0.68,-0.57,0.2,0.94,0.2,0.3
2018-08-01,0.09,0.0,0.09,0.17,0.0,-0.73,0.63,0.3,-3.45,0.1,0.25
2018-09-01,0.17,0.09,0.28,0.26,0.09,0.1,1.02,0.35,1.02,0.34,0.15
2018-10-01,0.69,0.69,0.27,0.69,0.68,0.78,1.74,0.64,3.18,0.78,0.34
2018-11-01,-0.09,0.17,0.18,-0.52,0.17,1.35,-5.42,-0.78,-3.18,-0.82,0.24
2018-12-01,0.0,0.09,0.0,-0.6,0.25,2.15,-4.27,-1.18,2.83,-0.39,0.1
2019-01-01,-0.34,0.0,0.18,-0.87,-0.08,-1.54,-4.22,-1.05,-5.21,-0.93,0.44
2019-02-01,0.17,0.17,0.09,0.44,0.08,-0.33,2.36,0.25,-2.49,0.49,0.15
2019-03-01,0.34,0.09,0.18,0.61,0.17,0.48,3.05,0.5,0.05,0.79,0.14
2019-04-01,0.51,0.43,0.27,0.61,0.51,-0.57,4.47,0.3,1.49,0.83,0.05
2019-05-01,0.08,0.17,0.18,-0.26,0.25,0.1,-1.33,-0.55,-2.41,-0.19,0.1
2019-06-01,-0.08,0.0,0.0,-0.52,0.0,0.19,-2.64,-1.1,-2.63,-0.48,0.05
2019-07-01,0.25,0.25,0.18,0.35,0.25,0.33,0.72,0.1,1.43,0.29,0.14
2019-08-01,0.08,0.17,0.09,-0.26,0.33,-0.57,-0.78,-0.4,-1.68,-0.29,0.0
2019-09-01,-0.25,-0.25,0.0,-0.09,-0.33,0.38,-0.6,-0.2,0.0,0.0,0.05
2019-10-01,0.42,0.25,0.0,0.52,0.25,1.0,1.7,0.25,0.22,0.63,0.19
2019-11-01,-0.17,-0.17,0.09,0.26,-0.33,1.69,-0.78,0.1,2.81,0.29,0.14
2019-12-01,0.34,0.17,0.18,0.34,0.25,-0.05,2.82,0.25,0.97,0.58,0.0
2020-01-01,0.17,0.34,0.27,0.0,0.33,-0.6,-0.64,-0.25,-1.12,-0.24,0.05
2020-02-01,-0.5,-0.34,-0.09,-0.86,-0.42,-0.98,-3.53,-1.01,-6.77,-0.77,0.29
2020-03-01,-0.51,0.08,-0.18,-1.82,0.17,-0.19,-10.85,-1.59,-8.35,-2.23,0.0
2020-04-01,-1.19,-0.34,-0.81,-2.73,-0.42,-0.09,-15.66,-3.44,-14.27,-2.78,0.24
2020-05-01,0.51,0.0,0.09,1.45,0.08,5.46,5.68,0.05,9.24,2.09,-0.1
2020-06-01,0.26,0.17,0.18,0.45,0.08,-4.6,8.67,1.08,5.37,0.35,0.0
2020-07-01,0.6,0.51,0.36,0.71,0.59,-0.37,2.9,1.49,1.46,0.55,0.19
2020-08-01,0.17,0.08,0.27,0.27,0.17,-0.52,0.89,1.05,3.58,0.15,0.14
2020-09-01,0.34,0.25,0.45,0.53,0.17,0.71,1.16,0.62,5.09,0.4,0.05
2020-10-01,0.51,0.5,0.18,0.35,0.66,1.08,0.2,0.83,1.67,0.34,0.09
2020-11-01,0.08,0.0,0.18,0.44,-0.08,-0.6,0.67,0.82,6.18,0.2,0.33
2020-12-01,0.42,0.17,0.36,1.3,0.0,-0.56,6.67,1.88,1.92,1.13,0.09
2021-01-01,1.0,0.83,0.89,1.29,0.82,0.56,3.63,1.65,5.61,1.11,0.33
2021-02-01,0.66,0.33,0.35,1.27,0.41,1.77,3.56,2.41,11.51,1.24,0.28
2021-03-01,0.66,0.49,0.61,1.34,0.33,0.14,3.15,3.5,-4.45,0.9,0.38
2021-04-01,0.98,1.07,0.78,0.74,1.14,1.24,-0.11,1.85,1.16,0.56,0.51
2021-05-01,1.05,0.81,0.52,1.64,0.72,2.04,1.36,3.14,7.78,1.03,0.56
2021-06-01,0.72,0.56,0.52,1.29,0.48,1.51,3.29,1.68,2.01,1.43,0.69
2021-07-01,1.02,1.09,0.82,0.76,1.1,-0.69,1.87,1.54,3.88,0.64,0.65
2021-08-01,0.88,0.79,0.42,0.95,0.85,1.77,1.46,1.06,1.33,0.96,0.47
2021-09-01,0.48,0.18,0.28,1.36,0.05,2.2,4.22,1.19,2.23,1.77,0.65
2021-10-01,0.63,0.45,0.36,1.21,0.21,-0.37,4.04,2.34,6.69,1.2,0.62
2021-11-01,1.1,1.04,0.87,1.06,1.14,0.9,2.33,1.62,2.03,1.06,0.59
2021-12-01,0.6,0.68,0.39,0.23,0.8,0.65,-0.27,0.28,-4.7,0.4,0.59
2022-01-01,0.96,0.81,0.71,1.25,0.75,1.36,1.66,1.87,3.11,1.16,0.87
2022-02-01,0.93,0.59,0.25,1.7,0.54,2.06,3.84,1.09,9.25,1.86,0.94
2022-03-01,1.68,1.2,0.89,2.49,1.29,1.8,5.87,2.48,2.58,2.16,0.66
2022-04-01,0.54,0.44,0.51,1.17,0.12,1.55,-0.54,1.73,5.68,0.73,1.02
2022-05-01,0.9,0.46,0.5,1.9,0.38,1.12,6.07,2.82,5.6,2.18,0.82
2022-06-01,0.91,0.29,0.27,2.2,0.22,-0.27,9.37,1.95,4.69,2.74,0.7
2022-07-01,-0.31,0.42,0.2,-1.86,0.4,2.11,-9.73,-2.44,-8.73,-1.97,0.53
2022-08-01,-0.06,0.42,0.28,-1.08,0.49,-0.45,-5.54,-1.3,4.6,-1.21,0.52
2022-09-01,0.32,0.15,0.28,0.55,0.2,1.06,1.72,-0.16,-3.67,0.79,0.28
2022-10-01,0.34,0.21,0.15,0.5,0.19,0.6,2.39,-0.24,-9.47,0.91,0.37
2022-11-01,0.34,0.42,0.37,0.07,0.49,2.6,-2.21,-0.59,-3.39,0.24,0.45
2022-12-01,-0.33,0.14,0.15,-1.24,0.14,0.45,-5.44,-2.27,1.99,-1.08,0.25
2023-01-01,0.36,0.17,0.47,1.19,-0.04,-0.95,4.83,0.98,-4.09,1.33,0.66
2023-02-01,-0.05,0.26,0.35,-0.73,0.27,-2.47,-1.58,-0.74,-5.21,-0.76,0.32
2023-03-01,-0.28,-0.05,0.11,-0.66,-0.12,0.56,-4.38,-0.61,-4.47,-0.77,0.32
2023-04-01,0.14,0.21,0.18,-0.06,0.25,-0.25,1.02,-0.73,0.97,0.23,0.09
2023-05-01,-0.23,0.12,0.03,-0.99,0.11,-0.8,-4.21,-1.12,-5.05,-1.0,0.31
2023-06-01,0.06,0.02,0.25,0.05,0.07,0.16,1.43,-0.5,-1.24,0.39,0.05
2023-07-01,0.56,0.62,0.22,0.04,0.87,-0.28,0.13,-0.55,2.5,0.09,0.22
2023-08-01,0.65,0.2,0.27,1.64,0.23,0.04,6.64,2.03,2.17,1.63,0.17
2023-09-01,0.24,-0.01,0.3,0.97,-0.09,0.15,4.07,0.57,2.23,1.1,0.15
2023-10-01,-0.35,0.05,0.05,-1.2,0.05,0.04,-6.65,-0.96,-1.52,-1.59,0.11
2023-11-01,0.06,0.21,0.12,-0.36,0.26,0.32,-2.03,-0.66,-2.42,-0.3,0.2
2023-12-01,-0.12,-0.03,0.33,-0.24,-0.07,0.33,-0.57,-0.48,-3.78,-0.05,0.02
2024-01-01,0.29,0.39,0.47,-0.01,0.43,0.57,-0.92,-0.09,1.78,0.1,0.34
2024-02-01,0.55,0.36,0.38,0.96,0.39,1.81,2.33,1.05,-0.34,1.12,0.34
2024-03-01,0.12,0.12,0.24,0.07,0.14,-0.01,0.29,-0.3,-1.27,0.18,0.21
2024-04-01,0.47,0.49,0.5,0.3,0.56,-0.23,0.95,0.46,2.51,0.25,0.15
2024-05-01,0.02,0.26,0.21,-0.54,0.27,-0.39,-2.72,-1.11,-0.17,-0.58,0.26
2024-06-01,0.45,0.6,0.23,-0.22,0.75,0.61,-1.8,-0.08,0.51,-0.21,0.13
2024-07-01,0.04,-0.05,0.38,0.39,-0.15,0.11,0.89,0.38,1.92,0.3,0.14
2024-08-01,0.34,0.44,0.25,-0.06,0.53,1.1,-1.22,-0.07,-3.25,0.13,0.3
2024-09-01,0.27,0.44,0.19,-0.32,0.54,0.39,-1.84,-0.85,-2.42,-0.2,0.22
2024-10-01,0.34,0.33,0.23,0.26,0.39,-0.61,1.09,0.44,2.8,0.18,0.13
2024-11-01,0.1,-0.0,0.13,0.46,-0.05,2.62,-0.23,0.07,-0.14,0.65,0.22
2024-12-01,0.41,0.32,0.32,0.49,0.39,0.21,2.56,0.21,2.97,0.7,0.16
2025-01-01,0.63,0.56,0.42,0.57,0.65,0.91,1.0,0.78,5.53,0.47,0.08
2025-02-01,0.17,0.17,0.42,0.28,0.14,1.77,-1.65,0.37,0.32,0.2,0.32
2025-03-01,-0.12,0.18,0.12,-0.74,0.15,-2.18,-2.86,0.1,-3.83,-1.02,0.2
2025-04-01,-0.27,-0.21,-0.18,-0.08,-0.35,-1.3,-0.52,0.27,-3.5,-0.23,0.32
2025-05-01,0.34,0.38,0.14,0.15,0.43,0.12,0.51,0.19,-1.57,0.31,0.31
2025-06-01,0.16,0.11,0.15,0.34,0.09,0.17,1.05,-0.07,2.25,0.41,0.26
2025-07-01,0.81,0.79,0.68,0.58,0.92,1.39,-0.23,0.66,1.32,0.42,0.28
2025-08-01,-0.18,-0.19,0.34,0.18,-0.34,-0.32,-0.05,0.38,-1.83,0.13,0.39
2025-09-01,0.61,0.52,0.22,0.64,0.63,0.67,2.6,0.22,-0.51,0.82,0.19
2025-10-01,0.13,0.3,0.64,-0.18,0.21,-0.26,-2.72,-0.12,-1.25,-0.4,0.46
2025-11-01,0.41,0.25,0.27,0.76,0.27,0.01,3.64,0.56,2.41,0.91,0.23
2025-12-01,0.36,0.51,0.14,-0.06,0.56,-0.14,-0.86,0.06,2.09,-0.06,0.29
2026-01-01,0.58,0.83,0.5,-0.11,0.86,-1.32,-2.2,0.13,4.28,-0.54,0.43
2026-02-01,0.48,0.29,0.46,1.01,0.27,2.45,0.92,1.51,5.87,0.88,0.26
2026-03-01,0.78,0.29,0.23,2.01,0.28,-0.91,8.6,2.95,-0.19,1.74,0.21
2026-04-01,1.09,0.75,0.52,1.88,0.79,0.32,5.87,2.67,1.74,1.61,0.37
2026-05-01,0.45,-0.09,0.79,2.26,-0.33,0.4,8.72,2.88,3.12,2.34,0.35
2026-06-01,-0.11,0.39,0.11,-1.42,0.47,-0.29,-5.75,-1.1,-6.35,-1.42,0.17
2026-07-01,-0.03,0.24,0.35,-0.73,0.2,-1.29,-2.33,-0.59,-1.76,-0.7,0.24
