date,Payrolls - New York-Newark-Jersey City (000s) Period Chg,Payrolls - Los Angeles-Long Beach-Anaheim (000s) Period Chg,Payrolls - Chicago-Naperville-Elgin (000s) Period Chg,Payrolls - Dallas-Fort Worth-Arlington (000s) Period Chg,Payrolls - Houston-Pasadena-The Woodlands (000s) Period Chg,Payrolls - Washington-Arlington-Alexandria (000s) Period Chg,Payrolls - Philadelphia-Camden-Wilmington (000s) Period Chg,Payrolls - Atlanta-Sandy Springs-Roswell (000s) Period Chg,Payrolls - Miami-Fort Lauderdale-West Palm Beach (000s) Period Chg,Payrolls - Boston-Cambridge-Newton (000s) Period Chg,Payrolls - Phoenix-Mesa-Chandler (000s) Period Chg,Payrolls - Seattle-Tacoma-Bellevue (000s) Period Chg,Payrolls - Detroit-Warren-Dearborn (000s) Period Chg,Payrolls - Minneapolis-St. Paul-Bloomington (000s) Period Chg,Payrolls - Riverside-San Bernardino-Ontario (000s) Period Chg,Payrolls - Denver-Aurora-Centennial (000s) Period Chg,Payrolls - San Diego-Chula Vista-Carlsbad (000s) Period Chg,Payrolls - Tampa-St. Petersburg-Clearwater (000s) Period Chg,Payrolls - Orlando-Kissimmee-Sanford (000s) Period Chg,Payrolls - Baltimore-Columbia-Towson (000s) Period Chg,Payrolls - Austin-Round Rock-San Marcos (000s) Period Chg,Payrolls - Charlotte-Concord-Gastonia (000s) Period Chg,Payrolls - Portland-Vancouver-Hillsboro (000s) Period Chg,Payrolls - Nashville-Davidson-Murfreesboro-Franklin (000s) Period Chg,Payrolls - Pittsburgh (000s) Period Chg,Payrolls - San Antonio-New Braunfels (000s) Period Chg,"Payrolls - Columbus, OH (000s) Period Chg",Payrolls - Las Vegas-Henderson-North Las Vegas (000s) Period Chg,Payrolls - Cincinnati (000s) Period Chg,Payrolls - Indianapolis-Carmel-Greenwood (000s) Period Chg,Payrolls - Kansas City (000s) Period Chg,Payrolls - Sacramento-Roseville-Folsom (000s) Period Chg,Payrolls - Cleveland (000s) Period Chg,Payrolls - Salt Lake City-Murray (000s) Period Chg,Payrolls - Raleigh-Cary (000s) Period Chg,Payrolls - San Francisco-Oakland-Fremont (000s) Period Chg,Payrolls - San Jose-Sunnyvale-Santa Clara (000s) Period Chg,Payrolls - Santa Rosa-Petaluma (000s) Period Chg,Payrolls - Vallejo (000s) Period Chg,Payrolls - Napa (000s) Period Chg
1990-02-01,-0.17,0.06,0.06,0.12,0.41,-0.01,0.06,0.22,0.14,-0.32,0.42,0.23,0.32,0.33,0.45,0.18,0.13,0.2,0.91,0.5,0.08,0.7,-0.21,0.07,0.34,-0.2,0.33,0.03,0.22,0.15,0.0,0.08,0.15,-0.03,0.78,-0.21,0.02,-0.22,-1.03,0.75
1990-03-01,-0.07,-0.13,0.03,0.14,0.41,0.05,0.23,0.28,0.22,-0.3,0.38,0.14,0.16,0.04,0.37,0.17,0.23,0.05,0.19,0.36,0.75,0.13,0.74,0.09,0.15,-0.06,0.23,0.8,0.2,0.22,0.05,0.32,0.09,0.38,0.03,0.02,0.06,0.15,0.0,-0.5
1990-04-01,-0.64,-0.1,-0.36,0.1,0.63,-0.29,-0.71,-0.31,-0.2,-0.27,1.0,0.45,-0.12,0.12,0.13,0.25,0.01,0.27,0.07,-0.6,0.85,-0.1,0.51,-0.38,0.01,-0.02,0.36,0.76,-0.13,-0.34,-0.58,0.4,0.21,-0.55,-0.03,0.36,0.08,0.44,0.73,2.74
1990-05-01,0.11,-0.15,-0.07,0.07,0.77,-0.04,-0.12,-0.06,0.06,-0.22,-0.05,0.36,0.1,-0.15,0.62,0.65,0.2,-0.13,0.35,-0.1,1.02,-0.07,0.39,0.0,-0.06,0.18,0.05,0.35,0.22,0.13,0.17,0.31,0.08,0.52,-0.2,0.0,0.0,0.07,0.41,1.45
1990-06-01,-0.11,-0.24,0.22,0.38,0.76,0.25,0.18,0.42,-0.08,-0.4,-0.01,0.6,0.19,0.15,0.51,0.15,-0.46,0.22,0.4,-0.04,-0.1,-0.01,0.33,-0.47,0.2,0.44,0.31,0.94,-0.08,-0.17,0.06,0.06,0.23,0.57,0.03,0.33,-0.1,0.29,0.21,0.0
1990-07-01,-0.47,-0.36,0.02,0.39,0.51,-0.22,0.0,0.29,-0.29,-0.34,-0.25,0.1,-0.04,0.16,0.15,-0.3,0.5,-0.33,0.52,-0.07,0.33,-0.53,-0.15,0.04,0.5,-0.33,0.11,0.96,0.19,0.56,0.05,0.16,-0.43,0.35,0.78,0.46,0.22,0.58,0.21,0.0
1990-08-01,-0.06,-0.43,-0.09,0.28,0.22,0.07,-0.03,0.0,0.05,-0.55,-0.16,0.71,-0.01,0.18,-0.21,0.46,0.16,0.76,-0.05,-0.01,-0.05,-0.33,1.47,0.29,-0.32,0.11,0.13,0.37,0.34,0.25,0.29,0.11,-0.12,0.46,-0.3,-0.47,0.04,0.0,-0.31,0.0
1990-09-01,-0.28,-0.41,0.13,-0.0,0.27,-0.17,-0.23,-0.08,-0.17,-0.54,0.44,-0.55,-0.16,-0.05,0.18,0.41,0.14,-0.56,-0.55,-0.42,0.0,0.22,-0.69,0.0,-0.12,0.4,0.05,-0.21,0.01,0.01,0.13,0.22,-0.02,0.22,0.0,0.37,-0.4,0.36,0.1,0.95
1990-10-01,-1.0,0.35,-0.57,-0.02,-0.19,-0.71,-0.68,-0.41,-0.05,-0.97,-0.21,-0.62,-0.39,-0.16,0.4,-0.17,0.06,-0.4,-0.4,-0.98,0.15,-0.62,-0.4,-0.32,-0.25,0.09,-0.2,0.29,-0.02,0.17,-0.06,0.46,-0.56,0.24,-0.13,0.18,0.53,0.5,-0.51,0.0
1990-11-01,-0.24,-0.49,-0.04,0.11,0.11,-0.35,-0.23,-0.11,-0.31,-0.34,0.2,0.41,-0.5,0.0,0.17,0.3,0.03,-0.37,0.16,-0.14,0.68,-0.04,-0.04,0.05,0.04,0.15,-0.07,0.34,-0.05,-0.17,0.38,-0.02,-0.28,0.03,-0.1,-0.01,-0.6,0.07,0.62,0.24
1990-12-01,-0.28,-0.09,-0.09,0.13,0.49,-0.24,-0.21,-0.38,-0.26,-0.41,-0.44,-0.29,-0.03,-0.14,0.25,0.03,-0.08,-0.02,-0.4,-0.25,0.35,-0.14,-0.01,-0.07,-0.14,0.02,0.17,0.08,0.01,-0.24,-0.52,0.38,-0.19,0.13,-0.1,0.08,-0.22,0.71,0.0,1.65
1991-01-01,-1.06,-0.71,0.06,-0.26,-0.41,-0.16,-0.5,0.06,-0.46,-0.85,0.48,-0.28,-0.8,-0.26,0.7,-0.12,0.64,-0.84,-0.42,-0.72,0.25,-0.04,-0.62,0.18,-0.2,-0.18,-0.35,0.13,-0.14,0.18,-0.06,1.9,-0.2,0.19,-0.34,0.3,1.25,1.34,0.21,-1.16
1991-02-01,-0.38,-0.49,-0.23,-0.33,0.18,-0.2,-0.29,-0.66,-0.62,-0.61,-0.09,-0.15,-0.76,-0.34,-0.59,-0.07,-0.46,-0.43,-0.31,-0.4,0.17,-0.32,0.19,-0.23,-0.2,-0.11,-0.36,0.29,-0.35,-0.21,-0.13,-0.33,-0.29,0.24,-0.2,-0.39,-0.32,-0.42,0.41,0.47
1991-03-01,-0.33,-0.46,-0.14,0.02,0.35,-0.36,-0.14,-0.39,-0.44,-0.24,0.04,0.33,-0.07,0.06,-0.18,0.02,-0.24,-0.25,-0.37,-0.27,0.37,-0.28,0.2,0.04,-0.1,0.31,0.0,0.08,0.01,0.14,-0.04,-0.28,-0.08,0.13,-0.07,-0.31,-0.55,-0.28,-0.2,-0.23
1991-04-01,-0.66,0.12,-0.15,-0.0,0.01,-0.37,-0.27,0.01,0.03,-0.69,-0.73,-0.05,-0.04,0.03,0.23,0.01,0.03,-0.67,0.02,-0.53,-0.1,-0.07,-0.28,0.16,-0.05,-0.31,-0.28,0.1,-0.23,0.59,0.1,-0.19,-0.3,-0.03,0.1,0.07,-0.23,-0.14,0.1,0.0
1991-05-01,-0.26,-0.32,-0.31,-0.02,0.06,-0.02,-0.29,-0.07,-0.16,-0.51,-0.35,0.44,0.28,-0.01,-0.12,0.1,-0.09,-0.21,0.21,-0.24,0.25,-0.01,0.26,0.0,-0.08,0.04,-0.11,0.0,-0.05,-0.62,-0.16,-0.16,-0.17,0.24,0.2,-0.24,-0.28,-0.21,0.1,-0.47
1991-06-01,-0.2,-0.24,-0.29,-0.04,0.4,0.08,-0.31,0.14,-0.1,-0.24,-0.28,-0.07,0.02,0.23,-0.1,0.22,-0.25,-0.36,0.19,-0.16,0.17,-0.22,0.15,0.05,0.03,0.27,0.03,0.21,0.16,0.01,-0.18,0.16,0.01,0.24,0.31,-0.19,-0.46,0.14,-0.41,-0.47
1991-07-01,-0.72,-0.14,-0.19,-0.08,-0.53,-0.14,-0.81,0.01,0.04,-0.51,0.2,0.41,0.14,-0.06,0.04,-0.12,0.04,-0.04,0.12,-0.82,0.17,0.48,-0.23,-0.25,-0.18,0.15,0.03,-0.55,-0.02,-0.15,0.69,-0.13,-0.04,0.19,0.14,-0.03,-0.07,0.0,0.0,0.0
1991-08-01,-0.13,-0.26,-0.08,-0.02,-0.14,0.06,-0.22,-0.33,0.32,-0.15,-0.27,0.0,-0.23,0.1,-0.08,-0.05,-0.27,0.11,0.09,0.32,0.37,0.12,0.27,0.56,0.07,0.4,0.16,-0.34,0.05,0.04,0.02,-0.05,-0.01,0.11,0.14,-0.15,0.04,0.91,0.62,-0.71
1991-09-01,-0.01,-0.18,0.11,0.07,0.38,-0.09,0.25,0.18,-0.29,-0.22,0.1,-0.02,0.11,-0.01,-0.01,0.49,-0.06,-0.12,0.1,-0.1,0.29,0.07,0.24,0.54,0.08,1.23,0.38,0.16,0.32,0.18,0.23,0.34,0.03,0.42,0.34,-0.03,-0.21,-0.63,-0.1,-0.48
1991-10-01,-0.22,0.21,-0.05,0.05,-0.43,-0.25,-0.16,-0.09,-0.71,-0.08,0.4,0.04,0.05,0.18,0.12,0.33,-0.23,0.47,0.52,-0.17,0.07,-0.25,0.59,0.05,-0.04,-0.61,-0.4,-0.08,-0.34,-0.13,0.23,-0.34,-0.09,0.45,-0.27,0.01,0.13,0.21,-0.31,2.39
1991-11-01,-0.03,-0.5,-0.08,-0.15,-0.1,0.11,-0.07,0.07,0.58,-0.1,0.15,0.11,0.19,-0.28,-0.36,0.14,-0.33,-0.21,0.21,0.18,0.83,-0.19,-0.62,-0.07,0.22,0.34,0.18,-0.6,0.0,0.18,0.04,-0.11,0.28,-0.16,0.17,-0.2,-0.52,-0.14,0.41,0.0
1991-12-01,-0.34,-0.32,-0.12,-0.01,-0.2,-0.3,-0.22,0.24,-0.65,-0.1,0.19,-0.21,-0.03,0.33,-0.29,0.22,-0.29,0.32,0.17,-0.26,0.41,0.03,0.22,-0.11,-0.03,0.11,-0.01,0.82,0.02,0.24,-0.31,-0.27,-0.43,-0.05,0.34,-0.18,-0.29,0.07,-1.02,0.93
1992-01-01,-0.05,-1.7,0.26,-0.0,0.14,0.26,0.17,0.18,0.76,-0.03,0.13,0.74,-0.09,0.57,2.48,0.19,-0.03,0.38,0.69,0.03,0.82,0.47,0.31,0.39,0.35,-0.16,0.26,-0.18,0.35,0.31,0.56,-0.72,-0.09,0.63,0.77,-0.44,-0.2,-1.05,2.47,-1.16
1992-02-01,-0.23,-0.27,0.06,0.11,0.14,-0.22,-0.11,0.18,-0.2,-0.03,-0.09,0.16,-0.31,0.03,-0.75,0.29,-0.17,-0.44,-0.26,-0.25,0.31,0.12,0.05,0.07,-0.09,0.29,0.04,0.24,-0.09,0.15,-0.06,-0.41,-0.15,0.26,0.23,-0.43,-0.79,-0.28,0.3,-0.23
1992-03-01,-0.31,-0.01,-0.22,-0.06,-0.01,0.02,-0.17,0.32,0.61,-0.07,0.14,0.03,0.21,0.23,0.15,0.27,0.06,0.21,0.62,-0.15,0.38,0.29,0.09,0.18,-0.17,0.3,0.23,0.05,-0.1,0.19,0.02,0.25,0.04,0.36,0.37,0.12,0.39,0.35,0.0,0.7
1992-04-01,0.11,-0.16,0.02,0.35,0.14,0.13,-0.04,0.12,-0.11,-0.41,0.13,0.16,0.53,0.28,0.57,0.18,0.17,-0.06,0.32,0.12,0.43,0.17,0.53,0.61,0.4,0.91,0.59,0.44,0.01,0.11,0.25,0.38,0.02,0.49,0.2,-0.13,0.14,-0.21,0.0,0.7
1992-05-01,-0.23,-0.21,0.22,0.29,0.12,0.05,-0.04,0.42,0.1,0.12,0.43,0.25,0.01,0.44,-0.26,0.36,-0.24,0.37,0.12,-0.16,0.54,0.23,0.33,0.35,0.3,0.3,0.27,1.22,-0.08,0.39,0.22,0.28,0.07,0.54,0.4,-0.18,-0.11,0.42,0.2,-0.69
1992-06-01,-0.19,-0.33,0.06,-0.08,-0.18,-0.24,-0.01,-0.07,0.1,-0.1,0.02,-0.17,-0.02,-0.04,0.27,0.02,-0.09,0.09,0.12,-0.17,0.68,0.09,0.0,0.11,-0.07,0.26,-0.04,-0.56,0.0,-0.45,-0.32,-0.08,-0.1,-0.18,0.39,-0.19,0.02,0.0,0.5,0.0
1992-07-01,0.17,-0.13,0.32,-0.04,-0.09,0.11,0.1,0.68,0.07,-0.02,0.11,-0.12,0.23,0.36,-0.09,0.53,-0.17,-0.05,1.05,-0.01,0.42,0.45,0.48,-0.51,-0.06,0.93,0.27,1.24,0.16,0.69,0.52,0.03,-0.05,0.54,0.1,-0.02,0.26,0.07,-0.2,1.86
1992-08-01,-0.24,-0.2,0.07,0.02,0.01,-0.07,-0.08,0.53,-0.18,-0.02,0.65,-0.04,0.16,0.2,-0.27,0.43,-0.38,0.12,-0.07,-0.14,0.14,0.34,0.05,0.78,-0.02,-0.17,-0.16,0.54,-0.17,0.19,0.17,-0.05,0.04,0.38,0.29,-0.12,-0.04,-0.21,-0.6,0.0
1992-09-01,-0.13,-0.28,0.05,0.22,0.09,0.05,-0.19,0.18,0.58,0.14,0.6,0.04,0.01,0.31,0.22,0.11,0.14,0.26,0.25,-0.02,0.97,0.06,0.28,0.49,0.18,0.28,0.13,0.61,-0.03,0.19,0.34,0.13,0.04,-0.03,0.55,-0.07,-0.04,0.0,0.4,-0.69
1992-10-01,0.06,0.04,0.18,0.43,0.49,0.49,0.43,0.63,0.52,0.26,-0.67,0.29,0.18,-0.01,0.15,0.23,-0.02,-0.06,0.43,0.24,0.69,0.77,0.8,0.4,0.11,0.45,0.33,-0.45,0.71,0.27,0.01,-0.11,0.18,0.43,0.71,-0.17,0.09,0.0,-0.2,0.92
1992-11-01,-0.19,-0.33,0.16,0.14,0.22,-0.21,0.11,0.33,0.51,0.14,-0.03,0.01,-0.07,0.24,0.15,0.2,0.15,0.55,0.18,-0.2,0.55,0.33,-0.18,0.33,-0.21,0.16,0.11,1.52,-0.53,0.16,0.06,-0.03,-0.02,0.43,0.13,0.01,-0.04,0.49,-0.4,-0.46
1992-12-01,-0.04,-0.2,0.08,-0.03,-0.08,0.09,-0.01,0.28,0.47,-0.07,0.22,0.09,-0.07,0.22,-0.48,0.02,-0.57,0.05,0.35,0.17,0.59,0.25,-0.09,0.36,-0.33,0.21,0.05,-0.42,0.2,0.07,0.16,0.14,0.09,0.51,0.45,-0.35,-0.26,-0.56,0.1,0.23
1993-01-01,0.68,-0.08,0.21,0.77,0.24,0.79,0.27,0.64,0.44,0.61,0.39,0.16,0.37,0.37,0.36,0.43,0.81,0.55,0.23,0.55,0.61,0.18,0.27,-0.19,0.9,0.79,0.2,0.93,0.05,0.12,0.19,0.03,0.19,0.38,0.58,0.94,0.67,1.13,0.3,1.14
1993-02-01,0.13,-0.25,0.11,0.42,0.2,0.12,0.23,0.53,0.53,0.08,0.59,0.19,0.18,0.14,0.22,0.48,-0.3,0.36,0.38,0.06,0.69,0.37,0.57,0.71,0.23,0.58,0.24,0.22,0.12,0.14,0.45,0.02,-0.07,0.48,0.7,-0.09,-0.14,0.49,-0.7,-0.23
1993-03-01,-0.38,-0.52,-0.1,0.16,0.17,-0.38,-0.4,0.15,0.12,-0.15,0.65,0.19,0.02,0.1,0.13,0.46,-0.19,0.12,-0.03,-0.55,0.62,0.18,0.23,0.02,-0.57,0.2,0.03,0.52,-0.29,-0.16,0.05,-0.05,-0.43,0.5,0.13,-0.28,0.0,-0.56,0.2,-0.45
1993-04-01,0.33,-0.33,0.75,0.16,0.26,0.47,0.07,0.92,1.08,0.52,1.01,0.35,0.27,0.33,0.05,0.6,-0.29,0.51,2.5,0.05,0.66,0.5,0.56,0.78,0.15,0.53,-0.01,0.32,0.36,0.27,0.28,-0.28,0.42,0.52,0.47,-0.06,-0.23,0.28,-0.5,-0.91
1993-05-01,0.06,-0.15,0.27,0.23,0.05,0.16,0.18,0.33,-0.15,0.35,0.58,-0.17,0.03,0.08,0.08,0.08,0.14,0.4,0.22,0.21,0.5,0.39,0.19,0.21,0.07,-0.08,0.32,0.57,0.15,0.18,0.21,-0.21,0.13,0.49,0.69,0.11,0.11,0.0,0.1,-0.46
1993-06-01,0.03,0.11,0.04,0.42,0.24,-0.01,-0.05,0.24,0.28,0.16,1.03,0.19,-0.08,0.12,-0.03,0.44,0.34,0.59,0.27,-0.13,0.15,0.55,0.36,0.75,-0.18,0.13,0.33,1.59,-0.2,0.35,0.12,0.02,0.09,0.59,0.16,0.0,0.14,0.28,-0.71,1.39
1993-07-01,0.4,-0.11,0.08,0.44,0.31,0.19,0.26,0.5,0.51,0.22,0.91,1.09,0.67,0.28,-0.2,0.33,-0.24,0.45,-0.13,0.79,0.85,0.22,0.35,0.61,0.28,0.59,0.18,-0.67,0.7,0.13,-0.08,0.21,0.22,0.46,0.78,-0.18,0.17,0.07,1.12,-3.19
1993-08-01,-0.1,0.1,0.18,0.24,0.32,-0.05,0.12,0.54,0.23,0.13,0.01,0.03,-0.59,0.24,0.12,0.26,0.22,0.62,0.11,-0.24,0.58,0.33,0.2,0.1,0.22,0.12,0.36,1.04,-0.06,0.24,0.29,0.43,0.03,0.56,0.37,-0.09,-0.02,-0.21,-0.5,0.71
1993-09-01,0.03,-0.15,-0.1,0.41,0.18,0.16,-0.2,0.42,0.03,0.22,0.41,0.19,0.05,0.1,-0.2,0.17,-0.35,0.29,0.4,0.0,0.54,0.18,0.34,-0.1,-0.06,-0.03,0.47,0.07,0.22,-0.11,-0.23,0.0,0.31,0.12,0.25,-0.05,0.14,-0.07,0.0,0.7
1993-10-01,0.01,-0.3,0.64,0.27,0.06,0.36,0.16,0.74,0.58,0.09,0.63,-1.4,1.2,0.73,0.12,0.62,0.55,0.51,0.19,0.08,0.32,0.94,0.49,0.76,0.5,0.12,0.35,2.42,1.2,1.32,0.36,0.52,0.11,1.33,0.06,0.01,0.06,0.0,0.61,-1.16
1993-11-01,0.11,-0.4,0.04,0.19,0.1,0.19,0.08,0.31,0.08,0.13,0.37,0.1,0.1,0.1,-0.15,-0.04,-0.2,-0.03,0.0,0.18,0.32,0.69,0.16,0.12,-0.2,0.28,0.06,1.19,-0.41,0.09,0.04,-0.19,0.02,0.45,0.74,-0.07,0.16,0.21,-0.5,0.7
1993-12-01,0.13,0.38,0.16,0.25,0.48,0.2,0.2,0.53,0.27,0.3,0.56,0.36,0.48,0.42,0.12,0.36,0.33,0.85,0.62,0.34,0.42,0.47,0.44,0.57,0.06,0.37,0.21,1.85,-0.01,0.33,0.22,0.58,0.36,0.38,0.49,0.22,0.2,0.21,0.81,-0.47
1994-01-01,-0.06,0.02,-0.18,0.46,-0.03,0.0,0.05,0.59,0.3,0.21,0.06,0.18,1.13,0.32,0.27,0.57,-0.18,0.96,1.22,-0.26,0.72,0.12,0.31,0.4,-0.18,0.73,0.63,1.72,0.26,0.17,0.21,0.5,0.59,0.35,0.39,-0.25,-0.46,0.28,-0.7,0.23
1994-02-01,-0.08,0.06,0.12,-0.07,-0.2,-0.09,-0.05,0.3,0.36,0.16,0.5,0.26,0.06,0.41,0.12,0.08,0.08,0.33,0.08,-0.24,0.25,0.13,0.45,0.31,0.27,0.4,0.37,0.8,0.45,0.3,0.14,0.12,0.28,0.24,0.09,-0.08,-0.2,0.14,0.2,1.17
1994-03-01,0.29,0.17,0.22,0.41,0.29,0.26,0.39,0.41,0.32,0.2,0.55,-0.51,0.47,0.32,0.11,0.24,0.17,0.32,0.3,0.62,0.67,0.43,0.17,0.79,0.11,0.41,0.33,0.55,0.46,0.47,0.5,0.43,0.2,0.28,0.73,0.24,-0.02,0.41,-0.2,0.0
1994-04-01,0.53,0.01,0.42,0.42,0.65,0.51,0.22,0.34,0.55,0.32,0.56,0.85,-0.1,0.09,0.07,0.57,-0.27,0.76,1.69,0.33,0.87,0.23,0.32,0.38,-0.07,0.95,-0.32,0.77,0.17,0.39,0.19,0.09,0.2,0.61,0.54,-0.03,0.04,0.55,0.2,0.69
1994-05-01,0.03,-0.02,0.2,0.39,-0.01,0.03,0.14,0.35,0.24,0.12,0.5,-0.01,-0.06,0.36,0.53,0.21,-0.04,0.41,-0.08,0.14,0.41,-0.16,0.24,0.68,0.15,-0.31,0.74,1.0,0.22,0.47,0.28,0.25,0.06,0.56,0.12,-0.03,0.16,0.07,-0.3,0.46
1994-06-01,0.07,0.07,0.33,0.35,0.2,0.17,0.29,0.35,0.29,0.33,0.99,0.17,0.35,0.28,0.45,0.27,0.1,0.4,0.31,0.15,0.62,0.59,0.51,0.42,0.23,0.36,0.13,0.52,0.13,0.39,0.47,0.31,0.09,0.6,0.42,-0.11,-0.02,0.0,0.2,0.23
1994-07-01,0.13,0.19,0.43,0.78,0.36,-0.07,0.06,0.42,0.33,0.39,0.96,-0.06,0.34,0.26,0.81,0.53,0.26,0.42,0.44,0.38,0.73,0.97,0.7,0.5,0.27,0.97,-0.15,1.29,0.06,0.31,0.28,0.35,0.25,0.41,0.39,-0.04,-0.09,0.41,-0.71,0.46
1994-08-01,0.19,0.04,0.26,0.25,0.19,0.1,0.09,0.33,0.19,0.15,0.58,0.47,0.41,0.05,0.37,0.44,0.12,0.03,0.35,0.01,0.43,0.18,0.5,0.45,0.14,-0.37,0.35,1.32,0.38,0.49,-0.01,0.06,0.16,0.46,0.5,0.11,0.3,0.14,-1.22,0.23
1994-09-01,0.05,0.15,0.23,0.26,0.06,0.29,0.26,0.8,0.17,0.22,0.2,0.53,0.39,0.38,0.38,0.32,0.27,0.59,0.41,0.31,0.75,0.25,0.41,0.14,0.22,0.63,0.84,0.15,0.48,-0.19,-0.07,0.03,0.17,0.78,0.5,0.01,0.36,0.41,0.72,0.0
1994-10-01,0.07,0.05,-0.4,0.37,0.59,0.09,-0.01,-0.06,-0.03,0.15,0.47,-0.22,-0.02,-0.24,0.3,0.42,0.05,0.33,-0.08,0.22,0.7,-0.13,0.28,-0.21,-0.05,0.54,0.67,-0.42,0.28,-0.13,0.56,0.38,0.35,0.36,0.7,0.25,0.33,-0.41,1.12,-0.9
1994-11-01,0.14,0.21,0.37,0.52,0.46,0.13,0.13,0.69,0.88,0.36,0.62,0.61,0.5,0.74,0.35,0.49,0.2,0.71,1.13,0.24,0.68,0.48,0.69,1.24,0.28,0.54,0.42,1.09,-0.02,0.46,0.36,0.29,0.35,0.61,0.73,0.24,0.12,-0.07,-0.51,0.23
1994-12-01,0.04,0.31,0.07,0.32,0.24,0.09,0.19,0.39,-0.16,0.26,0.55,0.04,0.21,-0.01,0.57,0.64,0.34,0.19,0.09,0.08,0.61,0.43,0.26,0.2,0.08,0.66,0.44,0.62,0.42,0.55,0.19,0.45,0.27,0.47,0.29,0.28,0.47,0.07,0.41,0.46
1995-01-01,0.17,0.14,0.74,0.35,0.4,-0.05,-0.1,0.41,0.41,0.31,0.82,0.38,0.09,0.72,-0.01,0.2,-0.3,-0.02,0.45,0.29,0.41,0.82,0.0,0.61,0.06,0.03,0.26,-0.02,0.0,0.45,0.31,0.3,0.17,0.49,0.06,0.24,-0.07,-0.48,-0.51,0.23
1995-02-01,0.05,0.48,0.5,0.43,0.21,0.11,0.05,0.24,0.31,0.14,0.55,0.14,0.21,0.36,0.31,0.43,0.59,0.4,0.16,0.11,0.61,-0.09,0.42,0.25,-0.05,0.36,0.25,0.56,0.15,0.38,0.45,0.42,0.18,0.71,0.23,0.39,0.46,1.16,1.12,-0.45
1995-03-01,0.03,-0.25,0.1,0.28,0.28,0.09,0.04,0.27,0.28,0.26,0.54,0.4,0.43,0.2,0.55,0.36,0.2,0.26,0.59,0.04,0.41,0.17,0.61,0.44,0.42,0.3,0.37,1.31,0.27,0.56,0.19,0.07,0.25,0.53,0.37,0.03,0.47,-0.07,-0.9,0.23
1995-04-01,-0.11,-0.01,-0.28,0.17,0.02,0.17,-0.03,0.39,0.07,0.48,0.62,-0.34,-0.27,0.1,0.09,-0.09,0.37,0.27,-0.04,-0.1,0.33,0.36,-0.19,-0.45,-0.15,0.19,-0.12,0.91,0.43,-0.13,-0.39,0.33,0.09,0.33,0.2,-0.02,0.6,-0.13,-1.22,2.72
1995-05-01,-0.02,0.13,-0.08,0.2,0.16,-0.07,-0.01,0.26,0.12,-0.19,0.49,0.23,0.07,-0.01,0.18,0.2,0.14,0.18,0.35,-0.13,0.71,0.49,0.7,0.17,-0.15,0.48,0.01,0.32,-0.02,0.19,-0.02,0.0,0.13,0.07,0.26,0.11,0.37,0.14,0.62,-0.88
1995-06-01,0.06,0.26,0.31,0.23,0.55,0.2,0.31,0.56,0.28,0.21,0.39,0.31,0.46,0.44,0.18,0.4,0.32,0.25,0.95,0.03,0.46,0.22,0.44,0.62,0.2,0.26,0.3,0.68,0.36,0.25,0.11,0.18,0.35,0.39,0.57,0.26,0.69,0.61,0.61,-0.22
1995-07-01,-0.39,-0.35,0.09,0.2,0.11,-0.32,-0.33,0.23,-0.15,0.17,0.3,-0.62,-0.14,0.12,0.01,0.22,0.28,-0.33,-0.04,-0.23,-0.04,-0.13,0.0,-0.06,-0.49,0.45,-0.33,0.38,-0.17,0.33,0.23,-0.39,0.03,0.43,0.14,0.32,0.38,0.0,-0.61,0.0
1995-08-01,0.29,0.32,0.12,0.33,0.24,0.1,0.38,0.59,0.42,0.34,0.62,0.8,0.15,0.26,0.04,0.41,0.45,0.64,0.38,0.11,0.59,0.04,0.94,-0.09,0.26,0.14,0.72,0.38,0.24,0.37,0.42,0.84,-0.22,0.5,0.45,0.4,0.93,0.47,0.82,1.12
1995-09-01,0.17,0.38,0.84,0.35,0.15,0.3,0.32,0.59,0.45,0.12,0.94,0.36,0.22,0.03,0.88,0.47,0.11,0.17,0.42,0.21,0.74,0.29,0.71,0.99,0.07,0.22,0.7,0.79,0.17,0.37,0.17,0.49,0.52,0.47,0.56,0.29,0.43,0.6,0.51,0.0
1995-10-01,0.16,-0.22,-0.14,0.26,0.24,0.13,0.24,0.27,0.07,0.29,1.02,-1.95,0.33,0.47,0.03,0.12,0.14,0.04,0.4,-0.39,0.41,0.24,0.18,-0.12,0.1,0.06,-0.35,0.41,-0.1,0.15,0.25,0.29,0.07,0.28,0.87,-0.39,0.29,0.86,-0.7,1.99
1995-11-01,0.13,0.16,0.05,0.27,0.06,0.04,0.1,0.37,0.37,0.14,-0.14,0.27,0.21,0.18,0.45,0.05,0.44,0.39,0.73,0.44,0.37,0.27,0.22,0.23,0.02,0.46,0.19,0.78,-0.18,0.05,0.45,0.46,0.25,0.28,0.33,0.31,0.56,0.86,0.41,0.22
1995-12-01,-0.07,0.26,0.19,0.52,0.27,0.07,0.03,0.4,0.15,0.09,0.83,1.49,0.5,0.25,0.31,0.74,0.15,0.63,0.66,0.11,0.54,0.23,0.51,0.58,-0.19,0.27,0.23,0.58,0.44,-0.01,0.43,0.1,0.13,0.58,0.47,0.29,0.49,-0.26,-0.3,-0.22
1996-01-01,-0.39,0.08,0.15,0.41,0.19,-0.15,-0.66,0.09,0.19,-0.12,1.77,0.86,0.63,0.08,0.5,-0.26,0.24,-0.19,0.18,-1.42,0.32,0.29,0.93,-0.29,0.17,-0.08,-0.14,0.87,0.37,-0.23,0.12,0.83,-0.24,0.93,0.19,0.63,0.97,0.59,-0.41,1.3
1996-02-01,0.75,0.15,0.05,0.28,0.15,0.67,0.87,0.57,0.44,0.47,0.12,0.28,0.06,0.25,0.19,0.23,0.07,0.49,0.88,1.46,0.35,0.53,-0.26,0.14,0.23,0.03,0.31,1.13,0.75,0.38,0.1,-0.03,0.44,0.06,1.1,0.13,0.39,0.39,0.1,1.5
1996-03-01,-0.03,0.11,0.11,0.32,0.11,0.24,0.2,0.42,0.59,0.18,0.39,0.42,-0.24,0.23,0.07,0.45,-0.15,0.93,0.77,0.25,0.5,0.29,0.48,0.53,0.12,0.14,0.17,0.72,-0.13,0.23,0.15,-0.12,0.08,0.31,0.54,0.2,0.19,0.0,-0.1,0.0
1996-04-01,0.05,0.17,0.02,0.41,0.4,0.13,0.59,0.53,-0.14,0.27,0.0,0.01,-0.08,0.03,-0.09,0.17,0.47,-1.41,0.19,0.11,0.51,0.19,0.17,-0.29,0.29,0.33,0.23,1.48,0.0,0.11,-0.09,0.07,-0.17,0.5,0.24,-0.03,0.48,0.45,-1.53,0.42
1996-05-01,0.35,0.28,0.13,0.35,0.15,0.26,0.39,0.54,0.21,0.25,0.58,0.45,0.09,0.28,0.05,0.37,0.43,0.2,0.68,0.24,0.18,0.19,0.24,0.12,-0.09,0.35,0.13,0.15,0.26,0.1,0.25,0.2,0.48,0.42,0.48,0.26,0.47,0.45,2.38,0.0
1996-06-01,0.13,0.07,0.14,0.34,0.04,0.25,-0.08,0.7,0.15,0.26,0.5,0.26,0.1,0.14,-0.22,0.28,0.15,0.33,0.83,0.11,0.02,0.35,0.46,0.15,0.0,0.23,0.16,0.63,0.17,0.01,-0.21,0.3,0.23,0.23,0.21,0.36,0.07,0.13,-0.3,1.47
1996-07-01,-0.08,0.06,0.03,0.44,0.47,0.43,0.1,2.51,0.28,0.17,0.63,0.5,0.39,0.0,-0.15,-0.35,0.26,0.3,0.33,0.12,0.26,0.06,0.0,0.44,0.2,0.02,0.38,0.97,0.11,0.07,0.87,-0.32,-0.19,0.43,0.72,0.31,0.54,0.38,0.4,0.21
1996-08-01,0.29,0.17,0.2,0.28,0.08,0.28,0.18,-2.36,0.37,0.22,0.46,0.4,0.25,0.21,0.86,0.96,0.22,0.21,0.74,0.38,0.51,0.21,0.68,-0.57,0.06,0.45,0.09,0.64,0.29,0.0,0.0,0.65,0.2,0.76,0.29,0.15,0.18,0.7,-0.5,-0.21
1996-09-01,0.11,0.3,-0.13,0.31,0.03,0.17,-0.01,-0.18,0.35,0.23,0.6,0.35,0.34,0.22,0.63,0.31,0.1,0.52,0.79,0.13,-0.05,0.46,0.36,1.0,-0.09,0.06,-0.07,0.74,-0.2,0.06,0.21,0.27,0.05,-0.29,-0.45,0.3,0.03,0.44,0.0,1.65
1996-10-01,0.2,0.2,0.51,0.59,0.97,0.17,0.28,0.2,0.3,0.22,0.42,0.65,0.23,0.11,0.56,0.19,0.24,0.57,0.42,0.23,0.56,0.63,0.21,0.3,0.5,0.79,-0.23,0.11,0.47,-0.01,0.05,0.0,0.14,0.82,1.28,0.21,0.68,0.38,-0.1,-0.61
1996-11-01,0.23,0.26,0.2,0.38,0.27,0.28,0.09,0.36,0.25,0.3,0.71,0.62,0.2,0.51,0.32,0.58,0.47,0.2,0.47,0.06,0.23,0.5,0.55,0.41,0.09,0.62,0.13,1.61,0.6,0.26,0.12,0.59,-0.07,0.41,0.37,0.5,0.51,0.63,0.51,0.61
1996-12-01,0.09,-0.04,0.01,0.36,-0.24,0.09,0.14,0.29,0.38,0.04,0.24,0.22,0.03,-0.06,0.32,0.05,0.14,0.46,0.63,-0.36,0.34,0.41,0.33,-0.12,0.24,0.03,0.08,0.42,0.12,0.05,0.34,-0.6,0.19,0.16,0.5,0.15,0.39,0.44,0.3,0.81
1997-01-01,0.04,0.16,0.08,0.4,0.57,0.33,0.31,0.22,0.44,0.79,0.42,0.41,0.42,-0.3,0.7,0.74,0.89,0.28,0.69,0.79,0.3,-0.21,0.65,0.16,0.2,0.24,0.43,0.88,0.4,0.5,0.18,0.57,0.24,0.06,0.49,0.38,0.24,0.06,0.6,0.2
1997-02-01,0.13,0.37,0.02,0.48,0.54,0.19,0.32,0.44,0.24,0.04,0.49,0.45,-0.13,0.37,0.77,0.44,0.47,0.23,0.34,0.19,0.77,0.34,0.2,0.49,0.12,0.52,0.11,0.54,0.08,-0.69,0.32,0.4,0.18,0.24,0.41,0.46,0.76,0.68,0.7,-0.2
1997-03-01,0.28,0.33,0.28,0.57,0.4,0.28,0.18,0.48,0.1,0.43,0.41,0.53,0.27,0.17,0.55,0.26,0.45,0.35,0.33,0.25,0.43,0.39,0.3,0.0,0.12,0.63,0.45,0.17,0.18,0.42,0.31,0.26,0.27,0.52,0.28,0.32,0.7,0.49,0.5,1.01
1997-04-01,0.13,0.34,0.36,0.54,0.3,0.08,0.1,0.16,1.15,-0.03,0.56,0.81,-0.69,0.18,0.51,0.41,0.52,0.84,1.02,0.21,0.42,0.18,0.47,0.79,-0.3,0.15,0.49,-0.03,0.29,0.21,0.47,0.45,0.25,0.3,0.41,0.6,0.61,0.31,-1.19,0.0
1997-05-01,0.08,0.09,0.27,0.49,0.48,0.12,0.27,0.28,0.16,0.23,0.32,0.5,-0.01,0.35,0.18,0.29,0.45,-0.04,0.65,0.25,0.12,0.26,0.63,0.28,0.04,0.31,0.42,0.41,0.25,-0.06,0.4,0.17,0.17,0.44,0.62,0.22,0.29,0.61,0.7,1.0
1997-06-01,0.27,0.31,0.14,0.5,0.3,0.13,0.18,0.17,0.07,0.15,0.16,0.59,0.0,0.14,0.33,0.38,0.46,0.86,0.45,0.11,0.16,0.2,0.06,0.37,0.06,0.23,0.28,0.74,0.07,-0.22,0.16,0.08,0.2,0.2,0.2,0.14,0.62,-0.37,0.99,-0.4
1997-07-01,0.34,0.3,0.0,0.29,0.23,0.51,0.38,0.4,0.69,0.06,0.4,0.19,0.84,0.68,0.05,0.2,0.6,0.84,0.72,0.2,1.4,0.05,0.27,0.03,0.29,0.13,0.23,0.36,0.46,0.73,0.23,0.49,0.38,0.28,0.81,0.08,0.27,1.1,0.49,-1.19
1997-08-01,0.2,0.11,-0.01,0.3,0.5,0.11,0.21,-0.04,0.29,-0.03,-0.1,0.22,-0.48,0.1,-0.16,0.43,0.26,0.31,0.39,0.07,0.07,0.35,-0.03,0.1,0.16,0.32,0.19,0.19,0.13,0.07,0.14,0.25,0.16,-0.06,0.4,-0.02,0.32,0.48,0.98,-1.41
1997-09-01,0.34,0.15,0.2,0.72,0.54,0.4,0.37,0.82,0.34,0.48,0.88,0.27,0.42,0.27,1.05,0.32,0.42,0.68,1.02,0.16,0.66,0.43,0.33,0.23,0.22,0.26,0.17,0.54,0.13,0.1,0.29,0.82,0.18,0.48,0.33,0.69,0.37,0.3,0.29,2.44
1997-10-01,0.23,0.33,0.06,0.13,0.39,-0.12,0.09,0.4,0.04,0.28,0.75,0.56,-0.21,0.09,-0.24,0.4,-0.08,0.28,0.45,0.26,0.14,0.02,0.43,0.47,0.27,0.46,0.08,0.35,0.01,0.17,0.13,-0.15,0.12,0.2,-0.15,0.07,0.62,0.18,0.1,0.8
1997-11-01,0.14,0.08,0.37,0.46,0.55,0.21,0.45,0.57,0.36,0.36,0.52,0.37,-0.04,0.3,0.17,0.3,0.3,0.29,0.39,0.15,0.72,0.41,0.11,0.45,0.18,0.1,0.36,0.22,0.13,0.21,0.39,0.28,0.12,0.26,0.75,0.19,0.3,0.06,0.19,0.39
1997-12-01,0.31,0.32,0.3,0.25,0.33,0.39,0.23,0.56,0.16,0.36,0.63,0.5,0.06,0.16,0.44,0.37,0.48,0.35,0.61,0.31,0.02,0.28,0.32,0.25,0.2,0.26,0.41,0.7,0.2,0.47,-0.12,0.28,0.1,0.43,0.05,0.58,0.55,0.6,1.54,0.39
1998-01-01,0.14,0.54,0.35,0.41,0.46,0.19,0.06,0.48,0.18,0.1,0.35,0.12,1.86,0.2,0.68,0.32,0.53,0.39,0.2,0.4,1.14,0.67,-0.17,1.07,-0.06,0.64,-0.11,-0.28,0.01,0.12,0.2,0.23,-0.05,0.27,0.1,0.04,0.4,0.3,-1.61,1.57
1998-02-01,0.25,0.16,0.05,0.4,0.48,0.34,0.28,0.28,0.09,0.24,0.2,0.53,-0.13,0.05,0.18,0.29,0.42,0.41,0.48,0.19,0.45,0.37,0.35,0.37,0.14,0.06,0.1,0.32,0.21,0.26,0.49,0.3,0.09,0.25,0.45,-0.04,0.13,0.47,-0.29,0.19
1998-03-01,0.12,0.21,-0.14,0.17,0.43,0.23,-0.03,0.18,0.17,0.17,0.62,0.13,-0.0,0.3,0.37,0.32,0.07,-0.32,0.36,0.09,0.47,0.08,0.0,0.04,0.01,0.21,0.02,0.02,0.26,0.18,-0.23,0.56,0.1,0.06,0.05,0.19,0.05,0.3,0.77,0.58
1998-04-01,0.07,0.09,0.25,0.48,0.36,0.34,-0.06,-0.12,-0.24,0.2,0.26,0.64,0.13,0.3,0.37,0.24,0.58,-0.01,0.4,-0.35,0.5,1.0,0.2,-0.5,0.18,-0.06,0.23,0.47,0.38,0.12,-0.05,0.14,0.22,0.08,0.54,0.47,0.02,0.59,0.67,-0.38
1998-05-01,0.25,0.51,0.4,0.47,0.4,0.43,0.36,0.62,0.28,0.25,0.65,0.51,-0.03,0.45,0.47,0.32,0.54,0.39,0.21,0.11,0.56,0.51,0.02,0.61,0.25,-0.08,0.32,0.81,0.47,0.37,0.56,0.57,0.17,0.35,0.42,0.31,0.26,0.53,0.19,0.96
1998-06-01,0.09,0.33,-0.15,0.27,0.41,0.19,-0.22,0.4,0.33,0.15,0.34,0.26,-0.08,-0.02,0.52,0.29,0.5,1.16,0.9,0.46,0.51,0.54,-0.06,-0.45,0.08,0.01,0.31,1.02,0.05,0.2,0.19,0.3,0.17,0.48,0.34,0.38,0.03,0.17,0.19,0.76
1998-07-01,0.4,-0.04,0.28,0.43,0.41,0.29,0.36,0.14,0.2,0.36,-0.06,0.26,-1.48,-0.04,0.91,0.47,0.36,-0.66,0.6,0.15,0.21,0.63,0.12,0.63,-0.11,0.86,-0.12,0.72,0.04,-0.04,0.02,0.27,-0.34,0.48,0.41,0.28,-0.06,0.52,0.38,1.13
1998-08-01,0.07,0.29,0.14,0.48,0.45,0.21,0.3,0.43,0.11,0.2,0.85,0.15,0.64,0.21,0.53,0.24,0.49,0.28,-0.38,0.2,0.43,0.43,0.06,0.2,0.18,0.31,0.58,0.66,0.14,0.24,0.07,0.5,0.29,0.31,0.56,0.3,-0.08,-0.29,0.19,1.49
1998-09-01,0.08,0.1,0.27,0.39,0.23,0.33,0.11,0.31,0.17,0.12,0.73,0.25,0.08,-0.58,0.73,0.15,0.4,0.16,1.01,0.12,0.42,0.1,-0.14,-0.04,0.03,0.25,0.24,0.37,0.05,0.02,-0.02,0.43,0.11,-0.08,0.27,0.34,-0.01,1.39,1.32,-0.37
1998-10-01,0.43,0.09,0.11,0.29,0.08,0.27,0.11,0.57,0.49,-0.22,-0.01,0.24,0.3,0.97,0.63,0.6,0.51,0.53,0.82,0.27,0.58,-0.11,-0.02,0.52,0.21,0.5,0.1,0.75,0.52,0.98,-0.02,0.81,0.52,0.46,0.17,0.16,-0.01,-0.46,0.28,-0.18
1998-11-01,0.15,0.37,0.11,0.48,0.26,0.33,0.24,0.52,0.29,0.28,0.47,0.23,0.03,0.3,0.68,0.25,0.26,0.36,0.27,0.17,0.45,0.15,-0.02,-0.03,0.24,0.35,0.32,0.9,0.05,0.34,0.1,0.44,-0.2,0.5,0.36,0.32,0.13,0.57,0.37,0.74
1998-12-01,0.15,0.07,0.02,0.43,0.3,0.32,0.19,0.15,0.37,0.13,0.18,0.2,0.07,0.25,0.37,0.3,0.33,0.2,0.36,0.32,0.35,0.08,0.07,0.35,0.09,0.24,0.19,0.57,0.19,0.2,0.11,0.42,0.08,-0.21,0.41,0.11,0.1,-0.57,0.56,0.55
1999-01-01,0.6,-0.32,-0.01,-0.17,-0.52,0.26,0.22,0.66,-0.35,0.19,0.51,0.11,-0.56,0.17,-0.13,0.4,-0.02,-0.25,-0.37,0.04,0.56,0.66,0.2,-0.13,-0.61,0.36,-0.01,0.59,-0.51,-1.22,-0.1,0.47,0.08,0.27,-0.14,0.19,0.13,0.75,1.2,-0.36
1999-02-01,0.25,0.35,0.34,0.47,0.19,0.31,0.27,0.56,0.59,0.25,0.39,0.0,-0.35,0.22,0.53,0.61,0.35,0.71,0.8,0.35,0.46,0.8,0.04,0.21,0.86,0.05,0.54,0.56,0.58,0.68,0.09,0.89,0.2,0.28,0.48,0.19,0.19,0.86,-0.18,1.28
1999-03-01,0.04,0.02,0.02,0.26,0.27,0.06,0.19,0.03,-0.01,0.21,0.25,0.38,0.11,0.12,0.31,0.01,0.45,0.2,0.48,0.15,0.44,-0.03,0.34,0.39,-0.05,0.12,-0.06,0.65,-0.07,0.41,-0.03,-0.08,-0.03,0.19,0.55,0.22,-0.07,0.0,-0.27,0.18
1999-04-01,0.31,0.35,-0.24,0.13,-0.58,0.67,0.3,0.87,-0.01,0.56,0.57,0.14,1.24,0.46,0.31,0.51,0.3,0.2,1.16,0.51,0.35,-0.11,0.04,0.31,0.39,0.52,0.32,0.37,0.32,0.62,0.13,0.27,0.26,0.49,0.64,0.1,0.01,-0.11,0.09,0.36
1999-05-01,-0.17,0.12,0.01,0.15,-0.04,-0.04,0.12,0.62,0.4,0.06,0.28,-0.06,-0.17,0.18,0.31,0.18,0.22,0.37,0.25,0.17,0.5,0.2,-0.32,-0.03,0.16,0.05,0.12,0.6,-0.21,0.28,-0.19,0.18,-0.06,0.11,0.07,0.37,0.18,0.68,0.27,0.9
1999-06-01,0.22,0.05,0.14,0.34,0.33,0.2,0.24,0.37,0.47,0.31,0.55,0.2,-0.07,0.06,0.58,0.24,0.3,1.27,1.43,0.11,0.81,0.14,0.31,0.17,0.28,0.27,0.23,0.46,0.12,0.2,0.19,0.58,0.09,0.36,0.4,0.05,0.0,-0.06,0.73,0.89
1999-07-01,0.47,0.49,0.11,0.3,0.12,0.97,0.07,-0.55,-0.08,0.18,0.41,0.47,-0.07,0.27,1.9,0.25,0.33,-1.08,-0.37,0.55,0.62,0.77,1.05,0.49,0.29,0.23,1.37,0.56,0.98,0.52,0.29,0.36,0.46,0.35,0.0,0.44,0.58,0.0,0.45,-1.24
1999-08-01,0.16,-0.1,0.04,0.34,0.22,0.29,0.19,0.42,0.13,0.18,0.19,0.12,-0.23,0.31,0.47,-0.01,-0.01,0.03,-0.61,-0.02,0.45,0.44,0.0,0.18,0.13,0.23,-0.11,0.59,-0.03,0.23,0.09,0.36,-0.09,0.28,0.23,0.15,0.45,0.28,0.54,0.0
1999-09-01,-0.28,0.03,0.01,0.3,0.17,0.36,-0.28,0.37,0.12,0.22,0.17,0.06,-0.12,-0.28,0.2,0.24,0.52,0.5,0.77,0.04,0.28,0.29,-0.2,0.46,-0.14,0.37,0.14,0.48,0.34,-0.07,0.05,0.34,-0.09,0.19,0.07,0.14,0.36,0.34,0.27,-0.18
1999-10-01,0.35,0.58,0.64,0.48,0.33,0.59,0.5,0.51,0.6,0.31,0.26,0.24,2.1,0.95,0.58,0.58,0.55,0.65,0.42,0.83,0.43,0.45,0.47,0.18,-0.09,0.0,0.54,0.91,-0.12,0.48,0.27,0.05,0.23,-0.28,0.28,0.27,0.34,0.61,0.54,2.87
1999-11-01,0.26,0.16,0.1,0.28,0.16,0.32,0.04,0.21,0.24,0.21,0.23,0.24,0.15,0.05,0.38,0.38,0.29,0.4,0.41,-0.12,0.49,0.28,0.22,0.3,0.21,0.09,0.22,0.78,0.26,0.31,0.25,0.22,0.16,0.5,0.14,0.14,0.27,0.06,0.62,0.17
1999-12-01,0.19,0.28,0.12,0.46,0.36,0.32,0.31,0.31,0.53,0.29,0.32,0.35,0.48,0.29,0.64,0.44,0.15,0.48,0.46,0.03,0.55,0.5,0.08,0.38,0.22,0.32,0.47,0.28,0.38,0.33,0.03,0.6,0.16,0.22,0.44,0.44,0.29,0.72,0.88,-0.17
2000-01-01,0.34,-0.05,-0.14,0.24,0.06,0.36,0.07,0.12,0.08,0.28,0.05,0.2,0.45,0.2,0.1,0.29,0.53,0.93,0.08,0.06,0.42,0.25,-0.29,-0.11,0.23,0.4,-0.15,-0.06,-0.27,0.27,-0.17,-0.08,0.02,0.07,0.37,0.21,1.12,0.06,0.17,-0.17
2000-02-01,0.14,0.12,0.12,0.26,0.2,0.22,-0.04,0.15,0.02,0.21,0.46,-0.48,-0.44,0.3,0.17,0.46,0.24,0.31,0.28,-0.27,0.54,-0.28,0.41,-0.1,0.24,0.24,0.14,0.06,0.23,0.29,-0.01,0.21,-0.01,0.26,0.12,0.4,0.34,0.06,0.44,-1.05
2000-03-01,0.26,0.13,0.32,0.35,0.36,0.54,0.37,0.35,0.18,0.37,0.35,1.38,0.02,0.37,0.18,0.44,0.35,0.9,0.22,0.6,0.61,0.55,0.04,0.93,0.35,-0.13,0.2,0.29,0.18,0.43,0.16,0.09,0.05,0.35,0.48,0.39,0.48,0.39,-0.35,0.88
2000-04-01,0.5,0.26,0.14,0.36,0.24,0.6,0.23,-0.07,0.93,0.28,0.25,-0.49,0.87,0.3,0.38,0.33,-0.13,0.08,0.08,0.37,0.16,0.44,0.24,-0.56,0.25,0.47,0.11,0.64,-0.25,-0.43,0.05,0.43,0.02,0.33,0.14,0.34,0.61,0.77,1.05,0.7
2000-05-01,0.11,0.24,0.04,0.44,0.25,0.24,0.04,0.23,0.34,0.13,0.66,0.38,-0.06,-0.08,0.78,0.38,0.49,0.24,0.38,0.3,0.86,0.28,0.42,0.18,0.07,0.45,0.15,0.68,0.17,0.16,-0.02,0.39,0.12,0.29,0.05,0.35,0.78,0.11,-0.43,-0.52
2000-06-01,0.16,0.06,0.07,0.47,0.29,0.46,0.09,0.59,0.2,0.29,-0.16,0.33,0.16,0.38,0.13,0.31,0.15,-0.07,0.2,0.21,0.51,0.49,0.35,0.26,-0.14,-0.03,0.09,0.0,-0.01,0.18,0.14,0.57,-0.09,-0.07,0.34,0.51,0.81,0.49,1.82,-0.17
2000-07-01,-0.12,0.26,-0.16,0.25,0.17,0.03,-0.01,-0.13,0.37,0.52,0.2,-0.5,-0.36,-0.01,0.08,0.31,-0.01,-0.32,-0.04,-0.1,0.5,-0.33,0.4,-0.28,0.37,0.11,0.43,0.66,-0.16,-0.03,-0.71,-0.57,-0.11,-0.09,0.05,0.24,1.27,0.27,-0.68,0.35
2000-08-01,-0.17,0.16,0.3,0.07,0.04,0.25,-0.29,0.03,0.36,-0.16,0.41,0.46,-0.1,0.16,0.38,0.26,0.03,0.77,0.29,0.21,0.57,-0.42,0.21,0.14,-0.44,-0.01,0.19,1.43,-0.18,0.03,0.61,0.86,-0.05,0.31,0.14,0.36,0.28,0.16,0.51,0.17
2000-09-01,0.61,0.17,-0.04,0.28,0.31,0.32,0.44,0.14,0.23,0.38,0.45,0.19,-0.31,0.07,0.67,0.23,0.56,0.03,0.18,0.22,0.01,0.28,0.03,-0.05,0.56,0.2,-0.1,-0.31,0.06,0.12,0.12,0.05,0.07,0.25,0.46,0.1,0.38,0.38,-0.26,0.35
2000-10-01,0.16,-0.06,0.14,0.11,0.2,0.27,0.0,0.22,-0.16,0.45,0.16,0.08,0.38,0.11,-0.17,0.02,0.3,-0.61,-0.22,0.24,0.36,0.2,-0.03,0.0,-0.1,-0.11,0.21,-0.04,0.08,0.03,0.15,0.05,-0.17,0.62,-0.02,0.07,-0.27,0.0,-0.6,0.0
2000-11-01,0.18,0.2,0.06,0.07,0.1,0.34,0.17,-0.02,0.45,0.24,0.23,0.04,-0.03,0.02,0.43,0.27,0.31,0.27,0.19,0.13,0.23,0.01,0.36,-0.15,0.11,0.2,0.1,0.52,0.01,-0.43,-0.35,0.46,-0.06,0.22,0.27,0.33,0.54,0.48,1.2,0.35
2000-12-01,0.2,0.17,-0.09,0.25,0.29,0.28,0.31,0.1,0.08,0.16,0.49,0.32,-0.28,0.04,0.43,0.2,0.49,0.03,0.11,0.4,0.19,0.03,0.11,-0.11,-0.11,0.28,0.13,0.27,0.03,0.06,-0.22,0.63,-0.1,0.43,-0.07,0.25,0.34,0.21,0.68,0.35
2001-01-01,-0.18,0.6,-0.01,0.06,0.16,-0.31,-0.21,0.13,0.2,0.04,-0.39,-0.43,-1.48,0.11,1.16,-0.09,-0.05,-1.53,-0.31,-0.39,-0.14,-0.1,0.05,0.05,0.73,-0.17,0.46,1.65,0.09,0.66,0.66,-0.11,0.08,0.77,0.47,-0.11,-0.21,0.21,-1.18,5.16
2001-02-01,-0.01,-0.09,0.03,0.08,0.24,0.12,0.03,0.04,0.29,-0.04,0.46,-0.19,0.26,0.08,-0.08,-0.11,0.15,0.13,0.14,0.05,-0.06,-0.08,-0.2,-0.15,0.18,0.41,-0.08,0.63,-0.02,-0.17,-0.02,0.24,-0.24,-0.16,0.16,-0.08,-0.23,0.48,0.09,0.16
2001-03-01,-0.06,0.09,-0.09,0.02,0.13,-0.02,-0.05,-0.04,0.02,-0.31,0.27,-0.03,-0.2,0.01,0.53,-0.16,0.23,0.08,0.23,0.0,-0.14,-0.32,-0.29,-0.15,-0.14,0.21,-0.03,0.08,-0.12,0.43,0.0,0.33,-0.14,0.11,0.04,0.13,-0.46,0.16,0.6,0.0
2001-04-01,-0.21,-0.36,-0.15,-0.15,0.19,-0.17,-0.11,0.1,0.09,-0.27,-0.43,-0.41,-0.48,-0.38,0.04,-0.28,0.11,-0.15,-0.26,-0.24,-0.58,0.07,-0.48,0.23,-0.27,-0.22,-0.17,-0.03,-0.43,0.17,-0.51,0.12,-0.38,-0.36,-0.29,-0.93,-1.11,-0.21,-0.25,0.0
2001-05-01,-0.02,-0.32,-0.09,-0.23,0.0,0.12,-0.02,-0.22,-0.09,-0.25,-0.22,-0.15,-0.4,-0.13,0.21,-0.25,0.15,-0.04,0.08,-0.09,-0.28,-0.28,-0.27,-0.25,-0.24,0.3,-0.25,-0.1,-0.09,-0.06,0.02,-0.07,-0.26,-0.07,-0.2,-0.54,-1.0,-0.16,0.6,0.0
2001-06-01,0.02,0.18,0.01,-0.07,-0.05,0.26,0.07,0.09,0.2,-0.29,-0.07,-0.16,-0.09,-0.05,0.45,0.07,-0.04,0.17,-0.26,0.12,-0.26,-0.19,-0.16,0.0,0.19,0.46,-0.24,0.44,0.02,0.07,-0.16,0.18,-0.18,-0.27,-0.14,-0.36,-0.91,-0.42,0.17,0.16
2001-07-01,-0.19,-0.46,-0.58,-0.36,0.02,-0.11,-0.18,0.01,-0.08,-0.37,0.04,-0.54,-0.68,-0.11,0.67,-0.51,-0.1,-0.05,0.14,0.0,-0.51,-0.25,-1.0,-0.1,-0.29,-0.38,-0.11,-0.03,-0.13,-0.17,-0.91,0.38,-0.35,-0.54,-0.68,-0.5,-1.45,0.48,-0.17,-0.33
2001-08-01,-0.14,-0.06,-0.26,-0.12,0.11,0.05,-0.06,-0.16,0.01,-0.32,-0.14,-0.22,-0.45,-0.14,0.12,-0.27,-0.09,0.25,0.13,-0.04,-0.07,-0.09,-0.18,-0.45,-0.08,0.29,-0.21,0.2,-0.06,0.13,0.32,0.22,-0.31,-0.09,-0.39,-0.45,-1.12,-0.05,1.27,-0.65
2001-09-01,-0.54,-0.17,-0.3,-0.38,-0.1,-0.29,-0.16,-0.13,0.01,-0.5,-0.04,-0.33,-0.3,-0.22,0.26,-0.51,0.25,-0.32,-0.27,-0.18,-0.32,-0.24,0.05,-0.12,-0.24,-0.68,-0.19,0.25,-0.1,-0.19,-0.04,-0.05,-0.76,0.0,-0.23,-0.6,-1.35,-0.53,0.67,0.49
2001-10-01,-0.79,-0.16,-0.5,-0.87,-0.21,0.03,-0.16,-0.5,-0.3,-0.39,-0.32,-0.71,-0.28,-0.28,-0.02,-0.65,0.14,-0.08,-1.19,-0.15,-0.48,-0.05,-0.78,-0.47,-0.25,-0.42,0.02,-2.42,0.07,-0.35,-0.14,0.23,-0.22,-0.36,0.11,-0.7,-1.36,0.0,-2.07,0.16
2001-11-01,0.02,-0.38,-0.32,-0.52,-0.01,-0.08,-0.02,-0.37,-0.17,-0.41,-0.46,-0.58,-0.35,-0.22,0.14,-0.51,0.05,-0.11,-0.68,0.04,-0.47,-0.19,-0.41,-0.15,-0.01,-0.12,-0.12,-0.11,-0.23,-0.22,-0.38,0.23,-0.25,-0.42,-0.43,-0.76,-1.0,-0.43,0.0,-0.49
2001-12-01,-0.18,-0.03,-0.1,-0.35,-0.39,0.19,-0.01,-0.3,-0.22,-0.27,-0.17,-0.39,0.04,-0.28,-0.04,-0.57,-0.06,-0.15,-0.34,0.02,-0.25,-0.26,-0.28,-0.26,-0.22,-0.01,0.01,0.01,-0.3,-0.03,-0.29,0.31,-0.38,-0.13,-0.14,-0.17,-0.81,0.11,-0.17,-0.16
2002-01-01,-0.09,-0.05,-0.13,0.17,0.24,0.13,0.22,-0.37,0.21,0.13,0.23,-0.12,-0.61,-0.22,0.31,-0.51,0.09,-0.34,0.01,-0.01,-0.06,0.04,0.24,-0.06,0.07,0.11,0.28,0.21,0.39,-0.16,0.62,-0.1,-0.37,0.91,-1.17,-0.31,-1.28,-0.11,1.19,-0.66
2002-02-01,0.14,-0.13,-0.19,-0.18,0.0,0.1,0.02,-0.21,-0.15,-0.36,-0.09,-0.35,-0.09,-0.11,0.57,-0.05,0.32,0.07,0.3,0.1,-0.07,0.24,-0.05,0.04,0.02,0.16,-0.05,0.24,0.03,-0.01,-0.23,0.1,-0.14,0.65,0.05,-0.24,-0.45,-0.11,0.67,0.66
2002-03-01,-0.06,0.19,-0.27,-0.01,-0.01,-0.03,-0.06,0.05,0.18,-0.09,0.26,-0.28,-0.02,-0.15,-0.06,-0.2,0.11,-0.19,0.18,0.03,-0.16,0.05,-0.08,0.04,-0.08,0.13,0.01,0.51,-0.14,-0.07,0.08,0.48,-0.22,-1.68,-0.19,0.03,-0.3,0.32,0.42,0.49
2002-04-01,-0.06,0.06,0.18,-0.18,0.01,-0.06,-0.28,0.3,0.01,-0.15,0.64,-0.14,0.01,-0.25,1.06,0.49,0.27,0.09,-0.15,-0.28,0.12,-0.11,-0.04,-0.03,-0.23,0.26,-0.32,0.62,-0.1,0.02,0.11,-0.2,-0.37,-0.33,0.33,-0.19,-0.51,-0.8,0.33,0.33
2002-05-01,0.01,0.04,-0.19,-0.01,0.15,0.08,0.04,-0.07,0.17,-0.13,-0.15,0.02,-0.08,0.06,0.49,0.05,0.18,0.01,0.3,0.06,0.06,-0.1,-0.03,0.14,0.17,0.25,0.03,0.25,0.12,0.11,-0.03,0.33,-0.13,-0.33,0.16,-0.04,-0.72,0.16,0.33,-0.33
2002-06-01,-0.17,0.05,-0.03,-0.22,-0.11,0.02,0.11,0.11,0.03,-0.22,0.31,-0.07,-0.04,-0.04,0.35,-0.21,0.22,-0.21,0.18,-0.06,-0.74,0.31,0.05,0.08,-0.09,-0.22,0.03,0.04,-0.14,0.13,-0.27,-0.07,-0.21,-0.18,-0.12,-0.2,-0.71,-0.27,-0.08,0.16
2002-07-01,-0.17,-0.25,0.08,-0.15,-0.06,-0.11,-0.24,-0.75,-0.02,-0.16,-0.16,0.39,0.46,0.35,-0.4,-0.32,-0.72,0.12,0.36,-0.1,0.22,0.19,-0.87,0.73,-0.1,-0.12,-0.17,0.31,0.29,-0.04,-1.47,0.15,-0.06,-0.09,0.33,-0.23,-0.49,-0.22,0.58,-0.49
2002-08-01,0.05,0.08,-0.05,-0.08,0.04,0.21,-0.02,0.09,-0.06,-0.18,0.1,0.02,-0.19,-0.26,0.81,0.09,0.11,0.09,0.32,-0.06,0.03,-0.01,0.11,-0.08,0.06,0.34,-0.11,0.23,0.03,-0.04,0.21,0.11,0.03,-0.26,0.07,-0.03,-0.73,-0.16,0.08,0.16
2002-09-01,0.01,0.16,-0.22,-0.03,-0.05,0.15,0.06,-0.03,0.3,-0.12,-0.06,-0.18,-0.24,0.24,0.23,-0.32,-0.02,0.0,0.17,-0.03,0.0,-0.11,0.3,0.07,-0.03,0.16,0.27,0.14,0.14,0.11,0.13,0.28,-0.01,-0.02,0.49,-0.09,-0.58,0.27,0.74,-0.66
2002-10-01,0.04,0.05,0.08,-0.38,-0.04,0.03,0.09,-0.21,0.23,-0.23,0.06,-0.06,-0.02,-0.13,-0.05,-0.07,0.42,0.04,0.35,-0.11,-0.13,-0.26,0.03,0.18,-0.12,-0.05,-0.25,0.34,0.02,0.04,-0.15,0.32,0.01,0.07,0.05,0.06,-0.41,-0.43,0.08,-0.17
2002-11-01,0.1,0.08,-0.02,-0.08,-0.07,0.11,-0.05,0.02,0.08,-0.09,0.88,0.11,-0.11,0.1,0.55,0.02,0.27,0.36,0.36,-0.02,0.13,-0.09,-0.22,-0.05,-0.2,0.04,-0.15,0.28,0.17,0.17,0.38,-0.01,-0.15,0.0,0.05,-0.09,-0.6,-0.22,0.65,-0.83
2002-12-01,-0.11,-0.11,-0.16,-0.17,-0.15,-0.05,-0.04,-0.05,-0.01,-0.26,-0.42,-0.44,-0.12,-0.3,0.34,-0.15,0.15,-0.08,0.43,-0.09,-0.16,-0.04,-0.28,0.11,-0.51,-0.16,-0.12,0.35,-0.14,0.0,-0.04,0.02,-0.31,-0.35,0.0,-0.29,-0.87,-0.38,-0.32,0.0
2003-01-01,0.02,-0.25,0.0,-0.15,0.03,0.99,-0.15,-0.55,-0.1,-0.26,0.08,0.37,0.59,0.38,0.04,0.39,-0.11,-0.35,-0.2,0.45,-0.19,-0.02,0.18,0.21,0.56,-0.42,0.44,0.74,0.79,0.34,0.19,0.34,0.41,-0.04,-0.6,-0.47,-0.3,-0.05,0.89,0.5
2003-02-01,-0.17,0.01,-0.19,-0.06,-0.03,-0.34,-0.23,0.15,0.09,-0.57,0.14,-0.08,-0.56,0.03,0.15,-0.36,-0.02,-0.15,-0.14,-0.59,-0.3,-0.13,-0.38,-0.18,-0.41,-0.11,-0.29,0.23,-0.31,-0.23,-0.08,0.14,-0.24,-0.26,0.19,-0.03,-0.42,-0.27,0.24,0.33
2003-03-01,-0.19,-0.04,-0.2,-0.32,-0.13,0.05,0.02,-0.06,-0.05,-0.04,0.02,-0.28,-0.1,-0.16,0.31,-0.67,-0.01,0.07,-0.04,-0.06,-0.51,0.08,-0.21,-0.08,-0.19,0.05,-0.15,0.12,0.04,-0.3,-0.25,0.04,-0.25,-0.22,-0.09,-0.34,-0.58,-0.27,0.08,0.17
2003-04-01,-0.01,-0.02,-0.09,-0.06,-0.05,0.66,0.04,-0.38,-0.13,-0.16,0.17,-0.08,-0.57,0.1,0.12,-0.07,0.17,-0.12,0.12,0.62,0.41,0.05,-0.23,0.33,0.15,-0.17,0.09,-0.11,0.27,0.28,-0.09,0.46,0.23,0.02,0.32,-0.24,0.64,0.27,0.0,0.0
2003-05-01,-0.07,0.01,-0.06,-0.16,-0.12,0.11,0.04,-0.02,-0.19,-0.14,0.19,0.1,0.0,-0.01,0.29,-0.09,0.01,-0.1,0.04,0.06,0.0,0.23,-0.1,0.07,-0.18,-0.07,-0.08,0.27,-0.15,0.04,0.06,0.18,0.15,0.11,0.16,-0.33,-0.54,-0.33,0.0,-0.5
2003-06-01,-0.11,-0.03,-0.06,-0.22,-0.07,0.15,-0.05,-0.07,-0.09,-0.21,0.05,-0.19,0.0,-0.16,0.45,-0.16,0.12,0.16,0.21,-0.46,0.0,-0.18,-0.17,-0.01,-0.03,-0.03,0.02,0.23,-0.19,-0.01,0.18,0.22,-0.39,-0.28,0.09,-0.14,-0.35,-0.05,0.56,0.17
2003-07-01,0.15,0.16,0.23,0.09,-0.33,0.36,0.15,0.13,-0.1,-0.08,0.09,-0.06,-0.68,0.09,0.33,-0.07,0.14,0.19,0.25,-0.14,0.18,-1.19,0.12,-0.26,-0.18,-0.05,0.06,0.77,-0.22,0.17,0.0,0.01,-0.07,0.22,-0.28,-0.34,-0.46,-0.22,-0.4,0.33
2003-08-01,-0.03,0.03,-0.19,-0.09,0.14,0.01,-0.15,0.2,-0.34,-0.1,0.28,0.09,0.19,0.13,0.24,0.09,0.22,0.02,0.44,1.01,-0.12,0.17,0.39,0.16,0.12,0.13,0.0,0.7,0.34,0.07,0.14,0.12,-0.11,0.09,0.07,-0.1,-0.31,-0.39,0.08,0.33
2003-09-01,0.18,-0.21,-0.19,0.24,0.14,0.24,0.01,0.17,0.42,0.08,0.11,0.06,-0.16,-0.03,0.48,-0.15,0.03,0.22,0.0,-0.19,-0.02,0.45,0.05,-0.01,0.14,-0.16,-0.09,0.5,-0.16,-0.06,0.09,0.15,-0.03,-0.07,-0.12,-0.06,0.13,0.61,-0.4,0.0
2003-10-01,0.16,0.23,-0.29,0.07,-0.1,-0.08,-0.05,-0.1,0.39,-0.2,0.47,0.17,-0.01,-0.03,0.83,0.22,0.2,0.31,0.67,0.08,0.09,0.25,0.1,0.14,0.22,0.66,-0.03,0.68,0.1,0.31,0.09,-0.19,-0.02,0.2,0.6,-0.23,-0.16,0.38,0.96,0.0
2003-11-01,0.02,0.01,-0.11,0.14,-0.07,0.11,0.14,0.26,-0.22,0.15,0.4,-0.07,-0.18,0.0,0.11,-0.14,-0.1,-0.12,0.08,0.02,0.11,0.21,0.05,0.34,0.0,0.16,0.06,0.32,-0.06,0.32,0.12,0.58,-0.07,0.07,0.14,0.02,-0.03,0.49,-0.71,0.66
2003-12-01,-0.08,0.05,0.09,-0.13,0.07,0.07,-0.04,0.12,0.15,-0.41,0.25,0.16,-0.07,0.03,0.41,0.02,0.2,0.01,0.25,0.11,0.21,0.09,0.13,0.26,-0.05,-0.08,0.05,0.59,0.02,-0.27,-0.14,-0.03,-0.07,0.07,0.21,-0.03,-0.19,0.38,0.16,0.0
2004-01-01,-0.14,0.24,-0.03,0.36,0.37,0.4,-0.07,-0.08,0.77,0.11,0.31,-0.08,0.1,0.05,0.83,0.24,0.23,1.21,0.92,0.1,0.32,-0.22,-0.51,0.45,-0.25,0.08,-0.38,0.99,0.21,-0.13,-0.1,-0.02,-0.05,-0.02,0.53,0.04,-0.29,-0.27,0.4,0.16
2004-02-01,0.16,0.12,-0.02,0.14,0.07,0.25,0.15,0.26,0.2,0.06,0.23,0.26,-0.51,0.03,0.32,-0.03,0.09,0.25,0.26,-0.06,0.36,0.03,0.64,0.45,-0.04,0.05,0.16,-0.01,0.03,-0.24,-0.3,0.21,-0.02,0.07,0.23,0.08,0.21,0.0,-0.24,-0.65
2004-03-01,0.2,0.08,0.14,0.2,0.03,0.41,0.15,0.2,0.18,0.22,0.37,0.24,0.08,0.01,0.41,0.24,0.21,0.22,0.17,0.21,0.28,0.11,0.45,0.09,0.15,0.17,0.36,0.44,0.3,0.41,0.48,0.07,0.14,0.22,0.43,0.1,0.05,0.05,-0.08,0.0
2004-04-01,-0.0,0.12,-0.05,0.15,0.11,0.13,-0.08,0.12,0.62,-0.07,0.4,0.26,0.35,0.55,0.89,0.71,0.22,0.84,0.98,0.0,0.15,0.08,0.6,0.17,-0.09,0.08,0.08,0.82,0.17,0.34,0.47,0.38,-0.01,0.37,-0.45,0.07,0.16,0.11,0.64,-0.33
2004-05-01,0.13,0.25,0.33,0.17,-0.03,0.24,0.18,0.07,0.16,0.07,0.35,-0.07,-0.16,0.18,0.4,-0.14,0.03,0.29,0.26,0.03,0.28,0.35,0.25,0.05,0.15,0.08,0.23,0.64,0.04,0.39,0.07,0.08,0.05,0.06,0.7,0.12,0.24,-0.05,0.08,0.66
2004-06-01,0.1,-0.13,0.08,-0.18,0.11,0.12,0.19,-0.08,0.33,0.07,0.46,0.21,-0.28,0.28,0.28,0.07,0.26,0.34,0.5,0.24,0.28,0.33,0.39,0.21,0.13,0.21,0.3,0.68,0.3,0.17,0.33,0.17,-0.01,0.26,0.18,0.03,0.03,0.33,-0.16,0.33
2004-07-01,0.27,0.34,0.07,0.51,0.16,0.24,0.02,0.56,0.27,-0.07,0.48,0.01,-0.63,-0.33,0.57,0.12,0.2,0.08,0.6,0.01,0.4,-0.1,0.44,0.39,-0.05,0.27,0.11,0.91,0.35,0.46,0.21,0.1,0.12,0.24,0.9,0.01,-0.09,0.22,0.24,-0.98
2004-08-01,0.02,-0.1,-0.01,0.26,0.17,0.25,0.19,0.32,-0.21,0.06,0.44,-0.01,0.88,0.02,0.37,-0.03,0.16,0.34,0.07,0.2,0.31,0.48,0.14,0.29,-0.3,0.27,0.12,0.45,0.01,-0.01,-0.06,0.01,-0.06,0.15,0.09,-0.07,-0.01,0.38,-0.16,1.49
2004-09-01,0.02,-0.19,0.07,0.05,-0.06,0.23,0.15,-0.28,-0.1,-0.02,0.32,0.26,0.32,0.15,0.48,0.16,-0.02,-0.13,-0.03,-0.05,-0.09,0.24,0.12,-0.11,0.04,-0.23,-0.09,0.55,-0.1,-0.03,-0.1,0.38,-0.05,0.07,0.31,-0.17,0.0,-0.22,0.32,0.81
2004-10-01,0.07,0.47,0.32,0.51,0.47,0.56,0.29,0.73,1.5,0.21,0.98,0.44,0.04,0.48,0.91,0.19,0.46,1.0,1.16,0.33,0.7,0.3,0.32,0.89,0.18,0.16,0.43,1.26,0.09,0.25,0.52,0.27,0.15,0.51,0.2,0.44,0.39,-0.7,0.24,-0.97
2004-11-01,-0.01,0.17,0.05,-0.02,0.12,0.14,-0.04,0.07,0.33,-0.14,0.4,0.22,0.01,-0.2,0.43,0.13,0.02,0.31,0.54,0.12,0.26,0.23,0.07,0.08,-0.02,0.03,0.02,0.14,0.04,0.07,-0.05,0.08,0.14,0.33,0.07,-0.02,0.13,0.33,0.71,0.16
2004-12-01,0.08,-0.14,0.08,0.2,0.33,0.05,0.07,0.2,0.14,0.09,0.49,0.1,-0.18,0.28,0.4,0.18,0.2,0.19,0.46,0.11,0.31,0.18,0.27,0.32,0.03,-0.03,-0.11,0.47,-0.07,0.22,0.06,0.18,-0.14,0.33,0.51,0.29,-0.1,0.05,-0.31,0.16
2005-01-01,-0.12,0.2,-0.09,0.0,0.54,0.01,-0.11,0.56,0.07,-0.03,0.17,0.26,-0.19,-0.28,0.04,0.1,0.1,0.39,0.6,0.09,0.39,0.15,0.11,-0.25,0.0,0.93,-0.53,0.27,-0.51,-0.13,-0.33,0.52,-0.53,0.36,0.13,0.03,0.15,0.05,-0.31,0.0
2005-02-01,0.08,-0.04,0.06,0.19,-0.07,0.23,0.13,0.08,0.29,0.19,0.47,0.05,0.22,0.18,0.7,0.3,0.12,0.31,0.25,0.27,0.25,0.01,0.37,0.13,-0.09,0.22,0.19,0.59,0.37,0.34,0.38,0.11,0.33,0.36,0.35,-0.02,-0.16,0.05,0.16,0.49
2005-03-01,-0.14,0.07,-0.04,0.19,0.34,-0.12,-0.21,-0.16,-0.1,-0.08,0.39,0.39,-0.42,0.11,0.44,0.13,0.12,-0.31,0.32,-0.37,0.24,0.04,0.23,0.2,-0.27,0.1,0.1,0.57,0.16,-0.03,0.37,0.19,-0.11,0.04,0.28,0.03,-0.03,0.11,0.63,0.16
2005-04-01,0.68,0.3,0.33,0.43,0.41,0.52,0.48,0.98,1.06,0.21,1.49,0.43,0.47,0.4,0.78,0.27,0.45,0.56,0.66,0.63,0.4,0.4,0.23,0.63,0.35,0.42,0.25,1.15,0.34,0.19,0.05,0.16,0.15,0.86,0.46,0.18,0.19,0.27,0.7,0.0
2005-05-01,-0.2,0.09,0.02,0.21,0.12,0.03,0.13,0.29,0.2,0.07,0.24,0.19,-0.09,0.28,-0.1,0.05,0.07,0.37,0.6,0.08,0.31,0.09,0.15,0.09,-0.09,0.25,0.02,0.34,0.06,-0.05,0.04,0.19,-0.12,0.09,0.39,-0.07,0.05,0.0,-0.23,0.48
2005-06-01,0.19,0.21,-0.2,0.03,0.0,0.1,-0.16,-0.14,-0.2,-0.06,0.5,0.16,-0.35,0.11,0.14,0.13,-0.05,-0.03,0.24,0.09,0.16,0.15,0.34,0.09,-0.07,0.23,-0.07,0.64,0.17,-0.03,-0.04,-0.04,0.04,0.12,0.13,0.04,0.14,0.22,0.62,-0.48
2005-07-01,0.04,0.27,0.58,0.87,0.67,0.36,0.49,0.48,1.18,0.35,0.65,0.35,-0.31,0.11,0.44,0.38,0.23,0.51,0.65,0.26,0.58,0.45,0.3,0.59,0.12,0.47,0.23,0.56,0.14,0.34,0.12,0.73,0.14,0.9,1.1,0.27,0.4,0.11,0.39,-1.13
2005-08-01,0.16,0.21,-0.06,0.09,0.27,0.16,-0.17,0.28,0.59,0.02,0.31,0.24,0.24,0.1,0.56,-0.15,0.05,0.07,0.41,-0.18,0.27,0.24,0.39,0.0,0.04,0.2,0.14,0.38,-0.22,-0.08,-0.01,0.16,0.05,0.25,0.47,0.07,0.22,0.48,0.31,1.31
2005-09-01,0.21,0.14,0.27,0.35,0.26,0.21,0.16,0.18,0.05,0.09,0.54,-0.36,0.58,0.33,0.64,0.61,0.13,0.22,0.49,0.88,0.3,0.38,0.1,0.19,-0.09,0.42,0.23,0.64,0.46,0.27,-0.02,0.27,0.11,0.35,0.36,0.15,0.12,-0.05,0.69,-0.48
2005-10-01,-0.44,0.11,0.04,0.23,0.31,-0.22,-0.06,0.28,-0.24,0.05,0.23,0.92,-0.52,0.18,0.24,-0.02,-0.11,-0.07,0.11,-0.44,0.07,0.36,0.25,0.28,-0.17,0.3,0.03,0.34,-0.37,-0.12,0.25,0.29,0.04,0.23,-0.47,0.1,0.15,0.32,0.08,0.0
2005-11-01,0.27,0.28,0.16,0.37,0.53,0.45,0.13,0.32,-0.33,0.19,0.57,0.34,0.22,0.05,0.37,0.17,0.26,0.11,0.35,0.13,0.51,0.23,0.45,0.24,0.15,0.36,0.05,0.76,0.18,0.21,0.26,0.36,0.1,0.35,0.66,0.19,0.2,-0.32,0.15,0.81
2005-12-01,0.15,0.22,0.05,0.04,0.38,0.1,-0.02,0.16,0.36,0.14,0.46,0.42,-0.34,0.18,0.57,0.28,0.15,0.1,0.36,0.19,0.32,0.27,0.56,0.17,-0.05,0.29,-0.06,0.59,0.09,0.0,0.15,0.3,-0.01,0.4,0.13,0.15,0.38,0.0,0.3,0.0
2006-01-01,0.09,0.23,0.17,0.42,0.32,0.3,0.22,0.37,0.19,0.16,0.58,0.23,-0.59,0.21,0.32,0.22,0.35,0.32,0.42,0.29,0.14,0.97,0.0,0.6,0.09,0.62,-0.16,0.28,-0.17,0.35,0.19,0.38,-0.03,0.26,0.61,0.31,0.27,0.37,0.0,-1.12
2006-02-01,0.08,0.22,0.29,0.22,0.28,0.17,0.15,0.07,0.28,0.08,0.7,0.21,-0.35,-0.11,0.46,0.15,0.19,-0.02,0.18,0.25,0.38,0.01,0.29,-0.17,0.24,0.01,0.52,0.59,0.22,0.19,0.34,0.3,0.21,0.52,0.21,0.21,0.44,0.27,-0.08,1.62
2006-03-01,0.19,0.01,0.07,0.3,0.54,0.2,0.03,0.1,0.26,0.18,0.43,0.24,-0.0,0.24,0.23,0.1,0.12,0.5,0.46,0.16,0.35,0.2,0.32,0.24,0.08,0.48,0.15,0.6,-0.2,0.24,0.01,-0.36,-0.01,0.48,0.42,0.1,-0.02,-0.16,-0.23,-0.16
2006-04-01,0.04,0.09,0.11,0.29,0.05,-0.04,0.21,0.29,0.15,0.16,0.5,0.23,-0.17,0.08,0.1,0.11,0.01,0.12,0.43,0.05,0.54,1.01,0.25,-0.05,-0.09,0.32,-0.04,0.32,-0.13,0.11,0.04,-0.45,-0.02,0.31,1.32,0.03,0.27,0.11,-1.07,-0.48
2006-05-01,0.11,0.05,-0.13,0.18,0.4,0.07,0.02,0.15,0.23,-0.13,0.35,0.26,-0.41,-0.17,0.22,0.24,0.16,0.28,0.35,0.04,0.36,0.08,0.34,-0.18,-0.02,0.26,-0.03,0.15,-0.03,-0.08,0.16,0.53,-0.14,0.34,0.23,0.37,0.24,0.69,0.85,1.45
2006-06-01,0.21,0.26,0.28,0.32,0.32,0.29,-0.11,0.34,0.13,0.32,0.33,0.42,-0.12,0.42,0.42,0.39,0.22,0.16,0.34,0.08,0.45,-0.06,0.36,0.54,0.05,0.29,0.01,0.45,0.23,0.03,0.03,0.34,0.02,0.49,0.49,0.19,0.13,0.63,0.0,0.48
2006-07-01,-0.14,-0.01,-0.03,0.12,0.39,-0.2,0.11,-0.07,0.37,0.05,0.12,-0.26,-0.96,-0.3,0.23,-0.13,-0.1,0.02,-0.23,-0.02,0.05,0.65,-0.1,0.29,0.01,0.12,0.0,0.01,-0.12,-0.2,-0.15,0.09,-0.24,0.3,0.45,-0.02,0.32,-1.1,0.0,0.0
2006-08-01,0.09,0.14,0.08,0.4,0.46,0.15,-0.06,0.21,0.32,0.1,0.15,0.39,0.28,-0.08,-0.14,0.17,0.13,0.37,0.62,-0.01,0.91,0.31,0.19,0.08,-0.06,0.3,0.12,0.25,0.04,0.14,0.35,0.16,-0.03,0.29,0.47,0.26,0.21,0.69,0.08,-0.16
2006-09-01,0.22,0.04,0.16,0.27,0.41,0.08,-0.05,0.26,-0.07,0.14,0.15,0.47,0.03,0.0,0.09,0.13,0.13,0.03,0.44,0.2,1.08,0.4,0.28,-0.06,0.26,0.38,0.05,-0.16,0.13,0.09,0.27,-0.02,-0.05,0.2,0.28,0.0,0.17,0.0,-0.84,0.79
2006-10-01,0.04,0.07,-0.14,0.04,0.23,-0.02,0.03,0.7,0.12,0.08,0.08,-0.05,-0.76,-0.01,-0.38,0.06,0.0,-0.23,-0.09,0.08,0.33,0.35,0.12,-0.42,0.07,0.13,0.06,-0.04,-0.34,0.23,-0.07,-0.13,-0.09,0.13,0.4,0.11,-0.32,-0.21,-0.31,0.0
2006-11-01,0.27,-0.01,0.08,0.35,0.36,0.1,-0.04,0.14,0.05,0.12,0.06,0.29,0.35,0.23,-0.08,0.2,0.2,-0.04,0.43,0.21,0.43,0.51,0.29,0.06,0.03,0.16,0.12,0.11,0.14,0.16,0.3,-0.09,-0.07,0.47,0.79,0.05,0.18,0.37,-0.31,0.0
2006-12-01,0.23,0.17,0.11,0.42,0.36,0.23,0.14,0.24,0.12,0.17,0.17,0.28,-0.12,0.08,-0.06,0.21,-0.08,0.08,0.4,0.36,0.73,0.35,0.22,0.33,0.22,0.18,0.37,0.04,0.09,0.2,0.37,0.1,0.06,0.4,0.42,-0.11,0.34,-0.11,-0.77,0.16
2007-01-01,0.18,0.11,0.27,-0.07,0.33,0.07,0.19,0.32,0.1,0.35,-0.24,0.28,-0.45,0.29,0.19,0.11,-0.04,0.02,0.24,-0.15,-0.51,0.23,0.15,0.19,0.14,0.13,0.33,0.07,0.47,0.09,0.17,0.24,0.15,0.68,0.46,0.23,0.39,0.21,0.55,-0.16
2007-02-01,0.06,0.08,-0.08,0.52,0.34,0.0,-0.1,0.19,0.08,-0.02,0.42,0.7,0.19,0.11,0.2,0.17,0.1,-0.07,0.42,-0.09,0.89,0.23,0.34,-0.04,-0.21,0.37,-0.27,0.71,-0.11,-0.54,0.16,0.18,-0.15,0.28,0.5,0.36,0.27,-0.05,0.47,-0.47
2007-03-01,0.05,0.08,0.25,0.5,0.52,0.13,0.11,0.11,0.07,0.12,0.19,0.23,-0.18,-0.02,0.06,0.41,0.2,0.12,0.17,0.27,0.41,0.32,0.33,0.32,0.33,0.17,0.23,-0.02,0.43,0.88,0.63,0.22,0.2,0.39,0.51,0.33,0.29,0.37,0.0,0.63
2007-04-01,0.02,-0.31,-0.0,0.0,0.26,-0.05,-0.08,-0.31,-0.15,0.06,-0.06,0.09,-0.11,-0.2,-0.39,0.18,-0.14,-0.12,-0.08,-0.06,0.16,0.11,-0.42,-0.38,-0.21,0.01,0.15,-0.01,-0.05,0.05,-0.45,-0.31,-0.12,0.13,-0.04,-0.64,-0.09,0.16,-0.23,0.47
2007-05-01,0.17,-0.03,0.08,0.15,0.42,0.0,0.07,0.07,0.09,0.19,0.17,0.29,-0.04,0.04,0.37,0.27,0.12,-0.23,0.08,0.13,0.34,0.18,0.29,-0.2,0.31,0.54,0.15,0.14,0.3,0.19,0.32,0.12,-0.01,0.34,0.55,0.4,0.28,0.0,-0.08,-0.16
2007-06-01,0.3,0.19,0.06,0.27,0.47,0.07,0.17,0.06,0.07,0.12,0.38,0.35,-0.19,0.2,-0.01,0.3,0.18,0.21,0.01,0.07,0.42,0.17,-0.01,0.91,0.27,0.21,0.19,-0.09,-0.07,0.14,0.04,-0.04,0.4,0.24,0.55,0.12,0.38,0.21,0.15,0.62
2007-07-01,-0.11,0.26,0.04,0.05,0.1,-0.06,0.27,0.35,-0.15,0.12,0.14,0.01,-0.38,-0.17,0.44,0.02,0.29,-0.45,-0.13,0.05,0.16,0.11,0.07,0.18,-0.2,0.33,-0.17,-0.38,-0.2,-0.18,0.61,0.36,-0.47,0.08,-0.23,0.23,0.65,-0.05,0.15,0.47
2007-08-01,-0.01,-0.19,-0.09,0.23,0.12,0.1,-0.15,0.09,0.17,0.1,0.02,0.25,0.38,-0.06,-0.39,0.14,-0.23,-0.26,0.17,0.08,0.27,0.24,0.13,0.54,0.1,0.19,-0.11,-0.13,0.08,0.04,0.09,-0.02,-0.04,0.08,0.33,0.15,-0.47,-0.89,0.23,-0.31
2007-09-01,0.03,0.03,-0.1,0.23,0.17,-0.06,-0.27,0.02,-0.06,-0.03,-0.04,-0.17,-0.42,-0.15,-0.17,0.17,0.02,-0.29,-0.09,-0.05,0.3,0.15,0.06,-0.02,-0.12,0.28,0.09,-0.41,0.11,0.23,-0.28,-0.14,-0.43,-0.1,0.02,0.12,0.12,0.32,-0.15,0.46
2007-10-01,0.27,-0.19,0.09,0.31,0.34,0.27,0.23,-0.25,-0.21,0.07,0.07,0.36,-0.78,0.08,-0.25,0.1,-0.32,-0.11,0.21,-0.25,0.49,0.22,0.13,-0.45,0.06,-0.02,-0.05,0.56,0.29,0.16,-0.3,-0.35,0.08,0.1,0.52,-0.33,0.18,0.26,-0.62,0.77
2007-11-01,0.16,0.01,0.07,0.19,0.29,0.13,0.09,0.03,-0.05,0.1,-0.15,0.42,0.51,0.04,-0.12,0.23,-0.09,-0.07,0.33,0.32,0.19,0.18,0.2,0.63,-0.01,0.54,0.17,0.14,0.1,0.03,0.35,-0.07,0.12,0.18,0.31,0.41,0.18,0.0,-0.16,-0.31
2007-12-01,0.11,0.15,0.06,0.26,0.18,0.15,0.01,0.09,0.02,-0.03,-0.14,0.16,-0.26,-0.06,-0.04,0.15,0.22,-0.16,-0.23,0.11,0.31,0.32,0.11,0.06,0.03,0.37,0.01,0.33,0.08,0.12,-0.24,0.0,-0.08,0.15,0.21,0.11,-0.05,0.21,0.08,0.15
2008-01-01,0.24,-0.47,0.02,0.16,0.1,-0.13,0.15,0.03,-0.28,0.41,-0.23,0.12,-0.22,0.04,-0.74,0.23,-0.1,-0.34,-0.27,0.08,0.46,-0.59,0.06,-0.22,0.11,0.26,0.22,-0.23,0.16,-0.21,0.47,-0.52,0.12,0.18,0.08,-0.11,0.57,-0.42,-0.08,1.53
2008-02-01,0.05,0.06,-0.07,0.3,0.26,0.15,0.04,0.11,-0.06,0.14,-0.25,0.28,-0.34,0.2,-0.23,0.29,0.11,-0.08,0.41,0.05,0.27,0.23,0.08,0.11,-0.04,0.23,-0.13,-0.17,-0.02,0.14,0.06,0.19,-0.05,0.08,0.1,0.22,0.05,-0.1,-0.16,-0.3
2008-03-01,-0.05,-0.15,-0.15,-0.1,0.0,-0.08,-0.1,-0.26,-0.28,0.06,-0.63,-0.13,-0.57,-0.04,-0.49,0.02,-0.01,-0.41,-0.08,-0.14,-0.39,-0.11,0.05,-0.24,-0.05,0.03,-0.3,-0.19,-0.53,0.02,0.01,-0.34,-0.71,-0.02,-0.08,-0.08,0.04,-0.11,-0.39,0.3
2008-04-01,-0.01,0.1,0.08,-0.01,0.25,0.32,0.18,-0.25,-0.51,0.08,-0.22,0.07,-0.54,-0.35,-0.37,-0.08,0.02,-0.79,-1.08,-0.08,0.06,-0.23,-0.1,-0.24,0.16,0.14,-0.08,0.02,0.35,-0.08,0.14,-0.25,0.18,0.03,-0.27,-0.24,-0.1,-1.21,-0.47,-0.15
2008-05-01,-0.22,-0.23,-0.13,0.07,0.11,-0.01,-0.27,-0.19,-0.46,-0.03,-0.4,-0.11,-0.27,-0.07,-0.52,-0.17,-0.14,-0.41,-0.31,-0.18,0.15,-0.09,-0.17,0.08,0.09,0.12,-0.26,-0.27,-0.12,0.26,-0.32,-0.4,0.06,-0.21,-0.02,-0.13,-0.14,0.37,-0.08,-0.91
2008-06-01,-0.0,-0.22,-0.23,-0.13,0.1,-0.25,-0.14,-0.29,-0.59,-0.01,-0.52,-0.01,0.05,0.02,-0.21,0.11,-0.12,-0.26,-0.36,-0.32,-0.01,-0.16,-0.29,-0.05,-0.1,-0.05,0.21,-0.4,-0.52,-0.14,0.07,-0.25,-0.15,-0.03,-0.19,-0.03,-0.14,-0.11,-0.31,-0.91
2008-07-01,-0.11,0.03,0.01,0.08,0.36,0.24,-0.06,-0.36,-0.48,0.05,-0.68,0.03,-0.85,0.14,-0.36,-0.17,-0.03,-0.5,-0.28,0.14,0.18,-0.25,0.24,-0.45,0.02,0.09,0.03,-0.43,0.33,0.27,0.19,0.15,-0.29,0.05,0.04,0.14,0.14,-3.98,-0.71,1.23
2008-08-01,-0.06,-0.46,-0.21,-0.24,0.11,0.19,-0.14,-0.26,-0.45,-0.12,-0.01,0.17,0.05,-0.16,-0.36,0.01,-0.28,-0.5,-0.32,-0.08,0.18,-0.16,-0.22,-0.26,0.01,0.08,-0.09,-0.48,-0.25,-0.17,-0.33,-0.67,-0.2,0.02,-0.1,-0.27,0.05,2.65,-0.08,-0.61
2008-09-01,-0.17,-0.22,-0.49,-0.2,-0.86,-0.36,-0.19,-0.44,-0.52,-0.29,-0.38,-0.42,-0.54,-0.37,-0.56,-0.22,-0.21,-0.36,-0.59,-0.3,0.3,0.02,-0.09,-0.1,-0.08,-0.14,-0.31,-0.44,-0.59,-0.45,-0.21,-0.34,-0.34,-0.27,0.02,-0.28,0.06,0.48,-0.16,0.15
2008-10-01,-0.35,-0.69,-0.37,-0.24,0.45,-0.27,-0.32,-0.56,-0.78,-0.2,-0.97,-1.64,-0.46,-0.4,-0.46,-0.51,-0.46,-0.66,-0.64,-0.27,-0.1,-0.77,-0.91,-0.45,-0.14,0.0,-0.3,-0.98,-0.16,-0.4,-0.18,-0.41,-0.42,-0.53,-0.4,-0.53,-1.04,-1.07,0.0,-0.46
2008-11-01,-0.33,-0.63,-0.59,-0.4,0.29,-0.26,-0.38,-0.58,-0.44,-0.39,-0.79,0.65,-0.8,-0.5,-0.8,-0.34,-0.51,-0.55,-0.91,-0.43,0.01,-0.74,-0.78,-0.43,-0.28,-0.12,-0.43,-1.21,-0.6,-0.61,-0.54,-0.53,-0.68,-0.63,-0.5,-0.57,-0.6,-0.87,-0.88,-1.38
2008-12-01,-0.37,-0.59,-0.58,-0.27,-0.32,-0.25,-0.3,-0.56,-0.46,-0.49,-0.89,-0.7,-0.84,-0.54,-0.61,-0.47,-0.54,-0.41,-0.44,-0.26,-0.25,-0.38,-0.95,-0.17,-0.33,-0.25,-0.32,-1.33,-0.3,-0.64,-0.48,-0.36,-0.59,-0.46,-0.27,-0.39,-0.6,-1.04,-0.16,-0.16
2009-01-01,-0.58,-1.02,-0.81,-0.69,-0.55,-0.07,-0.57,-0.7,-1.08,-0.73,-1.06,-0.46,-3.23,-0.7,-0.68,-0.49,-0.7,-0.84,-0.95,-0.57,-0.93,-1.82,-0.52,-1.15,-0.58,-0.59,-0.38,-1.16,-0.83,-0.61,-0.28,-0.68,-0.69,-0.99,-1.27,-0.7,-1.14,-0.66,-0.48,-0.78
2009-02-01,-0.36,-0.71,-0.6,-0.54,-0.46,-0.3,-0.22,-0.59,-0.83,-0.22,-1.05,-0.73,0.06,-0.65,-0.98,-0.93,-0.76,-0.67,-0.61,-0.47,-0.66,-0.43,-0.9,-0.63,-0.15,-0.32,-0.57,-1.02,-0.57,-0.4,-0.49,-0.75,-0.53,-0.75,-0.51,-0.84,-1.05,-1.17,-0.57,-1.41
2009-03-01,-0.52,-0.55,-0.7,-0.55,-0.54,-0.31,-0.74,-0.68,-0.67,-0.5,-0.89,-0.72,-0.53,-0.67,-0.53,-0.7,-0.64,-0.72,-0.7,-0.45,-0.54,-0.84,-0.81,-0.84,-0.47,-0.43,-0.34,-1.35,-0.81,-0.71,-0.67,-0.56,-0.69,-0.57,-0.6,-0.6,-0.76,-0.84,-0.81,-0.96
2009-04-01,-0.59,-0.94,-0.99,-0.54,-0.78,-0.34,-0.59,-0.71,-0.62,-0.46,-0.82,-0.83,-0.71,-0.63,-0.76,-0.61,-0.66,-0.61,-0.64,-0.16,-0.13,-0.88,-0.61,-0.66,-0.5,-0.24,-0.64,-1.63,-0.9,-1.0,-0.48,-0.67,-1.05,-0.91,-0.4,-0.86,-0.75,-1.14,0.9,-0.16
2009-05-01,-0.08,-0.3,-0.21,-0.22,-0.19,-0.07,-0.13,-0.44,-0.37,-0.24,-0.59,-0.46,-1.87,-0.21,-0.37,-0.32,-0.31,-0.4,-0.48,-0.23,-0.03,-0.35,-0.43,-0.26,-0.13,-0.18,-0.35,-0.59,-0.26,-0.31,-0.17,-0.34,-0.76,-0.07,-0.04,-0.55,-0.32,-1.49,-0.57,-1.29
2009-06-01,-0.29,-0.45,-0.49,-0.46,-0.44,-0.04,-0.32,-0.48,-0.32,-0.39,-0.63,-0.47,-1.06,-0.44,-0.4,-0.23,-0.42,-0.38,-0.38,0.01,-0.26,-0.29,-0.46,-0.85,-0.28,-0.02,-0.26,-0.64,-0.52,-0.25,-0.12,-0.6,-0.53,-0.34,-0.42,-0.38,-0.45,-0.87,-0.33,-0.49
2009-07-01,0.06,-0.79,-0.42,-0.21,-0.51,0.07,-0.23,-0.56,-0.34,-0.31,-0.49,-0.48,1.01,0.09,-0.6,-0.23,-1.15,-0.43,-0.5,-0.41,-0.18,-0.36,-0.32,-0.04,-0.13,-0.15,-0.38,-0.52,-0.16,-0.26,-0.3,-0.98,-0.35,-0.58,-0.3,-0.62,-1.62,-0.53,0.08,0.0
2009-08-01,-0.07,-0.37,-0.22,-0.18,-0.27,0.02,-0.14,-0.28,-0.15,-0.05,-0.54,-0.57,-0.4,-0.45,-0.36,-0.21,0.02,-0.11,-0.25,-0.09,-0.03,-0.17,-0.35,0.07,-0.08,-0.17,-0.28,-0.39,-0.01,0.0,-0.14,-0.53,-0.35,0.0,-0.34,-0.82,0.13,0.35,-0.25,-0.66
2009-09-01,-0.35,-0.35,-0.2,-0.28,-0.03,-0.57,-0.2,-0.26,-0.25,0.02,-0.3,0.17,0.12,-0.72,-0.67,-0.03,-0.33,-0.34,-0.06,-0.01,0.01,-0.23,-0.08,0.03,-0.08,0.01,-0.03,-0.06,-0.11,-0.04,-0.39,-0.38,0.08,0.12,-0.1,0.09,0.21,-0.35,-0.66,0.0
2009-10-01,-0.02,0.07,-0.07,0.05,-0.2,0.32,0.16,-0.21,-0.05,-0.03,-0.32,-0.23,0.13,0.16,0.24,-0.18,0.38,-0.21,-0.2,0.08,0.13,-0.55,-0.06,0.28,-0.16,0.26,-0.09,-0.34,-0.19,-0.2,-0.51,0.79,-0.21,0.0,-0.53,0.28,0.2,-0.59,0.17,1.49
2009-11-01,-0.04,-0.14,-0.09,-0.06,-0.11,0.1,-0.1,-0.08,0.08,-0.03,-0.08,-0.38,-0.41,0.04,-0.19,-0.08,0.03,-0.23,-0.11,-0.05,0.16,-0.06,-0.19,0.41,0.17,0.19,-0.11,-0.1,0.07,0.28,-0.04,-0.33,0.08,-0.21,0.31,-0.15,0.25,0.18,-0.08,-0.98
2009-12-01,0.09,-0.09,-0.16,-0.03,-0.13,-0.01,-0.19,-0.09,-0.17,-0.02,-0.21,-0.05,0.01,0.04,-0.12,-0.1,-0.12,-0.34,-0.12,-0.04,0.13,-0.06,0.02,-0.19,0.19,0.06,-0.22,0.36,0.02,-0.04,-0.18,-0.26,-0.02,0.15,0.2,-0.22,-0.22,-0.12,-0.25,0.0
2010-01-01,0.02,0.06,0.07,0.12,0.19,-0.13,0.17,0.04,-0.22,0.94,0.03,-0.06,0.37,-0.11,-0.16,-0.19,-0.19,0.01,-0.04,0.05,0.13,0.05,0.14,0.07,-0.31,0.2,0.3,-0.66,-0.17,0.2,-0.22,-0.52,0.39,-0.05,-0.45,-0.09,-0.05,-0.12,-0.83,0.16
2010-02-01,-0.04,-0.13,0.07,0.02,0.07,-1.0,-0.33,-0.01,0.09,-0.09,0.0,-0.25,-0.18,-0.05,0.0,0.25,-0.14,0.09,-0.03,-1.36,0.04,0.01,-0.07,-0.17,-0.32,0.13,0.01,-0.2,-0.21,-0.08,0.1,-0.3,-0.25,-0.26,-0.12,-0.2,0.07,-0.24,-0.92,-0.33
2010-03-01,0.2,-0.04,-0.05,0.31,0.28,0.97,0.13,0.22,0.05,-0.02,0.09,0.26,-0.17,0.12,0.12,0.02,-0.02,0.14,0.28,1.61,0.52,0.34,0.23,0.33,0.51,0.24,0.25,-0.46,0.23,0.13,-0.09,0.02,0.0,0.38,0.47,0.19,0.17,0.24,-0.59,-0.16
2010-04-01,0.53,0.46,0.02,0.07,0.34,0.91,0.29,0.26,0.16,0.33,0.18,0.39,0.77,0.7,0.35,0.18,0.95,-0.11,0.58,0.63,0.12,0.45,0.3,0.58,0.49,0.12,0.27,0.19,0.32,0.51,0.87,0.08,0.06,0.1,0.53,0.17,0.62,0.18,0.59,-0.49
2010-05-01,0.21,0.29,0.49,0.48,0.53,0.24,0.52,0.48,0.47,0.45,0.46,0.02,-0.04,0.05,0.28,0.25,0.48,0.88,0.43,-0.1,0.33,0.58,0.17,0.58,0.24,0.47,0.1,0.32,0.13,0.19,0.35,0.23,0.07,0.31,0.49,0.23,0.47,0.71,0.0,0.33
2010-06-01,-0.11,-0.13,-0.27,0.08,-0.17,0.02,-0.17,-0.04,-0.01,-0.59,-0.45,-0.05,-0.04,0.03,-0.05,0.05,-0.18,-0.05,0.1,0.07,0.29,-0.09,0.18,-0.22,0.35,-0.24,0.02,-0.09,-0.25,-0.06,-0.09,-0.16,-0.14,0.09,0.2,-0.07,-0.24,-0.35,-0.17,-0.33
2010-07-01,-0.46,-0.25,-0.43,-0.05,0.06,0.12,-0.14,0.08,0.06,0.16,-0.08,0.1,0.69,-0.1,-0.61,0.33,-0.22,-0.02,0.09,-0.06,0.04,-0.08,-0.17,-0.3,0.24,-0.23,0.05,0.15,-0.21,0.06,-0.76,-0.41,0.25,0.14,0.1,-0.35,-0.18,-0.06,0.25,1.66
2010-08-01,0.15,0.07,0.3,0.06,0.18,-0.37,0.07,-0.13,0.08,0.05,-0.04,-0.34,-0.65,0.01,0.21,-0.03,0.27,0.13,-0.05,-0.01,0.2,0.13,0.07,0.17,0.12,0.12,0.01,-0.1,-0.12,-0.03,0.05,-0.3,0.01,-0.03,-0.06,-0.33,-0.17,-0.47,-0.76,-0.98
2010-09-01,0.09,-0.17,0.17,-0.03,0.02,0.07,-0.2,-0.14,-0.11,-0.19,-0.42,0.37,0.56,-0.13,-0.17,-0.01,-0.28,-0.23,-0.29,-0.19,-0.03,-0.07,0.18,0.8,-0.14,-0.05,0.0,-1.06,0.02,-0.84,0.44,-0.07,0.02,0.1,-0.04,0.68,0.37,0.18,-0.25,-1.32
2010-10-01,0.27,0.42,0.48,0.72,0.34,0.28,0.27,0.46,0.1,0.6,0.84,0.35,0.4,0.63,0.15,0.15,0.1,0.72,0.31,0.39,1.16,0.66,0.62,0.61,0.18,0.62,0.34,0.44,0.36,1.05,0.36,0.41,0.22,0.53,0.36,0.01,0.5,0.42,0.34,1.5
2010-11-01,0.03,-0.08,0.02,-0.02,0.12,0.04,0.0,-0.08,-0.11,-0.07,-0.05,0.01,-0.06,0.09,0.16,0.14,-0.18,-0.19,-0.14,0.06,0.19,0.3,0.0,-0.01,0.02,-0.13,0.08,0.1,0.08,-0.08,-0.14,-0.26,0.01,-0.03,0.06,-0.11,0.37,0.06,0.25,0.0
2010-12-01,0.06,0.14,0.13,0.25,0.2,0.15,0.13,-0.04,0.4,0.18,0.15,0.21,0.09,0.06,0.13,0.15,0.12,0.13,0.06,0.03,0.21,0.2,0.23,0.18,0.25,0.2,0.28,0.09,-0.02,0.11,0.2,-0.14,0.1,0.07,0.14,0.15,0.18,0.18,-0.34,-0.49
2011-01-01,0.25,0.37,0.18,0.29,0.3,0.2,0.06,-0.33,0.27,0.12,0.19,0.06,0.67,0.45,-0.4,0.17,0.4,0.13,0.08,0.11,0.18,-0.29,0.12,0.04,0.41,0.29,-0.01,0.27,0.3,0.36,-0.24,0.27,0.01,0.0,0.22,0.52,0.26,0.06,0.25,-0.33
2011-02-01,0.13,-0.06,-0.0,0.01,-0.09,0.09,0.04,1.06,0.1,0.21,0.13,0.18,0.14,0.25,0.31,0.0,0.16,0.01,0.05,0.25,0.16,0.63,0.21,0.01,-0.13,0.07,0.35,-0.06,-0.02,0.01,-0.04,-0.17,0.2,0.08,0.34,0.12,0.23,0.06,-0.08,0.17
2011-03-01,0.13,-0.02,0.2,0.45,0.51,0.14,0.13,0.42,-0.01,0.15,0.13,0.09,0.32,0.15,0.01,0.03,-0.1,0.13,0.11,0.23,0.32,0.11,0.14,0.43,0.15,0.38,0.28,0.25,0.22,0.24,0.36,-0.12,0.06,0.22,0.26,0.02,0.15,2.18,-0.68,0.0
2011-04-01,0.39,-0.18,0.21,0.37,0.53,0.44,0.13,0.06,0.74,0.16,0.36,0.5,0.84,0.43,-0.02,0.57,0.06,0.2,0.52,0.6,0.68,0.23,0.46,0.41,0.03,0.31,0.68,-0.09,0.24,0.28,-0.06,-0.05,0.39,0.3,-0.06,0.36,0.08,-0.63,0.09,0.5
2011-05-01,-0.18,0.03,-0.01,0.09,0.03,-0.49,-0.26,0.06,-0.17,0.03,0.16,-0.18,-0.4,0.04,-0.03,0.0,-0.17,-0.05,-0.14,-0.31,-0.1,-0.07,-0.24,0.33,0.12,0.02,-0.07,0.07,-0.2,0.12,0.2,-0.17,-0.32,-0.08,-0.06,0.04,0.1,-0.29,-0.34,1.32
2011-06-01,0.12,0.07,-0.08,0.22,0.31,0.26,-0.08,-0.03,0.04,-0.4,-0.33,0.17,-0.1,-0.1,-0.22,0.08,-0.12,0.03,0.1,0.07,0.2,0.37,0.06,0.03,0.28,-0.1,-0.02,-0.01,-0.14,-0.35,-0.25,-0.18,-0.2,0.25,0.06,-0.01,0.17,-1.05,0.43,-0.32
2011-07-01,0.24,0.31,0.4,0.48,0.33,0.38,0.09,0.23,0.32,0.92,0.46,0.37,0.72,-0.32,0.33,0.14,0.3,0.59,0.38,0.36,0.35,0.26,0.3,0.92,-0.11,0.53,0.53,0.58,0.75,1.16,0.49,0.33,0.78,0.54,0.28,0.57,0.08,1.0,-0.17,-1.14
2011-08-01,0.09,-0.05,0.2,0.04,0.18,-0.13,-0.21,0.05,0.18,-0.03,0.38,-0.09,0.14,0.89,0.21,0.31,0.02,0.2,0.07,0.09,0.36,0.28,0.06,0.09,0.06,0.18,0.13,-0.06,0.19,-0.16,-0.25,0.36,0.29,0.32,0.08,0.14,0.28,-0.87,0.43,1.48
2011-09-01,0.26,0.21,0.26,0.24,0.36,0.39,0.16,0.2,0.38,0.23,0.14,0.25,0.49,0.4,0.3,0.34,0.23,0.6,0.66,0.09,0.26,0.12,0.15,0.34,0.29,0.21,0.49,-0.07,0.04,0.17,0.4,0.29,-0.24,0.05,0.28,0.48,0.55,0.24,0.25,0.65
2011-10-01,-0.13,-0.04,-0.03,0.0,-0.02,-0.27,-0.12,-0.09,-0.06,-0.0,0.15,0.09,0.24,-0.05,-0.12,-0.33,-0.01,-0.11,-0.32,0.14,0.2,-0.15,0.13,0.26,0.14,-0.07,-0.11,0.28,-0.15,0.43,0.13,0.19,-0.32,-0.02,0.12,0.02,0.22,-0.47,0.42,0.0
2011-11-01,0.16,0.12,0.08,0.1,0.29,0.02,0.05,0.05,-0.03,0.07,0.06,0.25,0.16,0.1,0.18,0.44,0.19,-0.04,0.26,0.2,0.28,0.58,0.26,0.28,0.12,0.03,0.23,0.01,0.16,-0.01,0.44,0.07,0.48,0.22,0.06,0.15,0.14,0.29,0.59,0.48
2011-12-01,0.11,0.19,0.09,0.16,0.44,0.18,0.09,0.13,0.46,0.24,0.04,0.14,-0.02,0.2,0.05,0.35,0.08,0.27,0.22,0.21,0.38,0.16,0.29,0.38,0.09,0.27,0.26,0.21,0.18,0.57,0.08,-0.06,0.19,0.22,0.24,0.21,0.35,-0.06,-1.01,0.16
2012-01-01,0.38,0.47,0.37,0.38,0.34,0.04,0.21,0.35,0.26,0.2,0.5,0.13,0.78,-0.03,0.52,0.24,0.22,0.44,0.35,0.27,0.67,0.51,0.27,0.57,0.13,0.23,0.35,0.22,0.27,0.34,0.39,0.23,0.22,0.45,1.18,0.4,0.39,0.18,0.59,0.16
2012-02-01,0.33,0.24,0.16,0.29,0.19,0.17,0.18,0.14,0.12,0.18,0.13,0.23,0.11,0.2,0.31,0.24,0.25,0.09,0.34,0.05,0.0,0.19,0.2,0.27,0.29,0.23,0.46,0.18,0.33,0.78,0.21,0.32,0.37,0.25,-0.06,0.37,0.29,0.12,-0.25,-0.16
2012-03-01,0.26,0.25,0.14,0.31,0.61,0.36,0.32,0.26,0.28,0.36,0.3,0.41,0.48,0.34,0.3,0.33,0.23,0.14,0.44,0.15,0.24,0.32,0.23,0.72,0.51,0.28,0.41,0.15,0.16,-0.19,0.1,0.02,0.37,0.23,0.45,0.37,0.51,-0.23,0.51,1.44
2012-04-01,-0.36,0.54,0.17,0.25,0.32,-0.01,-0.36,0.26,0.18,-0.23,0.1,0.21,-0.21,0.2,0.61,0.29,1.3,0.18,-0.09,-0.06,0.32,0.13,0.08,-0.29,-0.28,0.18,-0.27,0.39,-0.1,-0.08,-0.14,0.91,0.11,1.25,0.42,0.63,0.71,1.12,-0.08,-0.95
2012-05-01,0.29,0.26,-0.07,0.13,0.43,-0.05,0.02,0.18,0.15,0.08,0.13,0.27,-0.11,-0.43,0.38,0.16,0.29,0.14,-0.02,-0.05,0.3,0.39,0.23,0.16,-0.18,0.29,0.25,0.15,0.19,0.2,0.08,0.11,-0.03,0.63,0.08,0.4,0.24,0.64,0.5,1.28
2012-06-01,0.17,0.29,0.08,0.2,0.4,0.19,0.03,0.31,0.21,0.24,0.47,0.25,0.02,0.16,0.32,0.43,0.22,0.06,0.22,0.09,0.5,-0.11,0.18,0.3,-0.02,0.28,0.38,0.39,0.18,0.22,-0.07,0.58,0.13,0.27,0.15,0.49,0.42,0.17,-0.17,0.47
2012-07-01,-0.37,0.06,0.14,0.06,0.24,-0.17,0.12,-0.25,0.04,0.09,0.09,-0.02,0.62,-0.16,-0.06,0.2,-0.07,0.1,0.22,0.07,0.25,0.3,0.04,0.26,-0.18,0.13,-0.28,-0.04,-0.07,0.22,-0.03,-0.29,0.04,-0.4,0.38,0.23,0.03,0.92,0.59,-0.31
2012-08-01,0.39,0.07,0.16,0.31,0.5,0.31,0.12,0.1,0.14,0.26,0.26,0.15,0.15,0.32,0.15,-0.05,0.17,0.06,0.1,0.17,0.53,0.21,0.17,0.26,-0.13,0.76,0.07,0.17,0.07,0.04,0.38,0.05,-0.16,0.53,0.15,0.26,0.27,0.17,0.33,0.63
2012-09-01,0.31,0.22,0.27,0.23,0.36,0.19,0.06,0.04,0.32,0.21,0.38,0.23,-0.12,0.46,0.08,0.51,0.19,0.15,0.43,0.2,0.51,0.27,0.02,0.33,0.15,0.04,0.59,0.41,0.34,0.35,-0.16,0.05,0.21,0.18,-0.02,0.23,0.39,-0.28,0.33,0.0
2012-10-01,-0.01,0.09,0.02,0.24,0.22,0.24,0.11,0.34,0.3,0.1,0.17,0.4,0.14,0.16,0.33,0.37,0.15,0.29,0.55,0.14,0.59,0.15,0.39,0.35,0.24,0.23,0.62,0.2,0.17,0.03,0.16,0.16,0.15,0.1,0.08,0.24,0.39,0.34,-0.08,0.31
2012-11-01,-0.48,0.35,0.15,0.25,0.36,0.11,-0.01,0.32,0.1,0.17,0.19,0.33,0.2,0.16,0.14,0.32,0.22,0.1,0.41,0.14,0.65,0.25,0.12,0.33,0.01,0.24,0.02,0.26,-0.15,-0.08,0.1,0.19,0.1,0.4,0.34,0.36,0.39,-0.23,0.0,0.31
2012-12-01,0.71,0.19,0.14,0.29,0.21,0.07,0.18,-0.05,0.13,0.07,0.24,0.08,0.28,-0.01,-0.06,0.29,0.26,0.32,0.1,0.23,0.1,0.18,0.09,0.36,-0.05,0.36,0.13,0.08,-0.07,0.13,-0.08,0.09,0.0,0.05,0.13,0.31,0.33,0.63,0.66,0.0
2013-01-01,0.14,-0.14,0.16,-0.14,0.17,0.09,0.04,0.61,0.27,0.21,0.18,0.27,0.3,0.56,1.1,0.35,0.19,0.3,-0.21,0.28,0.28,0.17,-0.07,0.18,-0.07,-0.06,0.28,0.32,0.1,0.27,0.34,1.17,0.1,0.38,0.42,-0.07,0.23,0.57,-0.25,0.16
2013-02-01,0.19,0.29,0.39,0.47,0.56,0.13,0.28,0.26,0.39,0.2,0.31,0.3,0.27,0.43,0.7,0.46,0.2,0.22,0.72,0.16,0.35,0.28,0.47,0.6,0.21,0.54,-0.02,0.14,0.52,0.38,-0.02,0.38,-0.06,0.32,0.4,0.52,0.45,0.45,0.99,0.78
2013-03-01,0.25,0.05,-0.02,0.26,0.3,-0.02,0.12,0.02,0.22,0.19,0.23,0.15,0.26,-0.01,0.34,0.3,0.26,0.22,0.28,0.13,0.23,0.11,0.18,0.13,-0.03,0.22,0.26,0.36,-0.11,0.03,-0.15,0.01,0.04,0.25,0.32,0.29,0.37,0.28,0.57,0.15
2013-04-01,0.17,0.31,-0.09,0.27,0.26,-0.01,-0.11,0.3,0.17,0.18,0.31,0.25,-0.18,-0.08,0.21,0.24,0.28,0.18,0.08,-0.17,0.55,0.15,0.41,0.36,-0.26,0.24,0.3,0.51,0.59,0.07,0.28,-0.09,0.09,0.35,-0.13,0.1,0.25,0.5,-0.89,0.92
2013-05-01,0.03,0.15,0.24,0.23,0.16,-0.06,-0.05,-0.02,0.22,0.2,0.31,0.27,0.24,0.16,0.39,0.14,0.07,0.27,0.33,0.03,0.35,0.14,0.31,0.18,-0.01,0.22,0.11,-0.08,0.12,-0.04,0.18,-0.05,0.16,0.08,-0.02,0.21,0.27,0.33,0.49,1.07
2013-06-01,0.16,0.21,0.11,0.37,0.29,-0.26,0.08,0.29,0.34,0.05,0.22,0.01,0.03,0.12,0.33,0.43,0.11,0.19,0.48,0.2,0.37,0.15,0.23,0.39,0.0,0.38,0.1,0.62,0.01,0.31,0.31,0.06,0.17,0.13,0.15,0.03,0.28,0.44,0.57,0.0
2013-07-01,0.17,0.16,0.08,0.37,0.33,0.09,-0.02,0.24,0.22,-0.22,0.31,0.21,-0.42,-0.38,-0.06,0.26,0.15,0.36,0.24,0.04,0.42,0.37,0.08,0.19,0.13,0.42,0.16,0.19,-0.15,0.29,-0.17,0.14,-0.09,0.13,0.38,0.25,-0.28,0.33,0.49,0.0
2013-08-01,0.19,0.3,0.18,0.31,0.18,0.19,0.12,0.26,0.25,0.32,0.06,0.33,0.7,0.48,0.54,0.35,0.09,0.14,0.52,-0.03,0.3,0.26,0.49,0.35,-0.09,0.11,0.26,0.14,0.52,0.35,0.3,0.24,0.4,0.28,0.73,0.42,0.82,1.1,-0.4,1.2
2013-09-01,0.19,0.08,0.13,0.3,0.24,0.1,0.04,0.4,0.23,0.06,0.21,0.2,0.12,0.54,0.36,0.31,0.25,0.09,0.2,0.01,0.48,0.27,0.24,0.18,0.03,0.29,0.22,0.02,0.26,0.32,0.4,0.32,-0.09,-0.03,0.76,0.16,0.55,-0.05,0.08,0.0
2013-10-01,0.31,0.19,0.05,0.12,0.26,-0.35,0.06,0.33,0.07,0.25,0.25,0.34,0.29,0.26,0.24,0.31,0.44,0.19,0.26,-0.1,0.29,0.27,0.24,0.56,0.0,0.16,0.19,0.22,0.08,0.22,-0.07,0.05,0.05,0.53,-0.13,0.37,0.15,1.09,0.16,0.15
2013-11-01,0.25,0.28,0.11,0.3,0.26,0.36,0.12,0.24,0.42,0.11,0.27,0.31,-0.02,0.04,0.3,0.26,0.19,0.3,0.44,0.31,0.56,0.37,0.4,0.25,-0.08,0.2,0.3,0.43,0.13,0.65,-0.11,0.34,0.21,0.3,0.35,0.53,0.65,0.92,0.4,-0.15
2013-12-01,0.02,0.14,0.28,0.11,0.14,-0.09,-0.11,0.23,0.26,0.2,0.14,0.19,0.03,0.13,0.28,0.23,0.24,0.02,0.23,-0.3,0.13,0.31,0.05,0.23,0.03,0.17,0.29,0.31,-0.19,-0.05,0.24,0.24,0.14,0.17,0.26,0.13,0.39,0.21,0.48,0.6
2014-01-01,-0.02,0.08,-0.16,0.16,0.11,-0.06,0.23,0.29,0.18,0.29,0.03,0.45,-0.19,-0.11,0.41,0.31,-0.29,0.04,0.53,-0.06,0.37,0.53,0.44,0.24,-0.03,0.13,-0.08,0.46,0.03,-0.48,-0.12,0.16,-0.18,-0.05,0.29,0.17,0.39,0.21,-0.16,0.74
2014-02-01,0.13,0.07,0.2,0.37,0.39,-0.08,-0.16,-0.25,0.31,0.21,0.08,0.02,0.63,0.14,0.65,0.26,0.38,0.12,0.2,-0.07,0.46,-0.36,-0.17,0.32,-0.12,0.29,0.17,0.44,0.22,0.09,0.21,0.16,-0.14,0.14,-0.42,0.4,0.42,-0.05,-0.24,0.15
2014-03-01,0.2,0.22,0.16,0.38,0.34,0.07,0.28,1.01,0.24,0.16,0.2,0.17,0.12,0.02,0.39,0.33,0.21,0.46,0.38,0.23,0.46,0.8,0.49,0.2,0.05,0.45,0.15,0.4,0.4,0.26,0.41,0.26,0.07,0.09,0.73,0.21,0.35,0.43,0.32,0.44
2014-04-01,0.35,0.04,0.31,0.47,0.52,0.33,0.34,0.38,0.45,0.36,0.25,0.04,-0.36,0.25,0.48,0.51,0.09,0.47,0.24,0.61,0.3,0.4,0.13,0.85,0.25,0.52,0.51,0.54,0.13,0.32,0.4,0.26,0.06,0.35,0.6,0.3,0.27,1.54,0.48,0.15
2014-05-01,0.27,0.22,0.21,0.27,0.36,0.21,0.16,0.39,0.3,0.01,-0.11,0.16,0.43,0.23,0.27,0.28,0.23,0.4,0.54,0.0,0.31,0.31,0.29,0.31,0.14,0.44,0.13,0.23,0.35,0.33,0.27,0.18,0.16,0.09,0.31,0.32,0.23,-0.1,0.48,-0.44
2014-06-01,0.11,0.03,0.01,0.35,0.24,0.16,0.11,0.21,0.27,0.04,0.4,0.12,0.52,0.16,0.32,0.25,0.22,0.17,0.32,0.13,0.3,0.36,0.29,0.13,0.09,0.27,0.09,0.18,-0.22,0.05,0.25,0.41,0.0,0.34,0.61,0.18,0.28,0.1,-0.24,0.29
2014-07-01,0.21,-0.05,0.09,0.25,0.33,-0.22,0.06,0.48,0.21,0.19,0.16,0.66,0.16,0.22,0.19,0.22,0.1,0.38,0.32,-0.12,0.33,0.16,0.14,0.25,-0.22,0.2,0.28,0.03,0.18,0.02,0.04,-0.29,-0.09,-0.4,-0.18,0.22,-0.2,0.42,0.72,-0.44
2014-08-01,0.25,0.59,0.08,0.27,0.34,0.26,0.12,0.38,0.4,-0.29,0.21,0.38,0.07,0.18,0.62,0.63,0.35,0.13,0.47,0.31,0.25,0.27,0.35,0.62,0.07,0.17,0.48,0.78,0.3,0.08,0.19,0.36,0.24,0.6,0.18,0.36,0.78,-0.05,0.0,-0.29
2014-09-01,0.12,0.23,0.02,0.29,0.28,0.14,0.21,0.18,0.36,0.81,0.24,0.14,-0.24,-0.08,0.46,0.39,0.22,0.24,0.17,0.09,0.31,0.35,0.39,0.24,0.12,0.22,0.39,0.43,-0.06,0.12,-0.04,0.3,0.15,0.28,0.45,0.28,0.52,0.21,0.24,0.74
2014-10-01,0.22,-0.01,0.24,0.4,0.43,0.07,0.1,0.14,0.42,0.33,0.31,0.18,0.36,0.13,0.31,0.49,0.07,0.12,0.11,0.12,0.34,0.49,0.12,0.32,-0.08,0.76,0.03,0.52,0.17,0.17,0.26,0.27,0.13,0.21,0.52,0.23,0.17,0.21,0.24,0.58
2014-11-01,0.2,0.22,0.17,0.38,0.33,0.06,0.28,0.5,0.33,0.35,0.37,0.23,0.24,0.3,0.73,0.12,0.43,0.39,0.24,0.12,0.44,0.28,0.32,0.45,-0.01,0.22,0.32,0.03,0.22,0.72,0.33,0.28,0.09,0.32,0.34,0.41,0.16,0.05,0.39,0.0
2014-12-01,0.21,0.16,0.22,0.4,0.31,0.14,0.11,0.38,0.26,0.26,0.44,0.38,0.5,0.17,0.51,0.39,0.22,0.25,0.35,0.04,0.35,0.31,0.46,0.29,0.21,0.23,0.35,0.4,0.3,0.17,0.19,-0.16,0.26,0.33,0.43,0.34,0.27,-0.1,0.23,0.73
2015-01-01,0.07,0.13,0.02,0.23,-0.02,0.37,-0.14,-0.09,0.14,-0.27,0.19,0.26,-0.02,-0.05,0.23,0.39,0.39,0.22,0.33,0.07,0.3,0.3,0.36,0.07,-0.1,0.33,-0.15,0.5,0.02,0.06,0.13,0.71,-0.27,0.48,-0.09,0.49,0.49,0.62,0.78,0.58
2015-02-01,0.06,0.3,0.11,0.26,0.03,0.07,0.14,0.19,0.14,-0.27,0.24,0.11,-0.02,0.19,0.28,0.38,-0.02,0.4,0.49,0.08,0.37,0.49,0.26,0.13,-0.28,0.32,0.12,0.15,-0.18,0.15,0.35,0.02,0.06,0.26,0.34,0.15,0.18,0.41,0.08,0.0
2015-03-01,0.15,0.24,0.1,-0.06,-0.09,-0.22,-0.04,0.16,0.24,0.56,0.18,0.35,0.07,0.18,0.32,0.13,0.21,0.26,0.26,-0.01,0.38,0.05,0.2,0.26,-0.19,0.1,0.08,0.31,0.14,0.18,0.2,0.46,-0.19,0.4,0.19,0.41,0.27,0.46,0.23,0.14
2015-04-01,0.22,0.13,0.35,0.37,-0.14,0.45,0.28,0.06,0.23,0.2,0.17,0.25,0.31,0.22,0.3,0.16,0.21,0.1,0.71,0.55,0.32,0.14,0.15,0.45,0.14,0.19,0.15,0.13,0.34,0.29,-0.06,0.08,0.41,0.01,0.39,0.3,0.44,-0.31,0.0,-0.14
2015-05-01,0.29,0.17,0.49,0.43,0.06,0.17,0.44,0.6,0.29,0.52,0.41,0.1,0.46,0.36,0.46,0.37,0.41,0.54,0.52,0.25,0.5,0.72,0.16,0.67,0.24,0.34,0.37,0.51,0.36,0.35,0.49,0.32,0.32,0.48,0.37,0.26,0.35,0.15,0.08,0.29
2015-06-01,0.08,0.27,-0.02,0.26,0.05,0.19,0.09,0.3,0.23,0.01,0.23,0.45,0.01,0.07,0.25,0.22,0.13,0.3,0.41,0.04,0.45,0.59,0.27,0.24,-0.02,0.12,0.46,0.17,0.16,0.16,0.16,0.21,-0.24,0.03,0.51,0.19,0.34,0.46,0.31,0.0
2015-07-01,0.32,0.45,0.12,0.35,-0.03,0.35,-0.2,0.12,0.38,0.22,0.32,0.26,0.15,0.02,0.76,0.2,0.51,0.13,0.47,0.52,0.39,-0.1,0.53,0.21,0.17,0.28,0.15,0.07,0.36,0.23,0.25,0.67,0.19,0.52,-0.1,0.74,0.35,0.87,0.54,0.43
2015-08-01,0.15,0.31,0.06,0.24,0.09,0.06,0.24,0.28,0.29,0.11,0.41,0.24,0.03,0.13,0.38,0.33,0.39,0.5,0.25,-0.04,0.39,0.33,0.27,0.31,0.14,0.22,0.08,0.62,0.01,0.21,-0.07,0.25,-0.07,0.25,0.43,0.37,0.39,-0.4,0.38,1.0
2015-09-01,0.03,0.22,0.04,0.14,0.03,0.12,0.07,0.22,0.16,-0.1,0.27,0.32,0.11,-0.1,0.01,0.24,0.24,0.07,0.36,-0.25,0.32,0.25,0.17,0.26,-0.23,0.29,-0.14,0.08,0.05,0.07,0.08,0.13,-0.04,0.13,0.31,0.21,0.28,0.56,0.53,-0.42
2015-10-01,0.36,0.42,0.29,0.25,0.07,0.38,0.22,0.38,0.7,0.45,0.5,0.14,0.26,0.26,0.83,0.21,0.31,0.76,0.5,0.65,0.28,0.55,0.46,0.49,-0.21,0.25,0.35,0.5,0.17,0.36,0.28,0.62,0.21,0.56,0.19,0.42,0.66,0.2,0.15,-0.71
2015-11-01,0.08,0.07,0.02,0.07,-0.2,0.1,0.22,0.11,0.09,0.21,0.44,0.21,0.05,0.21,0.46,0.35,0.09,0.54,0.29,0.04,0.29,0.3,0.09,0.32,0.29,0.36,0.0,0.43,0.14,0.25,0.02,0.18,-0.01,0.12,0.34,0.13,-0.13,0.0,0.53,1.0
2015-12-01,0.11,0.09,0.16,0.3,0.06,0.35,0.14,0.46,0.29,0.21,0.1,0.23,0.24,0.14,0.74,0.19,0.12,0.1,0.48,0.2,0.35,0.4,0.41,0.42,-0.08,0.11,0.24,0.42,0.26,0.31,0.28,0.33,0.28,0.44,0.46,0.31,0.06,0.1,-0.15,0.14
2016-01-01,0.07,0.4,0.11,0.42,0.31,-0.3,-0.12,0.43,0.14,0.1,0.17,0.28,0.31,0.1,-0.41,0.25,0.09,0.17,0.13,-0.04,0.27,0.05,0.26,0.2,-0.09,0.56,0.39,-0.28,0.11,0.11,0.31,0.35,0.45,0.12,0.36,0.46,0.66,0.25,0.53,-0.85
2016-02-01,0.13,0.22,0.02,0.31,-0.15,0.03,0.18,0.09,0.23,0.19,0.33,0.5,-0.13,0.2,0.05,0.22,0.34,0.28,0.3,-0.2,0.34,0.29,0.4,0.15,-0.05,0.3,0.21,0.27,-0.05,0.34,0.08,0.49,-0.07,0.48,0.2,0.33,0.23,0.5,0.45,0.0
2016-03-01,0.28,-0.13,0.03,0.04,-0.2,0.24,0.33,0.04,0.1,0.26,0.31,0.15,0.01,0.08,0.03,0.25,-0.18,0.2,0.3,0.3,0.17,0.4,0.11,0.6,0.08,0.13,0.39,0.25,0.38,0.07,0.09,-0.12,0.06,0.23,0.15,-0.08,-0.12,0.25,-0.07,-0.85
2016-04-01,0.26,0.7,0.23,0.42,0.14,0.58,0.19,0.65,0.61,0.13,0.2,0.62,0.8,0.34,0.63,0.08,0.78,0.55,0.56,0.38,0.4,0.43,0.31,0.16,0.1,0.16,-0.08,0.4,0.13,0.08,0.51,0.5,-0.03,0.33,0.37,0.78,0.81,0.55,0.22,1.15
2016-05-01,-0.29,0.13,-0.05,0.26,-0.11,-0.26,-0.01,0.26,-0.04,0.14,0.26,0.15,-0.12,-0.11,0.08,0.03,0.05,0.18,0.27,-0.16,0.12,0.01,0.11,0.18,-0.17,0.05,0.07,0.18,0.04,0.11,-0.21,0.17,-0.09,0.13,0.15,-0.04,0.08,-0.2,-0.07,0.0
2016-06-01,0.22,-0.35,-0.08,-0.07,-0.17,-0.02,0.11,0.16,-0.02,-0.32,-0.09,0.14,0.11,-0.23,-0.06,0.09,-0.2,-0.11,0.1,-0.02,0.27,0.2,0.06,0.23,-0.18,-0.19,0.13,0.54,-0.26,-0.3,-0.23,-0.04,-0.4,0.07,0.17,-0.02,0.12,-0.1,0.37,-0.42
2016-07-01,0.33,0.52,0.48,0.53,0.14,0.31,0.52,0.36,0.49,0.8,0.85,0.2,0.5,0.85,0.77,0.43,0.78,0.57,0.87,0.13,0.83,0.51,0.18,0.71,0.28,0.59,0.26,0.55,0.81,1.11,0.55,0.8,0.59,0.79,0.3,0.66,0.25,0.3,-0.07,0.71
2016-08-01,0.14,0.04,0.01,0.21,-0.09,0.33,-0.03,0.13,0.07,0.11,0.1,0.17,-0.28,0.23,0.22,0.17,0.15,0.14,0.1,0.09,0.15,0.05,0.25,0.09,-0.01,0.36,0.16,0.06,-0.17,-0.08,0.33,0.18,-0.05,0.07,0.07,0.15,0.16,0.1,0.0,-0.28
2016-09-01,0.2,0.16,0.17,0.43,0.1,0.23,0.33,0.61,0.43,0.16,0.42,0.42,0.48,0.07,0.25,0.24,0.34,0.34,0.62,0.2,0.28,0.67,0.25,0.55,-0.04,0.18,0.32,0.45,0.23,0.22,0.35,0.0,0.01,0.31,0.47,0.33,0.16,0.2,0.45,0.28
2016-10-01,-0.1,0.15,0.04,0.01,-0.04,-0.04,-0.07,-0.21,-0.09,-0.19,-0.11,-0.05,-0.06,-0.09,0.29,0.03,0.01,0.25,-0.12,0.02,0.18,-0.16,0.25,0.12,-0.03,0.18,0.11,-0.26,0.06,-0.22,0.1,-0.03,-0.09,-0.1,0.18,0.17,0.07,0.0,0.3,0.14
2016-11-01,0.09,0.08,0.03,0.3,-0.04,0.27,-0.02,0.28,0.17,0.19,0.04,0.32,0.38,0.14,-0.09,0.16,0.17,0.07,0.29,0.15,0.16,0.28,0.22,0.12,0.18,0.26,0.27,0.29,0.01,0.03,0.02,0.28,0.16,-0.03,0.23,0.14,0.19,0.05,0.22,0.42
2016-12-01,0.24,0.09,0.05,0.24,0.15,0.22,0.17,0.38,0.21,0.17,0.23,0.25,-0.13,0.08,0.42,0.12,0.13,0.31,0.33,0.11,0.33,0.15,-0.08,0.38,-0.13,0.42,0.09,0.2,0.04,-0.1,-0.07,0.18,-0.14,0.03,0.03,0.06,0.16,0.25,-0.07,0.56
2017-01-01,0.22,-0.12,-0.0,0.29,0.18,0.03,0.31,-0.1,0.28,0.32,0.18,0.01,0.34,0.44,0.34,0.01,-0.01,0.17,0.45,-0.08,0.36,0.23,-0.06,0.17,0.21,0.3,0.25,0.52,0.2,0.29,0.01,-0.12,-0.06,0.61,0.02,0.17,0.12,0.39,-0.37,0.42
2017-02-01,0.21,0.08,0.15,0.15,0.04,0.22,0.02,0.2,0.12,-0.14,0.26,0.29,-0.08,0.23,0.28,0.23,0.16,-0.05,0.18,0.06,0.21,0.24,0.86,0.49,0.23,-0.04,0.21,0.09,0.26,0.09,0.33,0.21,0.06,0.14,0.46,0.21,0.25,0.1,0.07,-0.14
2017-03-01,0.0,0.13,0.1,0.23,0.42,0.16,0.02,0.24,0.21,0.16,0.42,0.34,0.1,0.34,0.62,0.45,0.11,0.11,0.15,0.06,0.35,0.29,0.28,0.15,-0.03,0.26,0.21,0.67,0.03,0.2,0.18,0.4,0.05,0.25,0.26,0.33,0.35,0.73,0.67,0.7
2017-04-01,-0.06,0.19,-0.12,0.18,0.13,-0.02,0.07,0.19,0.02,0.13,0.51,0.18,0.24,-0.08,-0.08,-0.01,0.33,0.07,0.23,0.14,0.28,0.08,0.22,0.28,0.23,-0.15,0.13,-0.4,0.08,0.31,0.03,0.32,0.13,-0.03,0.0,-0.04,0.17,0.0,-0.22,-0.55
2017-05-01,0.4,0.22,0.1,0.11,0.19,0.1,0.24,0.11,0.36,0.02,0.12,0.23,0.22,-0.35,0.59,0.26,0.1,0.12,0.3,0.08,0.32,0.31,0.22,0.1,0.08,0.12,0.09,0.38,0.01,0.01,-0.04,0.23,0.06,0.23,0.36,0.24,0.17,-0.05,0.88,0.28
2017-06-01,0.25,0.17,0.08,0.25,0.23,0.08,0.0,0.37,0.13,0.12,0.6,0.31,0.21,0.35,0.31,0.3,0.3,0.3,0.33,0.18,0.26,0.31,0.28,0.45,-0.01,0.27,0.38,0.25,0.31,0.2,0.0,0.53,0.16,0.28,0.3,0.22,0.3,0.49,0.07,0.42
2017-07-01,0.01,0.16,-0.02,0.01,-0.45,-0.15,0.07,0.04,0.02,0.15,0.01,-0.1,-0.37,0.06,0.25,0.05,-0.03,0.11,0.1,0.18,0.17,0.06,0.18,0.52,0.04,0.06,-0.33,0.26,-0.02,-0.08,0.32,-0.11,-0.15,-0.11,0.62,0.0,0.17,-0.19,-0.15,0.55
2017-08-01,0.09,0.14,0.13,0.22,0.14,0.12,0.14,0.33,0.03,0.17,0.21,0.04,0.31,0.04,0.45,0.19,0.09,0.28,0.14,0.05,0.17,0.3,0.07,0.01,0.23,0.17,0.18,0.13,0.11,0.11,0.11,0.03,0.09,0.35,0.44,0.05,0.05,0.19,0.51,-0.41
2017-09-01,0.13,0.25,0.13,0.29,-0.27,0.1,0.12,0.2,-2.13,0.1,0.32,0.18,0.14,0.3,0.49,0.26,0.41,-1.37,-0.9,0.11,0.26,0.23,0.11,0.48,0.18,0.12,0.06,0.28,0.02,0.21,0.22,0.45,0.23,0.28,0.0,0.28,0.13,0.19,0.51,0.55
2017-10-01,0.12,0.23,0.01,0.28,0.58,0.17,0.1,0.24,2.12,0.04,0.19,0.16,-0.05,-0.04,0.22,0.16,0.21,1.69,1.86,0.1,0.39,-0.01,0.13,0.07,0.06,0.15,0.15,0.11,0.03,0.2,-0.25,0.16,-0.01,0.28,0.24,0.15,0.07,-2.03,-0.8,-2.47
2017-11-01,0.13,-0.01,0.05,0.26,0.27,0.11,0.11,0.16,0.19,0.19,0.21,0.28,0.24,0.04,0.34,0.33,0.15,0.29,0.38,0.06,0.11,0.05,0.11,0.45,0.01,0.08,0.16,0.14,0.06,0.09,0.32,0.15,-0.11,0.33,0.26,0.19,0.19,1.28,0.15,1.41
2017-12-01,0.26,0.23,0.11,0.09,0.2,0.09,0.12,0.12,0.31,0.14,0.23,0.31,-0.07,0.12,0.19,0.32,0.19,0.04,0.47,0.06,0.45,0.14,0.28,-0.06,0.14,0.15,-0.05,0.51,0.29,0.21,0.01,0.51,0.09,0.33,0.19,0.25,0.16,0.88,0.8,0.97
2018-01-01,-0.28,0.34,-0.06,0.11,-0.01,0.27,-0.04,0.0,0.13,0.04,0.25,0.39,0.2,0.68,0.37,0.12,0.37,0.18,0.12,0.17,0.45,0.31,0.06,0.3,0.12,0.0,0.19,0.09,-0.09,0.07,-0.47,0.22,0.11,-0.33,0.37,0.17,-0.21,0.29,0.14,1.1
2018-02-01,0.45,-0.01,0.19,0.26,0.4,0.38,0.28,0.21,0.27,0.23,0.46,0.16,0.18,0.2,0.51,0.18,0.26,0.28,0.26,0.16,0.38,0.36,0.16,0.34,0.22,0.31,0.26,0.46,0.14,-0.01,0.37,0.27,0.17,0.47,0.21,0.36,0.43,0.43,0.43,0.54
2018-03-01,0.04,0.1,0.25,0.22,0.4,-0.09,-0.1,0.26,0.17,0.06,0.48,0.25,0.37,-0.21,0.2,0.54,0.13,0.22,0.39,0.19,0.35,0.22,0.14,0.43,-0.01,0.36,0.05,0.38,0.01,0.25,0.01,0.0,0.12,0.19,0.26,0.15,0.04,-0.43,-0.07,-0.14
2018-04-01,0.01,-0.04,-0.4,0.07,0.04,0.08,0.11,0.11,0.0,0.04,-0.05,0.04,-0.19,-0.23,0.19,0.09,-0.03,0.05,0.04,0.02,0.18,0.21,0.16,-0.05,-0.06,0.31,-0.1,0.05,0.05,-0.14,-0.08,0.37,0.05,0.1,0.37,0.15,0.21,0.43,0.5,0.41
2018-05-01,0.24,-0.09,0.2,0.34,0.28,0.13,0.1,0.21,0.13,0.22,0.32,0.23,0.17,0.19,0.26,0.21,0.03,0.14,0.22,0.1,0.47,0.2,0.23,0.33,0.01,0.14,0.42,0.3,0.07,0.24,-0.06,0.16,0.17,0.21,0.19,0.16,0.21,-0.1,0.0,0.0
2018-06-01,0.22,0.28,0.12,0.31,0.37,0.02,0.28,0.21,0.06,0.08,0.24,0.11,0.21,0.16,0.37,0.29,0.26,0.2,0.26,0.08,0.35,0.21,0.37,0.35,-0.03,0.19,0.18,0.15,0.38,0.24,0.3,0.44,0.17,0.51,0.16,0.29,0.33,0.1,0.43,0.4
2018-07-01,-0.17,0.07,0.26,0.18,-0.01,0.1,-0.05,0.31,0.33,-0.08,0.33,0.01,-0.15,0.17,0.11,0.06,0.01,0.14,0.21,-0.07,0.3,0.31,-0.15,0.18,0.18,0.06,0.06,0.39,0.26,0.06,0.03,0.05,0.16,0.11,-0.44,-0.02,-0.04,-0.05,-0.28,-0.27
2018-08-01,0.04,0.23,-0.01,0.23,0.36,0.15,0.11,0.21,0.42,-0.01,0.27,0.24,0.19,0.04,0.17,0.23,0.18,0.44,0.36,0.15,0.5,0.25,0.04,0.4,-0.1,0.41,0.24,0.35,-0.01,0.23,0.04,0.05,0.16,0.25,0.54,0.39,0.15,0.24,0.29,-0.27
2018-09-01,0.04,0.05,0.0,0.17,0.08,-0.03,0.13,0.21,0.17,0.3,0.38,0.04,-0.2,0.14,0.48,-0.11,0.02,0.22,0.33,0.1,0.31,0.15,0.38,0.41,0.19,-0.16,0.12,0.16,0.17,0.31,0.15,0.31,-0.06,0.3,-0.63,0.01,0.13,0.05,0.14,0.4
2018-10-01,0.47,0.24,0.01,0.19,0.33,0.06,0.29,0.1,0.22,0.22,0.2,0.4,0.6,0.01,-0.1,0.1,-0.01,0.06,0.42,-0.15,0.34,0.45,0.2,0.14,0.17,0.08,-0.02,0.36,-0.06,-0.01,0.02,0.13,0.15,0.11,1.05,0.2,0.25,-0.19,0.36,-0.27
2018-11-01,0.17,0.02,0.18,0.2,0.18,0.1,0.04,0.16,0.03,0.07,0.31,0.23,-0.03,0.16,0.18,0.18,0.11,0.19,0.26,0.04,0.31,-0.01,0.31,0.28,0.03,0.12,-0.12,0.2,0.22,0.03,0.0,0.27,0.11,0.35,0.08,0.19,0.15,0.1,0.5,0.27
2018-12-01,0.13,0.23,-0.06,0.25,0.27,0.15,-0.03,-0.01,0.0,0.23,0.12,0.01,-0.07,0.07,0.24,0.11,0.34,0.12,-0.05,-0.01,0.26,-0.07,0.13,0.28,0.03,0.14,0.03,0.16,-0.09,-0.09,0.02,0.36,0.05,0.18,-0.09,0.25,0.18,0.14,-0.14,0.27
2019-01-01,0.05,0.03,0.06,0.15,0.13,0.18,0.27,0.94,0.18,0.08,0.43,0.48,-0.06,0.01,0.41,0.36,0.25,0.51,0.23,0.37,0.26,0.72,0.51,0.32,0.3,0.07,0.3,0.41,-0.09,0.94,0.11,0.07,0.26,-0.03,1.21,0.01,0.16,-0.57,0.14,-0.27
2019-02-01,0.18,0.1,-0.1,0.24,0.28,0.21,0.01,0.11,0.17,0.13,0.15,-0.61,0.04,0.02,0.03,0.3,-0.03,0.27,0.6,0.1,0.46,0.19,-0.38,0.26,-0.13,0.1,-0.26,0.34,-0.03,0.06,-0.27,0.1,0.03,0.13,-0.16,0.21,0.13,-0.38,-0.07,-0.27
2019-03-01,0.14,0.1,0.02,0.17,-0.06,0.15,0.14,0.01,0.04,0.09,0.39,0.86,0.06,-0.11,0.37,-0.17,0.07,0.07,0.2,0.08,0.15,0.15,0.11,0.27,-0.02,0.25,0.21,0.18,0.19,-0.27,0.11,0.21,-0.05,0.39,0.19,0.2,0.18,0.34,-0.07,0.54
2019-04-01,0.1,-0.14,0.12,0.2,0.15,0.04,0.22,-0.02,0.1,0.07,0.24,0.18,-0.23,0.24,0.39,0.51,0.06,0.07,0.13,-0.17,0.3,0.09,0.22,0.32,0.14,0.19,0.18,0.23,0.13,0.36,0.57,0.03,0.03,0.71,0.03,0.16,-0.18,-0.29,0.35,0.0
2019-05-01,-0.05,0.01,0.22,0.3,0.24,0.08,0.02,0.12,-0.05,0.21,0.37,0.28,0.16,0.07,0.08,0.2,0.06,0.2,0.13,0.03,0.22,0.07,0.16,0.18,-0.08,0.14,0.06,0.13,0.13,0.04,0.08,0.22,0.1,0.31,0.03,0.18,0.15,0.14,-0.07,0.4
2019-06-01,0.1,0.19,0.1,0.17,0.09,0.09,0.09,0.14,0.03,0.17,0.04,0.3,0.11,0.18,0.36,0.33,0.17,0.06,0.08,0.06,0.13,0.26,0.16,0.04,0.11,0.17,0.18,-0.09,0.1,0.04,0.01,0.06,-0.04,-0.12,-0.02,0.16,0.08,0.05,-0.14,-0.4
2019-07-01,-0.04,0.08,0.06,0.5,0.4,-0.01,0.13,0.14,0.43,-0.0,0.23,0.13,-0.12,-0.02,0.19,0.45,0.17,0.28,0.24,-0.21,0.69,0.18,0.24,0.14,-0.07,0.07,0.22,0.44,0.04,0.22,-0.2,0.26,0.24,-0.19,0.16,0.24,0.28,0.53,-0.07,0.27
2019-08-01,0.08,0.03,-0.04,0.26,0.24,-0.13,0.18,0.25,0.41,0.09,0.68,0.21,0.31,0.17,0.52,0.13,0.15,0.22,0.36,0.09,0.45,0.41,0.2,0.25,0.18,0.38,0.13,0.17,0.05,0.04,0.26,0.22,-0.04,0.52,0.28,0.41,0.35,0.57,0.28,0.53
2019-09-01,0.05,0.18,-0.14,0.15,0.16,0.17,0.05,0.27,-0.25,0.13,0.15,-0.1,-0.12,-0.15,-0.12,0.15,-0.15,0.29,-0.12,-0.01,0.19,0.14,0.01,0.13,0.03,0.06,0.13,-0.03,0.23,-0.01,0.14,0.04,0.01,0.26,0.33,-0.16,-0.06,0.14,0.49,-0.27
2019-10-01,0.05,-0.01,0.17,0.32,-0.04,0.33,0.06,0.03,0.45,0.16,0.18,0.2,-0.18,0.15,0.73,0.06,0.45,0.1,0.27,0.22,0.23,0.2,0.07,-0.55,-0.04,0.04,0.16,0.1,0.17,0.25,0.14,0.31,-0.1,0.25,0.4,0.03,0.21,-0.05,-0.98,0.0
2019-11-01,0.33,0.33,0.01,0.52,0.2,0.21,0.26,0.21,0.28,0.2,0.38,0.24,0.35,-0.08,0.84,0.19,0.34,0.33,0.19,0.23,0.53,0.29,0.26,0.88,0.03,0.26,0.23,0.85,0.24,0.33,0.14,0.28,0.09,0.17,0.23,0.35,0.37,-0.05,0.14,-0.13
2019-12-01,0.04,-0.02,0.11,0.05,0.02,0.14,-0.01,0.24,0.15,0.12,0.39,0.47,0.28,0.21,0.08,0.14,-0.18,0.21,0.28,0.28,0.31,-0.06,0.17,0.3,-0.07,0.16,0.16,0.5,0.1,0.03,0.24,-0.12,0.06,0.05,0.21,0.12,0.27,0.1,-0.07,-0.13
2020-01-01,0.34,0.65,0.19,0.15,0.29,0.21,0.14,0.21,-0.01,0.26,0.14,0.09,-0.32,0.4,0.29,0.12,0.42,0.26,0.13,-0.36,0.53,0.64,0.18,0.33,-0.23,0.08,-0.02,-0.06,-0.11,-0.07,-0.09,0.54,-0.1,-0.16,0.55,0.41,0.41,0.43,0.78,0.4
2020-02-01,0.06,0.11,-0.11,0.14,0.13,0.14,0.14,0.01,0.07,0.04,0.02,0.28,0.14,-0.07,0.03,-0.05,0.26,0.31,0.16,-0.07,0.07,0.16,-0.01,-0.08,0.17,-0.12,-0.04,-0.01,-0.16,0.14,0.33,0.07,0.06,0.39,0.23,0.05,0.09,0.24,0.56,0.13
2020-03-01,-1.24,-1.29,-1.03,-0.56,-0.69,-0.74,-0.86,-0.69,-1.18,-1.03,-0.44,-0.81,-1.01,-0.82,-0.62,-0.28,-1.17,-0.77,-0.78,-0.67,-0.58,-0.64,-1.1,-0.42,-1.02,-0.47,-1.0,-0.53,-0.78,-1.17,-0.48,-0.65,-1.13,-0.18,-0.26,-1.15,-1.16,-1.13,-0.84,-1.73
2020-04-01,-18.84,-15.69,-13.19,-10.92,-10.87,-11.71,-16.47,-13.11,-15.37,-17.0,-10.9,-11.2,-25.37,-14.29,-13.36,-12.67,-15.97,-11.87,-14.86,-12.85,-11.98,-11.8,-13.31,-13.05,-18.18,-11.95,-13.09,-25.75,-14.38,-12.31,-12.24,-12.96,-14.41,-8.71,-12.11,-15.15,-12.47,-18.0,-14.27,-22.87
2020-05-01,1.53,0.7,0.29,2.17,1.91,0.21,2.21,2.55,3.54,1.31,3.46,-0.59,4.06,0.9,1.56,2.22,0.74,4.1,-4.06,1.02,2.32,1.99,0.61,1.69,4.29,2.59,3.7,-0.33,2.83,2.86,2.75,1.44,3.07,2.39,1.8,1.66,1.72,1.92,1.07,3.86
2020-06-01,2.01,3.29,2.19,2.08,1.49,1.12,3.16,2.49,4.55,2.47,2.52,2.37,11.44,3.18,5.2,2.05,4.53,2.99,3.63,2.45,2.48,3.26,2.88,3.55,5.47,2.7,3.47,9.82,4.41,3.17,3.18,3.52,3.63,0.94,3.2,1.76,1.62,4.45,3.57,6.42
2020-07-01,2.64,0.43,2.16,0.94,-0.01,1.88,3.06,0.99,0.18,2.65,-0.84,1.07,3.38,1.4,-0.37,0.96,0.83,0.17,3.08,1.55,1.5,1.51,1.49,1.15,0.86,-0.29,1.32,3.74,1.54,2.03,1.24,0.88,0.84,1.06,1.37,0.49,0.47,1.04,0.63,1.43
2020-08-01,2.18,0.22,1.36,0.82,0.48,1.44,1.05,1.18,-0.19,2.04,1.24,0.74,1.62,1.32,1.22,1.05,0.43,1.0,0.75,0.28,1.11,0.76,1.18,1.36,1.23,1.14,0.87,0.79,0.79,1.21,1.01,0.25,0.59,0.92,1.48,0.55,0.42,0.11,-0.16,0.31
2020-09-01,1.82,0.86,0.37,0.65,0.54,0.91,1.01,0.56,1.18,1.17,0.67,0.76,1.17,0.67,1.3,0.94,1.23,0.07,0.69,1.39,0.88,0.88,0.38,0.53,0.55,0.85,0.59,0.83,0.98,0.49,-0.15,1.21,1.07,0.6,1.17,0.55,0.81,0.59,0.08,0.31
2020-10-01,1.24,1.85,0.91,1.2,0.77,0.16,0.97,1.24,0.8,1.04,0.99,0.28,1.56,1.17,1.41,0.88,1.65,1.01,1.61,0.32,1.09,1.67,0.35,1.57,0.39,0.83,0.61,1.27,0.6,0.87,0.67,1.42,0.59,0.85,0.98,1.15,0.36,0.54,0.78,0.47
2020-11-01,-0.07,0.53,-0.65,0.39,0.41,0.09,0.08,0.35,0.42,0.29,0.61,0.29,-0.09,0.13,0.52,0.21,0.21,0.52,1.41,0.11,0.54,0.35,0.32,1.27,0.21,0.36,0.24,0.72,0.14,0.15,0.23,0.3,0.18,0.52,0.6,0.13,0.29,0.32,-0.08,0.77
2020-12-01,0.14,-0.85,0.02,0.53,0.24,0.25,-0.34,0.67,0.51,-0.29,0.42,-0.42,-1.43,-1.63,-0.31,-0.68,-1.09,0.65,0.69,0.37,0.82,0.36,-1.09,0.53,-0.81,0.52,0.34,0.01,0.26,0.02,0.31,-0.53,0.09,0.35,0.69,-0.35,-0.17,-0.05,0.31,-0.15
2021-01-01,0.29,-0.57,0.69,0.36,0.12,0.15,0.74,0.43,0.57,0.29,0.39,-0.27,0.97,1.73,-0.63,0.96,-0.5,0.26,-0.41,0.43,0.38,-0.08,0.66,-0.17,0.58,-0.09,0.74,0.28,0.86,0.62,0.27,0.27,0.48,0.89,0.23,-0.24,-0.11,-0.8,-0.39,-2.62
2021-02-01,0.16,1.5,0.69,-0.34,-0.47,0.04,0.17,0.31,0.45,0.44,0.37,0.58,1.3,0.35,1.8,0.71,1.97,0.3,0.46,0.04,-0.33,0.21,0.5,-0.24,0.25,-0.65,-0.02,1.06,-0.3,-0.06,-0.42,1.04,0.03,0.11,0.31,0.97,0.96,1.67,0.7,3.32
2021-03-01,0.53,0.88,0.3,1.06,0.9,0.34,0.61,0.28,0.44,0.38,0.55,0.64,0.2,0.63,0.41,0.59,0.65,0.51,0.74,0.63,1.17,0.22,0.93,0.75,0.53,1.23,0.13,1.24,0.44,0.54,0.92,0.65,0.14,0.38,0.74,0.65,0.43,0.69,0.77,1.53
2021-04-01,0.58,1.28,0.44,0.35,0.33,0.47,0.31,0.1,0.3,0.67,0.09,0.63,-0.84,0.27,0.8,0.31,0.93,-0.33,0.56,0.38,1.04,0.26,0.47,0.27,0.19,0.54,0.03,1.75,0.16,0.08,-0.25,0.77,0.05,0.28,0.77,1.01,0.71,1.05,1.07,1.51
2021-05-01,0.28,0.69,-0.07,0.27,0.22,0.27,0.23,0.52,0.62,0.14,0.75,0.23,0.06,0.08,0.7,0.47,0.67,0.88,0.78,0.26,0.83,0.21,0.38,0.64,0.22,0.6,0.04,1.48,0.35,0.13,0.3,0.19,-0.01,0.04,0.67,0.51,0.26,0.16,0.0,-0.15
2021-06-01,0.28,0.33,0.33,0.48,0.39,0.09,0.32,0.47,0.71,0.17,0.75,0.37,0.58,0.21,0.43,0.38,0.42,0.65,1.27,-0.07,0.78,-0.18,0.48,0.75,0.29,0.53,0.39,2.0,-0.06,0.11,0.07,0.39,0.05,0.66,0.72,0.4,0.17,0.26,0.6,0.15
2021-07-01,0.98,1.33,0.44,1.32,1.47,0.91,1.1,1.59,1.34,1.14,0.44,0.62,0.62,0.73,0.94,0.93,1.49,0.65,2.19,0.89,1.94,0.91,0.92,1.04,0.65,0.69,1.43,2.04,0.97,1.26,1.45,1.42,1.29,0.53,0.73,1.31,0.9,1.86,0.45,0.89
2021-08-01,0.36,0.69,0.23,0.21,0.16,0.44,0.17,0.16,0.01,0.38,0.49,0.5,0.74,0.09,0.37,-0.01,0.32,0.43,0.59,0.36,0.4,-0.23,0.08,0.57,-0.03,-0.06,0.09,0.53,0.35,0.39,0.01,0.12,-0.03,0.25,-0.12,0.48,0.4,0.05,0.9,0.88
2021-09-01,0.42,-0.46,0.24,0.42,0.38,0.14,0.05,0.15,0.23,-0.08,0.37,0.6,0.19,-0.71,0.12,0.48,0.55,0.59,0.64,-0.09,0.58,0.23,0.31,-0.05,0.12,0.72,-0.55,-0.01,-0.22,-0.59,-1.12,-0.04,-0.38,-0.3,-0.07,0.09,0.41,0.46,-0.15,0.44
2021-10-01,1.65,1.66,1.22,1.3,1.16,0.73,0.98,1.39,1.06,1.02,0.55,0.94,1.9,1.41,1.28,1.03,1.19,0.94,1.67,0.48,1.61,1.52,0.87,1.04,0.87,1.15,1.24,1.57,1.0,1.59,1.54,1.01,0.77,0.83,1.01,1.57,0.77,0.45,1.85,1.02
2021-11-01,0.42,0.38,0.25,0.54,0.43,0.26,0.52,0.33,0.55,0.28,0.21,0.44,0.22,0.21,0.13,0.55,0.41,0.54,0.63,0.27,0.59,0.33,0.44,0.4,0.32,0.29,0.37,0.78,0.4,0.26,0.27,0.18,0.35,0.3,0.35,0.32,0.49,0.5,0.15,0.72
2021-12-01,0.62,0.36,0.77,0.58,0.52,0.47,0.59,0.26,0.17,0.09,0.57,0.27,0.04,0.39,0.73,0.39,0.49,0.52,0.56,0.85,0.74,0.41,0.15,0.82,0.12,0.43,0.53,0.67,0.18,0.43,0.3,0.28,-0.09,0.46,0.53,0.51,0.55,0.4,0.0,0.86
2022-01-01,0.01,-0.12,0.12,0.0,-0.28,-0.72,0.18,-0.03,0.16,0.08,0.13,-0.37,0.28,-0.14,0.2,0.3,0.47,0.06,0.1,-0.47,0.03,-0.1,0.63,0.53,0.16,0.48,0.3,0.05,0.29,0.27,0.27,0.08,-0.18,0.31,-0.19,0.24,0.17,0.2,0.36,0.57
2022-02-01,0.89,0.89,0.59,0.76,0.63,0.68,0.85,0.76,0.71,0.59,0.61,1.0,0.27,0.52,1.73,0.43,0.68,0.43,0.97,0.65,0.84,1.1,0.56,0.82,0.27,0.73,0.63,1.23,0.44,0.28,0.61,0.77,0.23,0.61,1.2,0.61,0.51,0.55,0.72,0.14
2022-03-01,0.24,0.22,0.21,0.29,0.29,-0.09,0.26,0.27,0.09,0.07,0.09,0.37,0.44,-0.22,0.17,0.36,0.42,0.14,0.33,-0.43,0.39,0.28,0.1,0.46,0.13,0.28,-0.02,0.68,0.1,0.33,-0.29,0.35,0.05,0.4,0.49,0.38,0.39,0.64,0.58,0.84
2022-04-01,0.38,0.43,0.18,0.76,0.78,0.44,0.31,0.47,0.8,0.37,0.91,0.24,0.46,0.59,-0.39,0.75,0.36,0.87,0.68,0.47,1.11,0.32,0.21,0.5,0.24,0.31,0.03,1.0,0.51,0.36,-0.05,0.29,0.77,0.29,0.53,0.19,0.49,0.25,0.0,0.84
2022-05-01,0.27,-0.01,0.04,0.22,0.22,0.1,0.14,0.14,0.38,-0.13,0.57,0.1,-0.28,-0.02,0.03,-0.01,0.12,0.29,0.3,0.11,0.25,0.19,0.1,0.3,0.16,0.15,-0.5,0.49,0.02,0.0,0.16,0.1,-0.04,0.11,0.0,0.21,0.09,-0.05,0.29,-0.41
2022-06-01,0.28,0.27,-0.05,0.17,0.12,-0.57,-0.01,0.02,0.28,0.16,0.12,0.05,-0.01,-0.2,0.27,-0.35,0.13,0.17,0.49,-0.63,0.32,0.02,-0.08,0.43,-0.44,0.3,-0.38,0.36,-0.12,-0.03,-0.14,0.03,-0.24,0.36,0.73,0.34,0.2,0.15,0.14,-0.28
2022-07-01,0.66,0.28,0.66,1.29,1.42,1.2,0.88,1.13,0.77,0.51,0.53,0.46,0.86,0.64,0.3,0.6,0.15,0.62,1.28,1.02,2.08,0.58,1.22,0.39,0.71,0.81,0.82,0.41,0.54,0.79,1.49,0.54,0.5,0.56,1.05,0.04,0.19,0.29,0.93,1.25
2022-08-01,0.25,0.02,0.15,0.42,0.35,0.27,0.15,0.11,0.21,0.17,0.24,0.44,-0.23,0.06,0.23,0.26,0.2,0.48,0.45,0.35,0.57,0.14,0.19,0.45,-0.16,0.25,0.02,0.3,0.4,0.24,0.21,0.17,0.19,0.3,0.08,0.24,0.31,0.1,-0.71,0.14
2022-09-01,-0.09,0.06,0.04,0.26,0.29,0.1,0.13,0.22,0.44,0.09,0.2,-0.2,0.03,-0.11,0.26,0.08,0.55,0.21,0.49,0.18,0.35,0.25,-0.34,0.43,0.41,0.48,0.0,0.41,0.17,0.23,-0.19,0.07,-0.01,0.15,0.07,-0.14,0.27,-0.24,-0.14,0.69
2022-10-01,0.23,-0.08,0.09,0.38,0.38,-0.1,-0.01,0.27,0.2,0.07,0.14,0.02,0.54,0.07,-0.72,0.42,-0.27,0.09,0.37,-0.89,0.34,0.05,-0.03,0.12,0.06,0.07,-0.09,0.0,-0.02,0.07,0.35,-0.24,0.2,-0.07,-0.08,-0.17,-0.09,0.0,-0.85,-0.68
2022-11-01,0.19,-0.08,-0.02,0.2,0.26,0.2,0.12,0.12,0.12,0.13,0.3,-0.13,0.04,0.12,-0.08,0.25,0.06,0.25,0.04,0.08,0.32,0.1,-0.04,0.16,0.08,0.12,0.05,0.2,0.19,0.12,0.28,0.28,0.07,0.02,0.34,0.19,0.18,-0.2,-0.29,0.69
2022-12-01,0.09,0.22,0.13,-0.04,0.23,-0.07,0.13,-0.04,0.22,-0.22,-0.02,0.14,-0.14,0.05,0.31,0.01,0.32,0.25,0.36,0.14,0.27,0.14,0.15,0.12,0.03,0.26,-0.05,0.12,-0.07,0.18,0.11,0.16,0.05,0.01,0.15,-0.18,-0.03,0.05,0.43,0.41
2023-01-01,0.38,-0.1,0.82,0.51,0.51,0.47,0.6,0.3,0.24,0.45,0.28,0.32,0.57,0.65,0.05,0.17,-0.15,0.39,0.33,0.38,0.45,0.6,1.49,0.62,0.5,0.52,0.95,0.82,0.76,0.7,0.27,-0.33,0.3,0.28,0.45,-0.13,0.09,-0.34,0.36,0.14
2023-02-01,0.15,-0.13,0.08,0.07,0.21,0.12,0.09,0.06,0.18,0.11,0.24,0.02,-0.18,0.02,0.26,0.09,0.25,0.13,0.3,0.06,0.29,0.22,-0.23,0.2,-0.07,0.21,0.22,0.18,0.16,0.08,0.04,0.36,-0.06,0.2,0.38,0.02,0.08,0.54,1.28,0.41
2023-03-01,0.06,-0.04,0.03,0.27,0.22,0.07,0.08,0.05,0.22,0.08,0.03,-0.03,0.19,0.08,-0.01,0.4,0.03,0.18,0.26,0.06,0.45,0.14,-0.16,0.19,0.01,0.53,0.0,0.33,0.18,0.15,0.14,-0.08,-0.04,0.07,0.26,-0.15,-0.31,-0.24,-1.2,-0.27
2023-04-01,-0.5,-0.08,-0.07,0.11,0.12,0.11,-0.18,0.03,0.31,-0.06,0.84,0.05,0.09,-0.21,0.14,0.17,-0.21,0.34,0.27,0.7,0.03,-0.01,-0.13,0.29,0.09,-0.16,0.29,-0.12,-0.24,0.22,0.07,-0.03,-0.43,0.22,-0.17,0.01,-0.25,-0.29,0.36,0.14
2023-05-01,0.58,0.2,0.01,0.09,0.14,0.2,0.28,0.03,0.35,0.07,0.33,0.01,0.21,0.36,0.47,0.18,0.52,0.05,0.35,0.25,0.19,0.21,-0.02,0.09,0.02,0.1,0.01,0.4,0.08,0.31,0.25,0.62,0.19,0.33,0.39,0.02,-0.13,0.64,0.64,0.27
2023-06-01,0.31,0.13,0.36,0.24,0.33,0.18,0.18,0.35,0.44,0.12,0.44,0.36,0.36,0.32,0.21,0.22,0.15,0.35,0.44,0.28,0.54,0.5,0.31,0.72,0.3,0.61,0.25,0.6,0.2,-0.07,0.47,0.25,0.38,0.66,1.13,0.0,-0.1,0.05,0.56,0.0
2023-07-01,-0.06,-0.22,-0.42,0.2,0.11,-0.11,0.18,0.05,0.07,0.08,0.07,-0.78,-0.01,-0.19,-0.36,0.04,-0.16,0.19,-0.06,0.06,-0.06,-0.02,-0.27,-0.39,0.1,-0.21,0.03,-0.47,-0.08,-0.06,0.38,0.07,-0.12,-0.41,-0.22,-0.46,-0.31,0.0,0.63,0.13
2023-08-01,0.16,-0.01,0.1,0.15,0.27,0.2,0.12,0.21,0.02,0.08,0.35,-0.01,-0.32,0.05,0.34,0.17,0.25,0.18,-0.03,0.07,0.22,0.1,-0.02,0.03,0.08,0.16,0.2,0.05,-0.05,0.56,-0.76,0.08,0.12,0.05,0.23,0.09,0.05,-0.05,0.14,-0.4
2023-09-01,0.05,0.18,0.1,0.08,0.37,0.03,0.22,0.26,0.28,0.14,0.35,-0.07,0.26,0.21,0.53,-0.12,0.33,0.0,0.31,0.13,0.15,0.1,0.09,0.46,0.07,0.35,0.03,0.81,0.13,0.26,0.34,0.3,0.13,0.33,0.14,0.04,0.32,0.44,0.77,0.0
2023-10-01,-0.07,-0.12,-0.2,-0.05,-0.05,0.03,-0.14,-0.05,0.39,-0.05,-1.28,-0.13,-0.48,0.05,-0.51,-0.34,-0.52,0.18,0.18,-0.08,0.26,0.08,-0.15,0.16,0.08,0.26,0.07,0.3,-0.15,0.02,0.1,-0.07,-0.18,-0.17,0.31,-0.24,-0.36,-0.68,0.21,0.54
2023-11-01,0.12,-0.05,0.02,0.19,0.0,0.09,0.06,0.09,0.16,0.03,0.53,0.21,0.04,-0.08,0.21,-0.24,0.1,0.14,0.22,0.27,0.23,0.11,0.16,0.38,0.12,0.1,-0.09,0.24,-0.04,0.17,0.14,0.39,0.06,0.06,0.22,0.0,-0.26,0.05,0.0,0.0
2023-12-01,0.34,0.62,0.19,0.07,0.19,0.18,0.07,0.13,0.23,0.07,0.46,0.26,0.43,-0.02,-0.11,0.36,0.28,0.02,0.06,0.1,0.17,0.19,-0.07,0.14,0.2,0.01,-0.07,0.48,0.04,0.12,0.1,-0.1,0.19,0.1,0.76,0.03,0.24,-0.24,0.48,-0.13
2024-01-01,0.12,0.98,0.04,0.22,0.11,0.48,0.01,0.14,0.03,-0.14,0.99,0.09,0.01,0.09,0.71,-0.09,0.79,0.2,0.25,1.44,0.17,-0.15,-0.2,-0.14,0.23,0.3,0.29,0.04,-0.04,-0.03,-0.13,0.67,0.07,0.21,-0.2,0.47,1.13,1.03,0.14,0.94
2024-02-01,0.2,-0.47,0.11,0.07,0.13,-0.05,0.18,-0.02,0.03,0.05,0.15,0.28,-0.15,-0.01,-0.41,0.43,-0.41,0.05,0.19,-0.16,0.27,0.22,0.16,0.18,0.14,-0.08,0.03,0.47,0.07,0.34,0.85,-0.4,0.08,0.04,0.2,-0.56,-0.6,-0.73,-0.48,-0.8
2024-03-01,0.24,0.04,0.17,0.03,0.23,0.26,0.14,0.39,0.17,0.18,0.14,0.27,0.15,0.44,0.04,0.21,0.14,0.06,0.24,-0.02,0.19,0.06,-0.05,0.53,-0.02,0.17,0.22,-0.15,0.16,0.0,0.04,0.34,0.15,0.29,0.34,-0.05,-0.1,0.15,0.14,0.27
2024-04-01,0.09,-0.24,-0.07,0.08,0.08,-0.12,-0.03,0.09,0.17,-0.26,-0.08,-0.22,0.0,-0.1,0.22,-0.48,-0.21,0.03,-0.02,-0.26,0.15,0.21,-0.08,-0.27,-0.15,0.2,0.09,0.0,0.0,0.24,0.22,-0.03,-0.12,-0.4,0.27,-0.25,-0.43,-0.68,-0.21,-0.27
2024-05-01,0.15,-0.17,0.11,0.18,0.12,0.12,0.06,0.16,0.01,0.05,0.02,0.19,0.26,0.1,-0.08,0.36,-0.15,0.09,0.05,-0.03,0.21,0.07,-0.01,0.22,0.04,0.21,0.49,0.28,0.08,0.45,0.01,0.08,0.03,0.28,0.27,0.05,0.04,0.0,-0.07,0.0
2024-06-01,0.14,-0.15,-0.04,0.11,0.14,0.05,0.09,0.01,0.01,0.21,-0.04,-0.06,-0.11,0.4,0.03,0.24,-0.01,0.11,-0.12,0.07,0.13,0.05,0.17,0.53,-0.01,0.15,0.29,-0.39,0.0,-0.18,0.26,0.05,-0.07,0.06,-0.04,-0.27,-0.26,0.15,-0.28,0.54
2024-07-01,-0.07,0.37,-0.09,0.15,-0.72,0.26,-0.08,0.01,0.19,-0.3,0.03,-0.05,-0.61,-0.55,-0.08,-0.12,0.29,-0.09,0.01,0.12,0.25,-0.06,-0.17,-0.49,0.08,-0.07,0.0,-0.33,0.25,-0.31,-0.29,0.04,-0.02,0.1,0.04,-0.06,0.1,-0.15,0.07,-0.4
2024-08-01,0.11,-0.01,0.04,0.2,1.16,-0.02,0.16,0.04,0.13,0.09,0.09,-0.02,0.55,0.24,0.28,0.05,-0.19,-0.02,0.16,-0.02,0.23,0.1,0.05,0.11,-0.1,0.38,0.21,0.21,0.06,0.25,0.52,0.31,-0.02,0.19,0.24,-0.23,0.0,0.3,0.0,0.94
2024-09-01,0.31,0.11,0.21,0.12,0.19,0.27,0.22,0.04,0.18,-0.01,0.19,0.27,0.18,0.17,0.35,0.26,0.09,0.23,0.2,0.16,0.41,0.19,0.08,0.02,0.27,-0.03,0.34,0.25,0.26,0.14,0.25,0.13,0.02,0.25,0.11,-0.08,-0.09,-0.05,0.35,0.0
2024-10-01,0.1,0.44,0.08,0.15,0.13,0.06,0.05,0.05,-0.34,0.05,-0.04,-1.86,-0.48,0.0,0.44,-0.1,0.1,-2.19,-1.1,0.05,0.13,0.16,-0.04,-0.1,0.04,0.02,0.16,0.15,0.25,0.21,0.07,0.31,-0.01,0.23,0.08,0.04,-0.01,0.2,0.69,-0.27
2024-11-01,0.13,-0.11,0.03,0.15,0.1,0.14,0.11,0.08,0.5,-0.03,0.23,1.5,0.15,0.19,0.19,0.07,0.0,2.08,1.05,-0.01,0.2,0.07,-0.14,0.04,-0.01,0.14,0.18,0.01,-0.08,0.18,-0.15,-0.07,0.05,0.19,0.4,-0.14,0.03,-0.1,-0.34,-0.53
2024-12-01,0.15,-0.39,0.19,0.15,0.08,0.1,0.07,0.0,0.03,-0.06,-0.03,0.37,-0.1,0.11,-0.11,0.04,-0.13,0.0,0.04,0.1,0.21,0.05,0.01,0.02,0.0,0.15,0.23,0.13,0.11,0.03,-0.03,0.05,-0.14,0.04,-0.23,-0.29,0.0,0.05,-0.48,-0.27
2025-01-01,0.21,-0.03,0.23,-0.14,0.03,-0.17,0.35,-0.06,0.31,0.03,0.09,-0.1,-0.59,-0.06,0.0,0.33,0.17,0.32,0.17,0.01,0.24,0.17,0.3,0.29,-0.05,-0.03,-0.03,-0.08,-0.54,-0.11,-1.35,0.22,-0.06,0.14,0.58,0.34,0.51,0.24,0.9,0.4
2025-02-01,0.13,-0.07,0.05,0.14,0.04,-0.03,-0.09,0.03,0.13,-0.21,-0.07,-0.23,0.38,-0.05,0.01,-0.76,-0.18,0.13,-0.07,-0.1,0.01,-0.01,-0.49,-0.07,-0.02,0.05,-0.03,-0.11,0.43,0.04,1.16,-0.16,0.03,-0.08,0.0,-0.25,-0.09,-0.78,0.14,-0.27
2025-03-01,0.11,0.01,-0.08,0.11,-0.0,-0.06,0.06,-0.16,0.04,-0.05,0.04,-0.12,-0.11,0.02,0.18,0.23,-0.1,0.1,0.0,0.0,0.1,0.09,-0.31,-0.08,0.06,-0.02,0.23,0.37,-0.07,0.13,0.27,0.15,-0.1,0.18,0.12,-0.01,0.07,0.3,0.2,-0.13
2025-04-01,-0.89,0.54,0.06,0.21,0.25,-0.17,-0.0,0.22,-0.05,-0.08,-0.06,0.16,0.17,0.49,0.27,0.1,0.25,-0.08,0.12,-0.38,0.31,0.15,0.23,0.56,0.12,0.24,0.08,0.33,0.32,0.08,0.21,0.27,0.11,0.24,0.47,-0.02,0.35,0.44,-0.07,-0.13
2025-05-01,0.28,-0.07,0.05,0.12,-0.1,-0.01,0.09,0.04,-0.02,-0.13,-0.1,0.34,0.09,-0.2,-0.03,0.06,-0.08,-0.02,0.03,0.01,0.19,0.17,-0.05,0.01,0.03,-0.02,0.12,0.08,0.07,0.06,-0.03,-0.07,0.08,0.06,0.31,-0.07,-0.02,-0.1,-0.2,0.27
2025-06-01,-0.25,-0.31,-0.21,-0.24,-0.13,-0.35,-0.04,-0.22,-0.09,-0.4,-0.04,-0.17,-0.2,-0.25,-0.17,-0.92,-0.22,-0.28,0.04,-0.25,-0.41,0.11,-0.25,-0.37,-0.07,-0.55,0.06,-0.37,-0.58,-0.08,-0.27,-0.11,-0.09,-0.04,-0.07,-0.12,-0.22,0.0,-0.07,-0.54
2025-07-01,0.02,-0.14,0.03,0.27,-0.03,-0.23,-0.04,0.36,-0.3,0.14,0.04,-0.28,-0.18,-0.08,-0.07,0.82,-0.08,-0.08,0.1,-0.38,0.5,0.13,-0.1,-0.01,-0.03,0.03,0.29,1.25,0.25,0.03,0.58,-0.11,0.09,0.01,0.29,0.1,0.38,-0.1,-0.55,-0.27
2025-08-01,0.05,0.16,-0.12,0.0,0.06,-0.28,-0.01,0.03,-0.08,-0.17,-0.12,-0.16,0.0,0.1,0.08,0.02,-0.08,-0.05,0.1,0.11,0.11,0.05,-0.09,0.39,0.12,0.04,0.07,0.5,0.25,0.28,-0.13,0.1,-0.08,0.14,0.04,-0.0,0.03,0.0,0.34,0.41
2025-09-01,0.06,-0.29,-0.04,0.05,-0.02,-0.22,-0.01,-0.06,-0.2,-0.1,-0.13,-0.04,-0.17,0.17,0.13,-0.01,-0.02,-0.08,-0.11,-0.11,0.09,-0.08,-0.46,-0.3,-0.07,-0.11,0.12,-0.61,-0.09,-0.26,0.05,-0.05,-0.14,0.02,0.33,0.02,0.13,-0.1,-0.07,-0.27
2025-10-01,-0.12,0.07,0.02,-0.25,-0.06,-1.44,0.02,-0.3,-0.45,-0.11,0.02,0.07,-0.04,-0.19,-0.18,0.07,0.26,-0.15,-0.23,-0.83,-0.62,0.08,-0.68,-0.14,0.19,-0.23,-0.35,0.04,-0.14,-0.71,-0.11,0.27,-0.24,0.14,-0.29,0.19,0.08,0.15,0.34,1.49
2025-11-01,-0.05,0.08,0.04,0.09,0.2,0.01,0.04,0.05,0.12,-0.07,0.1,0.01,-0.15,0.01,0.23,-0.13,0.17,0.12,0.04,0.23,0.27,0.22,0.16,0.44,-0.03,0.16,-0.08,-0.02,-0.09,-0.35,0.12,0.2,-0.18,0.17,0.23,0.18,0.05,0.2,0.07,0.27
2025-12-01,0.43,0.03,0.16,0.18,0.17,0.02,0.19,0.11,0.05,0.06,0.09,0.25,0.08,-0.01,0.21,0.1,0.1,0.12,0.11,-0.01,0.46,0.16,0.05,0.23,0.1,0.2,-0.11,0.28,-0.04,-0.12,-0.03,0.13,-0.02,0.17,0.13,0.01,0.23,0.2,-0.07,-0.4
2026-01-01,0.33,0.4,-0.08,0.09,0.09,-0.28,0.11,-0.09,0.14,0.02,0.22,-0.16,0.08,0.05,0.29,0.15,0.49,-0.01,0.28,0.56,0.3,-0.07,-0.08,0.05,0.14,0.47,0.14,0.22,0.26,0.26,0.14,0.13,0.43,-0.13,0.21,0.14,0.32,0.49,0.48,0.0
2026-02-01,-0.21,-0.3,-0.13,-0.08,0.01,-0.31,-0.42,-0.08,0.26,-0.04,0.49,-0.13,-0.26,-0.18,-0.38,-0.75,-0.31,0.11,-0.24,-0.27,-0.13,-0.11,-0.6,-0.21,-0.6,-0.29,-0.23,0.04,0.13,-0.07,-0.27,-0.14,-0.15,0.17,0.0,0.04,0.15,-0.34,-0.27,0.4
2026-03-01,-0.0,0.14,0.17,0.48,0.32,0.19,0.24,0.37,0.27,0.12,-0.04,0.07,0.05,0.02,0.3,0.01,0.34,0.08,0.47,0.1,0.15,0.17,-0.31,0.23,0.04,0.29,0.39,0.36,0.06,0.32,-0.09,0.07,0.27,0.13,0.21,-0.01,0.05,0.29,0.48,0.0
2026-04-01,0.04,-0.0,0.15,0.07,-0.05,0.11,0.19,0.29,0.17,0.26,0.18,0.28,0.09,0.42,0.02,0.32,0.1,0.27,0.58,0.03,0.3,0.42,0.0,0.02,-0.12,0.08,-0.23,-0.09,0.18,-0.09,0.43,0.05,0.19,0.58,0.93,-0.06,0.08,0.19,0.2,0.0
2026-05-01,0.1,0.01,-0.01,0.11,0.17,0.0,-0.01,-0.14,-0.09,-0.02,-0.01,0.34,-0.13,0.32,-0.12,-0.03,0.0,-0.05,0.13,0.03,0.15,0.17,0.05,0.31,-0.06,0.13,-0.2,-0.03,-0.15,-0.08,-0.02,-0.06,0.24,0.41,0.42,-0.09,0.2,-0.19,-0.68,0.4
2026-06-01,-0.1,0.21,-0.09,0.3,0.27,0.25,-0.02,-0.27,-0.06,0.34,0.06,-0.07,0.16,0.42,-0.04,0.05,-0.06,-0.09,0.03,0.1,0.4,0.04,0.2,0.28,-0.08,-0.08,-0.04,-0.05,0.02,-0.3,-0.03,-0.13,0.12,0.37,-0.11,-0.07,-0.2,0.1,-0.14,0.0
2026-07-01,0.21,-0.06,-0.06,0.02,0.02,0.12,-0.18,-0.03,-0.07,-0.03,0.05,0.15,0.1,0.08,-0.05,0.48,-0.25,0.06,-0.28,0.03,0.11,0.17,-0.08,-0.16,-0.19,0.18,0.08,0.2,0.14,0.09,0.2,-0.23,0.0,0.26,0.14,-0.03,0.28,-0.44,0.14,-0.13
