date,"S&P 500 Reported Earnings (TTM, $/share) Period Chg"
1871-02-28,-2.92
1871-03-31,-1.46
1871-04-30,3.75
1871-05-31,2.28
1871-06-30,1.58
1871-07-31,0.0
1871-08-31,1.65
1871-09-30,-2.43
1871-10-31,-1.48
1871-11-30,0.0
1871-12-31,-2.25
1872-01-31,0.67
1872-02-29,0.57
1872-03-31,-0.85
1872-04-30,-1.62
1872-05-31,0.58
1872-06-30,1.45
1872-07-31,2.09
1872-08-31,-0.19
1872-09-30,-0.09
1872-10-31,2.8
1872-11-30,-2.36
1872-12-31,2.05
1873-01-31,0.64
1873-02-28,-1.63
1873-03-31,0.55
1873-04-30,0.55
1873-05-31,2.82
1873-06-30,3.63
1873-07-31,0.6
1873-08-31,0.51
1873-09-30,0.59
1873-10-31,2.94
1873-11-30,3.76
1873-12-31,-1.89
1874-01-31,-1.52
1874-02-28,0.0
1874-03-31,0.0
1874-04-30,1.55
1874-05-31,0.8
1874-06-30,2.39
1874-07-31,-0.7
1874-08-31,0.7
1874-09-30,0.0
1874-10-31,1.63
1874-11-30,0.92
1874-12-31,0.0
1875-01-31,-1.82
1875-02-28,-1.85
1875-03-31,-1.89
1875-04-30,-2.72
1875-05-31,0.49
1875-06-30,-0.33
1875-07-31,-1.97
1875-08-31,-3.02
1875-09-30,-1.21
1875-10-31,-2.1
1875-11-30,-1.43
1875-12-31,-1.36
1876-01-31,-1.1
1876-02-29,-1.86
1876-03-31,-1.9
1876-04-30,-1.06
1876-05-31,1.56
1876-06-30,0.67
1876-07-31,-2.1
1876-08-31,-2.93
1876-09-30,-3.12
1876-10-31,-4.05
1876-11-30,-3.03
1876-12-31,-4.12
1877-01-31,-1.16
1877-02-28,3.29
1877-03-31,5.24
1877-04-30,-2.16
1877-05-31,-1.22
1877-06-30,6.27
1877-07-31,-0.32
1877-08-31,4.44
1877-09-30,1.62
1877-10-31,0.6
1877-11-30,2.57
1877-12-31,0.58
1878-01-31,3.26
1878-02-28,1.39
1878-03-31,2.38
1878-04-30,1.34
1878-05-31,3.62
1878-06-30,2.56
1878-07-31,-0.91
1878-08-31,-0.76
1878-09-30,0.25
1878-10-31,1.35
1878-11-30,1.5
1878-12-31,2.54
1879-01-31,0.64
1879-02-28,0.79
1879-03-31,2.92
1879-04-30,2.99
1879-05-31,1.78
1879-06-30,2.85
1879-07-31,0.57
1879-08-31,1.69
1879-09-30,-1.87
1879-10-31,-3.75
1879-11-30,-3.53
1879-12-31,-1.37
1880-01-31,-0.62
1880-02-29,2.41
1880-03-31,1.29
1880-04-30,6.37
1880-05-31,5.21
1880-06-30,4.22
1880-07-31,2.12
1880-08-31,2.08
1880-09-30,1.05
1880-10-31,1.95
1880-11-30,0.84
1880-12-31,0.95
1881-01-31,0.12
1881-02-28,-1.76
1881-03-31,-0.9
1881-04-30,-1.93
1881-05-31,0.18
1881-06-30,-0.86
1881-07-31,-1.98
1881-08-31,-2.78
1881-09-30,-4.61
1881-10-31,-1.91
1881-11-30,0.07
1881-12-31,-0.97
1882-01-31,-0.14
1882-02-28,-1.19
1882-03-31,-0.21
1882-04-30,-1.0
1882-05-31,-1.22
1882-06-30,-1.02
1882-07-31,0.66
1882-08-31,-1.02
1882-09-30,2.51
1882-10-31,0.79
1882-11-30,0.71
1882-12-31,0.78
1883-01-31,-0.56
1883-02-28,-1.56
1883-03-31,0.43
1883-04-30,0.29
1883-05-31,0.43
1883-06-30,2.42
1883-07-31,1.46
1883-08-31,-0.62
1883-09-30,0.34
1883-10-31,-0.62
1883-11-30,0.48
1883-12-31,-1.72
1884-01-31,-1.89
1884-02-29,-1.92
1884-03-31,-1.89
1884-04-30,0.07
1884-05-31,0.07
1884-06-30,-2.07
1884-07-31,-1.06
1884-08-31,-2.14
1884-09-30,-1.17
1884-10-31,-1.1
1884-11-30,-0.08
1884-12-31,-1.36
1885-01-31,-1.05
1885-02-28,-2.13
1885-03-31,1.17
1885-04-30,-2.31
1885-05-31,1.18
1885-06-30,1.25
1885-07-31,-2.23
1885-08-31,-1.18
1885-09-30,-0.09
1885-10-31,-1.11
1885-11-30,-2.33
1885-12-31,-3.54
1886-01-31,4.31
1886-02-28,1.76
1886-03-31,2.94
1886-04-30,3.11
1886-05-31,4.23
1886-06-30,2.89
1886-07-31,0.46
1886-08-31,0.38
1886-09-30,1.58
1886-10-31,1.63
1886-11-30,1.53
1886-12-31,0.36
1887-01-31,-1.65
1887-02-28,-0.51
1887-03-31,0.8
1887-04-30,0.73
1887-05-31,0.72
1887-06-30,2.0
1887-07-31,1.89
1887-08-31,-0.48
1887-09-30,1.87
1887-10-31,-0.41
1887-11-30,-0.55
1887-12-31,-1.58
1888-01-31,-3.34
1888-02-29,-1.37
1888-03-31,-2.41
1888-04-30,-1.27
1888-05-31,-1.52
1888-06-30,-1.39
1888-07-31,-3.9
1888-08-31,-2.76
1888-09-30,-2.84
1888-10-31,-3.96
1888-11-30,-4.21
1888-12-31,-3.08
1889-01-31,4.92
1889-02-28,2.48
1889-03-31,2.51
1889-04-30,1.22
1889-05-31,3.8
1889-06-30,1.17
1889-07-31,1.15
1889-08-31,1.22
1889-09-30,-0.16
1889-10-31,1.13
1889-11-30,1.19
1889-12-31,-0.08
1890-01-31,2.2
1890-02-28,-0.31
1890-03-31,-0.23
1890-04-30,-0.31
1890-05-31,-1.55
1890-06-30,-0.32
1890-07-31,-0.24
1890-08-31,-3.81
1890-09-30,-1.49
1890-10-31,-0.25
1890-11-30,2.1
1890-12-31,-0.33
1891-01-31,2.72
1891-02-28,0.16
1891-03-31,0.24
1891-04-30,0.16
1891-05-31,2.56
1891-06-30,3.89
1891-07-31,2.47
1891-08-31,1.32
1891-09-30,2.6
1891-10-31,1.27
1891-11-30,2.5
1891-12-31,1.22
1892-01-31,3.35
1892-02-29,0.71
1892-03-31,3.41
1892-04-30,2.18
1892-05-31,0.67
1892-06-30,0.73
1892-07-31,-1.92
1892-08-31,-0.67
1892-09-30,0.68
1892-10-31,0.67
1892-11-30,-1.82
1892-12-31,-0.5
1893-01-31,-6.1
1893-02-28,-3.58
1893-03-31,-0.28
1893-04-30,-1.59
1893-05-31,-1.4
1893-06-30,-0.36
1893-07-31,-0.36
1893-08-31,0.93
1893-09-30,-6.88
1893-10-31,-4.49
1893-11-30,-0.72
1893-12-31,-2.01
1894-01-31,-0.57
1894-02-28,-2.06
1894-03-31,-0.59
1894-04-30,-3.56
1894-05-31,-3.69
1894-06-30,-3.83
1894-07-31,-3.89
1894-08-31,-6.9
1894-09-30,-5.51
1894-10-31,-1.79
1894-11-30,-4.79
1894-12-31,-3.6
1895-01-31,4.73
1895-02-28,4.51
1895-03-31,4.2
1895-04-30,-0.11
1895-05-31,2.4
1895-06-30,2.56
1895-07-31,4.99
1895-08-31,5.05
1895-09-30,3.39
1895-10-31,3.28
1895-11-30,3.18
1895-12-31,4.45
1896-01-31,0.16
1896-02-29,0.0
1896-03-31,-1.39
1896-04-30,0.17
1896-05-31,0.08
1896-06-30,0.0
1896-07-31,-1.41
1896-08-31,-1.51
1896-09-30,-1.45
1896-10-31,-4.41
1896-11-30,-4.34
1896-12-31,-1.61
1897-01-31,7.01
1897-02-28,3.86
1897-03-31,3.63
1897-04-30,5.17
1897-05-31,4.92
1897-06-30,3.33
1897-07-31,3.22
1897-08-31,-1.42
1897-09-30,0.07
1897-10-31,4.45
1897-11-30,2.89
1897-12-31,2.74
1898-01-31,1.04
1898-02-28,-0.39
1898-03-31,1.03
1898-04-30,1.02
1898-05-31,-5.51
1898-06-30,8.04
1898-07-31,2.54
1898-08-31,0.97
1898-09-30,1.02
1898-10-31,0.95
1898-11-30,1.0
1898-12-31,-0.52
1899-01-31,3.04
1899-02-28,0.23
1899-03-31,2.89
1899-04-30,1.54
1899-05-31,2.76
1899-06-30,1.21
1899-07-31,1.35
1899-08-31,1.13
1899-09-30,-1.27
1899-10-31,1.08
1899-11-30,1.17
1899-12-31,1.01
1900-01-31,0.0
1900-02-28,-1.1
1900-03-31,0.0
1900-04-30,0.0
1900-05-31,2.42
1900-06-30,1.18
1900-07-31,-1.17
1900-08-31,1.18
1900-09-30,-1.17
1900-10-31,1.18
1900-11-30,0.0
1900-12-31,1.31
1901-01-31,-0.96
1901-02-28,1.65
1901-03-31,0.38
1901-04-30,1.52
1901-05-31,0.33
1901-06-30,0.37
1901-07-31,-0.84
1901-08-31,-0.98
1901-09-30,-0.8
1901-10-31,0.33
1901-11-30,-0.95
1901-12-31,-0.82
1902-01-31,3.34
1902-02-28,2.15
1902-03-31,2.06
1902-04-30,0.85
1902-05-31,0.76
1902-06-30,0.84
1902-07-31,1.89
1902-08-31,3.06
1902-09-30,0.71
1902-10-31,-4.81
1902-11-30,5.14
1902-12-31,0.66
1903-01-31,-2.43
1903-02-28,-1.35
1903-03-31,2.05
1903-04-30,-1.38
1903-05-31,0.89
1903-06-30,-1.43
1903-07-31,-1.41
1903-08-31,-1.47
1903-09-30,-2.68
1903-10-31,-0.27
1903-11-30,-0.45
1903-12-31,-1.55
1904-01-31,-2.87
1904-02-29,-2.9
1904-03-31,0.59
1904-04-30,0.44
1904-05-31,1.65
1904-06-30,-0.62
1904-07-31,-0.67
1904-08-31,-1.74
1904-09-30,-1.87
1904-10-31,-0.65
1904-11-30,-2.93
1904-12-31,-0.68
1905-01-31,3.09
1905-02-28,2.95
1905-03-31,4.14
1905-04-30,2.79
1905-05-31,3.82
1905-06-30,2.66
1905-07-31,2.59
1905-08-31,1.43
1905-09-30,3.57
1905-10-31,2.37
1905-11-30,1.25
1905-12-31,1.08
1906-01-31,1.11
1906-02-28,1.14
1906-03-31,1.09
1906-04-30,1.07
1906-05-31,0.0
1906-06-30,1.06
1906-07-31,4.46
1906-08-31,-1.21
1906-09-30,-0.04
1906-10-31,-1.16
1906-11-30,-0.14
1906-12-31,-0.04
1907-01-31,-0.07
1907-02-28,-3.21
1907-03-31,0.0
1907-04-30,-1.14
1907-05-31,-3.2
1907-06-30,-2.23
1907-07-31,-1.18
1907-08-31,-1.2
1907-09-30,-1.17
1907-10-31,-2.16
1907-11-30,2.92
1907-12-31,0.93
1908-01-31,0.0
1908-02-29,0.16
1908-03-31,-1.04
1908-04-30,-2.19
1908-05-31,-1.04
1908-06-30,-1.09
1908-07-31,-2.07
1908-08-31,-1.08
1908-09-30,-1.14
1908-10-31,-2.21
1908-11-30,-2.12
1908-12-31,-2.22
1909-01-31,3.73
1909-02-28,1.36
1909-03-31,2.47
1909-04-30,0.31
1909-05-31,1.35
1909-06-30,1.21
1909-07-31,2.21
1909-08-31,1.25
1909-09-30,1.07
1909-10-31,0.12
1909-11-30,1.02
1909-12-31,1.09
1910-01-31,0.6
1910-02-28,-0.36
1910-03-31,-2.18
1910-04-30,-1.22
1910-05-31,1.56
1910-06-30,0.57
1910-07-31,-0.32
1910-08-31,0.65
1910-09-30,0.72
1910-10-31,2.63
1910-11-30,1.71
1910-12-31,-0.34
1911-01-31,-1.61
1911-02-28,1.56
1911-03-31,-2.72
1911-04-30,1.58
1911-05-31,-1.71
1911-06-30,-1.74
1911-07-31,-2.89
1911-08-31,-4.8
1911-09-30,-2.91
1911-10-31,-1.88
1911-11-30,-0.82
1911-12-31,-0.97
1912-01-31,0.56
1912-02-29,0.42
1912-03-31,-0.51
1912-04-30,-1.48
1912-05-31,1.45
1912-06-30,2.4
1912-07-31,1.44
1912-08-31,0.44
1912-09-30,0.35
1912-10-31,1.37
1912-11-30,1.35
1912-12-31,2.36
1913-01-31,-1.85
1913-02-28,-0.86
1913-03-31,-0.82
1913-04-30,-0.87
1913-05-31,0.18
1913-06-30,-1.88
1913-07-31,-1.87
1913-08-31,-0.91
1913-09-30,-1.88
1913-10-31,-0.89
1913-11-30,-1.89
1913-12-31,0.05
1914-01-31,-1.44
1914-02-28,-0.49
1914-03-31,-1.47
1914-04-30,-0.55
1914-05-31,-2.5
1914-06-30,-1.59
1914-07-31,-2.61
1914-08-31,-3.53
1914-09-30,-1.66
1914-10-31,-0.68
1914-11-30,-2.67
1914-12-31,-0.76
1915-01-31,5.76
1915-02-28,6.51
1915-03-31,6.27
1915-04-30,3.83
1915-05-31,3.69
1915-06-30,4.47
1915-07-31,4.28
1915-08-31,4.11
1915-09-30,3.94
1915-10-31,2.79
1915-11-30,2.64
1915-12-31,3.52
1916-01-31,5.14
1916-02-29,5.8
1916-03-31,4.43
1916-04-30,4.27
1916-05-31,3.95
1916-06-30,3.72
1916-07-31,4.48
1916-08-31,3.35
1916-09-30,2.31
1916-10-31,2.09
1916-11-30,2.0
1916-12-31,2.76
1917-01-31,-2.2
1917-02-28,-3.85
1917-03-31,-1.34
1917-04-30,-6.14
1917-05-31,-2.98
1917-06-30,-2.99
1917-07-31,0.03
1917-08-31,-3.03
1917-09-30,-3.7
1917-10-31,-3.0
1917-11-30,-1.61
1917-12-31,-3.05
1918-01-31,-3.99
1918-02-28,-2.6
1918-03-31,-1.25
1918-04-30,-3.44
1918-05-31,-4.07
1918-06-30,-3.37
1918-07-31,-4.71
1918-08-31,-4.07
1918-09-30,-4.08
1918-10-31,-4.2
1918-11-30,-4.11
1918-12-31,-3.55
1919-01-31,-0.5
1919-02-28,1.37
1919-03-31,-1.75
1919-04-30,-2.29
1919-05-31,-1.67
1919-06-30,-0.53
1919-07-31,-3.41
1919-08-31,-2.21
1919-09-30,-1.07
1919-10-31,-2.17
1919-11-30,-2.68
1919-12-31,-2.64
1920-01-31,-3.2
1920-02-29,-2.23
1920-03-31,-2.21
1920-04-30,-4.12
1920-05-31,-2.64
1920-06-30,-2.64
1920-07-31,-0.8
1920-08-31,1.18
1920-09-30,0.22
1920-10-31,-0.87
1920-11-30,-0.81
1920-12-31,0.74
1921-01-31,-3.3
1921-02-28,-2.58
1921-03-31,-5.46
1921-04-30,-5.28
1921-05-31,-4.61
1921-06-30,-6.66
1921-07-31,-8.41
1921-08-31,-8.43
1921-09-30,-8.16
1921-10-31,-10.15
1921-11-30,-10.88
1921-12-31,-12.2
1922-01-31,14.08
1922-02-28,10.28
1922-03-31,10.62
1922-04-30,8.56
1922-05-31,7.89
1922-06-30,7.31
1922-07-31,6.19
1922-08-31,7.58
1922-09-30,6.05
1922-10-31,4.94
1922-11-30,4.79
1922-12-31,4.42
1923-01-31,4.15
1923-02-28,3.35
1923-03-31,3.31
1923-04-30,2.54
1923-05-31,3.06
1923-06-30,2.4
1923-07-31,1.73
1923-08-31,3.39
1923-09-30,2.11
1923-10-31,2.07
1923-11-30,2.59
1923-12-31,2.58
1924-01-31,-0.43
1924-02-29,0.16
1924-03-31,0.11
1924-04-30,0.16
1924-05-31,-0.43
1924-06-30,-0.43
1924-07-31,-1.02
1924-08-31,0.16
1924-09-30,-1.03
1924-10-31,-1.04
1924-11-30,-0.39
1924-12-31,-1.06
1925-01-31,2.87
1925-02-28,3.4
1925-03-31,2.12
1925-04-30,3.27
1925-05-31,1.91
1925-06-30,1.38
1925-07-31,1.31
1925-08-31,2.3
1925-09-30,2.39
1925-10-31,2.29
1925-11-30,0.49
1925-12-31,2.76
1926-01-31,-0.09
1926-02-28,-0.09
1926-03-31,0.56
1926-04-30,-0.65
1926-05-31,0.48
1926-06-30,0.52
1926-07-31,1.03
1926-08-31,0.51
1926-09-30,-0.64
1926-10-31,-0.6
1926-11-30,-0.64
1926-12-31,-0.09
1927-01-31,0.26
1927-02-28,-0.34
1927-03-31,-0.22
1927-04-30,-0.91
1927-05-31,-1.49
1927-06-30,-2.04
1927-07-31,0.77
1927-08-31,-0.36
1927-09-30,-1.45
1927-10-31,-1.56
1927-11-30,-0.37
1927-12-31,-0.98
1928-01-31,2.08
1928-02-29,3.1
1928-03-31,1.93
1928-04-30,1.94
1928-05-31,1.25
1928-06-30,2.47
1928-07-31,1.87
1928-08-31,1.71
1928-09-30,0.52
1928-10-31,2.36
1928-11-30,1.64
1928-12-31,2.3
1929-01-31,1.39
1929-02-28,1.33
1929-03-31,2.01
1929-04-30,1.93
1929-05-31,0.7
1929-06-30,0.7
1929-07-31,0.1
1929-08-31,1.25
1929-09-30,1.23
1929-10-31,1.32
1929-11-30,1.2
1929-12-31,1.78
1930-01-31,-2.72
1930-02-28,-2.93
1930-03-31,-2.95
1930-04-30,-4.2
1930-05-31,-3.32
1930-06-30,-3.35
1930-07-31,-2.96
1930-08-31,-3.78
1930-09-30,-5.07
1930-10-31,-4.14
1930-11-30,-4.41
1930-12-31,-3.45
1931-01-31,-1.86
1931-02-28,-1.95
1931-03-31,-2.66
1931-04-30,-2.79
1931-05-31,-2.26
1931-06-30,-2.37
1931-07-31,-3.82
1931-08-31,-3.97
1931-09-30,-3.45
1931-10-31,-3.63
1931-11-30,-3.16
1931-12-31,-4.03
1932-01-31,-0.72
1932-02-29,-1.39
1932-03-31,-2.22
1932-04-30,-2.27
1932-05-31,-1.63
1932-06-30,-2.52
1932-07-31,-3.23
1932-08-31,-2.67
1932-09-30,-2.74
1932-10-31,-2.91
1932-11-30,-3.09
1932-12-31,-3.19
1933-01-31,2.23
1933-02-28,2.18
1933-03-31,1.39
1933-04-30,0.64
1933-05-31,0.54
1933-06-30,-0.18
1933-07-31,-2.44
1933-08-31,-0.19
1933-09-30,0.56
1933-10-31,0.55
1933-11-30,0.55
1933-12-31,0.64
1934-01-31,0.91
1934-02-28,0.18
1934-03-31,0.9
1934-04-30,0.98
1934-05-31,0.88
1934-06-30,0.17
1934-07-31,0.87
1934-08-31,0.87
1934-09-30,-0.6
1934-10-31,1.64
1934-11-30,0.85
1934-12-31,1.6
1935-01-31,14.66
1935-02-28,13.22
1935-03-31,12.32
1935-04-30,2.9
1935-05-31,3.48
1935-06-30,4.16
1935-07-31,-2.05
1935-08-31,-2.09
1935-09-30,-2.14
1935-10-31,0.0
1935-11-30,-0.71
1935-12-31,0.0
1936-01-31,1.26
1936-02-29,1.3
1936-03-31,2.04
1936-04-30,3.78
1936-05-31,3.69
1936-06-30,2.78
1936-07-31,1.52
1936-08-31,1.5
1936-09-30,2.17
1936-10-31,2.84
1936-11-30,2.76
1936-12-31,2.69
1937-01-31,2.2
1937-02-28,2.85
1937-03-31,2.06
1937-04-30,1.08
1937-05-31,1.07
1937-06-30,1.74
1937-07-31,0.71
1937-08-31,1.41
1937-09-30,0.69
1937-10-31,-2.46
1937-11-30,-1.82
1937-12-31,-1.93
1938-01-31,-3.36
1938-02-28,-4.27
1938-03-31,-5.21
1938-04-30,-7.53
1938-05-31,-6.76
1938-06-30,-7.96
1938-07-31,-6.49
1938-08-31,-6.94
1938-09-30,-7.46
1938-10-31,1.79
1938-11-30,1.08
1938-12-31,1.07
1939-01-31,3.64
1939-02-28,4.22
1939-03-31,3.43
1939-04-30,3.08
1939-05-31,2.3
1939-06-30,2.25
1939-07-31,2.14
1939-08-31,2.15
1939-09-30,-0.05
1939-10-31,4.43
1939-11-30,3.58
1939-12-31,3.46
1940-01-31,4.05
1940-02-29,2.49
1940-03-31,3.14
1940-04-30,1.67
1940-05-31,1.68
1940-06-30,0.91
1940-07-31,1.97
1940-08-31,1.29
1940-09-30,1.23
1940-10-31,-0.9
1940-11-30,-0.95
1940-12-31,-1.64
1941-01-31,0.33
1941-02-28,0.32
1941-03-31,-0.4
1941-04-30,0.24
1941-05-31,0.24
1941-06-30,-1.13
1941-07-31,3.02
1941-08-31,1.59
1941-09-30,1.52
1941-10-31,-2.11
1941-11-30,-1.49
1941-12-31,-1.51
1942-01-31,-4.65
1942-02-28,-4.2
1942-03-31,-4.92
1942-04-30,-2.52
1942-05-31,-3.15
1942-06-30,-2.02
1942-07-31,-1.96
1942-08-31,-1.95
1942-09-30,-1.42
1942-10-31,1.97
1942-11-30,2.5
1942-12-31,2.39
1943-01-31,1.29
1943-02-28,1.28
1943-03-31,-0.53
1943-04-30,-0.19
1943-05-31,0.34
1943-06-30,0.92
1943-07-31,-0.05
1943-08-31,-0.05
1943-09-30,-1.16
1943-10-31,-4.34
1943-11-30,-4.54
1943-12-31,-4.7
1944-01-31,-0.34
1944-02-29,-0.39
1944-03-31,-0.34
1944-04-30,-0.91
1944-05-31,-0.4
1944-06-30,-0.92
1944-07-31,-1.27
1944-08-31,-0.76
1944-09-30,-0.71
1944-10-31,1.13
1944-11-30,1.06
1944-12-31,0.52
1945-01-31,1.1
1945-02-28,1.03
1945-03-31,1.08
1945-04-30,1.4
1945-05-31,0.78
1945-06-30,0.22
1945-07-31,-0.33
1945-08-31,-0.33
1945-09-30,-0.33
1945-10-31,-1.0
1945-11-30,-1.01
1945-12-31,-1.58
1946-01-31,-2.12
1946-02-28,-1.58
1946-03-31,-3.22
1946-04-30,-2.77
1946-05-31,-2.79
1946-06-30,-3.39
1946-07-31,-3.64
1946-08-31,-0.07
1946-09-30,0.91
1946-10-31,4.3
1946-11-30,3.46
1946-12-31,4.69
1947-01-31,6.63
1947-02-28,6.16
1947-03-31,3.91
1947-04-30,4.44
1947-05-31,4.3
1947-06-30,3.6
1947-07-31,1.62
1947-08-31,1.14
1947-09-30,0.18
1947-10-31,1.3
1947-11-30,0.84
1947-12-31,-0.04
1948-01-31,0.79
1948-02-29,2.88
1948-03-31,2.42
1948-04-30,1.2
1948-05-31,2.42
1948-06-30,1.92
1948-07-31,2.47
1948-08-31,3.22
1948-09-30,3.49
1948-10-31,3.98
1948-11-30,4.27
1948-12-31,3.74
1949-01-31,1.72
1949-02-28,2.16
1949-03-31,1.26
1949-04-30,-0.12
1949-05-31,0.7
1949-06-30,-0.15
1949-07-31,0.69
1949-08-31,-0.54
1949-09-30,-0.57
1949-10-31,-0.15
1949-11-30,-1.4
1949-12-31,-0.15
1950-01-31,1.14
1950-02-28,0.73
1950-03-31,0.27
1950-04-30,2.38
1950-05-31,1.91
1950-06-30,1.85
1950-07-31,1.08
1950-08-31,1.49
1950-09-30,1.83
1950-10-31,0.65
1950-11-30,1.03
1950-12-31,0.21
1951-01-31,-1.68
1951-02-28,-1.3
1951-03-31,-0.49
1951-04-30,-1.3
1951-05-31,-1.68
1951-06-30,-1.34
1951-07-31,-2.57
1951-08-31,-2.66
1951-09-30,-3.44
1951-10-31,-1.32
1951-11-30,-1.69
1951-12-31,-1.33
1952-01-31,-0.53
1952-02-29,0.2
1952-03-31,-0.56
1952-04-30,-1.19
1952-05-31,-0.84
1952-06-30,-1.22
1952-07-31,-0.48
1952-08-31,0.28
1952-09-30,0.31
1952-10-31,0.55
1952-11-30,0.58
1952-12-31,0.54
1953-01-31,0.81
1953-02-28,0.8
1953-03-31,0.03
1953-04-30,1.09
1953-05-31,0.69
1953-06-30,0.72
1953-07-31,0.52
1953-08-31,0.16
1953-09-30,0.51
1953-10-31,-0.89
1953-11-30,-0.13
1953-12-31,-0.55
1954-01-31,0.55
1954-02-28,0.52
1954-03-31,0.51
1954-04-30,1.31
1954-05-31,0.54
1954-06-30,0.88
1954-07-31,0.12
1954-08-31,0.12
1954-09-30,0.53
1954-10-31,1.76
1954-11-30,1.76
1954-12-31,2.09
1955-01-31,2.28
1955-02-28,2.23
1955-03-31,2.21
1955-04-30,2.92
1955-05-31,2.84
1955-06-30,2.76
1955-07-31,1.91
1955-08-31,2.22
1955-09-30,1.81
1955-10-31,1.73
1955-11-30,1.72
1955-12-31,2.06
1956-01-31,0.65
1956-02-29,0.65
1956-03-31,0.64
1956-04-30,-1.19
1956-05-31,-1.18
1956-06-30,-1.58
1956-07-31,-2.01
1956-08-31,-0.93
1956-09-30,-1.7
1956-10-31,-0.84
1956-11-30,-0.48
1956-12-31,-0.85
1957-01-31,-0.1
1957-02-28,-0.47
1957-03-31,-0.44
1957-04-30,-0.17
1957-05-31,-0.17
1957-06-30,-0.15
1957-07-31,-0.22
1957-08-31,0.47
1957-09-30,0.5
1957-10-31,-0.96
1957-11-30,-1.32
1957-12-31,-0.99
1958-01-31,-2.96
1958-02-28,-2.31
1958-03-31,-3.07
1958-04-30,-2.56
1958-05-31,-2.28
1958-06-30,-2.33
1958-07-31,-0.93
1958-08-31,-0.21
1958-09-30,-0.57
1958-10-31,0.12
1958-11-30,-0.24
1958-12-31,0.46
1959-01-31,2.18
1959-02-28,2.85
1959-03-31,2.42
1959-04-30,2.73
1959-05-31,3.01
1959-06-30,2.58
1959-07-31,-0.05
1959-08-31,0.31
1959-09-30,-0.05
1959-10-31,-0.72
1959-11-30,-0.39
1959-12-31,-0.39
1960-01-31,0.34
1960-02-29,-0.34
1960-03-31,0.0
1960-04-30,-1.63
1960-05-31,-1.28
1960-06-30,-1.65
1960-07-31,0.11
1960-08-31,0.08
1960-09-30,0.11
1960-10-31,-0.69
1960-11-30,0.0
1960-12-31,0.0
1961-01-31,-1.82
1961-02-28,-1.86
1961-03-31,-1.92
1961-04-30,-0.64
1961-05-31,-0.65
1961-06-30,-0.65
1961-07-31,-0.48
1961-08-31,0.57
1961-09-30,-0.12
1961-10-31,1.55
1961-11-30,1.5
1961-12-31,1.47
1962-01-31,1.88
1962-02-28,1.51
1962-03-31,1.82
1962-04-30,0.65
1962-05-31,0.99
1962-06-30,0.96
1962-07-31,0.24
1962-08-31,0.58
1962-09-30,0.24
1962-10-31,1.33
1962-11-30,1.31
1962-12-31,1.27
1963-01-31,0.38
1963-02-28,0.35
1963-03-31,0.05
1963-04-30,1.17
1963-05-31,1.16
1963-06-30,0.8
1963-07-31,0.7
1963-08-31,1.03
1963-09-30,1.02
1963-10-31,0.19
1963-11-30,0.49
1963-12-31,0.19
1964-01-31,1.33
1964-02-29,1.31
1964-03-31,1.29
1964-04-30,1.19
1964-05-31,1.19
1964-06-30,0.83
1964-07-31,0.76
1964-08-31,1.4
1964-09-30,0.72
1964-10-31,0.59
1964-11-30,0.27
1964-12-31,0.61
1965-01-31,0.93
1965-02-28,0.95
1965-03-31,0.61
1965-04-30,0.83
1965-05-31,1.12
1965-06-30,0.48
1965-07-31,0.95
1965-08-31,0.96
1965-09-30,0.95
1965-10-31,1.08
1965-11-30,1.39
1965-12-31,1.05
1966-01-31,0.96
1966-02-28,0.33
1966-03-31,0.62
1966-04-30,0.13
1966-05-31,0.75
1966-06-30,0.43
1966-07-31,0.0
1966-08-31,-0.32
1966-09-30,0.31
1966-10-31,-0.36
1966-11-30,0.23
1966-12-31,0.23
1967-01-31,-0.59
1967-02-28,-0.6
1967-03-31,-0.91
1967-04-30,-1.05
1967-05-31,-1.04
1967-06-30,-1.05
1967-07-31,-0.47
1967-08-31,-0.49
1967-09-30,-0.48
1967-10-31,-0.12
1967-11-30,-0.12
1967-12-31,-0.1
1968-01-31,0.1
1968-02-29,0.38
1968-03-31,0.38
1968-04-30,0.52
1968-05-31,0.49
1968-06-30,0.21
1968-07-31,-0.04
1968-08-31,0.25
1968-09-30,0.24
1968-10-31,0.02
1968-11-30,0.3
1968-12-31,0.3
1969-01-31,0.06
1969-02-28,-0.21
1969-03-31,-0.49
1969-04-30,-0.45
1969-05-31,-0.15
1969-06-30,-0.43
1969-07-31,-0.27
1969-08-31,-0.25
1969-09-30,0.0
1969-10-31,-1.14
1969-11-30,-1.16
1969-12-31,-1.15
1970-01-31,-1.13
1970-02-28,-1.4
1970-03-31,-1.4
1970-04-30,-1.44
1970-05-31,-0.9
1970-06-30,-1.18
1970-07-31,-1.47
1970-08-31,-0.99
1970-09-30,-1.48
1970-10-31,-1.93
1970-11-30,-1.94
1970-12-31,-1.98
1971-01-31,0.59
1971-02-28,0.33
1971-03-31,0.33
1971-04-30,0.39
1971-05-31,0.14
1971-06-30,-0.12
1971-07-31,0.44
1971-08-31,0.44
1971-09-30,0.69
1971-10-31,1.41
1971-11-30,1.62
1971-12-31,1.13
1972-01-31,0.63
1972-02-29,0.15
1972-03-31,0.39
1972-04-30,0.67
1972-05-31,0.69
1972-06-30,0.66
1972-07-31,0.47
1972-08-31,0.69
1972-09-30,0.69
1972-10-31,1.04
1972-11-30,1.25
1972-12-31,1.24
1973-01-31,1.74
1973-02-28,1.22
1973-03-31,0.95
1973-04-30,1.41
1973-05-31,1.37
1973-06-30,1.31
1973-07-31,1.91
1973-08-31,0.25
1973-09-30,1.81
1973-10-31,1.14
1973-11-30,1.34
1973-12-31,1.29
1974-01-31,-0.03
1974-02-28,-0.48
1974-03-31,-0.47
1974-04-30,1.09
1974-05-31,0.24
1974-06-30,0.65
1974-07-31,0.59
1974-08-31,0.17
1974-09-30,0.17
1974-10-31,-1.77
1974-11-30,-1.59
1974-12-31,-1.58
1975-01-31,-2.02
1975-02-28,-2.44
1975-03-31,-2.07
1975-04-30,-2.3
1975-05-31,-2.53
1975-06-30,-2.74
1975-07-31,-1.94
1975-08-31,-1.02
1975-09-30,-1.41
1975-10-31,0.32
1975-11-30,0.11
1975-12-31,0.49
1976-01-31,2.74
1976-02-29,2.49
1976-03-31,2.59
1976-04-30,1.9
1976-05-31,1.5
1976-06-30,1.64
1976-07-31,0.54
1976-08-31,0.54
1976-09-30,0.72
1976-10-31,0.73
1976-11-30,1.07
1976-12-31,0.88
1977-01-31,0.05
1977-02-28,-0.46
1977-03-31,-0.11
1977-04-30,0.29
1977-05-31,0.61
1977-06-30,0.44
1977-07-31,0.42
1977-08-31,0.6
1977-09-30,0.58
1977-10-31,0.23
1977-11-30,0.07
1977-12-31,0.24
1978-01-31,-0.55
1978-02-28,-0.54
1978-03-31,-0.7
1978-04-30,0.14
1978-05-31,0.0
1978-06-30,-0.14
1978-07-31,0.23
1978-08-31,0.54
1978-09-30,0.23
1978-10-31,1.27
1978-11-30,1.7
1978-12-31,1.64
1979-01-31,1.73
1979-02-28,1.36
1979-03-31,1.47
1979-04-30,0.56
1979-05-31,0.4
1979-06-30,0.52
1979-07-31,0.44
1979-08-31,0.56
1979-09-30,0.42
1979-10-31,-0.28
1979-11-30,-0.4
1979-12-31,-0.53
1980-01-31,-0.47
1980-02-29,-0.46
1980-03-31,-0.57
1980-04-30,-1.86
1980-05-31,-1.75
1980-06-30,-1.86
1980-07-31,-0.67
1980-08-31,-1.38
1980-09-30,-1.51
1980-10-31,-0.54
1980-11-30,-0.4
1980-12-31,-0.53
1981-01-31,-1.34
1981-02-28,-1.57
1981-03-31,-1.22
1981-04-30,0.31
1981-05-31,0.18
1981-06-30,0.07
1981-07-31,-0.53
1981-08-31,-0.18
1981-09-30,-0.41
1981-10-31,-0.02
1981-11-30,-0.11
1981-12-31,-0.13
1982-01-31,-1.52
1982-02-28,-1.51
1982-03-31,-1.13
1982-04-30,-1.86
1982-05-31,-2.38
1982-06-30,-2.7
1982-07-31,-1.95
1982-08-31,-1.65
1982-09-30,-1.68
1982-10-31,-2.56
1982-11-30,-2.13
1982-12-31,-1.95
1983-01-31,-0.79
1983-02-28,-0.68
1983-03-31,-0.59
1983-04-30,-0.26
1983-05-31,-0.14
1983-06-30,0.14
1983-07-31,1.48
1983-08-31,1.53
1983-09-30,1.3
1983-10-31,1.54
1983-11-30,1.6
1983-12-31,1.64
1984-01-31,2.32
1984-02-29,2.35
1984-03-31,2.55
1984-04-30,1.57
1984-05-31,1.7
1984-06-30,1.7
1984-07-31,0.35
1984-08-31,0.35
1984-09-30,0.25
1984-10-31,-0.13
1984-11-30,0.17
1984-12-31,0.15
1985-01-31,-0.69
1985-02-28,-0.96
1985-03-31,-0.88
1985-04-30,-2.04
1985-05-31,-1.99
1985-06-30,-1.9
1985-07-31,-1.0
1985-08-31,-1.01
1985-09-30,-1.09
1985-10-31,-1.72
1985-11-30,-1.64
1985-12-31,-1.67
1986-01-31,-0.48
1986-02-28,0.07
1986-03-31,0.25
1986-04-30,0.61
1986-05-31,0.16
1986-06-30,-0.11
1986-07-31,0.32
1986-08-31,0.13
1986-09-30,-0.13
1986-10-31,-0.92
1986-11-30,-0.93
1986-12-31,-0.94
1987-01-31,0.79
1987-02-28,1.05
1987-03-31,0.93
1987-04-30,-2.02
1987-05-31,-1.88
1987-06-30,-1.89
1987-07-31,3.08
1987-08-31,2.66
1987-09-30,2.59
1987-10-31,3.18
1987-11-30,3.23
1987-12-31,3.24
1988-01-31,1.8
1988-02-29,1.79
1988-03-31,1.54
1988-04-30,4.99
1988-05-31,4.86
1988-06-30,4.53
1988-07-31,1.2
1988-08-31,1.17
1988-09-30,0.9
1988-10-31,1.18
1988-11-30,1.4
1988-12-31,1.24
1989-01-31,1.2
1989-02-28,1.26
1989-03-31,1.05
1989-04-30,-0.3
1989-05-31,-0.22
1989-06-30,0.1
1989-07-31,-2.26
1989-08-31,-2.23
1989-09-30,-2.42
1989-10-31,-1.63
1989-11-30,-1.4
1989-12-31,-1.33
1990-01-31,-2.76
1990-02-28,-2.23
1990-03-31,-2.35
1990-04-30,-0.79
1990-05-31,-0.85
1990-06-30,-1.19
1990-07-31,0.37
1990-08-31,-0.17
1990-09-30,-0.09
1990-10-31,-1.22
1990-11-30,-0.82
1990-12-31,-0.62
1991-01-31,-1.22
1991-02-28,-0.79
1991-03-31,-0.77
1991-04-30,-2.58
1991-05-31,-2.79
1991-06-30,-2.84
1991-07-31,-2.89
1991-08-31,-3.08
1991-09-30,-3.31
1991-10-31,-3.61
1991-11-30,-3.85
1991-12-31,-3.8
1992-01-31,0.31
1992-02-29,0.1
1992-03-31,-0.05
1992-04-30,1.62
1992-05-31,1.59
1992-06-30,1.36
1992-07-31,1.72
1992-08-31,1.62
1992-09-30,1.57
1992-10-31,1.59
1992-11-30,1.75
1992-12-31,1.93
1993-01-31,0.81
1993-02-28,0.96
1993-03-31,0.91
1993-04-30,-1.12
1993-05-31,-1.02
1993-06-30,-1.01
1993-07-31,1.88
1993-08-31,1.53
1993-09-30,1.6
1993-10-31,2.0
1993-11-30,2.28
1993-12-31,2.31
1994-01-31,0.97
1994-02-28,0.88
1994-03-31,0.89
1994-04-30,3.51
1994-05-31,3.45
1994-06-30,3.06
1994-07-31,2.53
1994-08-31,2.34
1994-09-30,2.39
1994-10-31,3.91
1994-11-30,3.7
1994-12-31,3.7
1995-01-31,1.72
1995-02-28,1.67
1995-03-31,1.69
1995-04-30,1.59
1995-05-31,1.69
1995-06-30,1.65
1995-07-31,0.72
1995-08-31,0.47
1995-09-30,0.52
1995-10-31,-1.48
1995-11-30,-1.11
1995-12-31,-1.11
1996-01-31,-0.51
1996-02-29,-0.25
1996-03-31,-0.44
1996-04-30,0.47
1996-05-31,0.65
1996-06-30,0.78
1996-07-31,0.84
1996-08-31,0.84
1996-09-30,0.7
1996-10-31,2.2
1996-11-30,2.27
1996-12-31,2.41
1997-01-31,0.98
1997-02-28,0.97
1997-03-31,1.01
1997-04-30,0.13
1997-05-31,0.31
1997-06-30,0.13
1997-07-31,-0.05
1997-08-31,-0.11
1997-09-30,-0.18
1997-10-31,-1.0
1997-11-30,-0.7
1997-12-31,-0.65
1998-01-31,-0.33
1998-02-28,-0.33
1998-03-31,-0.33
1998-04-30,-0.67
1998-05-31,-0.66
1998-06-30,-0.6
1998-07-31,-0.87
1998-08-31,-0.88
1998-09-30,-0.89
1998-10-31,-0.57
1998-11-30,-0.34
1998-12-31,-0.26
1999-01-31,0.34
1999-02-28,0.46
1999-03-31,0.29
1999-04-30,1.55
1999-05-31,2.24
1999-06-30,2.19
1999-07-31,2.09
1999-08-31,2.08
1999-09-30,1.8
1999-10-31,3.01
1999-11-30,3.03
1999-12-31,3.0
2000-01-31,1.62
2000-02-29,1.29
2000-03-31,1.02
2000-04-30,0.58
2000-05-31,0.52
2000-06-30,0.1
2000-07-31,0.9
2000-08-31,1.13
2000-09-30,0.6
2000-10-31,-2.47
2000-11-30,-2.41
2000-12-31,-2.35
2001-01-31,-3.65
2001-02-28,-3.52
2001-03-31,-3.46
2001-04-30,-6.72
2001-05-31,-7.2
2001-06-30,-7.42
2001-07-31,-7.43
2001-08-31,-8.31
2001-09-30,-9.49
2001-10-31,-3.93
2001-11-30,-4.31
2001-12-31,-4.27
2002-01-31,-0.22
2002-02-28,-0.37
2002-03-31,-0.55
2002-04-30,2.17
2002-05-31,2.68
2002-06-30,2.55
2002-07-31,3.99
2002-08-31,3.62
2002-09-30,3.61
2002-10-31,-2.86
2002-11-30,-2.8
2002-12-31,-2.67
2003-01-31,2.84
2003-02-28,2.41
2003-03-31,2.47
2003-04-30,4.89
2003-05-31,4.61
2003-06-30,4.14
2003-07-31,3.77
2003-08-31,3.35
2003-09-30,3.27
2003-10-31,8.9
2003-11-30,8.36
2003-12-31,7.59
2004-01-31,1.73
2004-02-29,1.63
2004-03-31,1.48
2004-04-30,2.34
2004-05-31,1.99
2004-06-30,2.2
2004-07-31,1.13
2004-08-31,0.9
2004-09-30,0.73
2004-10-31,-0.08
2004-11-30,0.4
2004-12-31,0.81
2005-01-31,0.74
2005-02-28,0.36
2005-03-31,0.15
2005-04-30,1.01
2005-05-31,1.75
2005-06-30,1.58
2005-07-31,1.22
2005-08-31,1.15
2005-09-30,0.41
2005-10-31,1.48
2005-11-30,2.48
2005-12-31,2.05
2006-01-31,0.59
2006-02-28,1.13
2006-03-31,0.76
2006-04-30,-0.02
2006-05-31,0.33
2006-06-30,0.62
2006-07-31,1.53
2006-08-31,1.59
2006-09-30,2.26
2006-10-31,1.8
2006-11-30,1.38
2006-12-31,1.07
2007-01-31,0.36
2007-02-28,0.13
2007-03-31,-0.25
2007-04-30,0.06
2007-05-31,0.09
2007-06-30,0.51
2007-07-31,-2.46
2007-08-31,-2.36
2007-09-30,-2.88
2007-10-31,-5.47
2007-11-30,-6.12
2007-12-31,-5.82
2008-01-31,-3.4
2008-02-29,-3.28
2008-03-31,-3.93
2008-04-30,-5.55
2008-05-31,-6.03
2008-06-30,-6.48
2008-07-31,-4.01
2008-08-31,-3.27
2008-09-30,-3.65
2008-10-31,-21.74
2008-11-30,-27.71
2008-12-31,-40.43
2009-01-31,-18.31
2009-02-28,-22.26
2009-03-31,-28.23
2009-04-30,2.91
2009-05-31,2.74
2009-06-30,2.13
2009-07-31,22.52
2009-08-31,17.96
2009-09-30,15.34
2009-10-31,101.98
2009-11-30,50.44
2009-12-31,33.8
2010-01-31,6.15
2010-02-28,6.09
2010-03-31,5.33
2010-04-30,3.19
2010-05-31,3.19
2010-06-30,3.27
2010-07-31,2.34
2010-08-31,2.16
2010-09-30,2.2
2010-10-31,2.42
2010-11-30,2.44
2010-12-31,2.25
2011-01-31,1.23
2011-02-28,1.18
2011-03-31,0.67
2011-04-30,0.4
2011-05-31,0.57
2011-06-30,1.14
2011-07-31,1.14
2011-08-31,0.94
2011-09-30,1.05
2011-10-31,0.2
2011-11-30,0.07
2011-12-31,0.24
2012-01-31,0.17
2012-02-29,0.16
2012-03-31,-0.16
2012-04-30,-0.53
2012-05-31,-0.11
2012-06-30,-0.09
2012-07-31,-0.37
2012-08-31,-1.09
2012-09-30,-0.99
2012-10-31,0.05
2012-11-30,0.48
2012-12-31,0.27
2013-01-31,0.16
2013-02-28,-0.36
2013-03-31,0.19
2013-04-30,1.34
2013-05-31,1.04
2013-06-30,0.97
2013-07-31,1.21
2013-08-31,1.11
2013-09-30,1.11
2013-10-31,2.32
2013-11-30,2.22
2013-12-31,1.99
2014-01-31,-0.15
2014-02-28,-0.16
2014-03-31,-0.42
2014-04-30,0.42
2014-05-31,0.39
2014-06-30,0.56
2014-07-31,0.96
2014-08-31,1.07
2014-09-30,0.83
2014-10-31,-0.9
2014-11-30,-0.62
2014-12-31,-0.61
2015-01-31,-0.53
2015-02-28,-1.44
2015-03-31,-1.6
2015-04-30,-1.66
2015-05-31,-1.98
2015-06-30,-1.85
2015-07-31,-1.5
2015-08-31,-1.38
2015-09-30,-1.38
2015-10-31,-1.48
2015-11-30,-1.33
2015-12-31,-1.23
2016-01-31,-0.2
2016-02-29,-0.12
2016-03-31,-0.47
2016-04-30,-0.28
2016-05-31,-0.22
2016-06-30,-0.14
2016-07-31,0.99
2016-08-31,0.73
2016-09-30,0.58
2016-10-31,1.92
2016-11-30,2.16
2016-12-31,1.93
2017-01-31,1.43
2017-02-28,1.66
2017-03-31,1.87
2017-04-30,0.93
2017-05-31,1.14
2017-06-30,1.12
2017-07-31,1.06
2017-08-31,0.67
2017-09-30,0.43
2017-10-31,0.94
2017-11-30,0.86
2017-12-31,0.91
2018-01-31,1.13
2018-02-28,1.2
2018-03-31,1.4
2018-04-30,1.63
2018-05-31,1.57
2018-06-30,1.79
2018-07-31,2.15
2018-08-31,2.05
2018-09-30,1.94
2018-10-31,0.33
2018-11-30,0.85
2018-12-31,0.83
2019-01-31,0.31
2019-02-28,0.08
2019-03-31,-0.06
2019-04-30,-0.32
2019-05-31,0.01
2019-06-30,0.2
2019-07-31,-0.75
2019-08-31,-0.58
2019-09-30,-0.67
2019-10-31,1.42
2019-11-30,1.68
2019-12-31,1.69
2020-01-31,-5.9
2020-02-29,-6.11
2020-03-31,-6.02
2020-04-30,-4.26
2020-05-31,-5.15
2020-06-30,-5.95
2020-07-31,-0.83
2020-08-31,-0.66
2020-09-30,-0.48
2020-10-31,-1.43
2020-11-30,-1.35
2020-12-31,-1.52
2021-01-31,11.59
2021-02-28,10.17
2021-03-31,8.94
2021-04-30,7.07
2021-05-31,6.5
2021-06-30,5.87
2021-07-31,3.0
2021-08-31,3.16
2021-09-30,2.98
2021-10-31,3.42
2021-11-30,3.6
2021-12-31,3.62
2022-01-31,-0.83
2022-02-28,-0.9
2022-03-31,-1.31
2022-04-30,-1.5
2022-05-31,-2.04
2022-06-30,-2.31
2022-07-31,-0.89
2022-08-31,-0.87
2022-09-30,-1.13
2022-10-31,-2.95
2022-11-30,-2.52
2022-12-31,-2.39
2023-01-31,-0.33
2023-02-28,-0.09
2023-03-31,0.13
2023-04-30,0.6
2023-05-31,0.85
2023-06-30,0.76
2023-07-31,0.41
2023-08-31,0.15
2023-09-30,0.34
2023-10-31,1.52
2023-11-30,1.66
2023-12-31,1.54
2024-01-31,-0.72
2024-02-29,-0.8
2024-03-31,-0.82
2024-04-30,0.4
2024-05-31,0.62
2024-06-30,0.74
2024-07-31,0.62
2024-08-31,0.65
2024-09-30,0.57
2024-10-31,1.53
2024-11-30,1.68
2024-12-31,1.56
2025-01-31,0.38
2025-02-28,0.58
2025-03-31,0.79
2025-04-30,0.59
2025-05-31,0.68
2025-06-30,0.54
2025-07-31,1.57
2025-08-31,1.41
2025-09-30,1.41
2025-10-31,2.53
2025-11-30,0.86
2025-12-31,0.77
2026-01-31,2.54
2026-02-28,2.36
2026-03-31,1.69
