date,"Typical Home Value (Zillow ZHVI, SA) Period Chg","Typical Rent (Zillow ZORI, All Homes + Multifamily) Period Chg","For-Sale Inventory (Zillow, smoothed) Period Chg",Sales Count Nowcast (Zillow) Period Chg
2000-02-29,0.18,,,
2000-03-31,0.22,,,
2000-04-30,0.47,,,
2000-05-31,0.53,,,
2000-06-30,0.57,,,
2000-07-31,0.6,,,
2000-08-31,0.64,,,
2000-09-30,0.67,,,
2000-10-31,0.66,,,
2000-11-30,0.66,,,
2000-12-31,0.65,,,
2001-01-31,0.59,,,
2001-02-28,0.52,,,
2001-03-31,0.5,,,
2001-04-30,0.54,,,
2001-05-31,0.58,,,
2001-06-30,0.59,,,
2001-07-31,0.61,,,
2001-08-31,0.63,,,
2001-09-30,0.63,,,
2001-10-31,0.62,,,
2001-11-30,0.58,,,
2001-12-31,0.54,,,
2002-01-31,0.47,,,
2002-02-28,0.45,,,
2002-03-31,0.46,,,
2002-04-30,0.5,,,
2002-05-31,0.54,,,
2002-06-30,0.59,,,
2002-07-31,0.64,,,
2002-08-31,0.68,,,
2002-09-30,0.68,,,
2002-10-31,0.68,,,
2002-11-30,0.64,,,
2002-12-31,0.62,,,
2003-01-31,0.56,,,
2003-02-28,0.53,,,
2003-03-31,0.53,,,
2003-04-30,0.57,,,
2003-05-31,0.62,,,
2003-06-30,0.64,,,
2003-07-31,0.67,,,
2003-08-31,0.71,,,
2003-09-30,0.75,,,
2003-10-31,0.75,,,
2003-11-30,0.69,,,
2003-12-31,0.64,,,
2004-01-31,0.61,,,
2004-02-29,0.65,,,
2004-03-31,0.71,,,
2004-04-30,0.79,,,
2004-05-31,0.88,,,
2004-06-30,0.95,,,
2004-07-31,1.02,,,
2004-08-31,1.02,,,
2004-09-30,1.0,,,
2004-10-31,0.95,,,
2004-11-30,0.88,,,
2004-12-31,0.86,,,
2005-01-31,0.82,,,
2005-02-28,0.83,,,
2005-03-31,0.85,,,
2005-04-30,0.95,,,
2005-05-31,1.0,,,
2005-06-30,1.04,,,
2005-07-31,1.04,,,
2005-08-31,1.04,,,
2005-09-30,1.01,,,
2005-10-31,0.95,,,
2005-11-30,0.86,,,
2005-12-31,0.77,,,
2006-01-31,0.65,,,
2006-02-28,0.6,,,
2006-03-31,0.6,,,
2006-04-30,0.64,,,
2006-05-31,0.63,,,
2006-06-30,0.55,,,
2006-07-31,0.43,,,
2006-08-31,0.33,,,
2006-09-30,0.22,,,
2006-10-31,0.15,,,
2006-11-30,0.08,,,
2006-12-31,0.05,,,
2007-01-31,0.02,,,
2007-02-28,0.02,,,
2007-03-31,0.01,,,
2007-04-30,0.01,,,
2007-05-31,-0.04,,,
2007-06-30,-0.13,,,
2007-07-31,-0.24,,,
2007-08-31,-0.28,,,
2007-09-30,-0.33,,,
2007-10-31,-0.36,,,
2007-11-30,-0.43,,,
2007-12-31,-0.46,,,
2008-01-31,-0.53,,,
2008-02-29,-0.59,,,
2008-03-31,-0.66,,,15.77
2008-04-30,-0.72,,,10.93
2008-05-31,-0.76,,,10.32
2008-06-30,-0.8,,,4.51
2008-07-31,-0.86,,,0.93
2008-08-31,-0.96,,,-5.57
2008-09-30,-0.98,,,-5.88
2008-10-31,-0.97,,,-3.44
2008-11-30,-0.96,,,-26.44
2008-12-31,-0.96,,,13.74
2009-01-31,-0.94,,,-24.57
2009-02-28,-0.81,,,8.88
2009-03-31,-0.75,,,27.31
2009-04-30,-0.71,,,6.32
2009-05-31,-0.73,,,8.83
2009-06-30,-0.69,,,18.46
2009-07-31,-0.63,,,2.29
2009-08-31,-0.58,,,-8.91
2009-09-30,-0.54,,,-1.52
2009-10-31,-0.44,,,5.3
2009-11-30,-0.25,,,-7.17
2009-12-31,-0.11,,,-6.98
2010-01-31,-0.04,,,-30.27
2010-02-28,-0.04,,,6.04
2010-03-31,-0.0,,,48.62
2010-04-30,0.06,,,7.14
2010-05-31,0.03,,,3.15
2010-06-30,-0.08,,,10.22
2010-07-31,-0.31,,,-27.8
2010-08-31,-0.46,,,1.63
2010-09-30,-0.58,,,3.98
2010-10-31,-0.6,,,-12.69
2010-11-30,-0.61,,,-4.54
2010-12-31,-0.57,,,12.36
2011-01-31,-0.53,,,-23.39
2011-02-28,-0.5,,,1.59
2011-03-31,-0.48,,,36.57
2011-04-30,-0.5,,,0.64
2011-05-31,-0.53,,,6.17
2011-06-30,-0.52,,,11.92
2011-07-31,-0.44,,,-10.78
2011-08-31,-0.37,,,8.38
2011-09-30,-0.32,,,-10.77
2011-10-31,-0.32,,,-7.61
2011-11-30,-0.27,,,-4.1
2011-12-31,-0.24,,,7.93
2012-01-31,-0.14,,,-20.27
2012-02-29,-0.01,,,7.97
2012-03-31,0.13,,,27.03
2012-04-30,0.23,,,2.16
2012-05-31,0.28,,,15.11
2012-06-30,0.33,,,4.49
2012-07-31,0.36,,,-6.6
2012-08-31,0.31,,,7.96
2012-09-30,0.35,,,-18.67
2012-10-31,0.38,,,10.47
2012-11-30,0.45,,,-7.26
2012-12-31,0.47,,,-0.18
2013-01-31,0.53,,,-17.28
2013-02-28,0.57,,,0.22
2013-03-31,0.59,,,27.62
2013-04-30,0.64,,,11.56
2013-05-31,0.74,,,14.93
2013-06-30,0.82,,,-2.07
2013-07-31,0.74,,,5.57
2013-08-31,0.71,,,-0.87
2013-09-30,0.65,,,-15.18
2013-10-31,0.71,,,0.06
2013-11-30,0.58,,,-14.22
2013-12-31,0.53,,,3.55
2014-01-31,0.46,,,-21.55
2014-02-28,0.49,,,-1.41
2014-03-31,0.49,,,24.23
2014-04-30,0.49,,,13.51
2014-05-31,0.55,,,12.73
2014-06-30,0.49,,,6.26
2014-07-31,0.48,,,0.73
2014-08-31,0.36,,,-4.58
2014-09-30,0.34,,,-7.69
2014-10-31,0.22,,,3.58
2014-11-30,0.29,,,-22.91
2014-12-31,0.35,,,16.01
2015-01-31,0.43,,,-26.78
2015-02-28,0.43,0.55,,4.2
2015-03-31,0.44,0.75,,35.36
2015-04-30,0.47,0.76,,8.47
2015-05-31,0.52,0.74,,8.58
2015-06-30,0.5,0.64,,16.05
2015-07-31,0.51,0.47,,-0.47
2015-08-31,0.53,0.3,,-9.15
2015-09-30,0.59,0.16,,-5.09
2015-10-31,0.61,0.03,,-5.13
2015-11-30,0.55,0.03,,-21.65
2015-12-31,0.54,0.03,,20.15
2016-01-31,0.58,0.25,,-26.29
2016-02-29,0.58,0.39,,5.67
2016-03-31,0.43,0.49,,30.7
2016-04-30,0.39,0.64,,7.06
2016-05-31,0.39,0.66,,11.65
2016-06-30,0.47,0.66,,12.58
2016-07-31,0.36,0.36,,-11.68
2016-08-31,0.33,0.16,,6.32
2016-09-30,0.36,-0.02,,-9.77
2016-10-31,0.46,-0.11,,-8.05
2016-11-30,0.51,-0.1,,-5.89
2016-12-31,0.53,-0.05,,2.92
2017-01-31,0.53,0.36,,-21.96
2017-02-28,0.55,0.61,,-2.06
2017-03-31,0.56,0.9,,41.91
2017-04-30,0.61,0.76,,-3.35
2017-05-31,0.54,0.71,,21.81
2017-06-30,0.5,0.54,,9.41
2017-07-31,0.43,0.36,,-14.25
2017-08-31,0.43,0.11,,7.55
2017-09-30,0.45,0.01,,-15.17
2017-10-31,0.51,-0.12,,-1.3
2017-11-30,0.55,-0.01,,-9.12
2017-12-31,0.57,0.06,,-2.37
2018-01-31,0.56,0.36,,-20.56
2018-02-28,0.54,0.56,,-0.58
2018-03-31,0.62,0.72,,36.15
2018-04-30,0.56,0.71,5.53,5.7
2018-05-31,0.55,0.6,6.15,15.49
2018-06-30,0.39,0.55,4.28,5.88
2018-07-31,0.5,0.38,2.92,-6.83
2018-08-31,0.47,0.22,1.42,3.93
2018-09-30,0.48,-0.06,-0.59,-21.9
2018-10-31,0.33,-0.05,-1.26,7.29
2018-11-30,0.33,0.05,-3.48,-11.79
2018-12-31,0.35,0.16,-6.1,-9.37
2019-01-31,0.42,0.29,-5.8,-18.96
2019-02-28,0.48,0.43,-3.24,6.67
2019-03-31,0.51,0.74,3.16,28.55
2019-04-30,0.45,0.73,4.52,12.88
2019-05-31,0.34,0.7,5.85,16.8
2019-06-30,0.29,0.56,3.79,-3.46
2019-07-31,0.27,0.39,1.71,3.1
2019-08-31,0.3,0.19,-0.29,-1.34
2019-09-30,0.26,-0.04,-1.38,-14.91
2019-10-31,0.36,-0.11,-1.85,3.37
2019-11-30,0.49,-0.08,-4.53,-15.19
2019-12-31,0.57,0.08,-7.63,4.46
2020-01-31,0.63,0.35,-7.3,-19.7
2020-02-29,0.61,0.56,-3.8,0.5
2020-03-31,0.63,0.59,1.83,24.83
2020-04-30,0.54,0.1,-0.71,-13.03
2020-05-31,0.3,-0.0,1.4,-1.88
2020-06-30,0.17,0.07,0.17,39.65
2020-07-31,0.27,0.37,1.89,19.19
2020-08-31,0.64,0.1,-1.5,-3.62
2020-09-30,1.1,-0.18,-3.17,0.82
2020-10-31,1.33,-0.21,-4.27,2.12
2020-11-30,1.48,-0.11,-7.14,-14.72
2020-12-31,1.42,0.14,-9.85,7.47
2021-01-31,1.35,0.57,-7.64,-25.73
2021-02-28,1.36,0.85,-7.16,-1.02
2021-03-31,1.4,1.05,0.06,36.27
2021-04-30,1.51,1.24,0.03,5.7
2021-05-31,1.65,1.63,5.87,1.14
2021-06-30,1.75,1.9,4.7,17.16
2021-07-31,1.54,1.94,5.17,-6.29
2021-08-31,1.08,1.78,4.2,-1.45
2021-09-30,0.65,1.41,1.14,-6.32
2021-10-31,0.63,0.87,-1.49,-4.41
2021-11-30,0.86,0.57,-6.55,-3.86
2021-12-31,1.04,0.55,-11.1,0.54
2022-01-31,1.42,0.64,-12.4,-25.25
2022-02-28,1.68,0.88,-9.03,-2.86
2022-03-31,1.94,0.9,2.83,31.83
2022-04-30,1.9,1.17,6.54,-0.41
2022-05-31,1.67,1.18,11.08,5.76
2022-06-30,1.37,1.21,10.06,3.93
2022-07-31,0.71,0.99,9.13,-14.66
2022-08-31,0.11,0.55,5.69,4.24
2022-09-30,-0.37,0.11,0.86,-11.27
2022-10-31,-0.35,-0.26,-1.49,-12.69
2022-11-30,-0.29,-0.33,-4.84,-13.78
2022-12-31,-0.27,-0.15,-7.43,-4.8
2023-01-31,-0.35,0.11,-7.51,-22.57
2023-02-28,-0.26,0.37,-6.01,9.77
2023-03-31,-0.02,0.7,0.54,36.7
2023-04-30,0.28,0.6,1.24,-7.62
2023-05-31,0.48,0.66,4.02,23.06
2023-06-30,0.57,0.38,3.0,6.56
2023-07-31,0.51,0.47,2.66,-14.43
2023-08-31,0.47,0.24,2.06,9.48
2023-09-30,0.35,0.02,0.86,-13.62
2023-10-31,0.26,-0.19,1.57,-3.98
2023-11-30,0.19,-0.29,-0.83,-12.54
2023-12-31,0.12,-0.14,-4.0,-4.38
2024-01-31,0.12,0.16,-4.53,-14.72
2024-02-29,0.22,0.42,-1.58,10.57
2024-03-31,0.44,0.58,4.3,20.4
2024-04-30,0.52,0.58,5.91,12.81
2024-05-31,0.4,0.6,7.29,10.48
2024-06-30,0.16,0.52,6.53,-7.17
2024-07-31,0.04,0.4,4.93,5.33
2024-08-31,0.07,0.17,2.52,-2.62
2024-09-30,0.13,-0.01,0.94,-13.81
2024-10-31,0.16,-0.2,0.36,7.28
2024-11-30,0.14,-0.19,-1.99,-13.66
2024-12-31,0.2,-0.13,-5.1,3.35
2025-01-31,0.17,0.22,-4.59,-19.19
2025-02-28,0.13,0.44,-1.81,3.03
2025-03-31,-0.08,0.63,5.21,22.97
2025-04-30,-0.15,0.55,6.35,12.05
2025-05-31,-0.19,0.47,8.16,8.4
2025-06-30,-0.17,0.34,5.32,2.14
2025-07-31,-0.12,0.19,3.29,-0.61
2025-08-31,-0.06,0.06,0.51,-4.45
2025-09-30,0.07,-0.07,-0.51,-4.28
2025-10-31,0.12,-0.19,-0.75,1.6
2025-11-30,0.19,-0.3,-2.94,-20.51
2025-12-31,0.22,-0.24,-6.29,15.08
2026-01-31,0.21,0.07,-6.51,-28.33
2026-02-28,0.2,0.38,-3.72,8.11
2026-03-31,0.13,0.57,3.54,29.62
2026-04-30,0.6,1.01,5.49,8.96
2026-05-31,0.58,1.1,6.68,6.81
