date,Median Existing-Home Price / Median Household Income YoY Chg
1984-12-01,2.0
1985-01-01,-0.92
1985-02-01,-1.63
1985-03-01,-1.37
1985-04-01,-1.52
1985-05-01,-1.82
1985-06-01,-1.07
1985-07-01,-1.9
1985-08-01,-0.31
1985-09-01,0.19
1985-10-01,-0.72
1985-11-01,-1.12
1985-12-01,-0.62
1986-01-01,-0.9
1986-02-01,-0.8
1986-03-01,1.49
1986-04-01,1.71
1986-05-01,4.93
1986-06-01,2.41
1986-07-01,-1.17
1986-08-01,0.76
1986-09-01,0.37
1986-10-01,0.16
1986-11-01,1.83
1986-12-01,1.53
1987-01-01,2.75
1987-02-01,5.69
1987-03-01,2.0
1987-04-01,2.45
1987-05-01,-1.23
1987-06-01,-0.63
1987-07-01,5.58
1987-08-01,0.79
1987-09-01,1.74
1987-10-01,1.79
1987-11-01,1.02
1987-12-01,0.99
1988-01-01,1.7
1988-02-01,-0.61
1988-03-01,-0.12
1988-04-01,-2.06
1988-05-01,-0.3
1988-06-01,0.52
1988-07-01,-1.68
1988-08-01,1.24
1988-09-01,-0.94
1988-10-01,0.59
1988-11-01,-0.37
1988-12-01,-0.61
1989-01-01,-7.82
1989-02-01,-6.77
1989-03-01,-6.55
1989-04-01,-4.86
1989-05-01,-6.75
1989-06-01,-6.46
1989-07-01,-5.7
1989-08-01,-5.09
1989-09-01,-4.0
1989-10-01,-5.51
1989-11-01,-3.14
1989-12-01,-4.42
1990-01-01,1.91
1990-02-01,-0.03
1990-03-01,1.61
1990-04-01,0.49
1990-05-01,-0.29
1990-06-01,3.13
1990-07-01,1.02
1990-08-01,-3.1
1990-09-01,-1.73
1990-10-01,-2.88
1990-11-01,-5.46
1990-12-01,-4.5
1991-01-01,1.45
1991-02-01,0.46
1991-03-01,2.35
1991-04-01,4.4
1991-05-01,5.88
1991-06-01,2.6
1991-07-01,5.33
1991-08-01,6.54
1991-09-01,5.12
1991-10-01,7.01
1991-11-01,6.62
1991-12-01,8.75
1992-01-01,3.96
1992-02-01,5.5
1992-03-01,2.74
1992-04-01,0.46
1992-05-01,-0.03
1992-06-01,0.82
1992-07-01,-2.93
1992-08-01,-0.27
1992-09-01,0.87
1992-10-01,1.81
1992-11-01,2.05
1992-12-01,0.65
1993-01-01,-1.93
1993-02-01,-3.04
1993-03-01,-1.9
1993-04-01,-0.25
1993-05-01,0.74
1993-06-01,2.63
1993-07-01,3.61
1993-08-01,2.77
1993-09-01,2.58
1993-10-01,1.69
1993-11-01,2.81
1993-12-01,2.89
1994-01-01,3.47
1994-02-01,2.49
1994-03-01,1.19
1994-04-01,1.36
1994-05-01,1.59
1994-06-01,0.94
1994-07-01,1.07
1994-08-01,1.51
1994-09-01,-0.72
1994-10-01,-0.72
1994-11-01,-0.93
1994-12-01,-0.75
1995-01-01,-4.8
1995-02-01,-4.52
1995-03-01,-4.42
1995-04-01,-5.43
1995-05-01,-5.07
1995-06-01,-2.86
1995-07-01,-1.71
1995-08-01,-1.4
1995-09-01,-0.21
1995-10-01,-0.97
1995-11-01,-0.45
1995-12-01,-1.35
1996-01-01,2.84
1996-02-01,2.29
1996-03-01,3.14
1996-04-01,3.74
1996-05-01,3.08
1996-06-01,1.38
1996-07-01,0.09
1996-08-01,-0.95
1996-09-01,-1.15
1996-10-01,-1.04
1996-11-01,-0.79
1996-12-01,0.49
1997-01-01,-0.19
1997-02-01,-0.38
1997-03-01,-0.38
1997-04-01,-0.31
1997-05-01,0.74
1997-06-01,-0.27
1997-07-01,0.42
1997-08-01,1.46
1997-09-01,2.42
1997-10-01,2.17
1997-11-01,1.54
1997-12-01,1.64
1998-01-01,0.57
1998-02-01,0.93
1998-03-01,0.82
1998-04-01,0.94
1998-05-01,1.44
1998-06-01,0.36
1998-07-01,1.07
1998-08-01,-0.91
1998-09-01,-0.54
1998-10-01,-0.15
1998-11-01,0.6
1998-12-01,-1.31
1999-01-01,3.0
1999-02-01,2.29
1999-03-01,2.75
1999-04-01,1.76
1999-05-01,1.57
1999-06-01,3.35
1999-07-01,1.42
1999-08-01,3.0
1999-09-01,3.4
1999-10-01,2.19
1999-11-01,1.92
1999-12-01,2.63
2000-01-01,-0.88
2000-02-01,1.37
2000-03-01,0.55
2000-04-01,1.28
2000-05-01,0.48
2000-06-01,-1.03
2000-07-01,1.77
2000-08-01,0.38
2000-09-01,1.77
2000-10-01,0.48
2000-11-01,1.12
2000-12-01,1.83
2001-01-01,3.06
2001-02-01,3.77
2001-03-01,5.17
2001-04-01,4.41
2001-05-01,5.03
2001-06-01,7.67
2001-07-01,5.51
2001-08-01,6.93
2001-09-01,3.48
2001-10-01,5.03
2001-11-01,4.96
2001-12-01,9.04
2002-01-01,9.37
2002-02-01,7.94
2002-03-01,7.04
2002-04-01,7.7
2002-05-01,7.55
2002-06-01,8.45
2002-07-01,7.88
2002-08-01,5.92
2002-09-01,7.4
2002-10-01,10.19
2002-11-01,10.06
2002-12-01,7.09
2003-01-01,4.81
2003-02-01,4.84
2003-03-01,4.7
2003-04-01,5.89
2003-05-01,5.76
2003-06-01,5.33
2003-07-01,6.57
2003-08-01,7.85
2003-09-01,7.38
2003-10-01,6.16
2003-11-01,4.32
2003-12-01,5.93
2004-01-01,4.75
2004-02-01,6.55
2004-03-01,5.82
2004-04-01,6.25
2004-05-01,7.77
2004-06-01,7.3
2004-07-01,6.76
2004-08-01,5.18
2004-09-01,6.92
2004-10-01,6.4
2004-11-01,8.64
2004-12-01,6.16
2005-01-01,5.3
2005-02-01,5.19
2005-03-01,6.15
2005-04-01,9.51
2005-05-01,7.58
2005-06-01,8.47
2005-07-01,8.54
2005-08-01,10.66
2005-09-01,8.71
2005-10-01,11.81
2005-11-01,8.18
2005-12-01,5.69
2006-01-01,6.02
2006-02-01,4.14
2006-03-01,3.13
2006-04-01,-0.06
2006-05-01,1.22
2006-06-01,-3.72
2006-07-01,-2.91
2006-08-01,-5.95
2006-09-01,-5.66
2006-10-01,-8.17
2006-11-01,-7.02
2006-12-01,-3.96
2007-01-01,-6.81
2007-02-01,-4.9
2007-03-01,-4.14
2007-04-01,-5.29
2007-05-01,-6.48
2007-06-01,-4.2
2007-07-01,-4.83
2007-08-01,-3.83
2007-09-01,-8.51
2007-10-01,-9.34
2007-11-01,-7.93
2007-12-01,-10.5
2008-01-01,-5.45
2008-02-01,-8.53
2008-03-01,-8.17
2008-04-01,-8.6
2008-05-01,-6.88
2008-06-01,-6.21
2008-07-01,-8.05
2008-08-01,-9.77
2008-09-01,-9.4
2008-10-01,-9.89
2008-11-01,-13.86
2008-12-01,-15.2
2009-01-01,-16.74
2009-02-01,-13.16
2009-03-01,-14.2
2009-04-01,-16.24
2009-05-01,-15.02
2009-06-01,-14.59
2009-07-01,-12.89
2009-08-01,-11.7
2009-09-01,-6.82
2009-10-01,-6.72
2009-11-01,-4.64
2009-12-01,-1.83
2010-01-01,1.18
2010-02-01,-1.15
2010-03-01,0.85
2010-04-01,4.45
2010-05-01,0.97
2010-06-01,1.62
2010-07-01,1.46
2010-08-01,1.01
2010-09-01,-1.7
2010-10-01,0.09
2010-11-01,1.14
2010-12-01,-0.12
2011-01-01,-5.71
2011-02-01,-6.62
2011-03-01,-7.23
2011-04-01,-7.92
2011-05-01,-4.52
2011-06-01,-5.47
2011-07-01,-7.42
2011-08-01,-4.92
2011-09-01,-5.03
2011-10-01,-7.19
2011-11-01,-5.12
2011-12-01,-5.37
2012-01-01,-3.96
2012-02-01,-2.21
2012-03-01,1.16
2012-04-01,5.78
2012-05-01,4.46
2012-06-01,5.5
2012-07-01,7.6
2012-08-01,5.93
2012-09-01,5.81
2012-10-01,7.91
2012-11-01,7.29
2012-12-01,8.98
2013-01-01,5.05
2013-02-01,5.97
2013-03-01,6.28
2013-04-01,5.11
2013-05-01,7.24
2013-06-01,7.89
2013-07-01,7.66
2013-08-01,7.97
2013-09-01,5.98
2013-10-01,6.29
2013-11-01,3.75
2013-12-01,4.45
2014-01-01,10.02
2014-02-01,8.63
2014-03-01,6.79
2014-04-01,4.92
2014-05-01,4.25
2014-06-01,3.61
2014-07-01,4.21
2014-08-01,4.01
2014-09-01,5.21
2014-10-01,4.94
2014-11-01,5.84
2014-12-01,5.18
2015-01-01,-0.17
2015-02-01,1.74
2015-03-01,1.69
2015-04-01,3.04
2015-05-01,2.51
2015-06-01,1.06
2015-07-01,-0.7
2015-08-01,-0.66
2015-09-01,0.67
2015-10-01,0.26
2015-11-01,0.8
2015-12-01,1.78
2016-01-01,3.55
2016-02-01,0.56
2016-03-01,0.59
2016-04-01,1.09
2016-05-01,-0.1
2016-06-01,0.31
2016-07-01,0.44
2016-08-01,0.54
2016-09-01,1.55
2016-10-01,2.27
2016-11-01,2.0
2016-12-01,0.08
2017-01-01,2.71
2017-02-01,3.9
2017-03-01,3.2
2017-04-01,2.45
2017-05-01,2.08
2017-06-01,2.69
2017-07-01,2.48
2017-08-01,1.85
2017-09-01,1.66
2017-10-01,1.49
2017-11-01,1.84
2017-12-01,2.02
2018-01-01,2.5
2018-02-01,2.12
2018-03-01,2.17
2018-04-01,1.87
2018-05-01,1.6
2018-06-01,0.63
2018-07-01,0.97
2018-08-01,1.55
2018-09-01,0.4
2018-10-01,0.35
2018-11-01,0.77
2018-12-01,-0.02
2019-01-01,-4.75
2019-02-01,-4.49
2019-03-01,-4.4
2019-04-01,-4.8
2019-05-01,-3.5
2019-06-01,-4.15
2019-07-01,-4.22
2019-08-01,-3.47
2019-09-01,-2.8
2019-10-01,-2.28
2019-11-01,-3.07
2019-12-01,-0.87
2020-01-01,7.88
2020-02-01,9.23
2020-03-01,9.18
2020-04-01,8.52
2020-05-01,2.96
2020-06-01,4.21
2020-07-01,10.07
2020-08-01,12.47
2020-09-01,15.89
2020-10-01,16.62
2020-11-01,15.73
2020-12-01,13.76
2021-01-01,9.53
2021-02-01,10.41
2021-03-01,11.7
2021-04-01,14.11
2021-05-01,18.76
2021-06-01,18.41
2021-07-01,13.04
2021-08-01,10.74
2021-09-01,8.34
2021-10-01,8.28
2021-11-01,9.56
2021-12-01,10.21
2022-01-01,9.51
2022-02-01,9.13
2022-03-01,9.15
2022-04-01,9.0
2022-05-01,10.38
2022-06-01,8.82
2022-07-01,6.6
2022-08-01,3.34
2022-09-01,3.63
2022-10-01,1.93
2022-11-01,-0.72
2022-12-01,-1.92
2023-01-01,-4.6
2023-02-01,-5.84
2023-03-01,-7.47
2023-04-01,-8.75
2023-05-01,-9.99
2023-06-01,-8.8
2023-07-01,-7.06
2023-08-01,-4.0
2023-09-01,-5.25
2023-10-01,-4.35
2023-11-01,-3.22
2023-12-01,-3.72
2024-01-01,0.91
2024-02-01,1.62
2024-03-01,0.77
2024-04-01,1.46
2024-05-01,1.3
2024-06-01,0.24
2024-07-01,0.02
2024-08-01,-1.34
2024-09-01,-0.31
2024-10-01,0.0
2024-11-01,0.39
2024-12-01,1.9
2025-01-01,3.89
2025-02-01,3.38
2025-03-01,2.6
2025-04-01,1.81
2025-05-01,1.55
2025-06-01,1.35
2025-07-01,1.01
2025-08-01,1.98
2025-09-01,1.38
2025-10-01,2.0
2025-11-01,1.39
2025-12-01,0.35
2026-01-01,0.43
2026-02-01,0.3
2026-03-01,1.41
2026-04-01,0.91
2026-05-01,1.32
