date,Total Existing Home Sales (NSA) YoY Chg,Existing Home Sales - Northeast (NSA) YoY Chg,Existing Home Sales - Midwest (NSA) YoY Chg,Existing Home Sales - South (NSA) YoY Chg,Existing Home Sales - West (NSA) YoY Chg,Median Sales Price - National YoY Chg,Median Sales Price - Northeast YoY Chg,Median Sales Price - Midwest YoY Chg,Median Sales Price - South YoY Chg,Median Sales Price - West YoY Chg,Housing Inventory YoY Chg,Months Supply of Inventory YoY Chg
1968-12-01,,,,,,6.09,,,,,,
1969-01-01,,,,,,7.11,,,,,,
1969-02-01,,,,,,5.53,,,,,,
1969-03-01,,,,,,7.61,,,,,,
1969-04-01,,,,,,7.5,,,,,,
1969-05-01,,,,,,7.46,,,,,,
1969-06-01,,,,,,7.25,,,,,,
1969-07-01,,,,,,10.58,,,,,,
1969-08-01,,,,,,9.71,,,,,,
1969-09-01,,,,,,5.85,,,,,,
1969-10-01,,,,,,8.96,,,,,,
1969-11-01,,,,,,7.8,,,,,,
1969-12-01,,,,,,5.26,,,,,,
1970-01-01,,,,,,5.21,,,,,,
1970-02-01,,,,,,7.14,,,,,,
1970-03-01,,,,,,7.55,,,,,,
1970-04-01,,,,,,6.51,,,,,,
1970-05-01,,,,,,6.94,,,,,,
1970-06-01,,,,,,4.95,,,,,,
1970-07-01,,,,,,3.04,,,,,,
1970-08-01,,,,,,3.98,,,,,,
1970-09-01,,,,,,6.45,,,,,,
1970-10-01,,,,,,3.65,,,,,,
1970-11-01,,,,,,4.98,,,,,,
1970-12-01,,,,,,3.64,,,,,,
1971-01-01,,,,,,6.76,,,,,,
1971-02-01,,,,,,7.56,,,,,,
1971-03-01,,,,,,6.58,,,,,,
1971-04-01,,,,,,7.42,,,,,,
1971-05-01,,,,,,8.66,,,,,,
1971-06-01,,,,,,7.73,,,,,,
1971-07-01,,,,,,7.17,,,,,,
1971-08-01,,,,,,7.66,,,,,,
1971-09-01,,,,,,7.36,,,,,,
1971-10-01,,,,,,9.25,,,,,,
1971-11-01,,,,,,8.19,,,,,,
1971-12-01,,,,,,9.21,,,,,,
1972-01-01,,,,,,6.75,,,,,,
1972-02-01,,,,,,4.96,,,,,,
1972-03-01,,,,,,6.58,,,,,,
1972-04-01,,,,,,6.91,,,,,,
1972-05-01,,,,,,7.17,,,,,,
1972-06-01,,,,,,8.76,,,,,,
1972-07-01,,,,,,8.27,,,,,,
1972-08-01,,,,,,8.3,,,,,,
1972-09-01,,,,,,8.87,,,,,,
1972-10-01,,,,,,8.47,,,,,,
1972-11-01,,,,,,7.57,,,,,,
1972-12-01,,,,,,8.84,,,,,,
1973-01-01,,,,,,8.3,,,,,,
1973-02-01,,,,,,10.24,,,,,,
1973-03-01,,,,,,9.65,,,,,,
1973-04-01,,,,,,8.37,,,,,,
1973-05-01,,,,,,7.06,,,,,,
1973-06-01,,,,,,6.96,,,,,,
1973-07-01,,,,,,8.73,,,,,,
1973-08-01,,,,,,9.12,,,,,,
1973-09-01,,,,,,7.78,,,,,,
1973-10-01,,,,,,7.43,,,,,,
1973-11-01,,,,,,10.0,,,,,,
1973-12-01,,,,,,8.86,,,,,,
1974-01-01,,,,,,11.68,,,,,,
1974-02-01,,,,,,9.29,,,,,,
1974-03-01,,,,,,10.56,,,,,,
1974-04-01,,,,,,11.23,,,,,,
1974-05-01,,,,,,11.46,,,,,,
1974-06-01,,,,,,12.67,,,,,,
1974-07-01,,,,,,10.37,,,,,,
1974-08-01,,,,,,10.03,,,,,,
1974-09-01,,,,,,11.34,,,,,,
1974-10-01,,,,,,10.38,,,,,,
1974-11-01,,,,,,8.08,,,,,,
1974-12-01,,,,,,10.85,,,,,,
1975-01-01,,,,,,8.5,,,,,,
1975-02-01,,,,,,10.78,,,,,,
1975-03-01,,,,,,8.92,,,,,,
1975-04-01,,,,,,10.09,,,,,,
1975-05-01,,,,,,9.66,,,,,,
1975-06-01,,,,,,10.03,,,,,,
1975-07-01,,,,,,8.79,,,,,,
1975-08-01,,,,,,11.85,,,,,,
1975-09-01,,,,,,10.49,,,,,,
1975-10-01,,,,,,10.97,,,,,,
1975-11-01,,,,,,11.21,,,,,,
1975-12-01,,,,,,9.48,,,,,,
1976-01-01,,,,,,9.34,,,,,,
1976-02-01,,,,,,6.78,,,,,,
1976-03-01,,,,,,8.77,,,,,,
1976-04-01,,,,,,8.02,,,,,,
1976-05-01,,,,,,6.82,,,,,,
1976-06-01,,,,,,6.63,,,,,,
1976-07-01,,,,,,8.36,,,,,,
1976-08-01,,,,,,7.07,,,,,,
1976-09-01,,,,,,8.1,,,,,,
1976-10-01,,,,,,8.76,,,,,,
1976-11-01,,,,,,8.68,,,,,,
1976-12-01,,,,,,8.94,,,,,,
1977-01-01,,,,,,9.09,,,,,,
1977-02-01,,,,,,12.43,,,,,,
1977-03-01,,,,,,10.22,,,,,,
1977-04-01,,,,,,11.41,,,,,,
1977-05-01,,,,,,12.23,,,,,,
1977-06-01,,,,,,12.44,,,,,,
1977-07-01,,,,,,12.34,,,,,,
1977-08-01,,,,,,11.42,,,,,,
1977-09-01,,,,,,13.18,,,,,,
1977-10-01,,,,,,14.29,,,,,,
1977-11-01,,,,,,14.69,,,,,,
1977-12-01,,,,,,13.33,,,,,,
1978-01-01,,,,,,14.9,,,,,,
1978-02-01,,,,,,13.76,,,,,,
1978-03-01,,,,,,13.41,,,,,,
1978-04-01,,,,,,14.76,,,,,,
1978-05-01,,,,,,13.27,,,,,,
1978-06-01,,,,,,11.52,,,,,,
1978-07-01,,,,,,13.04,,,,,,
1978-08-01,,,,,,14.58,,,,,,
1978-09-01,,,,,,14.61,,,,,,
1978-10-01,,,,,,13.86,,,,,,
1978-11-01,,,,,,13.93,,,,,,
1978-12-01,,,,,,15.16,,,,,,
1979-01-01,,,,,,14.29,,,,,,
1979-02-01,,,,,,12.1,,,,,,
1979-03-01,,,,,,15.7,,,,,,
1979-04-01,,,,,,13.49,,,,,,
1979-05-01,,,,,,16.95,,,,,,
1979-06-01,,,,,,17.36,,,,,,
1979-07-01,,,,,,17.21,,,,,,
1979-08-01,,,,,,14.71,,,,,,
1979-09-01,,,,,,14.14,,,,,,
1979-10-01,,,,,,12.38,,,,,,
1979-11-01,,,,,,9.66,,,,,,
1979-12-01,,,,,,11.0,,,,,,
1980-01-01,,,,,,11.35,,,,,,
1980-02-01,,,,,,13.68,,,,,,
1980-03-01,,,,,,10.59,,,,,,
1980-04-01,,,,,,10.42,,,,,,
1980-05-01,,,,,,9.48,,,,,,
1980-06-01,,,,,,11.62,,,,,,
1980-07-01,,,,,,10.71,,,,,,
1980-08-01,,,,,,12.48,,,,,,
1980-09-01,,,,,,12.04,,,,,,
1980-10-01,,,,,,11.37,,,,,,
1980-11-01,,,,,,15.65,,,,,,
1980-12-01,,,,,,11.5,,,,,,
1981-01-01,,,,,,11.4,,,,,,
1981-02-01,,,,,,8.64,,,,,,
1981-03-01,,,,,,8.24,,,,,,
1981-04-01,,,,,,8.11,,,,,,
1981-05-01,,,,,,8.33,,,,,,
1981-06-01,,,,,,6.78,,,,,,
1981-07-01,,,,,,5.3,,,,,,
1981-08-01,,,,,,4.93,,,,,,
1981-09-01,,,,,,4.52,,,,,,
1981-10-01,,,,,,5.26,,,,,,
1981-11-01,,,,,,2.49,,,,,,
1981-12-01,,,,,,5.71,,,,,,
1982-01-01,,,,,,2.95,,,,,,
1982-02-01,,,,,,4.37,,,,,,
1982-03-01,,,,,,4.04,,,,,,
1982-04-01,,,,,,2.76,,,,,,
1982-05-01,,,,,,2.26,,,,,,
1982-06-01,,,,,,2.51,,,,,,
1982-07-01,,,,,,2.52,,,,,,
1982-08-01,,,,,,1.17,,,,,,
1982-09-01,,,,,,0.3,,,,,,
1982-10-01,,,,,,1.36,,,,,,
1982-11-01,,,,,,2.73,,,,,,
1982-12-01,,,,,,1.8,,,,,,
1983-01-01,,,,,,2.56,,,,,,
1983-02-01,,,,,,1.94,,,,,,
1983-03-01,,,,,,2.84,,,,,,
1983-04-01,,,,,,2.53,,,,,,
1983-05-01,,,,,,2.06,,,,,,
1983-06-01,,,,,,2.88,,,,,,
1983-07-01,,,,,,3.76,,,,,,
1983-08-01,,,,,,3.77,,,,,,
1983-09-01,,,,,,3.86,,,,,,
1983-10-01,,,,,,4.33,,,,,,
1983-11-01,,,,,,3.99,,,,,,
1983-12-01,,,,,,3.1,,,,,,
1984-01-01,,,,,,3.82,,,,,,
1984-02-01,,,,,,4.69,,,,,,
1984-03-01,,,,,,4.21,,,,,,
1984-04-01,,,,,,4.8,,,,,,
1984-05-01,,,,,,5.06,,,,,,
1984-06-01,,,,,,2.8,,,,,,
1984-07-01,,,,,,3.34,,,,,,
1984-08-01,,,,,,2.8,,,,,,
1984-09-01,,,,,,2.86,,,,,,
1984-10-01,,,,,,3.01,,,,,,
1984-11-01,,,,,,2.13,,,,,,
1984-12-01,,,,,,3.15,,,,,,
1985-01-01,,,,,,4.38,,,,,,
1985-02-01,,,,,,3.64,,,,,,
1985-03-01,,,,,,3.9,,,,,,
1985-04-01,,,,,,3.74,,,,,,
1985-05-01,,,,,,3.44,,,,,,
1985-06-01,,,,,,4.22,,,,,,
1985-07-01,,,,,,3.37,,,,,,
1985-08-01,,,,,,5.03,,,,,,
1985-09-01,,,,,,5.56,,,,,,
1985-10-01,,,,,,4.59,,,,,,
1985-11-01,,,,,,4.17,,,,,,
1985-12-01,,,,,,4.72,,,,,,
1986-01-01,,,,,,4.47,,,,,,
1986-02-01,,,,,,4.59,,,,,,
1986-03-01,,,,,,6.97,,,,,,
1986-04-01,,,,,,7.22,,,,,,
1986-05-01,,,,,,10.64,,,,,,
1986-06-01,,,,,,7.97,,,,,,
1986-07-01,,,,,,4.17,,,,,,
1986-08-01,,,,,,6.22,,,,,,
1986-09-01,,,,,,5.8,,,,,,
1986-10-01,,,,,,5.59,,,,,,
1986-11-01,,,,,,7.34,,,,,,
1986-12-01,,,,,,7.02,,,,,,
1987-01-01,,,,,,7.52,,,,,,
1987-02-01,,,,,,10.59,,,,,,
1987-03-01,,,,,,6.77,,,,,,
1987-04-01,,,,,,7.23,,,,,,
1987-05-01,,,,,,3.37,,,,,,
1987-06-01,,,,,,4.0,,,,,,
1987-07-01,,,,,,10.51,,,,,,
1987-08-01,,,,,,5.49,,,,,,
1987-09-01,,,,,,6.48,,,,,,
1987-10-01,,,,,,6.55,,,,,,
1987-11-01,,,,,,5.72,,,,,,
1987-12-01,,,,,,5.69,,,,,,
1988-01-01,,,,,,6.27,,,,,,
1988-02-01,,,,,,3.86,,,,,,
1988-03-01,,,,,,4.34,,,,,,
1988-04-01,,,,,,2.33,,,,,,
1988-05-01,,,,,,4.19,,,,,,
1988-06-01,,,,,,5.01,,,,,,
1988-07-01,,,,,,2.72,,,,,,
1988-08-01,,,,,,5.78,,,,,,
1988-09-01,,,,,,3.51,,,,,,
1988-10-01,,,,,,5.08,,,,,,
1988-11-01,,,,,,4.12,,,,,,
1988-12-01,,,,,,3.86,,,,,,
1989-01-01,,,,,,-2.16,,,,,,
1989-02-01,,,,,,-1.01,,,,,,
1989-03-01,,,,,,-0.79,,,,,,
1989-04-01,,,,,,1.02,,,,,,
1989-05-01,,,,,,-1.0,,,,,,
1989-06-01,,,,,,-0.67,,,,,,
1989-07-01,,,,,,0.11,,,,,,
1989-08-01,,,,,,0.77,,,,,,
1989-09-01,,,,,,1.92,,,,,,
1989-10-01,,,,,,0.34,,,,,,
1989-11-01,,,,,,2.82,,,,,,
1989-12-01,,,,,,1.47,,,,,,
1990-01-01,,,,,,5.57,,,,,,
1990-02-01,,,,,,3.52,,,,,,
1990-03-01,,,,,,5.22,,,,,,
1990-04-01,,,,,,4.05,,,,,,
1990-05-01,,,,,,3.27,,,,,,
1990-06-01,,,,,,6.81,,,,,,
1990-07-01,,,,,,4.63,,,,,,
1990-08-01,,,,,,0.33,,,,,,
1990-09-01,,,,,,1.77,,,,,,
1990-10-01,,,,,,0.56,,,,,,
1990-11-01,,,,,,-2.09,,,,,,
1990-12-01,,,,,,-1.11,,,,,,
1991-01-01,,,,,,2.09,,,,,,
1991-02-01,,,,,,1.1,,,,,,
1991-03-01,,,,,,3.02,,,,,,
1991-04-01,,,,,,5.08,,,,,,
1991-05-01,,,,,,6.55,,,,,,
1991-06-01,,,,,,3.24,,,,,,
1991-07-01,,,,,,6.0,,,,,,
1991-08-01,,,,,,7.24,,,,,,
1991-09-01,,,,,,5.77,,,,,,
1991-10-01,,,,,,7.69,,,,,,
1991-11-01,,,,,,7.3,,,,,,
1991-12-01,,,,,,9.44,,,,,,
1992-01-01,,,,,,5.71,,,,,,
1992-02-01,,,,,,7.27,,,,,,
1992-03-01,,,,,,4.5,,,,,,
1992-04-01,,,,,,2.16,,,,,,
1992-05-01,,,,,,1.64,,,,,,
1992-06-01,,,,,,2.53,,,,,,
1992-07-01,,,,,,-1.29,,,,,,
1992-08-01,,,,,,1.41,,,,,,
1992-09-01,,,,,,2.57,,,,,,
1992-10-01,,,,,,3.52,,,,,,
1992-11-01,,,,,,3.77,,,,,,
1992-12-01,,,,,,2.36,,,,,,
1993-01-01,,,,,,0.0,,,,,,
1993-02-01,,,,,,-1.11,,,,,,
1993-03-01,,,,,,0.0,,,,,,
1993-04-01,,,,,,1.71,,,,,,
1993-05-01,,,,,,2.72,,,,,,
1993-06-01,,,,,,4.64,,,,,,
1993-07-01,,,,,,5.63,,,,,,
1993-08-01,,,,,,4.77,,,,,,
1993-09-01,,,,,,4.62,,,,,,
1993-10-01,,,,,,3.7,,,,,,
1993-11-01,,,,,,4.84,,,,,,
1993-12-01,,,,,,4.91,,,,,,
1994-01-01,,,,,,6.82,,,,,,
1994-02-01,,,,,,5.83,,,,,,
1994-03-01,,,,,,4.5,,,,,,
1994-04-01,,,,,,4.65,,,,,,
1994-05-01,,,,,,4.91,,,,,,
1994-06-01,,,,,,4.25,,,,,,
1994-07-01,,,,,,4.38,,,,,,
1994-08-01,,,,,,4.84,,,,,,
1994-09-01,,,,,,2.5,,,,,,
1994-10-01,,,,,,2.51,,,,,,
1994-11-01,,,,,,2.31,,,,,,
1994-12-01,,,,,,2.49,,,,,,
1995-01-01,,,,,,0.57,,,,,,
1995-02-01,,,,,,0.87,,,,,,
1995-03-01,,,,,,0.96,,,,,,
1995-04-01,,,,,,-0.09,,,,,,
1995-05-01,,,,,,0.28,,,,,,
1995-06-01,,,,,,2.62,,,,,,
1995-07-01,,,,,,3.83,,,,,,
1995-08-01,,,,,,4.16,,,,,,
1995-09-01,,,,,,5.43,,,,,,
1995-10-01,,,,,,4.61,,,,,,
1995-11-01,,,,,,5.17,,,,,,
1995-12-01,,,,,,4.2,,,,,,
1996-01-01,,,,,,7.11,,,,,,
1996-02-01,,,,,,6.52,,,,,,
1996-03-01,,,,,,7.4,,,,,,
1996-04-01,,,,,,8.05,,,,,,
1996-05-01,,,,,,7.37,,,,,,
1996-06-01,,,,,,5.56,,,,,,
1996-07-01,,,,,,4.22,,,,,,
1996-08-01,,,,,,3.13,,,,,,
1996-09-01,,,,,,2.93,,,,,,
1996-10-01,,,,,,3.06,,,,,,
1996-11-01,,,,,,3.31,,,,,,
1996-12-01,,,,,,4.66,,,,,,
1997-01-01,,,,,,4.07,,,,,,
1997-02-01,,,,,,3.87,,,,,,
1997-03-01,,,,,,3.89,,,,,,
1997-04-01,,,,,,3.94,,,,,,
1997-05-01,,,,,,5.04,,,,,,
1997-06-01,,,,,,4.01,,,,,,
1997-07-01,,,,,,4.72,,,,,,
1997-08-01,,,,,,5.81,,,,,,
1997-09-01,,,,,,6.82,,,,,,
1997-10-01,,,,,,6.54,,,,,,
1997-11-01,,,,,,5.88,,,,,,
1997-12-01,,,,,,5.99,,,,,,
1998-01-01,,,,,,5.7,,,,,,
1998-02-01,,,,,,6.07,,,,,,
1998-03-01,,,,,,5.95,,,,,,
1998-04-01,,,,,,6.07,,,,,,
1998-05-01,,,,,,6.62,,,,,,
1998-06-01,,,,,,5.46,,,,,,
1998-07-01,,,,,,6.2,,,,,,
1998-08-01,,,,,,4.14,,,,,,
1998-09-01,,,,,,4.52,,,,,,
1998-10-01,,,,,,4.91,,,,,,
1998-11-01,,,,,,5.72,,,,,,
1998-12-01,,,,,,3.71,,,,,,
1999-01-01,,,,,,7.8,,,,,,
1999-02-01,,,,,,7.03,,,,,,
1999-03-01,,,,,,7.54,,,,,,
1999-04-01,,,,,,6.52,,,,,,
1999-05-01,,,,,,6.28,,,,,,
1999-06-01,,,,,,8.15,,,,,,
1999-07-01,,,,,,6.14,,,,,,
1999-08-01,,,,,,7.8,,,,,,
1999-09-01,,,,,,8.19,,,,,,
1999-10-01,,,,,,6.95,,,,,,
1999-11-01,,,,,,6.65,,,,,,
1999-12-01,,,,,,7.39,,,,,,
2000-01-01,,,,,,2.24,,,,,,
2000-02-01,,,,,,4.58,,,,,,
2000-03-01,,,,,,3.73,,,,,,
2000-04-01,,,,,,4.48,,,,,,
2000-05-01,,,,,,3.65,,,,,,
2000-06-01,,,,,,2.11,,,,,,
2000-07-01,,,,,,5.0,,,,,,
2000-08-01,,,,,,3.55,,,,,,
2000-09-01,,,,,,5.0,,,,,,
2000-10-01,,,,,,3.65,,,,,,
2000-11-01,,,,,,4.35,,,,,,
2000-12-01,,,,,,5.07,,,,,,
2001-01-01,,,,,,3.65,,,,,,
2001-02-01,,,,,,4.38,,,,,,
2001-03-01,,,,,,5.76,,,,,,
2001-04-01,,,,,,5.0,,,,,,
2001-05-01,,,,,,5.63,,,,,,
2001-06-01,,,,,,8.28,,,,,,
2001-07-01,,,,,,6.12,,,,,,
2001-08-01,,,,,,7.53,,,,,,
2001-09-01,,,,,,4.08,,,,,,
2001-10-01,,,,,,5.63,,,,,,
2001-11-01,,,,,,5.56,,,,,,
2001-12-01,,,,,,9.66,,,,,,
2002-01-01,,,,,,9.86,,,,,,
2002-02-01,,,,,,8.39,,,,,,
2002-03-01,,,,,,7.48,,,,,,
2002-04-01,,,,,,8.16,,,,,,
2002-05-01,,,,,,8.0,,,,,,
2002-06-01,,,,,,8.92,,,,,,
2002-07-01,,,,,,8.33,,,,,,
2002-08-01,,,,,,6.37,,,,,,
2002-09-01,,,,,,7.84,,,,,,
2002-10-01,,,,,,10.67,,,,,,
2002-11-01,,,,,,10.53,,,,,,
2002-12-01,,,,,,7.55,,,,,,
2003-01-01,,,,,,7.05,,,,,,
2003-02-01,,,,,,7.1,,,,,,
2003-03-01,,,,,,6.96,,,,,,
2003-04-01,,,,,,8.18,,,,,,
2003-05-01,,,,,,8.02,,,,,,
2003-06-01,,,,,,7.6,,,,,,
2003-07-01,,,,,,8.88,,,,,,
2003-08-01,,,,,,10.18,,,,,,
2003-09-01,,,,,,9.7,,,,,,
2003-10-01,,,,,,8.43,,,,,,
2003-11-01,,,,,,6.55,,,,,,
2003-12-01,,,,,,8.19,,,,,,
2004-01-01,,,,,,7.19,,,,,,
2004-02-01,,,,,,9.04,,,,,,
2004-03-01,,,,,,8.28,,,,,,
2004-04-01,,,,,,8.72,,,,,,
2004-05-01,,,,,,10.29,,,,,,
2004-06-01,,,,,,9.78,,,,,,
2004-07-01,,,,,,9.24,,,,,,
2004-08-01,,,,,,7.61,,,,,,
2004-09-01,,,,,,9.39,,,,,,
2004-10-01,,,,,,8.89,,,,,,
2004-11-01,,,,,,11.17,,,,,,
2004-12-01,,,,,,8.65,,,,,,
2005-01-01,,,,,,10.06,,,,,,
2005-02-01,,,,,,9.94,,,,,,
2005-03-01,,,,,,10.93,,,,,,
2005-04-01,,,,,,14.44,,,,,,
2005-05-01,,,,,,12.44,,,,,,
2005-06-01,,,,,,13.37,,,,,,
2005-07-01,,,,,,13.43,,,,,,
2005-08-01,,,,,,15.66,,,,,,
2005-09-01,,,,,,13.64,,,,,,
2005-10-01,,,,,,16.84,,,,,,
2005-11-01,,,,,,13.07,,,,,,
2005-12-01,,,,,,10.45,,,,,,
2006-01-01,,,,,,10.3,,,,,,
2006-02-01,,,,,,8.34,,,,,,
2006-03-01,,,,,,7.29,,,,,,
2006-04-01,,,,,,3.97,,,,,,
2006-05-01,,,,,,5.3,,,,,,
2006-06-01,,,,,,0.17,,,,,,
2006-07-01,,,,,,1.01,,,,,,
2006-08-01,,,,,,-2.14,,,,,,
2006-09-01,,,,,,-1.87,,,,,,
2006-10-01,,,,,,-4.45,,,,,,
2006-11-01,,,,,,-3.29,,,,,,
2006-12-01,,,,,,-0.09,,,,,,
2007-01-01,,,,,,-2.9,,,,,,
2007-02-01,,,,,,-0.88,,,,,,
2007-03-01,,,,,,-0.09,,,,,,
2007-04-01,,,,,,-1.3,,,,,,
2007-05-01,,,,,,-2.54,,,,,,
2007-06-01,,,,,,-0.17,,,,,,
2007-07-01,,,,,,-0.83,,,,,,
2007-08-01,,,,,,0.22,,,,,,
2007-09-01,,,,,,-4.66,,,,,,
2007-10-01,,,,,,-5.53,,,,,,
2007-11-01,,,,,,-4.04,,,,,,
2007-12-01,,,,,,-6.72,,,,,,
2008-01-01,,,,,,-5.31,,,,,,
2008-02-01,,,,,,-8.42,,,,,,
2008-03-01,,,,,,-8.04,,,,,,
2008-04-01,,,,,,-8.47,,,,,,
2008-05-01,,,,,,-6.74,,,,,,
2008-06-01,,,,,,-6.07,,,,,,
2008-07-01,,,,,,-7.92,,,,,,
2008-08-01,,,,,,-9.66,,,,,,
2008-09-01,,,,,,-9.26,,,,,,
2008-10-01,,,,,,-9.77,,,,,,
2008-11-01,,,,,,-13.75,,,,,,
2008-12-01,,,,,,-15.08,,,,,,
2009-01-01,,,,,,-17.62,,,,,,
2009-02-01,,,,,,-14.05,,,,,,
2009-03-01,,,,,,-15.09,,,,,,
2009-04-01,,,,,,-17.11,,,,,,
2009-05-01,,,,,,-15.89,,,,,,
2009-06-01,,,,,,-15.48,,,,,,
2009-07-01,,,,,,-13.79,,,,,,
2009-08-01,,,,,,-12.62,,,,,,
2009-09-01,,,,,,-7.8,,,,,,
2009-10-01,,,,,,-7.67,,,,,,
2009-11-01,,,,,,-5.61,,,,,,
2009-12-01,,,,,,-2.85,,,,,,
2010-01-01,,,,,,0.18,,,,,,
2010-02-01,,,,,,-2.14,,,,,,
2010-03-01,,,,,,-0.18,,,,,,
2010-04-01,,,,,,3.42,,,,,,
2010-05-01,,,,,,-0.06,,,,,,
2010-06-01,,,,,,0.61,,,,,,
2010-07-01,,,,,,0.44,,,,,,
2010-08-01,,,,,,0.0,,,,,,
2010-09-01,,,,,,-2.67,,,,,,
2010-10-01,,,,,,-0.93,,,,,,
2010-11-01,,,,,,0.12,,,,,,
2010-12-01,,,,,,-1.11,,,,,,
2011-01-01,,,,,,-4.24,,,,,,
2011-02-01,,,,,,-5.16,,,,,,
2011-03-01,,,,,,-5.78,,,,,,
2011-04-01,,,,,,-6.5,,,,,,
2011-05-01,,,,,,-3.04,,,,,,
2011-06-01,,,,,,-3.99,,,,,,
2011-07-01,,,,,,-5.99,,,,,,
2011-08-01,,,,,,-3.44,,,,,,
2011-09-01,,,,,,-3.56,,,,,,
2011-10-01,,,,,,-5.74,,,,,,
2011-11-01,,,,,,-3.64,,,,,,
2011-12-01,,,,,,-3.91,,,,,,
2012-01-01,,,,,,-2.09,,,,,,
2012-02-01,,,,,,-0.32,,,,,,
2012-03-01,,,,,,3.13,,,,,,
2012-04-01,,,,,,7.82,,,,,,
2012-05-01,,,,,,6.5,,,,,,
2012-06-01,,,,,,7.52,,,,,,
2012-07-01,,,,,,9.7,,,,,,
2012-08-01,,,,,,8.0,,,,,,
2012-09-01,,,,,,7.86,,,,,,
2012-10-01,,,,,,10.01,,,,,,
2012-11-01,,,,,,9.39,,,,,,
2012-12-01,,,,,,11.1,,,,,,
2013-01-01,,,,,,10.35,,,,,,
2013-02-01,,,,,,11.31,,,,,,
2013-03-01,,,,,,11.65,,,,,,
2013-04-01,,,,,,10.42,,,,,,
2013-05-01,,,,,,12.65,,,,,,
2013-06-01,,,,,,13.35,,,,,,
2013-07-01,,,,,,13.1,,,,,,
2013-08-01,,,,,,13.41,,,,,,
2013-09-01,,,,,,11.33,,,,,,
2013-10-01,,,,,,11.64,,,,,,
2013-11-01,,,,,,8.97,,,,,,
2013-12-01,,,,,,9.71,,,,,,
2014-01-01,,,,,,10.14,,,,,,
2014-02-01,,,,,,8.78,,,,,,
2014-03-01,,,,,,6.9,,,,,,
2014-04-01,,,,,,5.06,,,,,,
2014-05-01,,,,,,4.38,,,,,,
2014-06-01,,,,,,3.74,,,,,,
2014-07-01,,,,,,4.33,,,,,,
2014-08-01,,,,,,4.15,,,,,,
2014-09-01,,,,,,5.34,,,,,,
2014-10-01,,,,,,5.06,,,,,,
2014-11-01,,,,,,5.98,,,,,,
2014-12-01,,,,,,5.31,,,,,,
2015-01-01,,,,,,5.16,,,,,,
2015-02-01,,,,,,7.17,,,,,,
2015-03-01,,,,,,7.12,,,,,,
2015-04-01,,,,,,8.54,,,,,,
2015-05-01,,,,,,7.97,,,,,,
2015-06-01,,,,,,6.44,,,,,,
2015-07-01,,,,,,4.6,,,,,,
2015-08-01,,,,,,4.62,,,,,,
2015-09-01,,,,,,6.03,,,,,,
2015-10-01,,,,,,5.59,,,,,,
2015-11-01,,,,,,6.18,,,,,,
2015-12-01,,,,,,7.2,,,,,,
2016-01-01,,,,,,8.15,,,,,,
2016-02-01,,,,,,5.05,,,,,,
2016-03-01,,,,,,5.08,,,,,,
2016-04-01,,,,,,5.58,,,,,,
2016-05-01,,,,,,4.37,,,,,,
2016-06-01,,,,,,4.78,,,,,,
2016-07-01,,,,,,4.92,,,,,,
2016-08-01,,,,,,5.03,,,,,,
2016-09-01,,,,,,6.09,,,,,,
2016-10-01,,,,,,6.85,,,,,,
2016-11-01,,,,,,6.55,,,,,,
2016-12-01,,,,,,4.53,,,,,,
2017-01-01,,,,,,6.36,,,,,,
2017-02-01,,,,,,7.59,,,,,,
2017-03-01,,,,,,6.87,,,,,,
2017-04-01,,,,,,6.11,,,,,,
2017-05-01,,,,,,5.69,,,,,,
2017-06-01,,,,,,6.34,,,,,,
2017-07-01,,,,,,6.13,,,,,,
2017-08-01,,,,,,5.46,,,,,,
2017-09-01,,,,,,5.27,,,,,,
2017-10-01,,,,,,5.08,,,,,,
2017-11-01,,,,,,5.46,,,,,,
2017-12-01,,,,,,5.66,,,,,,
2018-01-01,,,,,,5.94,,,,,,
2018-02-01,,,,,,5.52,,,,,,
2018-03-01,,,,,,5.58,,,,,,
2018-04-01,,,,,,5.27,,,,,,
2018-05-01,,,,,,4.99,,,,,,
2018-06-01,,,,,,3.99,,,,,,
2018-07-01,,,,,,4.34,,,,,,
2018-08-01,,,,,,4.94,,,,,,
2018-09-01,,,,,,3.76,,,,,,
2018-10-01,,,,,,3.7,,,,,,
2018-11-01,,,,,,4.13,,,,,,
2018-12-01,,,,,,3.33,,,,,,
2019-01-01,,,,,,3.57,,,,,,
2019-02-01,,,,,,3.86,,,,,,
2019-03-01,,,,,,3.96,,,,,,
2019-04-01,,,,,,3.53,,,,,,
2019-05-01,,,,,,4.94,,,,,,
2019-06-01,,,,,,4.24,,,,,,
2019-07-01,,,,,,4.12,,,,,,
2019-08-01,,,,,,4.97,,,,,,
2019-09-01,,,,,,5.68,,,,,,
2019-10-01,,,,,,6.27,,,,,,
2019-11-01,,,,,,5.4,,,,,,
2019-12-01,,,,,,7.77,,,,,,
2020-01-01,,,,,,6.78,,,,,,
2020-02-01,,,,,,8.12,,,,,,
2020-03-01,,,,,,8.09,,,,,,
2020-04-01,,,,,,7.42,,,,,,
2020-05-01,,,,,,1.91,,,,,,
2020-06-01,,,,,,3.15,,,,,,
2020-07-01,,,,,,8.99,,,,,,
2020-08-01,,,,,,11.33,,,,,,
2020-09-01,,,,,,14.73,,,,,,
2020-10-01,,,,,,15.46,,,,,,
2020-11-01,,,,,,14.56,,,,,,
2020-12-01,,,,,,12.64,,,,,,
2021-01-01,,,,,,14.01,,,,,,
2021-02-01,,,,,,14.9,,,,,,
2021-03-01,,,,,,16.25,,,,,,
2021-04-01,,,,,,18.76,,,,,,
2021-05-01,,,,,,23.6,,,,,,
2021-06-01,,,,,,23.23,,,,,,
2021-07-01,,,,,,17.64,,,,,,
2021-08-01,,,,,,15.24,,,,,,
2021-09-01,,,,,,12.74,,,,,,
2021-10-01,,,,,,12.68,,,,,,
2021-11-01,,,,,,14.03,,,,,,
2021-12-01,,,,,,14.68,,,,,,
2022-01-01,,,,,,15.38,,,,,,
2022-02-01,,,,,,15.0,,,,,,
2022-03-01,,,,,,15.02,,,,,,
2022-04-01,,,,,,14.86,,,,,,
2022-05-01,,,,,,16.32,,,,,,
2022-06-01,,,,,,14.66,,,,,,
2022-07-01,,,,,,12.32,,,,,,
2022-08-01,,,,,,8.89,,,,,,
2022-09-01,,,,,,9.2,,,,,,
2022-10-01,,,,,,7.4,,,,,,
2022-11-01,,,,,,4.6,,,,,,
2022-12-01,,,,,,3.36,,,,,,
2023-01-01,,,,,,3.11,,,,,,
2023-02-01,,,,,,1.76,,,,,,
2023-03-01,,,,,,0.0,,,,,,
2023-04-01,,,,,,-1.38,,,,,,
2023-05-01,,,,,,-2.72,,,,,,
2023-06-01,,,,,,-1.42,,,,,,
2023-07-01,,,,,,0.45,,,,,,
2023-08-01,,,,,,3.77,,,,,,
2023-09-01,,,,,,2.4,,,,,,
2023-10-01,,,,,,3.38,,,,,,
2023-11-01,,,,,,4.61,,,,,,
2023-12-01,,,,,,4.07,,,,,,
2024-01-01,,,,,,4.82,,,,,,
2024-02-01,,,,,,5.56,,,,,,
2024-03-01,,,,,,4.69,,,,,,
2024-04-01,,,,,,5.39,,,,,,
2024-05-01,,,,,,5.22,,,,,,
2024-06-01,,,,,,4.1,,,,,,
2024-07-01,,,,,,3.9,,,,,,
2024-08-01,,,,,,2.47,,,,,,
2024-09-01,,,,,,3.57,,,,,,
2024-10-01,,,,,,3.88,,,,,,
2024-11-01,,,,,,4.28,,,,,,
2024-12-01,,,,,,5.85,,,,,,
2025-01-01,,,,,,3.91,,,,,,
2025-02-01,,,,,,3.39,,,,,,
2025-03-01,,,,,,2.6,,,,,,
2025-04-01,,,,,,1.82,,,,,,
2025-05-01,,,,,,1.56,,,,,,
2025-06-01,,,,,,1.36,,,,,,
2025-07-01,,,,,,1.02,,,,,,
2025-08-01,,,,,,1.98,,,,,,
2025-09-01,,,,,,1.38,,,,,,
2025-10-01,,,,,,1.99,,,,,,
2025-11-01,,,,,,1.38,,,,,,
2025-12-01,,,,,,0.35,,,,,,
2026-01-01,-11.28,11.54,-12.5,-12.9,-17.65,0.41,8.53,0.95,-1.43,-4.72,2.44,5.56
2026-02-01,0.78,-3.85,-1.79,3.23,0.0,0.3,2.93,2.91,0.17,-2.83,7.32,5.56
2026-03-01,4.44,-6.06,2.94,6.62,6.35,1.49,5.3,5.88,0.72,-1.95,4.51,5.0
2026-04-01,1.43,-5.56,-1.23,3.66,2.94,0.89,4.8,3.57,0.36,-1.42,1.38,2.33
