date,Median Household Income (current $) YoY Chg,Real Median Household Income (2024 $) YoY Chg,Average Hourly Earnings (Total Private) YoY Chg,Real Disposable Personal Income Per Capita YoY Chg
1959-12-01,,,,1.95
1960-01-01,,,,1.93
1960-02-01,,,,1.54
1960-03-01,,,,1.0
1960-04-01,,,,0.67
1960-05-01,,,,0.28
1960-06-01,,,,-0.01
1960-07-01,,,,0.28
1960-08-01,,,,0.64
1960-09-01,,,,0.76
1960-10-01,,,,1.08
1960-11-01,,,,-0.05
1960-12-01,,,,-1.44
1961-01-01,,,,-0.57
1961-02-01,,,,-0.06
1961-03-01,,,,0.33
1961-04-01,,,,0.22
1961-05-01,,,,0.87
1961-06-01,,,,1.87
1961-07-01,,,,2.07
1961-08-01,,,,2.33
1961-09-01,,,,2.26
1961-10-01,,,,2.94
1961-11-01,,,,4.32
1961-12-01,,,,5.42
1962-01-01,,,,4.12
1962-02-01,,,,4.16
1962-03-01,,,,4.43
1962-04-01,,,,4.7
1962-05-01,,,,3.92
1962-06-01,,,,2.88
1962-07-01,,,,3.0
1962-08-01,,,,3.09
1962-09-01,,,,3.04
1962-10-01,,,,2.48
1962-11-01,,,,1.83
1962-12-01,,,,1.69
1963-01-01,,,,2.69
1963-02-01,,,,1.64
1963-03-01,,,,1.41
1963-04-01,,,,1.38
1963-05-01,,,,1.72
1963-06-01,,,,2.22
1963-07-01,,,,1.89
1963-08-01,,,,2.21
1963-09-01,,,,2.94
1963-10-01,,,,3.04
1963-11-01,,,,2.97
1963-12-01,,,,3.33
1964-01-01,,,,2.95
1964-02-01,,,,3.88
1964-03-01,,,,5.9
1964-04-01,,,,6.04
1964-05-01,,,,6.2
1964-06-01,,,,6.02
1964-07-01,,,,6.41
1964-08-01,,,,6.46
1964-09-01,,,,6.1
1964-10-01,,,,5.47
1964-11-01,,,,5.95
1964-12-01,,,,6.12
1965-01-01,,,,5.98
1965-02-01,,,,5.69
1965-03-01,,,,3.6
1965-04-01,,,,3.17
1965-05-01,,,,3.77
1965-06-01,,,,3.6
1965-07-01,,,,4.19
1965-08-01,,,,4.26
1965-09-01,,,,6.57
1965-10-01,,,,6.09
1965-11-01,,,,6.17
1965-12-01,,,,5.6
1966-01-01,,,,5.48
1966-02-01,,,,5.9
1966-03-01,,,,5.96
1966-04-01,,,,5.45
1966-05-01,,,,4.46
1966-06-01,,,,4.76
1966-07-01,,,,4.05
1966-08-01,,,,4.08
1966-09-01,,,,2.04
1966-10-01,,,,2.88
1966-11-01,,,,2.62
1966-12-01,,,,2.12
1967-01-01,,,,3.1
1967-02-01,,,,2.87
1967-03-01,,,,3.24
1967-04-01,,,,3.6
1967-05-01,,,,3.66
1967-06-01,,,,3.62
1967-07-01,,,,3.68
1967-08-01,,,,3.53
1967-09-01,,,,2.92
1967-10-01,,,,2.75
1967-11-01,,,,2.91
1967-12-01,,,,3.19
1968-01-01,,,,2.71
1968-02-01,,,,3.26
1968-03-01,,,,3.46
1968-04-01,,,,3.87
1968-05-01,,,,4.08
1968-06-01,,,,4.17
1968-07-01,,,,3.54
1968-08-01,,,,3.31
1968-09-01,,,,3.34
1968-10-01,,,,3.55
1968-11-01,,,,3.32
1968-12-01,,,,3.49
1969-01-01,,,,2.75
1969-02-01,,,,2.04
1969-03-01,,,,1.27
1969-04-01,,,,0.77
1969-05-01,,,,1.5
1969-06-01,,,,1.75
1969-07-01,,,,2.67
1969-08-01,,,,3.16
1969-09-01,,,,3.37
1969-10-01,,,,3.25
1969-11-01,,,,3.03
1969-12-01,,,,2.84
1970-01-01,,,,3.56
1970-02-01,,,,3.85
1970-03-01,,,,4.05
1970-04-01,,,,5.27
1970-05-01,,,,3.65
1970-06-01,,,,3.11
1970-07-01,,,,3.82
1970-08-01,,,,3.5
1970-09-01,,,,3.14
1970-10-01,,,,2.55
1970-11-01,,,,2.2
1970-12-01,,,,2.46
1971-01-01,,,,3.46
1971-02-01,,,,3.25
1971-03-01,,,,3.18
1971-04-01,,,,2.32
1971-05-01,,,,3.16
1971-06-01,,,,5.15
1971-07-01,,,,2.21
1971-08-01,,,,2.26
1971-09-01,,,,2.98
1971-10-01,,,,3.66
1971-11-01,,,,4.08
1971-12-01,,,,4.15
1972-01-01,,,,2.09
1972-02-01,,,,2.61
1972-03-01,,,,2.72
1972-04-01,,,,2.47
1972-05-01,,,,2.83
1972-06-01,,,,1.03
1972-07-01,,,,3.25
1972-08-01,,,,3.86
1972-09-01,,,,3.67
1972-10-01,,,,5.95
1972-11-01,,,,6.88
1972-12-01,,,,6.83
1973-01-01,,,,6.81
1973-02-01,,,,6.96
1973-03-01,,,,6.91
1973-04-01,,,,7.1
1973-05-01,,,,6.51
1973-06-01,,,,6.5
1973-07-01,,,,5.99
1973-08-01,,,,4.68
1973-09-01,,,,4.81
1973-10-01,,,,3.15
1973-11-01,,,,2.19
1973-12-01,,,,1.36
1974-01-01,,,,1.16
1974-02-01,,,,-0.35
1974-03-01,,,,-1.42
1974-04-01,,,,-1.61
1974-05-01,,,,-1.89
1974-06-01,,,,-2.38
1974-07-01,,,,-2.24
1974-08-01,,,,-2.06
1974-09-01,,,,-2.66
1974-10-01,,,,-3.2
1974-11-01,,,,-3.87
1974-12-01,,,,-3.5
1975-01-01,,,,-2.84
1975-02-01,,,,-2.04
1975-03-01,,,,-1.24
1975-04-01,,,,0.64
1975-05-01,,,,6.53
1975-06-01,,,,3.13
1975-07-01,,,,1.14
1975-08-01,,,,1.94
1975-09-01,,,,2.3
1975-10-01,,,,2.39
1975-11-01,,,,2.86
1975-12-01,,,,2.94
1976-01-01,,,,3.66
1976-02-01,,,,4.23
1976-03-01,,,,4.45
1976-04-01,,,,2.71
1976-05-01,,,,-2.87
1976-06-01,,,,0.62
1976-07-01,,,,2.8
1976-08-01,,,,2.33
1976-09-01,,,,2.1
1976-10-01,,,,1.5
1976-11-01,,,,2.48
1976-12-01,,,,2.77
1977-01-01,,,,1.9
1977-02-01,,,,0.37
1977-03-01,,,,1.46
1977-04-01,,,,1.47
1977-05-01,,,,1.48
1977-06-01,,,,1.8
1977-07-01,,,,1.86
1977-08-01,,,,2.07
1977-09-01,,,,2.59
1977-10-01,,,,3.51
1977-11-01,,,,3.41
1977-12-01,,,,3.44
1978-01-01,,,,3.2
1978-02-01,,,,4.75
1978-03-01,,,,4.15
1978-04-01,,,,4.35
1978-05-01,,,,4.26
1978-06-01,,,,3.82
1978-07-01,,,,3.67
1978-08-01,,,,3.68
1978-09-01,,,,3.15
1978-10-01,,,,2.68
1978-11-01,,,,1.95
1978-12-01,,,,2.03
1979-01-01,,,,2.95
1979-02-01,,,,2.74
1979-03-01,,,,2.16
1979-04-01,,,,0.98
1979-05-01,,,,0.57
1979-06-01,,,,0.3
1979-07-01,,,,0.53
1979-08-01,,,,0.25
1979-09-01,,,,0.13
1979-10-01,,,,-0.2
1979-11-01,,,,-0.02
1979-12-01,,,,-0.31
1980-01-01,,,,-0.09
1980-02-01,,,,-1.02
1980-03-01,,,,-1.91
1980-04-01,,,,-1.21
1980-05-01,,,,-1.13
1980-06-01,,,,-0.67
1980-07-01,,,,-0.53
1980-08-01,,,,-0.57
1980-09-01,,,,-0.06
1980-10-01,,,,0.78
1980-11-01,,,,0.66
1980-12-01,,,,0.93
1981-01-01,,,,-0.16
1981-02-01,,,,0.08
1981-03-01,,,,0.99
1981-04-01,,,,0.82
1981-05-01,,,,1.4
1981-06-01,,,,1.76
1981-07-01,,,,2.48
1981-08-01,,,,2.68
1981-09-01,,,,2.07
1981-10-01,,,,1.4
1981-11-01,,,,1.31
1981-12-01,,,,0.71
1982-01-01,,,,1.25
1982-02-01,,,,1.85
1982-03-01,,,,1.56
1982-04-01,,,,2.88
1982-05-01,,,,2.27
1982-06-01,,,,1.17
1982-07-01,,,,0.52
1982-08-01,,,,0.4
1982-09-01,,,,0.56
1982-10-01,,,,0.36
1982-11-01,,,,0.71
1982-12-01,,,,1.34
1983-01-01,,,,1.56
1983-02-01,,,,1.34
1983-03-01,,,,1.84
1983-04-01,,,,1.06
1983-05-01,,,,1.69
1983-06-01,,,,2.32
1983-07-01,,,,2.67
1983-08-01,,,,2.31
1983-09-01,,,,3.07
1983-10-01,,,,4.09
1983-11-01,,,,4.56
1983-12-01,,,,4.97
1984-01-01,0.0,0.0,,5.07
1984-02-01,,,,5.63
1984-03-01,,,,5.79
1984-04-01,,,,6.28
1984-05-01,,,,6.22
1984-06-01,,,,6.84
1984-07-01,,,,5.64
1984-08-01,,,,6.57
1984-09-01,,,,6.56
1984-10-01,,,,5.23
1984-11-01,,,,4.8
1984-12-01,,,,4.52
1985-01-01,5.35,1.9,,4.04
1985-02-01,,,,2.51
1985-03-01,,,,1.4
1985-04-01,,,,2.41
1985-05-01,,,,4.76
1985-06-01,,,,1.89
1985-07-01,,,,1.99
1985-08-01,,,,1.24
1985-09-01,,,,0.96
1985-10-01,,,,1.86
1985-11-01,,,,1.57
1985-12-01,,,,1.57
1986-01-01,5.42,3.7,,1.79
1986-02-01,,,,3.26
1986-03-01,,,,4.79
1986-04-01,,,,3.44
1986-05-01,,,,1.05
1986-06-01,,,,3.11
1986-07-01,,,,3.4
1986-08-01,,,,3.59
1986-09-01,,,,3.2
1986-10-01,,,,2.57
1986-11-01,,,,2.41
1986-12-01,,,,1.91
1987-01-01,4.66,1.25,,2.03
1987-02-01,,,,1.98
1987-03-01,,,,1.03
1987-04-01,,,,-3.17
1987-05-01,,,,0.67
1987-06-01,,,,0.62
1987-07-01,,,,0.4
1987-08-01,,,,0.72
1987-09-01,,,,0.68
1987-10-01,,,,1.46
1987-11-01,,,,1.89
1987-12-01,,,,2.74
1988-01-01,4.49,0.74,,2.7
1988-02-01,,,,2.87
1988-03-01,,,,3.26
1988-04-01,,,,7.75
1988-05-01,,,,3.72
1988-06-01,,,,4.28
1988-07-01,,,,4.43
1988-08-01,,,,4.28
1988-09-01,,,,4.47
1988-10-01,,,,4.33
1988-11-01,,,,3.91
1988-12-01,,,,3.42
1989-01-01,6.17,1.7,,3.55
1989-02-01,,,,3.17
1989-03-01,,,,3.2
1989-04-01,,,,2.26
1989-05-01,,,,1.61
1989-06-01,,,,1.49
1989-07-01,,,,1.4
1989-08-01,,,,1.37
1989-09-01,,,,1.46
1989-10-01,,,,1.41
1989-11-01,,,,1.47
1989-12-01,,,,0.99
1990-01-01,3.56,-1.21,,1.19
1990-02-01,,,,1.12
1990-03-01,,,,0.65
1990-04-01,,,,1.8
1990-05-01,,,,2.14
1990-06-01,,,,1.99
1990-07-01,,,,1.98
1990-08-01,,,,1.06
1990-09-01,,,,0.71
1990-10-01,,,,-0.62
1990-11-01,,,,-0.71
1990-12-01,,,,-0.16
1991-01-01,0.63,-2.92,,-1.05
1991-02-01,,,,-1.14
1991-03-01,,,,-1.02
1991-04-01,,,,-1.26
1991-05-01,,,,-1.14
1991-06-01,,,,-0.79
1991-07-01,,,,-1.35
1991-08-01,,,,-0.52
1991-09-01,,,,-0.23
1991-10-01,,,,0.72
1991-11-01,,,,0.83
1991-12-01,,,,1.14
1992-01-01,1.69,-0.82,,2.39
1992-02-01,,,,2.67
1992-03-01,,,,2.58
1992-04-01,,,,2.46
1992-05-01,,,,2.91
1992-06-01,,,,2.8
1992-07-01,,,,2.93
1992-08-01,,,,3.06
1992-09-01,,,,2.3
1992-10-01,,,,1.5
1992-11-01,,,,1.5
1992-12-01,,,,4.19
1993-01-01,1.96,-0.49,,0.95
1993-02-01,,,,0.99
1993-03-01,,,,0.61
1993-04-01,,,,0.85
1993-05-01,,,,0.25
1993-06-01,,,,-0.34
1993-07-01,,,,-0.01
1993-08-01,,,,-0.2
1993-09-01,,,,0.0
1993-10-01,,,,0.17
1993-11-01,,,,0.3
1993-12-01,,,,0.16
1994-01-01,3.27,1.07,,0.48
1994-02-01,,,,0.2
1994-03-01,,,,0.84
1994-04-01,,,,0.32
1994-05-01,,,,1.63
1994-06-01,,,,1.66
1994-07-01,,,,1.5
1994-08-01,,,,1.49
1994-09-01,,,,2.21
1994-10-01,,,,3.69
1994-11-01,,,,3.4
1994-12-01,,,,0.45
1995-01-01,5.64,3.17,,2.7
1995-02-01,,,,2.7
1995-03-01,,,,2.66
1995-04-01,,,,1.91
1995-05-01,,,,1.76
1995-06-01,,,,2.23
1995-07-01,,,,2.37
1995-08-01,,,,2.31
1995-09-01,,,,2.18
1995-10-01,,,,1.33
1995-11-01,,,,1.61
1995-12-01,,,,1.3
1996-01-01,4.14,1.47,,1.12
1996-02-01,,,,1.7
1996-03-01,,,,1.75
1996-04-01,,,,1.88
1996-05-01,,,,2.13
1996-06-01,,,,2.44
1996-07-01,,,,1.93
1996-08-01,,,,2.12
1996-09-01,,,,2.03
1996-10-01,,,,1.9
1996-11-01,,,,1.88
1996-12-01,,,,2.07
1997-01-01,4.28,2.08,,2.21
1997-02-01,,,,1.7
1997-03-01,,,,1.84
1997-04-01,,,,2.53
1997-05-01,,,,1.69
1997-06-01,,,,1.41
1997-07-01,,,,2.07
1997-08-01,,,,2.35
1997-09-01,,,,2.39
1997-10-01,,,,2.91
1997-11-01,,,,3.31
1997-12-01,,,,3.58
1998-01-01,5.08,3.66,,4.2
1998-02-01,,,,4.6
1998-03-01,,,,4.74
1998-04-01,,,,5.01
1998-05-01,,,,5.0
1998-06-01,,,,5.26
1998-07-01,,,,5.04
1998-08-01,,,,4.84
1998-09-01,,,,4.86
1998-10-01,,,,4.49
1998-11-01,,,,4.23
1998-12-01,,,,3.81
1999-01-01,4.65,2.54,,3.48
1999-02-01,,,,3.17
1999-03-01,,,,2.65
1999-04-01,,,,1.99
1999-05-01,,,,1.74
1999-06-01,,,,1.5
1999-07-01,,,,1.52
1999-08-01,,,,1.62
1999-09-01,,,,1.21
1999-10-01,,,,1.63
1999-11-01,,,,1.88
1999-12-01,,,,2.49
2000-01-01,3.17,-0.26,,2.59
2000-02-01,,,,2.64
2000-03-01,,,,2.82
2000-04-01,,,,3.69
2000-05-01,,,,3.96
2000-06-01,,,,3.91
2000-07-01,,,,4.29
2000-08-01,,,,4.51
2000-09-01,,,,4.79
2000-10-01,,,,4.53
2000-11-01,,,,3.91
2000-12-01,,,,3.33
2001-01-01,0.57,-1.64,,3.15
2001-02-01,,,,2.87
2001-03-01,,,,2.92
2001-04-01,,,,2.19
2001-05-01,,,,1.59
2001-06-01,,,,1.35
2001-07-01,,,,2.31
2001-08-01,,,,3.37
2001-09-01,,,,2.37
2001-10-01,,,,0.27
2001-11-01,,,,0.35
2001-12-01,,,,0.34
2002-01-01,0.43,-0.81,,1.97
2002-02-01,,,,2.02
2002-03-01,,,,1.79
2002-04-01,,,,2.35
2002-05-01,,,,2.94
2002-06-01,,,,3.22
2002-07-01,,,,1.44
2002-08-01,,,,-0.19
2002-09-01,,,,0.77
2002-10-01,,,,2.86
2002-11-01,,,,3.03
2002-12-01,,,,3.12
2003-01-01,2.15,0.06,,0.92
2003-02-01,,,,0.42
2003-03-01,,,,0.56
2003-04-01,,,,0.75
2003-05-01,,,,1.09
2003-06-01,,,,1.06
2003-07-01,,,,2.53
2003-08-01,,,,3.22
2003-09-01,,,,1.95
2003-10-01,,,,2.06
2003-11-01,,,,2.4
2003-12-01,,,,2.21
2004-01-01,2.33,-0.16,,2.25
2004-02-01,,,,2.79
2004-03-01,,,,2.99
2004-04-01,,,,2.79
2004-05-01,,,,2.55
2004-06-01,,,,2.35
2004-07-01,,,,1.35
2004-08-01,,,,0.97
2004-09-01,,,,2.17
2004-10-01,,,,1.81
2004-11-01,,,,0.87
2004-12-01,,,,4.48
2005-01-01,4.51,1.56,,0.65
2005-02-01,,,,0.49
2005-03-01,,,,0.44
2005-04-01,,,,0.43
2005-05-01,,,,0.36
2005-06-01,,,,0.49
2005-07-01,,,,0.37
2005-08-01,,,,0.22
2005-09-01,,,,-0.17
2005-10-01,,,,0.36
2005-11-01,,,,1.31
2005-12-01,,,,-1.98
2006-01-01,4.04,1.11,,2.83
2006-02-01,,,,3.25
2006-03-01,,,,3.27
2006-04-01,,,,2.91
2006-05-01,,,,2.41
2006-06-01,,,,2.33
2006-07-01,,,,2.18
2006-08-01,,,,1.93
2006-09-01,,,,2.84
2006-10-01,,,,2.73
2006-11-01,,,,2.51
2006-12-01,,,,2.68
2007-01-01,4.21,1.61,,1.64
2007-02-01,,,3.19,1.53
2007-03-01,,,3.39,1.47
2007-04-01,,,3.07,1.65
2007-05-01,,,3.53,1.77
2007-06-01,,,3.61,1.59
2007-07-01,,,3.2,1.74
2007-08-01,,,3.35,1.86
2007-09-01,,,3.14,1.48
2007-10-01,,,3.13,0.94
2007-11-01,,,3.07,0.45
2007-12-01,,,2.82,0.39
2008-01-01,0.14,-3.41,2.91,0.55
2008-02-01,,,2.85,0.25
2008-03-01,,,3.09,-0.04
2008-04-01,,,2.84,-0.55
2008-05-01,,,3.02,4.28
2008-06-01,,,2.72,1.72
2008-07-01,,,3.15,0.07
2008-08-01,,,3.33,-0.53
2008-09-01,,,3.28,-0.44
2008-10-01,,,3.32,0.39
2008-11-01,,,3.5,1.35
2008-12-01,,,3.73,0.47
2009-01-01,-1.03,-0.64,3.63,0.93
2009-02-01,,,3.34,-0.08
2009-03-01,,,3.23,-0.1
2009-04-01,,,3.37,0.91
2009-05-01,,,3.03,-2.41
2009-06-01,,,2.88,-1.71
2009-07-01,,,2.69,-0.62
2009-08-01,,,2.44,-0.26
2009-09-01,,,2.49,-0.2
2009-10-01,,,2.53,-1.25
2009-11-01,,,2.2,-1.84
2009-12-01,,,1.91,-0.93
2010-01-01,-1.0,-2.35,2.0,-1.47
2010-02-01,,,2.18,-0.46
2010-03-01,,,1.86,-0.07
2010-04-01,,,1.76,0.17
2010-05-01,,,1.76,-0.53
2010-06-01,,,1.76,1.35
2010-07-01,,,1.85,1.89
2010-08-01,,,1.75,2.39
2010-09-01,,,1.8,2.09
2010-10-01,,,1.88,2.43
2010-11-01,,,1.75,2.27
2010-12-01,,,1.74,2.42
2011-01-01,1.56,-1.48,2.1,2.86
2011-02-01,,,1.83,3.12
2011-03-01,,,1.83,2.45
2011-04-01,,,1.87,1.4
2011-05-01,,,2.04,0.52
2011-06-01,,,2.09,0.89
2011-07-01,,,2.3,1.2
2011-08-01,,,1.95,0.85
2011-09-01,,,1.94,0.73
2011-10-01,,,1.98,0.79
2011-11-01,,,2.02,0.62
2011-12-01,,,2.02,0.93
2012-01-01,1.94,-0.01,1.71,1.0
2012-02-01,,,1.79,1.19
2012-03-01,,,2.14,1.74
2012-04-01,,,2.1,2.31
2012-05-01,,,1.92,2.4
2012-06-01,,,2.0,1.87
2012-07-01,,,1.64,0.73
2012-08-01,,,1.82,0.49
2012-09-01,,,1.99,1.34
2012-10-01,,,1.64,1.95
2012-11-01,,,1.9,3.37
2012-12-01,,,2.15,4.96
2013-01-01,5.04,3.78,2.06,-1.7
2013-02-01,,,2.15,-2.39
2013-03-01,,,1.88,-2.38
2013-04-01,,,2.05,-2.43
2013-05-01,,,2.05,-1.94
2013-06-01,,,2.13,-1.82
2013-07-01,,,2.09,-1.19
2013-08-01,,,2.3,-0.69
2013-09-01,,,2.08,-0.94
2013-10-01,,,2.25,-2.01
2013-11-01,,,2.24,-3.11
2013-12-01,,,1.94,-5.29
2014-01-01,0.13,-1.27,2.02,1.05
2014-02-01,,,2.31,1.82
2014-03-01,,,2.14,2.07
2014-04-01,,,1.97,2.12
2014-05-01,,,2.13,1.97
2014-06-01,,,2.09,2.32
2014-07-01,,,2.09,2.62
2014-08-01,,,2.16,2.86
2014-09-01,,,2.08,2.7
2014-10-01,,,2.08,3.61
2014-11-01,,,2.07,3.98
2014-12-01,,,1.86,4.54
2015-01-01,5.33,5.4,2.15,4.66
2015-02-01,,,1.89,4.5
2015-03-01,,,2.22,3.66
2015-04-01,,,2.26,3.49
2015-05-01,,,2.34,3.34
2015-06-01,,,2.09,3.03
2015-07-01,,,2.17,3.07
2015-08-01,,,2.28,2.84
2015-09-01,,,2.24,2.8
2015-10-01,,,2.48,2.49
2015-11-01,,,2.39,1.92
2015-12-01,,,2.52,1.69
2016-01-01,4.46,3.56,2.55,1.55
2016-02-01,,,2.38,1.28
2016-03-01,,,2.41,1.55
2016-04-01,,,2.57,1.12
2016-05-01,,,2.44,0.87
2016-06-01,,,2.6,0.87
2016-07-01,,,2.72,1.04
2016-08-01,,,2.43,0.95
2016-09-01,,,2.63,0.92
2016-10-01,,,2.78,0.93
2016-11-01,,,2.57,1.24
2016-12-01,,,2.69,1.05
2017-01-01,3.56,1.76,2.48,1.04
2017-02-01,,,2.72,1.25
2017-03-01,,,2.59,1.68
2017-04-01,,,2.55,2.13
2017-05-01,,,2.46,2.93
2017-06-01,,,2.5,2.92
2017-07-01,,,2.57,2.82
2017-08-01,,,2.57,2.84
2017-09-01,,,2.79,2.8
2017-10-01,,,2.32,2.92
2017-11-01,,,2.47,2.81
2017-12-01,,,2.7,2.72
2018-01-01,3.34,1.29,2.77,2.91
2018-02-01,,,2.57,2.86
2018-03-01,,,2.83,2.81
2018-04-01,,,2.79,2.8
2018-05-01,,,2.94,2.44
2018-06-01,,,2.93,2.81
2018-07-01,,,2.85,2.97
2018-08-01,,,3.19,3.22
2018-09-01,,,3.13,3.03
2018-10-01,,,3.28,2.98
2018-11-01,,,3.39,3.11
2018-12-01,,,3.49,4.21
2019-01-01,8.74,7.16,3.26,3.8
2019-02-01,,,3.55,3.72
2019-03-01,,,3.43,3.4
2019-04-01,,,3.27,2.97
2019-05-01,,,3.34,2.62
2019-06-01,,,3.48,2.4
2019-07-01,,,3.43,2.09
2019-08-01,,,3.42,2.27
2019-09-01,,,3.07,2.49
2019-10-01,,,3.18,2.38
2019-11-01,,,3.28,2.42
2019-12-01,,,2.98,0.63
2020-01-01,-1.0,-2.02,3.04,1.46
2020-02-01,,,3.07,1.67
2020-03-01,,,3.46,0.36
2020-04-01,,,8.1,15.4
2020-05-01,,,6.6,9.65
2020-06-01,,,5.04,9.1
2020-07-01,,,4.85,9.97
2020-08-01,,,4.8,5.22
2020-09-01,,,4.79,5.61
2020-10-01,,,4.6,5.12
2020-11-01,,,4.59,3.61
2020-12-01,,,5.39,4.31
2021-01-01,4.07,-0.38,5.28,14.63
2021-02-01,,,5.29,4.85
2021-03-01,,,4.52,30.52
2021-04-01,,,0.6,-3.41
2021-05-01,,,2.32,-1.23
2021-06-01,,,3.95,-1.4
2021-07-01,,,4.32,-1.65
2021-08-01,,,4.37,2.05
2021-09-01,,,4.98,0.33
2021-10-01,,,5.42,0.7
2021-11-01,,,5.36,1.56
2021-12-01,,,4.95,0.95
2022-01-01,5.37,-2.18,5.58,-11.27
2022-02-01,,,5.29,-3.34
2022-03-01,,,5.89,-21.76
2022-04-01,,,5.76,-7.89
2022-05-01,,,5.56,-5.34
2022-06-01,,,5.4,-5.13
2022-07-01,,,5.48,-4.55
2022-08-01,,,5.39,-3.82
2022-09-01,,,5.13,-2.43
2022-10-01,,,5.01,-2.17
2022-11-01,,,5.09,-1.76
2022-12-01,,,4.94,-0.89
2023-01-01,8.09,4.01,4.49,3.57
2023-02-01,,,4.77,4.09
2023-03-01,,,4.62,5.21
2023-04-01,,,4.6,5.43
2023-05-01,,,4.36,5.94
2023-06-01,,,4.66,6.31
2023-07-01,,,4.67,5.15
2023-08-01,,,4.47,4.67
2023-09-01,,,4.42,4.34
2023-10-01,,,4.22,4.35
2023-11-01,,,4.11,4.68
2023-12-01,,,4.1,4.52
2024-01-01,3.87,1.26,4.39,3.03
2024-02-01,,,4.13,2.59
2024-03-01,,,4.15,2.09
2024-04-01,,,3.98,1.98
2024-05-01,,,4.15,2.03
2024-06-01,,,3.92,2.12
2024-07-01,,,3.63,1.89
2024-08-01,,,3.92,1.84
2024-09-01,,,3.91,1.93
2024-10-01,,,4.05,1.85
2024-11-01,,,4.18,1.62
2024-12-01,,,4.08,1.43
2025-01-01,,,3.97,1.05
2025-02-01,,,4.11,1.08
2025-03-01,,,4.21,1.68
2025-04-01,,,3.91,2.18
2025-05-01,,,3.98,0.93
2025-06-01,,,3.86,0.65
2025-07-01,,,3.96,1.16
2025-08-01,,,3.98,1.33
2025-09-01,,,3.85,1.35
2025-10-01,,,3.92,0.83
2025-11-01,,,3.93,0.61
2025-12-01,,,3.73,0.45
2026-01-01,,,3.66,0.99
2026-02-01,,,3.7,0.44
2026-03-01,,,3.43,-0.32
2026-04-01,,,3.57,-1.37
2026-05-01,,,3.45,-0.26
