date,1-Year Expected Inflation YoY Chg,5-Year Expected Inflation YoY Chg,10-Year Expected Inflation YoY Chg
1982-12-01,-1.82,-1.48,-1.34
1983-01-01,-1.53,-1.58,-1.48
1983-02-01,-1.84,-1.41,-1.22
1983-03-01,-2.32,-1.33,-1.04
1983-04-01,-1.51,-1.17,-0.98
1983-05-01,-0.87,-1.23,-1.15
1983-06-01,-1.31,-1.06,-0.88
1983-07-01,-1.41,-1.22,-1.05
1983-08-01,-1.18,-0.78,-0.68
1983-09-01,-1.24,-0.7,-0.63
1983-10-01,-0.02,-0.33,-0.37
1983-11-01,0.55,0.39,0.35
1983-12-01,0.63,0.29,0.23
1984-01-01,0.38,0.39,0.35
1984-02-01,0.47,0.23,0.17
1984-03-01,0.77,0.63,0.56
1984-04-01,0.79,0.65,0.58
1984-05-01,0.84,0.96,0.91
1984-06-01,1.45,1.14,1.01
1984-07-01,0.73,0.93,0.87
1984-08-01,0.03,0.38,0.41
1984-09-01,0.0,0.33,0.33
1984-10-01,0.3,0.3,0.24
1984-11-01,-0.27,-0.08,-0.05
1984-12-01,-0.35,-0.09,-0.06
1985-01-01,-0.37,-0.02,0.05
1985-02-01,-0.4,-0.06,0.01
1985-03-01,0.16,0.08,0.09
1985-04-01,-0.65,-0.36,-0.29
1985-05-01,-0.76,-0.55,-0.46
1985-06-01,-0.87,-1.22,-1.14
1985-07-01,-1.28,-1.3,-1.17
1985-08-01,-0.8,-0.8,-0.71
1985-09-01,-0.64,-0.89,-0.82
1985-10-01,-1.0,-0.74,-0.6
1985-11-01,-0.66,-0.59,-0.52
1985-12-01,-0.85,-0.74,-0.67
1986-01-01,-0.9,-1.06,-0.98
1986-02-01,-0.69,-0.96,-0.92
1986-03-01,-1.51,-1.61,-1.53
1986-04-01,-1.76,-1.61,-1.47
1986-05-01,-1.85,-1.52,-1.38
1986-06-01,-1.25,-0.76,-0.66
1986-07-01,-0.83,-0.95,-0.89
1986-08-01,-1.04,-1.16,-1.08
1986-09-01,-1.06,-1.26,-1.19
1986-10-01,-0.94,-1.06,-0.98
1986-11-01,-1.05,-1.05,-0.94
1986-12-01,-0.37,-0.91,-0.89
1987-01-01,-0.5,-0.65,-0.61
1987-02-01,-0.4,-0.64,-0.6
1987-03-01,-0.39,-0.41,-0.35
1987-04-01,0.62,0.11,0.07
1987-05-01,1.06,0.44,0.37
1987-06-01,0.52,0.02,-0.02
1987-07-01,0.43,0.31,0.3
1987-08-01,0.74,0.48,0.42
1987-09-01,0.87,0.77,0.71
1987-10-01,0.91,0.72,0.62
1987-11-01,0.75,0.66,0.62
1987-12-01,0.45,0.76,0.78
1988-01-01,0.19,0.66,0.7
1988-02-01,0.22,0.34,0.33
1988-03-01,0.59,0.46,0.43
1988-04-01,0.34,0.42,0.39
1988-05-01,0.19,0.12,0.07
1988-06-01,-0.03,0.21,0.22
1988-07-01,0.26,0.15,0.11
1988-08-01,0.24,0.08,0.04
1988-09-01,0.14,0.06,0.02
1988-10-01,-0.01,-0.19,-0.2
1988-11-01,0.28,-0.09,-0.17
1988-12-01,0.38,-0.03,-0.14
1989-01-01,0.82,0.2,0.07
1989-02-01,0.61,0.42,0.34
1989-03-01,0.85,0.62,0.52
1989-04-01,0.72,0.35,0.25
1989-05-01,0.75,0.18,0.04
1989-06-01,0.44,-0.07,-0.17
1989-07-01,0.06,-0.28,-0.34
1989-08-01,-0.24,-0.49,-0.51
1989-09-01,-0.39,-0.39,-0.37
1989-10-01,-0.15,-0.21,-0.22
1989-11-01,-0.25,-0.31,-0.31
1989-12-01,-0.8,-0.53,-0.46
1990-01-01,-0.33,-0.49,-0.5
1990-02-01,0.03,-0.19,-0.22
1990-03-01,-0.54,-0.4,-0.37
1990-04-01,-0.57,-0.35,-0.31
1990-05-01,-0.61,-0.06,0.04
1990-06-01,-0.19,-0.05,-0.01
1990-07-01,-0.26,0.08,0.12
1990-08-01,-0.0,0.23,0.25
1990-09-01,0.71,0.34,0.28
1990-10-01,0.78,0.24,0.17
1990-11-01,0.96,0.37,0.29
1990-12-01,1.23,0.32,0.19
1991-01-01,-0.08,-0.03,0.01
1991-02-01,-0.64,-0.33,-0.25
1991-03-01,-0.2,-0.15,-0.09
1991-04-01,-0.38,-0.25,-0.19
1991-05-01,-0.6,-0.44,-0.35
1991-06-01,-0.61,-0.19,-0.09
1991-07-01,-0.22,-0.03,0.03
1991-08-01,-0.36,-0.05,0.03
1991-09-01,-1.15,-0.52,-0.38
1991-10-01,-1.41,-0.58,-0.4
1991-11-01,-1.47,-0.6,-0.43
1991-12-01,-1.34,-0.53,-0.36
1992-01-01,-0.8,-0.53,-0.44
1992-02-01,-0.45,-0.23,-0.15
1992-03-01,-0.2,-0.29,-0.26
1992-04-01,-0.39,-0.2,-0.12
1992-05-01,-0.23,-0.16,-0.11
1992-06-01,-0.02,-0.29,-0.28
1992-07-01,-0.57,-0.52,-0.44
1992-08-01,-0.66,-0.62,-0.54
1992-09-01,-0.58,-0.56,-0.48
1992-10-01,-0.64,-0.58,-0.5
1992-11-01,-0.4,-0.27,-0.21
1992-12-01,-0.54,-0.14,-0.06
1993-01-01,-0.23,-0.08,-0.04
1993-02-01,-0.43,-0.43,-0.39
1993-03-01,-0.61,-0.65,-0.6
1993-04-01,-0.46,-0.62,-0.58
1993-05-01,-0.59,-0.71,-0.66
1993-06-01,-0.74,-0.65,-0.59
1993-07-01,-0.46,-0.53,-0.5
1993-08-01,-0.28,-0.34,-0.32
1993-09-01,-0.32,-0.38,-0.36
1993-10-01,-0.18,-0.25,-0.24
1993-11-01,-0.28,-0.44,-0.43
1993-12-01,-0.35,-0.47,-0.46
1994-01-01,-0.19,-0.31,-0.31
1994-02-01,-0.11,-0.22,-0.22
1994-03-01,0.3,0.21,0.19
1994-04-01,0.31,0.44,0.41
1994-05-01,0.42,0.49,0.44
1994-06-01,0.61,0.54,0.49
1994-07-01,0.46,0.68,0.66
1994-08-01,0.46,0.5,0.45
1994-09-01,0.57,0.69,0.63
1994-10-01,0.73,0.89,0.82
1994-11-01,0.77,0.93,0.87
1994-12-01,1.25,0.97,0.83
1995-01-01,0.85,0.92,0.84
1995-02-01,0.76,0.88,0.8
1995-03-01,0.2,0.41,0.38
1995-04-01,0.24,0.1,0.05
1995-05-01,0.22,-0.06,-0.12
1995-06-01,-0.37,-0.47,-0.48
1995-07-01,-0.03,-0.47,-0.52
1995-08-01,-0.02,-0.25,-0.28
1995-09-01,-0.04,-0.34,-0.36
1995-10-01,-0.37,-0.6,-0.6
1995-11-01,-0.59,-0.78,-0.76
1995-12-01,-1.16,-1.05,-0.98
1996-01-01,-0.7,-1.01,-0.99
1996-02-01,-0.64,-0.92,-0.9
1996-03-01,-0.86,-0.68,-0.61
1996-04-01,-0.33,-0.42,-0.41
1996-05-01,-0.22,-0.1,-0.06
1996-06-01,0.17,0.34,0.35
1996-07-01,-0.11,0.16,0.18
1996-08-01,-0.16,0.06,0.09
1996-09-01,-0.08,0.22,0.23
1996-10-01,0.05,0.19,0.2
1996-11-01,0.12,0.18,0.17
1996-12-01,0.21,0.21,0.2
1997-01-01,0.15,0.35,0.36
1997-02-01,0.21,0.37,0.37
1997-03-01,0.62,0.35,0.29
1997-04-01,0.1,0.26,0.26
1997-05-01,-0.11,0.03,0.03
1997-06-01,-0.03,-0.07,-0.07
1997-07-01,-0.05,-0.07,-0.06
1997-08-01,-0.14,-0.14,-0.13
1997-09-01,-0.12,-0.21,-0.21
1997-10-01,-0.19,-0.18,-0.16
1997-11-01,-0.17,-0.12,-0.11
1997-12-01,-0.03,-0.04,-0.05
1998-01-01,-0.4,-0.31,-0.29
1998-02-01,-0.51,-0.36,-0.32
1998-03-01,-0.36,-0.34,-0.31
1998-04-01,-0.51,-0.48,-0.45
1998-05-01,-0.49,-0.38,-0.33
1998-06-01,-0.74,-0.44,-0.38
1998-07-01,-0.35,-0.3,-0.27
1998-08-01,-0.26,-0.24,-0.22
1998-09-01,-0.48,-0.45,-0.4
1998-10-01,-0.63,-0.75,-0.71
1998-11-01,-0.59,-0.59,-0.55
1998-12-01,-0.66,-0.56,-0.49
1999-01-01,-0.36,-0.4,-0.37
1999-02-01,-0.2,-0.3,-0.29
1999-03-01,-0.16,-0.17,-0.16
1999-04-01,-0.03,-0.13,-0.13
1999-05-01,0.1,-0.11,-0.13
1999-06-01,-0.12,0.02,0.02
1999-07-01,0.06,0.09,0.08
1999-08-01,0.1,0.15,0.14
1999-09-01,0.15,0.36,0.35
1999-10-01,0.52,0.76,0.73
1999-11-01,0.64,0.66,0.61
1999-12-01,0.89,0.78,0.72
2000-01-01,0.68,0.74,0.69
2000-02-01,0.74,0.79,0.72
2000-03-01,0.53,0.58,0.54
2000-04-01,0.46,0.42,0.38
2000-05-01,0.57,0.48,0.42
2000-06-01,1.41,0.52,0.39
2000-07-01,0.29,0.12,0.08
2000-08-01,0.31,0.06,0.01
2000-09-01,0.49,-0.02,-0.1
2000-10-01,0.23,-0.11,-0.17
2000-11-01,0.11,-0.15,-0.19
2000-12-01,0.0,-0.3,-0.34
2001-01-01,-0.43,-0.73,-0.74
2001-02-01,-0.52,-0.74,-0.71
2001-03-01,-1.1,-0.91,-0.83
2001-04-01,-0.6,-0.65,-0.59
2001-05-01,-0.59,-0.58,-0.51
2001-06-01,-1.01,-0.59,-0.48
2001-07-01,-0.4,-0.34,-0.28
2001-08-01,-0.54,-0.45,-0.38
2001-09-01,-0.06,-0.27,-0.24
2001-10-01,-0.81,-0.55,-0.43
2001-11-01,-1.02,-0.69,-0.56
2001-12-01,-0.44,-0.33,-0.24
2002-01-01,-0.36,0.14,0.26
2002-02-01,-0.49,-0.02,0.07
2002-03-01,-0.13,0.13,0.21
2002-04-01,0.03,0.31,0.37
2002-05-01,-0.11,-0.01,0.03
2002-06-01,-0.41,-0.18,-0.11
2002-07-01,-0.34,-0.22,-0.16
2002-08-01,-0.45,-0.36,-0.29
2002-09-01,-1.07,-0.65,-0.53
2002-10-01,-0.29,-0.44,-0.41
2002-11-01,-0.05,-0.22,-0.2
2002-12-01,-0.78,-0.4,-0.31
2003-01-01,-0.21,-0.55,-0.55
2003-02-01,-0.04,-0.45,-0.47
2003-03-01,-0.11,-0.62,-0.63
2003-04-01,-0.6,-0.87,-0.84
2003-05-01,-0.78,-0.73,-0.68
2003-06-01,-0.06,-0.73,-0.75
2003-07-01,-0.72,-0.73,-0.67
2003-08-01,-0.28,-0.14,-0.1
2003-09-01,-0.06,0.16,0.18
2003-10-01,-0.22,-0.04,-0.01
2003-11-01,-0.1,0.08,0.1
2003-12-01,0.27,0.06,0.04
2004-01-01,-0.17,0.04,0.07
2004-02-01,-0.12,0.01,0.03
2004-03-01,-0.2,0.06,0.09
2004-04-01,-0.14,0.0,0.03
2004-05-01,0.38,0.35,0.34
2004-06-01,0.29,0.58,0.59
2004-07-01,0.63,0.57,0.53
2004-08-01,0.49,0.23,0.18
2004-09-01,0.7,0.04,-0.04
2004-10-01,0.36,0.28,0.24
2004-11-01,0.28,0.06,0.02
2004-12-01,-0.47,-0.05,-0.02
2005-01-01,0.23,0.09,0.05
2005-02-01,0.15,0.13,0.1
2005-03-01,0.63,0.38,0.3
2005-04-01,0.61,0.45,0.37
2005-05-01,0.36,0.02,-0.05
2005-06-01,-0.21,-0.25,-0.27
2005-07-01,0.08,-0.09,-0.14
2005-08-01,0.12,0.05,-0.0
2005-09-01,-0.32,0.01,-0.0
2005-10-01,0.7,0.31,0.2
2005-11-01,0.84,0.39,0.27
2005-12-01,1.47,0.41,0.22
2006-01-01,0.26,0.15,0.08
2006-02-01,0.37,0.22,0.14
2006-03-01,-0.57,-0.03,-0.0
2006-04-01,0.22,0.16,0.1
2006-05-01,0.3,0.31,0.26
2006-06-01,0.38,0.42,0.37
2006-07-01,0.47,0.42,0.36
2006-08-01,0.4,0.21,0.15
2006-09-01,0.3,0.2,0.16
2006-10-01,-0.45,-0.09,-0.06
2006-11-01,-1.16,-0.3,-0.2
2006-12-01,-1.24,-0.33,-0.22
2007-01-01,0.28,0.11,0.08
2007-02-01,0.13,0.08,0.06
2007-03-01,1.03,0.11,-0.01
2007-04-01,0.04,-0.13,-0.15
2007-05-01,0.04,-0.13,-0.14
2007-06-01,0.47,0.05,0.01
2007-07-01,-0.19,-0.1,-0.08
2007-08-01,-0.21,-0.15,-0.13
2007-09-01,-0.08,-0.13,-0.11
2007-10-01,-0.11,-0.07,-0.03
2007-11-01,0.74,0.08,0.01
2007-12-01,0.55,-0.15,-0.2
2008-01-01,-0.22,-0.38,-0.35
2008-02-01,-0.34,-0.56,-0.5
2008-03-01,-0.86,-0.63,-0.52
2008-04-01,-0.7,-0.58,-0.48
2008-05-01,-0.64,-0.41,-0.3
2008-06-01,-0.49,-0.44,-0.37
2008-07-01,0.33,-0.28,-0.3
2008-08-01,0.4,-0.14,-0.14
2008-09-01,0.16,-0.21,-0.2
2008-10-01,-0.68,-0.42,-0.35
2008-11-01,-1.85,-0.6,-0.38
2008-12-01,-2.26,-0.82,-0.57
2009-01-01,-1.99,-0.78,-0.55
2009-02-01,-1.92,-0.6,-0.4
2009-03-01,-2.41,-0.57,-0.31
2009-04-01,-0.79,-0.39,-0.3
2009-05-01,-0.99,-0.46,-0.36
2009-06-01,-1.45,-0.46,-0.3
2009-07-01,-1.4,-0.46,-0.3
2009-08-01,-1.03,-0.37,-0.25
2009-09-01,-0.37,-0.2,-0.14
2009-10-01,0.02,-0.17,-0.15
2009-11-01,1.02,0.09,0.02
2009-12-01,1.5,0.45,0.33
2010-01-01,1.22,0.56,0.47
2010-02-01,1.35,0.45,0.35
2010-03-01,2.45,0.61,0.37
2010-04-01,0.36,0.38,0.37
2010-05-01,0.27,0.18,0.17
2010-06-01,0.08,-0.12,-0.13
2010-07-01,-0.59,-0.37,-0.31
2010-08-01,-0.68,-0.45,-0.38
2010-09-01,-1.45,-0.63,-0.49
2010-10-01,-0.26,-0.39,-0.38
2010-11-01,-0.41,-0.5,-0.48
2010-12-01,-0.29,-0.23,-0.21
2011-01-01,0.09,-0.08,-0.12
2011-02-01,0.22,0.03,-0.03
2011-03-01,0.14,0.08,0.04
2011-04-01,0.49,0.11,0.04
2011-05-01,0.73,0.11,0.01
2011-06-01,0.76,0.11,0.01
2011-07-01,1.47,0.42,0.26
2011-08-01,0.17,0.06,0.02
2011-09-01,0.1,0.0,-0.02
2011-10-01,0.1,0.04,0.01
2011-11-01,0.11,0.08,0.06
2011-12-01,0.22,-0.01,-0.05
2012-01-01,-0.32,-0.39,-0.37
2012-02-01,-0.45,-0.48,-0.44
2012-03-01,-0.74,-0.54,-0.47
2012-04-01,-0.39,-0.48,-0.45
2012-05-01,-0.7,-0.53,-0.48
2012-06-01,-1.33,-0.61,-0.48
2012-07-01,-1.14,-0.61,-0.5
2012-08-01,-0.14,-0.25,-0.25
2012-09-01,0.92,0.08,-0.03
2012-10-01,0.15,-0.06,-0.09
2012-11-01,0.16,-0.06,-0.09
2012-12-01,0.39,-0.06,-0.12
2013-01-01,-0.16,-0.12,-0.11
2013-02-01,-0.14,-0.01,-0.01
2013-03-01,-0.36,-0.19,-0.17
2013-04-01,-0.23,-0.2,-0.19
2013-05-01,-0.41,-0.18,-0.14
2013-06-01,0.56,0.19,0.13
2013-07-01,-0.29,0.11,0.15
2013-08-01,0.43,0.31,0.28
2013-09-01,0.27,0.35,0.34
2013-10-01,-0.06,0.21,0.22
2013-11-01,-0.21,0.17,0.2
2013-12-01,-0.18,0.23,0.26
2014-01-01,0.32,0.38,0.36
2014-02-01,0.23,0.24,0.23
2014-03-01,0.21,0.34,0.33
2014-04-01,0.2,0.41,0.41
2014-05-01,0.59,0.5,0.45
2014-06-01,0.17,0.28,0.28
2014-07-01,0.86,0.33,0.25
2014-08-01,0.01,0.12,0.12
2014-09-01,-0.09,0.03,0.04
2014-10-01,0.05,0.15,0.15
2014-11-01,-0.13,0.08,0.1
2014-12-01,0.26,0.1,0.07
2015-01-01,-0.72,-0.21,-0.15
2015-02-01,-1.2,-0.34,-0.24
2015-03-01,-0.42,-0.07,-0.04
2015-04-01,-0.06,-0.16,-0.16
2015-05-01,-0.07,-0.07,-0.08
2015-06-01,0.25,0.03,-0.01
2015-07-01,-0.06,-0.0,0.0
2015-08-01,-0.08,-0.07,-0.06
2015-09-01,-0.19,-0.09,-0.07
2015-10-01,-0.29,-0.16,-0.13
2015-11-01,-0.01,-0.02,-0.01
2015-12-01,-0.72,-0.12,-0.04
2016-01-01,0.56,0.2,0.16
2016-02-01,0.73,0.24,0.17
2016-03-01,-0.02,-0.06,-0.05
2016-04-01,0.1,0.01,0.0
2016-05-01,-0.04,-0.05,-0.04
2016-06-01,-0.49,-0.15,-0.1
2016-07-01,-0.15,-0.26,-0.25
2016-08-01,-0.13,-0.18,-0.17
2016-09-01,0.14,-0.09,-0.11
2016-10-01,0.43,0.01,-0.04
2016-11-01,0.6,0.02,-0.04
2016-12-01,0.82,0.22,0.14
2017-01-01,0.63,0.14,0.07
2017-02-01,0.83,0.3,0.22
2017-03-01,0.72,0.32,0.24
2017-04-01,0.03,0.15,0.14
2017-05-01,-0.1,0.09,0.09
2017-06-01,-0.32,-0.02,0.01
2017-07-01,0.06,0.23,0.22
2017-08-01,0.06,0.18,0.17
2017-09-01,-0.01,0.13,0.12
2017-10-01,0.21,0.22,0.19
2017-11-01,0.17,0.19,0.17
2017-12-01,0.53,0.13,0.06
2018-01-01,-0.2,0.02,0.03
2018-02-01,0.2,0.18,0.15
2018-03-01,0.19,0.11,0.08
2018-04-01,0.13,0.15,0.13
2018-05-01,0.4,0.3,0.25
2018-06-01,0.63,0.38,0.32
2018-07-01,0.41,0.29,0.25
2018-08-01,0.48,0.38,0.33
2018-09-01,0.35,0.33,0.29
2018-10-01,0.26,0.3,0.27
2018-11-01,0.1,0.25,0.23
2018-12-01,-0.84,0.0,0.08
2019-01-01,-0.1,0.01,0.0
2019-02-01,-0.35,-0.12,-0.1
2019-03-01,-0.31,-0.29,-0.28
2019-04-01,0.19,-0.2,-0.24
2019-05-01,0.22,-0.25,-0.29
2019-06-01,0.02,-0.38,-0.41
2019-07-01,-0.38,-0.44,-0.42
2019-08-01,-0.41,-0.51,-0.48
2019-09-01,-0.77,-0.64,-0.58
2019-10-01,-0.49,-0.56,-0.52
2019-11-01,-0.47,-0.52,-0.47
2019-12-01,-0.28,-0.41,-0.38
2020-01-01,-0.01,-0.23,-0.22
2020-02-01,-0.14,-0.37,-0.35
2020-03-01,-0.39,-0.45,-0.42
2020-04-01,-2.09,-0.81,-0.59
2020-05-01,-2.4,-0.9,-0.64
2020-06-01,-1.1,-0.53,-0.41
2020-07-01,-0.18,-0.35,-0.33
2020-08-01,-0.04,-0.33,-0.32
2020-09-01,-0.06,-0.23,-0.21
2020-10-01,-0.33,-0.35,-0.3
2020-11-01,-0.28,-0.34,-0.3
2020-12-01,-0.05,-0.31,-0.3
2021-01-01,-0.35,-0.4,-0.36
2021-02-01,0.03,-0.2,-0.19
2021-03-01,0.53,0.24,0.23
2021-04-01,1.81,0.6,0.42
2021-05-01,2.09,0.62,0.42
2021-06-01,1.54,0.51,0.36
2021-07-01,0.5,0.32,0.28
2021-08-01,0.79,0.31,0.24
2021-09-01,1.1,0.4,0.29
2021-10-01,0.46,0.32,0.28
2021-11-01,1.06,0.49,0.38
2021-12-01,0.97,0.44,0.34
2022-01-01,0.8,0.49,0.42
2022-02-01,0.95,0.59,0.49
2022-03-01,1.54,0.61,0.45
2022-04-01,1.64,0.79,0.63
2022-05-01,1.77,0.96,0.79
2022-06-01,2.17,1.03,0.8
2022-07-01,1.24,0.73,0.6
2022-08-01,0.91,0.64,0.52
2022-09-01,1.5,0.9,0.72
2022-10-01,1.03,0.88,0.76
2022-11-01,0.76,0.8,0.7
2022-12-01,0.25,0.53,0.46
2023-01-01,0.44,0.58,0.49
2023-02-01,-0.01,0.24,0.18
2023-03-01,-0.98,0.25,0.31
2023-04-01,-0.74,-0.13,-0.11
2023-05-01,-0.98,-0.26,-0.21
2023-06-01,-2.86,-0.88,-0.65
2023-07-01,-0.83,-0.2,-0.16
2023-08-01,-0.77,-0.01,0.04
2023-09-01,-1.37,-0.25,-0.14
2023-10-01,-0.11,0.01,-0.01
2023-11-01,-0.45,-0.1,-0.07
2023-12-01,0.22,0.1,0.06
2024-01-01,-0.26,-0.13,-0.12
2024-02-01,-0.18,0.03,0.04
2024-03-01,0.01,-0.03,-0.04
2024-04-01,0.05,0.25,0.24
2024-05-01,0.28,0.32,0.29
2024-06-01,1.36,0.74,0.61
2024-07-01,0.08,0.31,0.3
2024-08-01,-0.26,-0.01,0.03
2024-09-01,-0.58,-0.16,-0.1
2024-10-01,-0.51,-0.31,-0.25
2024-11-01,-0.36,-0.1,-0.05
2024-12-01,-0.44,-0.01,0.05
2025-01-01,0.21,0.28,0.28
2025-02-01,0.3,0.33,0.32
2025-03-01,0.1,0.07,0.08
2025-04-01,0.18,0.01,0.01
2025-05-01,-0.24,-0.18,-0.14
2025-06-01,-0.35,-0.08,-0.02
2025-07-01,0.23,-0.02,-0.03
2025-08-01,0.34,0.13,0.11
2025-09-01,0.57,0.22,0.17
2025-10-01,0.47,0.21,0.18
2025-11-01,0.27,-0.0,-0.03
2025-12-01,0.54,0.07,0.02
2026-01-01,-0.04,-0.12,-0.11
2026-02-01,-0.14,-0.12,-0.1
2026-03-01,0.11,-0.09,-0.1
2026-04-01,0.39,0.11,0.07
2026-05-01,0.84,0.26,0.18
2026-06-01,0.66,0.19,0.12
2026-07-01,-0.4,0.05,0.1
2026-08-01,-0.3,0.17,0.21
