date,PCE Price Index YoY Chg,Core PCE (Less Food & Energy) YoY Chg,"Trimmed-Mean PCE (12-mo % chg, Dallas Fed) YoY Chg"
1959-12-01,1.75,2.05,
1960-01-01,1.69,2.07,
1960-02-01,1.7,2.19,
1960-03-01,1.69,2.07,
1960-04-01,1.86,2.0,
1960-05-01,1.91,2.05,
1960-06-01,1.66,1.8,
1960-07-01,1.63,1.74,
1960-08-01,1.66,1.73,
1960-09-01,1.45,1.54,
1960-10-01,1.32,1.43,
1960-11-01,1.6,1.51,
1960-12-01,1.5,1.33,
1961-01-01,1.58,1.33,
1961-02-01,1.57,1.24,
1961-03-01,1.45,1.26,
1961-04-01,1.03,1.22,
1961-05-01,0.98,1.18,
1961-06-01,0.98,1.28,
1961-07-01,1.02,1.25,
1961-08-01,0.93,1.21,
1961-09-01,0.99,1.33,
1961-10-01,0.87,1.31,
1961-11-01,0.53,1.05,
1961-12-01,0.54,1.17,
1962-01-01,0.71,1.27,
1962-02-01,0.89,1.33,
1962-03-01,1.08,1.54,
1962-04-01,1.25,1.42,
1962-05-01,1.26,1.43,
1962-06-01,1.28,1.46,
1962-07-01,1.0,1.39,
1962-08-01,1.06,1.3,
1962-09-01,1.44,1.3,
1962-10-01,1.35,1.26,
1962-11-01,1.41,1.31,
1962-12-01,1.35,1.26,
1963-01-01,1.4,1.33,
1963-02-01,1.24,1.28,
1963-03-01,1.02,1.1,
1963-04-01,0.9,1.21,
1963-05-01,1.0,1.25,
1963-06-01,1.16,1.24,
1963-07-01,1.42,1.24,
1963-08-01,1.41,1.32,
1963-09-01,0.9,1.3,
1963-10-01,1.19,1.54,
1963-11-01,1.27,1.55,
1963-12-01,1.45,1.67,
1964-01-01,1.42,1.62,
1964-02-01,1.45,1.69,
1964-03-01,1.6,1.73,
1964-04-01,1.68,1.7,
1964-05-01,1.53,1.6,
1964-06-01,1.45,1.5,
1964-07-01,1.38,1.51,
1964-08-01,1.32,1.55,
1964-09-01,1.49,1.41,
1964-10-01,1.36,1.22,
1964-11-01,1.35,1.28,
1964-12-01,1.35,1.28,
1965-01-01,1.25,1.27,
1965-02-01,1.15,1.2,
1965-03-01,1.22,1.16,
1965-04-01,1.3,1.19,
1965-05-01,1.52,1.29,
1965-06-01,1.67,1.2,
1965-07-01,1.61,1.19,
1965-08-01,1.56,1.25,
1965-09-01,1.46,1.33,
1965-10-01,1.42,1.25,
1965-11-01,1.45,1.3,
1965-12-01,1.67,1.46,
1966-01-01,1.68,1.35,
1966-02-01,2.06,1.48,
1966-03-01,2.18,1.55,
1966-04-01,2.37,1.8,
1966-05-01,2.26,1.88,
1966-06-01,2.22,2.23,
1966-07-01,2.35,2.43,
1966-08-01,2.71,2.43,
1966-09-01,2.99,2.62,
1966-10-01,3.23,2.99,
1966-11-01,3.21,3.06,
1966-12-01,3.05,3.06,
1967-01-01,2.93,3.12,
1967-02-01,2.63,3.06,
1967-03-01,2.43,3.08,
1967-04-01,2.25,3.0,
1967-05-01,2.32,2.95,
1967-06-01,2.39,2.88,
1967-07-01,2.54,2.92,
1967-08-01,2.47,3.05,
1967-09-01,2.45,3.1,
1967-10-01,2.47,3.15,
1967-11-01,2.66,3.22,
1967-12-01,2.61,3.16,
1968-01-01,3.08,3.52,
1968-02-01,3.38,3.78,
1968-03-01,3.66,4.03,
1968-04-01,3.81,4.13,
1968-05-01,3.99,4.29,
1968-06-01,4.0,4.44,
1968-07-01,3.96,4.43,
1968-08-01,4.06,4.52,
1968-09-01,4.11,4.57,
1968-10-01,4.27,4.6,
1968-11-01,4.28,4.67,
1968-12-01,4.33,4.72,
1969-01-01,4.25,4.65,
1969-02-01,4.1,4.56,
1969-03-01,4.25,4.63,
1969-04-01,4.38,4.65,
1969-05-01,4.41,4.68,
1969-06-01,4.58,4.63,
1969-07-01,4.72,4.76,
1969-08-01,4.58,4.65,
1969-09-01,4.65,4.65,
1969-10-01,4.55,4.67,
1969-11-01,4.65,4.67,
1969-12-01,4.91,4.75,
1970-01-01,4.88,4.7,
1970-02-01,5.03,4.74,
1970-03-01,4.79,4.64,
1970-04-01,4.86,4.65,
1970-05-01,4.77,4.61,
1970-06-01,4.54,4.62,
1970-07-01,4.46,4.53,
1970-08-01,4.45,4.6,
1970-09-01,4.48,4.62,
1970-10-01,4.65,4.68,
1970-11-01,4.6,4.82,
1970-12-01,4.59,4.96,
1971-01-01,4.44,5.03,
1971-02-01,4.33,5.02,
1971-03-01,4.41,4.97,
1971-04-01,4.3,4.95,
1971-05-01,4.4,5.03,
1971-06-01,4.59,5.07,
1971-07-01,4.52,5.07,
1971-08-01,4.55,4.86,
1971-09-01,4.24,4.59,
1971-10-01,3.88,4.24,
1971-11-01,3.69,3.94,
1971-12-01,3.64,3.75,
1972-01-01,3.84,3.78,
1972-02-01,3.95,3.67,
1972-03-01,3.76,3.54,
1972-04-01,3.51,3.39,
1972-05-01,3.31,3.18,
1972-06-01,3.01,2.98,
1972-07-01,3.07,2.88,
1972-08-01,3.07,2.96,
1972-09-01,3.37,3.13,
1972-10-01,3.33,3.03,
1972-11-01,3.42,3.07,
1972-12-01,3.35,3.05,
1973-01-01,3.24,2.68,
1973-02-01,3.37,2.73,
1973-03-01,3.96,2.94,
1973-04-01,4.57,3.3,
1973-05-01,4.85,3.46,
1973-06-01,5.29,3.69,
1973-07-01,5.3,3.84,
1973-08-01,6.2,4.1,
1973-09-01,6.15,4.28,
1973-10-01,6.63,4.62,
1973-11-01,7.18,4.85,
1973-12-01,7.72,5.12,
1974-01-01,8.43,5.57,
1974-02-01,9.12,5.91,
1974-03-01,9.6,6.3,
1974-04-01,9.56,6.48,
1974-05-01,10.1,7.09,
1974-06-01,10.41,7.72,
1974-07-01,10.82,8.22,
1974-08-01,10.7,8.75,
1974-09-01,11.41,9.18,
1974-10-01,11.57,9.61,
1974-11-01,11.5,9.88,
1974-12-01,11.46,10.04,
1975-01-01,11.09,10.14,
1975-02-01,10.41,10.22,
1975-03-01,9.51,9.94,
1975-04-01,9.11,9.65,
1975-05-01,8.48,9.07,
1975-06-01,8.24,8.49,
1975-07-01,8.37,8.2,
1975-08-01,7.71,7.54,
1975-09-01,7.13,7.16,
1975-10-01,6.99,6.86,
1975-11-01,6.87,6.78,
1975-12-01,6.62,6.68,
1976-01-01,6.36,6.6,
1976-02-01,5.93,6.28,
1976-03-01,5.73,6.07,
1976-04-01,5.61,5.97,
1976-05-01,5.69,6.02,
1976-06-01,5.49,5.94,
1976-07-01,5.13,5.87,
1976-08-01,5.25,6.11,
1976-09-01,5.32,6.16,
1976-10-01,5.26,6.15,
1976-11-01,5.06,5.93,
1976-12-01,5.07,5.86,
1977-01-01,5.28,5.97,
1977-02-01,5.97,6.19,
1977-03-01,6.34,6.29,
1977-04-01,6.72,6.4,
1977-05-01,6.75,6.44,
1977-06-01,6.88,6.64,
1977-07-01,6.89,6.72,
1977-08-01,6.8,6.62,
1977-09-01,6.6,6.45,
1977-10-01,6.54,6.44,
1977-11-01,6.67,6.51,
1977-12-01,6.59,6.48,
1978-01-01,6.6,6.47,
1978-02-01,6.26,6.23,
1978-03-01,6.42,6.35,
1978-04-01,6.6,6.52,
1978-05-01,6.83,6.6,
1978-06-01,6.92,6.56,
1978-07-01,6.95,6.53,
1978-08-01,7.0,6.57,
1978-09-01,7.2,6.74,
1978-10-01,7.55,7.0,
1978-11-01,7.55,7.02,
1978-12-01,7.53,6.89,1.01
1979-01-01,7.7,6.8,1.32
1979-02-01,7.78,6.74,1.64
1979-03-01,7.92,6.77,1.7
1979-04-01,8.23,7.06,1.54
1979-05-01,8.57,7.36,1.46
1979-06-01,8.76,7.36,1.48
1979-07-01,8.99,7.27,1.51
1979-08-01,9.27,7.41,1.65
1979-09-01,9.61,7.52,1.59
1979-10-01,9.63,7.52,1.35
1979-11-01,9.77,7.62,1.24
1979-12-01,10.18,7.98,1.33
1980-01-01,10.5,8.24,1.13
1980-02-01,11.1,8.97,1.14
1980-03-01,11.6,9.35,1.35
1980-04-01,11.02,8.9,1.3
1980-05-01,10.74,8.84,1.21
1980-06-01,10.52,8.95,1.33
1980-07-01,10.54,9.16,1.1
1980-08-01,10.61,9.23,0.89
1980-09-01,10.66,9.51,0.86
1980-10-01,10.64,9.61,0.68
1980-11-01,10.78,9.78,0.75
1980-12-01,10.57,9.65,0.6
1981-01-01,10.47,9.76,0.44
1981-02-01,10.39,9.47,0.25
1981-03-01,9.81,9.07,-0.19
1981-04-01,9.72,9.21,-0.05
1981-05-01,9.36,9.08,-0.24
1981-06-01,9.11,8.9,-0.65
1981-07-01,8.92,8.8,-0.5
1981-08-01,8.7,8.74,-0.56
1981-09-01,8.35,8.43,-0.84
1981-10-01,7.98,8.18,-0.95
1981-11-01,7.68,7.97,-1.23
1981-12-01,7.32,7.72,-1.5
1982-01-01,6.93,7.45,-1.76
1982-02-01,6.18,7.08,-2.22
1982-03-01,5.71,6.95,-2.21
1982-04-01,5.31,6.69,-2.64
1982-05-01,5.46,6.54,-2.55
1982-06-01,5.8,6.54,-2.33
1982-07-01,5.79,6.59,-2.34
1982-08-01,5.46,6.37,-2.52
1982-09-01,5.11,6.07,-2.69
1982-10-01,5.23,6.11,-2.56
1982-11-01,4.98,5.88,-2.63
1982-12-01,4.81,5.83,-2.53
1983-01-01,4.68,5.9,-2.19
1983-02-01,4.54,5.89,-1.81
1983-03-01,4.41,5.56,-1.87
1983-04-01,4.83,5.46,-1.39
1983-05-01,4.51,5.04,-1.53
1983-06-01,4.15,5.01,-1.68
1983-07-01,4.12,5.03,-1.97
1983-08-01,4.24,5.09,-1.79
1983-09-01,4.32,5.13,-1.34
1983-10-01,3.91,4.65,-1.5
1983-11-01,3.74,4.51,-1.11
1983-12-01,3.64,4.25,-0.98
1984-01-01,3.61,3.89,-1.05
1984-02-01,4.13,4.16,-0.93
1984-03-01,4.34,4.42,-0.54
1984-04-01,4.26,4.6,-0.69
1984-05-01,4.1,4.69,-0.54
1984-06-01,3.9,4.45,-0.36
1984-07-01,3.68,4.19,0.0
1984-08-01,3.56,4.0,0.18
1984-09-01,3.34,3.74,0.07
1984-10-01,3.4,3.79,0.38
1984-11-01,3.4,3.77,0.1
1984-12-01,3.64,4.1,0.25
1985-01-01,3.7,4.34,0.14
1985-02-01,3.49,4.22,0.18
1985-03-01,3.56,4.19,0.03
1985-04-01,3.31,3.83,-0.17
1985-05-01,3.43,3.94,0.0
1985-06-01,3.52,4.04,0.06
1985-07-01,3.41,3.9,-0.24
1985-08-01,3.43,4.07,-0.34
1985-09-01,3.47,4.12,-0.36
1985-10-01,3.39,4.05,-0.48
1985-11-01,3.55,4.09,-0.15
1985-12-01,3.6,3.96,-0.26
1986-01-01,3.56,3.94,-0.01
1986-02-01,3.09,3.67,-0.35
1986-03-01,2.46,3.62,-0.54
1986-04-01,2.1,3.69,-0.28
1986-05-01,2.05,3.51,-0.44
1986-06-01,2.15,3.47,-0.52
1986-07-01,1.92,3.36,-0.28
1986-08-01,1.72,3.07,-0.35
1986-09-01,1.88,3.19,-0.3
1986-10-01,1.89,3.38,-0.19
1986-11-01,1.78,3.34,-0.42
1986-12-01,1.58,3.2,-0.49
1987-01-01,1.59,2.89,-0.56
1987-02-01,1.94,2.83,-0.25
1987-03-01,2.44,2.83,0.13
1987-04-01,3.03,3.07,0.24
1987-05-01,3.1,3.19,0.4
1987-06-01,3.11,3.16,0.36
1987-07-01,3.32,3.24,0.32
1987-08-01,3.6,3.38,0.55
1987-09-01,3.61,3.45,0.51
1987-10-01,3.75,3.54,0.46
1987-11-01,3.76,3.53,0.52
1987-12-01,3.81,3.62,0.49
1988-01-01,3.73,3.86,0.46
1988-02-01,3.52,3.86,0.35
1988-03-01,3.6,4.0,0.15
1988-04-01,3.72,4.06,-0.06
1988-05-01,3.75,4.12,-0.17
1988-06-01,3.8,4.27,-0.01
1988-07-01,4.07,4.43,0.18
1988-08-01,3.96,4.34,-0.03
1988-09-01,4.12,4.48,0.16
1988-10-01,4.13,4.43,0.09
1988-11-01,4.17,4.5,0.15
1988-12-01,4.3,4.63,0.39
1989-01-01,4.43,4.66,0.43
1989-02-01,4.63,4.71,0.58
1989-03-01,4.66,4.58,0.6
1989-04-01,4.84,4.42,0.65
1989-05-01,4.92,4.38,0.75
1989-06-01,4.71,4.22,0.54
1989-07-01,4.45,4.06,0.27
1989-08-01,4.15,3.95,0.24
1989-09-01,3.88,3.75,-0.07
1989-10-01,3.94,3.73,0.12
1989-11-01,3.93,3.72,0.05
1989-12-01,3.91,3.68,-0.07
1990-01-01,4.16,3.55,-0.2
1990-02-01,4.27,3.79,-0.33
1990-03-01,4.28,3.98,-0.21
1990-04-01,3.8,3.94,-0.26
1990-05-01,3.66,3.95,-0.44
1990-06-01,3.89,4.07,-0.19
1990-07-01,3.9,4.07,-0.08
1990-08-01,4.58,4.36,0.19
1990-09-01,4.98,4.36,0.33
1990-10-01,5.17,4.33,0.07
1990-11-01,5.08,4.18,-0.04
1990-12-01,4.87,4.03,-0.1
1991-01-01,4.48,4.15,-0.03
1991-02-01,4.08,3.93,-0.09
1991-03-01,3.71,3.65,-0.52
1991-04-01,3.68,3.55,-0.55
1991-05-01,3.87,3.65,-0.35
1991-06-01,3.59,3.47,-0.71
1991-07-01,3.5,3.52,-0.86
1991-08-01,3.05,3.38,-1.23
1991-09-01,2.78,3.43,-1.23
1991-10-01,2.38,3.31,-1.18
1991-11-01,2.48,3.37,-0.91
1991-12-01,2.64,3.48,-0.84
1992-01-01,2.39,3.25,-0.94
1992-02-01,2.6,3.25,-0.83
1992-03-01,2.82,3.29,-0.44
1992-04-01,2.91,3.42,-0.41
1992-05-01,2.63,3.16,-0.65
1992-06-01,2.63,3.01,-0.43
1992-07-01,2.81,3.09,-0.28
1992-08-01,2.71,2.9,-0.16
1992-09-01,2.52,2.66,-0.29
1992-10-01,2.7,2.82,-0.19
1992-11-01,2.67,2.86,-0.36
1992-12-01,2.59,2.8,-0.5
1993-01-01,2.7,2.81,-0.38
1993-02-01,2.6,2.73,-0.39
1993-03-01,2.56,2.7,-0.54
1993-04-01,2.56,2.66,-0.42
1993-05-01,2.74,2.86,-0.23
1993-06-01,2.59,2.88,-0.26
1993-07-01,2.42,2.71,-0.32
1993-08-01,2.45,2.81,-0.26
1993-09-01,2.39,2.79,-0.08
1993-10-01,2.35,2.57,-0.15
1993-11-01,2.35,2.61,-0.18
1993-12-01,2.19,2.46,-0.1
1994-01-01,1.98,2.25,-0.14
1994-02-01,2.06,2.27,-0.16
1994-03-01,2.13,2.4,-0.04
1994-04-01,1.98,2.25,-0.22
1994-05-01,1.81,2.14,-0.3
1994-06-01,2.03,2.27,-0.2
1994-07-01,2.19,2.27,-0.15
1994-08-01,2.25,2.19,-0.15
1994-09-01,2.25,2.19,-0.21
1994-10-01,2.11,2.27,-0.23
1994-11-01,2.11,2.19,-0.15
1994-12-01,2.15,2.18,-0.15
1995-01-01,2.32,2.35,-0.01
1995-02-01,2.27,2.3,-0.06
1995-03-01,2.17,2.2,-0.16
1995-04-01,2.32,2.28,0.01
1995-05-01,2.33,2.23,0.0
1995-06-01,2.18,2.09,-0.15
1995-07-01,1.99,2.04,-0.19
1995-08-01,1.97,2.17,-0.13
1995-09-01,1.93,2.15,-0.09
1995-10-01,2.02,2.16,0.06
1995-11-01,1.82,2.04,-0.01
1995-12-01,1.95,2.14,0.06
1996-01-01,1.97,2.01,-0.1
1996-02-01,1.95,1.97,-0.04
1996-03-01,2.07,1.96,0.01
1996-04-01,2.11,1.86,-0.09
1996-05-01,2.13,1.86,-0.02
1996-06-01,2.03,1.85,0.1
1996-07-01,2.12,1.88,0.16
1996-08-01,1.99,1.73,0.1
1996-09-01,2.21,1.9,0.13
1996-10-01,2.26,1.9,0.02
1996-11-01,2.44,1.96,0.12
1996-12-01,2.36,1.86,0.07
1997-01-01,2.27,1.85,0.1
1997-02-01,2.32,1.93,0.11
1997-03-01,2.12,1.94,0.05
1997-04-01,1.92,2.0,0.09
1997-05-01,1.69,1.9,-0.03
1997-06-01,1.83,1.97,-0.07
1997-07-01,1.67,1.85,-0.19
1997-08-01,1.66,1.72,-0.25
1997-09-01,1.61,1.62,-0.31
1997-10-01,1.44,1.53,-0.44
1997-11-01,1.26,1.43,-0.59
1997-12-01,1.13,1.45,-0.65
1998-01-01,1.04,1.5,-0.69
1998-02-01,0.78,1.38,-0.75
1998-03-01,0.69,1.24,-0.66
1998-04-01,0.72,1.23,-0.68
1998-05-01,0.9,1.26,-0.51
1998-06-01,0.69,0.98,-0.58
1998-07-01,0.88,1.19,-0.44
1998-08-01,0.93,1.43,-0.31
1998-09-01,0.63,1.21,-0.35
1998-10-01,0.72,1.25,-0.13
1998-11-01,0.72,1.24,-0.02
1998-12-01,0.84,1.35,0.08
1999-01-01,0.94,1.34,0.18
1999-02-01,0.93,1.22,0.19
1999-03-01,0.99,1.14,0.07
1999-04-01,1.35,1.22,0.14
1999-05-01,1.28,1.22,0.02
1999-06-01,1.4,1.4,0.12
1999-07-01,1.42,1.29,0.1
1999-08-01,1.46,1.15,0.0
1999-09-01,1.89,1.43,0.1
1999-10-01,1.83,1.41,0.04
1999-11-01,1.92,1.49,0.06
1999-12-01,2.05,1.44,0.07
2000-01-01,2.19,1.54,0.16
2000-02-01,2.57,1.72,0.32
2000-03-01,2.93,1.9,0.52
2000-04-01,2.35,1.71,0.41
2000-05-01,2.37,1.72,0.49
2000-06-01,2.68,1.74,0.51
2000-07-01,2.67,1.79,0.51
2000-08-01,2.48,1.87,0.57
2000-09-01,2.55,1.85,0.59
2000-10-01,2.51,1.82,0.61
2000-11-01,2.57,1.9,0.61
2000-12-01,2.48,1.87,0.62
2001-01-01,2.7,2.01,0.52
2001-02-01,2.54,2.04,0.42
2001-03-01,2.11,1.93,0.26
2001-04-01,2.37,2.03,0.41
2001-05-01,2.56,1.94,0.37
2001-06-01,2.39,2.09,0.4
2001-07-01,2.1,2.12,0.33
2001-08-01,2.1,2.04,0.33
2001-09-01,1.31,1.22,0.14
2001-10-01,1.53,1.79,0.08
2001-11-01,1.32,1.81,0.02
2001-12-01,1.06,1.74,-0.13
2002-01-01,0.67,1.42,-0.28
2002-02-01,0.68,1.43,-0.31
2002-03-01,0.94,1.45,-0.28
2002-04-01,1.19,1.57,-0.42
2002-05-01,0.99,1.66,-0.48
2002-06-01,0.94,1.59,-0.66
2002-07-01,1.19,1.54,-0.6
2002-08-01,1.4,1.69,-0.65
2002-09-01,1.93,2.44,-0.46
2002-10-01,1.76,1.81,-0.42
2002-11-01,1.93,1.7,-0.41
2002-12-01,2.13,1.77,-0.27
2003-01-01,2.35,1.78,-0.16
2003-02-01,2.6,1.73,-0.22
2003-03-01,2.59,1.77,-0.23
2003-04-01,1.99,1.6,-0.33
2003-05-01,1.8,1.63,-0.29
2003-06-01,1.79,1.53,-0.27
2003-07-01,1.86,1.57,-0.26
2003-08-01,2.01,1.49,-0.2
2003-09-01,2.14,1.46,-0.32
2003-10-01,1.97,1.57,-0.35
2003-11-01,2.0,1.61,-0.32
2003-12-01,2.12,1.64,-0.36
2004-01-01,2.21,1.83,-0.27
2004-02-01,2.0,1.85,-0.13
2004-03-01,1.9,1.86,-0.11
2004-04-01,2.26,2.01,0.27
2004-05-01,2.71,2.01,0.39
2004-06-01,2.89,2.11,0.59
2004-07-01,2.68,1.98,0.49
2004-08-01,2.39,1.9,0.4
2004-09-01,2.27,1.95,0.44
2004-10-01,2.7,1.98,0.48
2004-11-01,2.97,2.06,0.51
2004-12-01,2.79,2.07,0.53
2005-01-01,2.53,2.17,0.56
2005-02-01,2.6,2.18,0.5
2005-03-01,2.75,2.26,0.51
2005-04-01,2.84,2.11,0.18
2005-05-01,2.57,2.18,0.04
2005-06-01,2.34,2.09,-0.15
2005-07-01,2.68,2.11,-0.01
2005-08-01,3.04,2.16,0.09
2005-09-01,3.83,2.19,0.2
2005-10-01,3.55,2.27,0.24
2005-11-01,2.94,2.31,0.21
2005-12-01,2.88,2.28,0.17
2006-01-01,3.25,2.14,0.02
2006-02-01,3.02,2.14,-0.04
2006-03-01,2.91,2.17,-0.01
2006-04-01,3.1,2.36,0.18
2006-05-01,3.32,2.41,0.36
2006-06-01,3.51,2.6,0.6
2006-07-01,3.43,2.55,0.54
2006-08-01,3.34,2.67,0.57
2006-09-01,2.08,2.61,0.39
2006-10-01,1.68,2.5,0.26
2006-11-01,1.92,2.28,0.11
2006-12-01,2.29,2.32,0.23
2007-01-01,2.13,2.5,0.32
2007-02-01,2.39,2.56,0.48
2007-03-01,2.56,2.38,0.39
2007-04-01,2.33,2.21,0.19
2007-05-01,2.35,2.08,-0.1
2007-06-01,2.32,1.99,-0.37
2007-07-01,2.12,2.04,-0.44
2007-08-01,1.87,1.98,-0.56
2007-09-01,2.53,2.1,-0.4
2007-10-01,3.09,2.18,-0.24
2007-11-01,3.6,2.34,0.09
2007-12-01,3.47,2.4,-0.04
2008-01-01,3.39,2.19,-0.15
2008-02-01,3.27,2.07,-0.38
2008-03-01,3.19,2.17,-0.29
2008-04-01,3.14,2.08,-0.15
2008-05-01,3.28,2.15,0.04
2008-06-01,3.81,2.21,0.19
2008-07-01,4.14,2.24,0.34
2008-08-01,3.98,2.22,0.34
2008-09-01,3.67,2.04,0.19
2008-10-01,2.67,1.63,-0.03
2008-11-01,0.93,1.39,-0.31
2008-12-01,0.13,1.14,-0.42
2009-01-01,-0.11,0.91,-0.34
2009-02-01,-0.13,0.89,-0.22
2009-03-01,-0.53,0.76,-0.34
2009-04-01,-0.57,0.93,-0.43
2009-05-01,-0.89,0.82,-0.56
2009-06-01,-1.02,0.72,-0.74
2009-07-01,-1.47,0.63,-1.07
2009-08-01,-1.1,0.65,-1.04
2009-09-01,-1.02,0.73,-1.09
2009-10-01,0.01,1.24,-0.94
2009-11-01,1.46,1.37,-0.97
2009-12-01,2.09,1.51,-0.85
2010-01-01,2.3,1.69,-1.02
2010-02-01,2.12,1.7,-1.14
2010-03-01,2.37,1.78,-1.14
2010-04-01,2.28,1.6,-1.15
2010-05-01,2.21,1.64,-1.11
2010-06-01,1.56,1.56,-1.05
2010-07-01,1.64,1.47,-0.77
2010-08-01,1.48,1.42,-0.75
2010-09-01,1.42,1.3,-0.6
2010-10-01,1.36,1.08,-0.7
2010-11-01,1.31,1.12,-0.53
2010-12-01,1.48,1.06,-0.47
2011-01-01,1.56,1.12,-0.2
2011-02-01,1.85,1.21,0.08
2011-03-01,2.11,1.21,0.29
2011-04-01,2.49,1.39,0.49
2011-05-01,2.77,1.52,0.68
2011-06-01,2.79,1.59,0.81
2011-07-01,2.88,1.73,0.85
2011-08-01,2.98,1.84,0.94
2011-09-01,3.02,1.85,0.96
2011-10-01,2.69,1.74,1.13
2011-11-01,2.7,1.83,1.14
2011-12-01,2.53,1.97,1.17
2012-01-01,2.57,2.06,1.09
2012-02-01,2.51,2.03,0.86
2012-03-01,2.3,2.04,0.73
2012-04-01,2.0,1.97,0.57
2012-05-01,1.58,1.83,0.36
2012-06-01,1.55,1.82,0.28
2012-07-01,1.41,1.77,0.14
2012-08-01,1.51,1.64,0.0
2012-09-01,1.68,1.69,-0.05
2012-10-01,1.98,1.89,-0.15
2012-11-01,1.7,1.78,-0.29
2012-12-01,1.62,1.69,-0.44
2013-01-01,1.47,1.59,-0.52
2013-02-01,1.6,1.56,-0.41
2013-03-01,1.28,1.48,-0.46
2013-04-01,1.04,1.38,-0.57
2013-05-01,1.23,1.39,-0.52
2013-06-01,1.51,1.46,-0.4
2013-07-01,1.6,1.49,-0.29
2013-08-01,1.4,1.53,-0.25
2013-09-01,1.14,1.53,-0.27
2013-10-01,0.98,1.45,-0.26
2013-11-01,1.2,1.51,-0.11
2013-12-01,1.39,1.55,0.03
2014-01-01,1.41,1.45,0.06
2014-02-01,1.09,1.39,-0.04
2014-03-01,1.39,1.45,0.03
2014-04-01,1.67,1.57,0.3
2014-05-01,1.77,1.62,0.37
2014-06-01,1.65,1.56,0.22
2014-07-01,1.67,1.61,0.18
2014-08-01,1.51,1.54,0.15
2014-09-01,1.5,1.55,0.18
2014-10-01,1.33,1.47,0.16
2014-11-01,1.09,1.39,0.05
2014-12-01,0.73,1.36,-0.05
2015-01-01,0.04,1.21,-0.14
2015-02-01,0.17,1.28,-0.02
2015-03-01,0.2,1.28,-0.04
2015-04-01,0.11,1.29,-0.15
2015-05-01,0.19,1.25,-0.22
2015-06-01,0.27,1.25,-0.15
2015-07-01,0.22,1.18,-0.18
2015-08-01,0.24,1.22,-0.12
2015-09-01,0.07,1.23,-0.14
2015-10-01,0.1,1.18,-0.16
2015-11-01,0.25,1.2,-0.15
2015-12-01,0.35,1.19,-0.12
2016-01-01,0.87,1.41,0.11
2016-02-01,0.64,1.47,0.04
2016-03-01,0.69,1.46,0.07
2016-04-01,0.93,1.52,0.07
2016-05-01,0.85,1.57,0.13
2016-06-01,0.83,1.55,0.09
2016-07-01,0.76,1.6,0.12
2016-08-01,0.89,1.7,0.14
2016-09-01,1.22,1.69,0.18
2016-10-01,1.43,1.78,0.3
2016-11-01,1.4,1.72,0.36
2016-12-01,1.66,1.77,0.43
2017-01-01,2.01,1.86,0.35
2017-02-01,2.2,1.87,0.32
2017-03-01,1.91,1.68,0.22
2017-04-01,1.77,1.64,0.14
2017-05-01,1.56,1.55,0.0
2017-06-01,1.47,1.58,0.02
2017-07-01,1.49,1.5,-0.03
2017-08-01,1.57,1.43,-0.07
2017-09-01,1.76,1.42,-0.11
2017-10-01,1.68,1.54,-0.19
2017-11-01,1.79,1.55,-0.2
2017-12-01,1.77,1.58,-0.25
2018-01-01,1.76,1.63,-0.23
2018-02-01,1.84,1.64,-0.16
2018-03-01,2.0,1.91,-0.05
2018-04-01,2.05,1.88,-0.02
2018-05-01,2.27,1.98,0.18
2018-06-01,2.27,1.94,0.22
2018-07-01,2.34,2.0,0.29
2018-08-01,2.18,1.9,0.29
2018-09-01,2.01,1.96,0.31
2018-10-01,2.05,1.87,0.33
2018-11-01,1.94,2.01,0.37
2018-12-01,1.86,2.04,0.36
2019-01-01,1.43,1.84,0.19
2019-02-01,1.4,1.74,0.22
2019-03-01,1.52,1.62,0.22
2019-04-01,1.57,1.64,0.37
2019-05-01,1.47,1.56,0.18
2019-06-01,1.43,1.66,0.1
2019-07-01,1.45,1.64,0.11
2019-08-01,1.43,1.75,0.12
2019-09-01,1.28,1.63,0.05
2019-10-01,1.29,1.62,0.01
2019-11-01,1.36,1.5,-0.14
2019-12-01,1.56,1.54,-0.14
2020-01-01,1.79,1.59,0.02
2020-02-01,1.69,1.7,-0.04
2020-03-01,1.17,1.53,-0.16
2020-04-01,0.46,1.0,-0.4
2020-05-01,0.49,1.0,-0.25
2020-06-01,0.76,0.97,-0.21
2020-07-01,0.92,1.21,-0.2
2020-08-01,1.16,1.39,-0.21
2020-09-01,1.28,1.48,-0.14
2020-10-01,1.19,1.42,-0.17
2020-11-01,1.19,1.45,-0.13
2020-12-01,1.33,1.51,-0.14
2021-01-01,1.59,1.7,-0.19
2021-02-01,1.84,1.71,-0.2
2021-03-01,2.67,2.2,-0.02
2021-04-01,3.64,3.13,0.21
2021-05-01,4.07,3.54,0.26
2021-06-01,4.31,3.86,0.33
2021-07-01,4.47,3.93,0.31
2021-08-01,4.58,3.96,0.42
2021-09-01,4.74,4.01,0.67
2021-10-01,5.34,4.44,1.01
2021-11-01,5.93,4.89,1.34
2021-12-01,6.14,5.21,1.62
2022-01-01,6.27,5.36,1.96
2022-02-01,6.55,5.6,2.18
2022-03-01,6.93,5.59,2.17
2022-04-01,6.68,5.35,2.13
2022-05-01,6.79,5.18,2.22
2022-06-01,7.24,5.32,2.54
2022-07-01,6.75,5.11,2.61
2022-08-01,6.64,5.36,2.75
2022-09-01,6.67,5.61,2.47
2022-10-01,6.46,5.46,2.2
2022-11-01,6.03,5.21,1.88
2022-12-01,5.52,4.97,1.56
2023-01-01,5.51,4.94,1.15
2023-02-01,5.2,4.86,0.91
2023-03-01,4.43,4.78,0.86
2023-04-01,4.48,4.79,0.84
2023-05-01,4.0,4.73,0.49
2023-06-01,3.28,4.38,-0.29
2023-07-01,3.41,4.3,-0.53
2023-08-01,3.43,3.83,-1.1
2023-09-01,3.45,3.69,-1.16
2023-10-01,3.02,3.47,-1.41
2023-11-01,2.77,3.29,-1.52
2023-12-01,2.77,3.11,-1.65
2024-01-01,2.7,3.16,-1.6
2024-02-01,2.71,3.06,-1.66
2024-03-01,2.93,3.12,-1.72
2024-04-01,2.83,3.01,-1.89
2024-05-01,2.66,2.77,-1.86
2024-06-01,2.55,2.75,-1.46
2024-07-01,2.59,2.81,-1.37
2024-08-01,2.41,2.87,-1.1
2024-09-01,2.26,2.84,-1.03
2024-10-01,2.48,2.99,-0.73
2024-11-01,2.59,2.98,-0.55
2024-12-01,2.73,2.99,-0.29
2025-01-01,2.61,2.78,-0.48
2025-02-01,2.71,2.97,-0.43
2025-03-01,2.36,2.67,-0.49
2025-04-01,2.28,2.61,-0.38
2025-05-01,2.46,2.78,-0.29
2025-06-01,2.59,2.81,-0.21
2025-07-01,2.61,2.86,-0.17
2025-08-01,2.75,2.91,-0.01
2025-09-01,2.79,2.83,-0.1
2025-10-01,2.71,2.75,-0.32
2025-11-01,2.82,2.83,-0.39
2025-12-01,2.88,2.97,-0.54
2026-01-01,2.88,3.1,-0.36
2026-02-01,2.87,3.05,-0.4
2026-03-01,3.54,3.25,-0.29
2026-04-01,3.8,3.32,-0.29
2026-05-01,4.07,3.41,
