date,PPI Final Demand (Headline) YoY Chg,PPI Final Demand Less Food & Energy (Core) YoY Chg,"PPI Final Demand Less Food, Energy & Trade Services YoY Chg",PPI Final Demand Goods YoY Chg,PPI Final Demand Services YoY Chg,PPI Final Demand Finished Consumer Foods YoY Chg,PPI Final Demand Finished Consumer Energy Goods YoY Chg,PPI Processed Goods for Intermediate Demand YoY Chg,PPI Unprocessed Goods for Intermediate Demand YoY Chg,PPI Final Demand - Finished Goods YoY Chg,PPI Final Demand - Less Food & Energy YoY Chg
1948-03-01,,,,,,10.16,,7.36,9.12,7.69,
1948-04-01,,,,,,11.75,,8.66,11.4,8.08,
1948-05-01,,,,,,13.87,,9.13,16.12,8.81,
1948-06-01,,,,,,14.15,,9.48,18.3,9.16,
1948-07-01,,,,,,14.52,,9.48,16.45,9.92,
1948-08-01,,,,,,13.06,,9.44,12.34,9.89,
1948-09-01,,,,,,8.36,,7.59,7.72,7.87,
1948-10-01,,,,,,4.88,,6.25,0.3,7.09,
1948-11-01,,,,,,2.1,,4.53,-1.18,5.17,
1948-12-01,,,,,,-2.33,,2.86,-6.52,2.89,
1949-01-01,,,,,,-6.2,,0.8,-11.6,0.71,
1949-02-01,,,,,,-6.61,,0.4,-10.17,0.36,
1949-03-01,,,,,,-6.05,,-0.4,-8.06,0.0,
1949-04-01,,,,,,-7.67,,-2.39,-11.7,-0.71,
1949-05-01,,,,,,-8.22,,-3.19,-14.73,-2.11,
1949-06-01,,,,,,-8.73,,-5.12,-17.96,-3.15,
1949-07-01,,,,,,-10.14,,-5.12,-19.11,-4.51,
1949-08-01,,,,,,-10.42,,-6.27,-17.75,-5.19,
1949-09-01,,,,,,-9.43,,-6.27,-15.47,-4.86,
1949-10-01,,,,,,-9.01,,-6.67,-12.72,-4.88,
1949-11-01,,,,,,-7.65,,-6.69,-11.64,-4.56,
1949-12-01,,,,,,-7.44,,-5.56,-10.3,-4.56,
1950-01-01,,,,,,-6.91,,-5.56,-7.5,-3.89,
1950-02-01,,,,,,-3.38,,-3.63,-1.29,-2.86,
1950-03-01,,,,,,-3.37,,-2.43,-1.62,-2.5,
1950-04-01,,,,,,-3.69,,-1.22,0.99,-2.15,
1950-05-01,,,,,,-2.47,,1.23,4.98,-1.08,
1950-06-01,,,,,,-1.54,,2.49,8.08,-0.36,
1950-07-01,,,,,,3.76,,4.98,14.04,1.82,
1950-08-01,,,,,,6.29,,7.11,16.44,4.38,
1950-09-01,,,,,,7.26,,9.62,16.95,5.47,
1950-10-01,,,,,,7.03,,12.18,16.95,6.23,
1950-11-01,,,,,,8.28,,13.5,19.59,8.09,
1950-12-01,,,,,,13.5,,16.81,23.99,10.29,
1951-01-01,,,,,,16.13,,19.75,29.05,12.13,
1951-02-01,,,,,,18.47,,20.08,29.84,13.24,
1951-03-01,,,,,,16.83,,19.5,29.04,13.19,
1951-04-01,,,,,,17.89,,19.01,28.2,13.19,
1951-05-01,,,,,,17.09,,17.07,21.52,13.09,
1951-06-01,,,,,,15.67,,16.19,18.69,12.32,
1951-07-01,,,,,,8.46,,12.25,10.51,10.0,
1951-08-01,,,,,,7.1,,9.37,6.47,7.34,
1951-09-01,,,,,,6.76,,6.87,4.06,5.88,
1951-10-01,,,,,,10.15,,4.49,6.38,6.21,
1951-11-01,,,,,,9.12,,3.72,2.82,5.1,
1951-12-01,,,,,,5.67,,0.0,-0.27,3.0,
1952-01-01,,,,,,2.78,,-2.46,-6.28,0.98,
1952-02-01,,,,,,-1.34,,-3.48,-10.35,-0.32,
1952-03-01,,,,,,-0.27,,-4.17,-10.49,0.0,
1952-04-01,,,,,,-1.08,,-4.51,-10.74,-0.65,
1952-05-01,,,,,,-1.89,,-4.51,-9.38,-1.29,
1952-06-01,,,,,,-1.63,,-3.83,-9.19,-0.97,
1952-07-01,,,,,,2.23,,-3.17,-5.98,0.0,
1952-08-01,,,,,,1.38,,-1.43,-4.14,0.0,
1952-09-01,,,,,,0.28,,-1.43,-5.85,0.0,
1952-10-01,,,,,,-1.9,,-1.43,-7.9,-0.97,
1952-11-01,,,,,,-3.23,,-1.79,-7.42,-1.62,
1952-12-01,,,,,,-5.9,,-1.8,-10.11,-2.27,
1953-01-01,,,,,,-4.86,,-1.44,-9.22,-1.62,
1953-02-01,,,,,,-4.9,,-1.08,-8.73,-1.63,
1953-03-01,,,,,,-5.45,,-0.36,-7.43,-1.94,
1953-04-01,,,,,,-6.03,,0.0,-9.46,-1.63,
1953-05-01,,,,,,-5.23,,0.36,-8.62,-1.3,
1953-06-01,,,,,,-5.23,,0.36,-9.25,-0.98,
1953-07-01,,,,,,-6.54,,1.82,-6.65,-0.97,
1953-08-01,,,,,,-6.81,,1.09,-8.36,-0.98,
1953-09-01,,,,,,-4.67,,1.09,-5.33,-0.65,
1953-10-01,,,,,,-4.97,,1.45,-7.1,-0.33,
1953-11-01,,,,,,-5.01,,1.46,-7.42,-0.33,
1953-12-01,,,,,,-2.28,,1.83,-3.65,0.66,
1954-01-01,,,,,,-1.14,,1.82,-1.54,0.66,
1954-02-01,,,,,,-1.72,,1.82,-1.23,0.66,
1954-03-01,,,,,,-0.86,,1.45,-0.93,0.33,
1954-04-01,,,,,,0.58,,1.45,1.9,1.32,
1954-05-01,,,,,,0.87,,1.09,0.94,0.99,
1954-06-01,,,,,,-1.45,,0.36,0.32,0.0,
1954-07-01,,,,,,0.58,,-0.36,-2.79,0.0,
1954-08-01,,,,,,0.58,,0.0,-1.57,0.0,
1954-09-01,,,,,,-2.59,,-0.36,-1.56,-0.33,
1954-10-01,,,,,,-2.03,,-0.36,-0.64,-0.66,
1954-11-01,,,,,,-0.88,,0.36,0.64,0.0,
1954-12-01,,,,,,-1.75,,0.36,-2.84,-0.33,
1955-01-01,,,,,,-2.59,,0.0,-2.81,-0.33,
1955-02-01,,,,,,-0.58,,0.36,-3.12,0.33,
1955-03-01,,,,,,-2.33,,0.36,-4.36,-0.33,
1955-04-01,,,,,,-1.45,,0.72,-3.73,-0.65,
1955-05-01,,,,,,-3.75,,0.72,-5.92,-0.65,
1955-06-01,,,,,,-0.59,,1.44,-2.54,0.33,
1955-07-01,,,,,,-4.06,,1.79,-3.18,-0.33,
1955-08-01,,,,,,-3.78,,2.15,-3.83,0.0,
1955-09-01,,,,,,-1.78,,3.6,-3.49,0.66,
1955-10-01,,,,,,-2.97,,3.96,-2.56,1.32,
1955-11-01,,,,,,-3.25,,3.58,-6.37,0.99,
1955-12-01,,,,,,-2.97,,3.94,-4.22,1.32,
1956-01-01,,,,,,-4.42,,4.3,-5.47,0.99,
1956-02-01,,,,,,-4.69,,4.29,-3.55,0.98,
1956-03-01,,,,,,-2.38,,5.0,-2.93,1.98,
1956-04-01,,,,,,-3.53,,4.98,-2.26,1.97,
1956-05-01,,,,,,0.3,,5.34,1.66,2.63,
1956-06-01,,,,,,-0.3,,4.96,-0.65,2.95,
1956-07-01,,,,,,0.91,,3.52,0.33,2.96,
1956-08-01,,,,,,0.3,,4.21,2.99,3.29,
1956-09-01,,,,,,1.51,,3.47,1.97,3.61,
1956-10-01,,,,,,3.36,,3.81,1.97,3.92,
1956-11-01,,,,,,3.98,,3.81,5.78,4.25,
1956-12-01,,,,,,3.67,,3.79,7.46,3.91,
1957-01-01,,,,,,4.63,,4.12,6.46,4.56,
1957-02-01,,,,,,4.0,,3.77,3.68,4.55,
1957-03-01,,,,,,3.05,,3.06,3.69,3.88,
1957-04-01,,,,,,3.35,,2.37,1.65,4.19,
1957-05-01,,,,,,1.49,,2.03,0.0,3.53,
1957-06-01,,,,,,1.79,,2.36,3.28,3.5,
1957-07-01,,,,,,3.89,,3.06,4.92,4.15,
1957-08-01,,,,,,5.12,,2.36,3.23,3.82,
1957-09-01,,,,,,2.67,,2.01,0.65,3.16,
1957-10-01,,,,,,3.25,,1.0,0.0,2.83,
1957-11-01,,,,,,3.53,,1.33,0.0,3.13,
1957-12-01,,,,,,5.01,,1.0,-0.63,3.45,
1958-01-01,,,,,,6.49,,0.33,0.32,3.43,
1958-02-01,,,,,,7.69,,0.0,2.9,3.11,
1958-03-01,,,,,,11.24,,0.0,4.53,4.05,
1958-04-01,,,,,,8.85,,0.0,3.25,2.79,
1958-05-01,,,,,,9.12,,0.33,5.54,2.79,
1958-06-01,,,,,,7.6,,0.0,1.59,2.46,
1958-07-01,,,,,,5.48,,0.0,0.31,1.84,
1958-08-01,,,,,,4.01,,0.0,-0.31,1.84,
1958-09-01,,,,,,4.62,,0.0,1.28,1.84,
1958-10-01,,,,,,3.15,,0.33,2.9,1.53,
1958-11-01,,,,,,1.7,,0.33,3.22,0.91,
1958-12-01,,,,,,0.56,,0.66,0.32,0.3,
1959-01-01,,,,,,-1.66,,0.66,0.64,-0.3,
1959-02-01,,,,,,-3.02,,1.32,-1.57,0.0,
1959-03-01,,,,,,-7.18,,1.32,-2.48,-0.6,
1959-04-01,,,,,,-5.15,,1.66,-0.31,0.0,
1959-05-01,,,,,,-5.93,,1.98,-2.78,0.3,
1959-06-01,,,,,,-5.43,,1.98,-2.19,-0.3,
1959-07-01,,,,,,-5.46,,1.65,-3.43,-0.3,
1959-08-01,,,,,,-5.79,,1.32,-3.76,-0.6,
1959-09-01,,,,,,-3.04,,1.32,-2.22,0.6,
1959-10-01,,,,,,-4.44,,1.32,-3.76,-0.3,
1959-11-01,,,,,,-4.75,,1.31,-4.98,-0.6,
1959-12-01,,,,,,-3.91,,0.98,-4.11,-0.3,
1960-01-01,,,,,,-2.82,,0.65,-3.8,0.0,
1960-02-01,,,,,,-2.27,,0.65,-3.18,-0.3,
1960-03-01,,,,,,1.43,,0.65,-2.54,0.6,
1960-04-01,,,,,,1.14,,0.33,-2.84,0.6,
1960-05-01,,,,,,1.72,,-0.32,-2.22,0.3,
1960-06-01,,,,,,1.72,,0.0,-2.88,0.6,
1960-07-01,,,,,,2.89,,0.0,-1.94,1.21,
1960-08-01,,,,,,3.22,,0.0,-2.93,1.21,
1960-09-01,,,,,,1.42,,0.0,-2.91,0.0,
1960-10-01,,,,,,4.94,,0.0,-1.63,1.81,
1960-11-01,,,,,,6.74,,-0.65,-0.98,2.12,
1960-12-01,,,,,,5.23,,-0.65,0.0,1.82,
1961-01-01,,,,,,4.06,,-0.65,0.0,1.51,
1961-02-01,,,,,,4.64,,-0.65,0.33,1.81,
1961-03-01,,,,,,0.85,,-0.32,-1.3,0.6,
1961-04-01,,,,,,-0.28,,-0.32,-1.95,0.0,
1961-05-01,,,,,,-1.41,,-0.65,-2.92,-0.3,
1961-06-01,,,,,,-1.98,,-1.29,-2.96,-0.3,
1961-07-01,,,,,,-1.4,,-0.97,-2.3,-0.6,
1961-08-01,,,,,,0.0,,-0.97,2.35,0.0,
1961-09-01,,,,,,-1.12,,-0.97,1.0,-0.3,
1961-10-01,,,,,,-2.77,,-1.3,0.33,-1.19,
1961-11-01,,,,,,-3.57,,-0.65,0.0,-0.89,
1961-12-01,,,,,,-1.93,,-0.33,0.99,-0.6,
1962-01-01,,,,,,-0.28,,-0.33,0.66,-0.3,
1962-02-01,,,,,,-0.28,,-0.33,0.0,-0.3,
1962-03-01,,,,,,0.56,,-0.65,0.66,-0.3,
1962-04-01,,,,,,0.28,,-0.33,-0.33,0.3,
1962-05-01,,,,,,0.86,,0.0,0.67,0.3,
1962-06-01,,,,,,1.15,,0.33,1.36,0.3,
1962-07-01,,,,,,0.0,,0.33,1.68,0.3,
1962-08-01,,,,,,1.13,,0.33,0.0,0.3,
1962-09-01,,,,,,3.69,,0.33,2.97,1.5,
1962-10-01,,,,,,1.99,,0.33,1.65,0.9,
1962-11-01,,,,,,2.28,,0.0,2.65,0.6,
1962-12-01,,,,,,0.56,,-0.33,0.0,0.3,
1963-01-01,,,,,,-0.56,,0.0,-0.98,-0.3,
1963-02-01,,,,,,-1.67,,-0.33,-1.64,-0.6,
1963-03-01,,,,,,-2.79,,-0.33,-2.95,-0.6,
1963-04-01,,,,,,-1.69,,-0.33,-1.0,-0.6,
1963-05-01,,,,,,0.0,,0.33,-1.66,0.0,
1963-06-01,,,,,,0.85,,0.33,0.0,0.3,
1963-07-01,,,,,,0.85,,0.33,-0.66,0.0,
1963-08-01,,,,,,-1.12,,0.33,-1.97,-0.3,
1963-09-01,,,,,,-3.56,,0.33,-4.49,-1.18,
1963-10-01,,,,,,-1.4,,0.98,-2.92,-0.3,
1963-11-01,,,,,,-1.11,,0.98,-2.58,-0.3,
1963-12-01,,,,,,-1.68,,0.98,-3.92,-0.3,
1964-01-01,,,,,,0.0,,0.98,-1.65,0.3,
1964-02-01,,,,,,-0.85,,0.98,-2.0,0.3,
1964-03-01,,,,,,1.15,,0.98,-0.34,0.3,
1964-04-01,,,,,,1.72,,0.98,-1.01,0.6,
1964-05-01,,,,,,-0.57,,0.0,-0.68,0.3,
1964-06-01,,,,,,0.28,,-0.33,-3.01,0.0,
1964-07-01,,,,,,0.28,,0.0,-2.67,0.3,
1964-08-01,,,,,,0.28,,-0.33,-1.67,0.6,
1964-09-01,,,,,,1.7,,0.0,1.01,0.6,
1964-10-01,,,,,,1.13,,0.0,-0.33,0.3,
1964-11-01,,,,,,0.0,,0.0,-0.99,0.3,
1964-12-01,,,,,,0.57,,0.32,1.36,0.6,
1965-01-01,,,,,,-0.56,,0.32,-1.01,0.3,
1965-02-01,,,,,,1.14,,0.32,1.7,0.6,
1965-03-01,,,,,,1.42,,0.65,1.69,0.9,
1965-04-01,,,,,,2.82,,0.97,3.05,1.49,
1965-05-01,,,,,,4.84,,1.3,4.76,1.79,
1965-06-01,,,,,,4.51,,1.96,8.97,2.09,
1965-07-01,,,,,,4.23,,1.63,6.85,1.79,
1965-08-01,,,,,,4.8,,2.29,7.14,1.79,
1965-09-01,,,,,,3.91,,1.95,4.32,2.08,
1965-10-01,,,,,,5.04,,1.62,6.71,2.38,
1965-11-01,,,,,,6.48,,1.95,7.36,2.68,
1965-12-01,,,,,,9.35,,1.62,9.73,3.27,
1966-01-01,,,,,,8.76,,1.62,12.2,3.27,
1966-02-01,,,,,,10.7,,2.27,12.71,3.86,
1966-03-01,,,,,,10.06,,2.26,11.67,3.86,
1966-04-01,,,,,,8.24,,2.25,9.54,3.24,
1966-05-01,,,,,,5.43,,2.89,7.14,2.93,
1966-06-01,,,,,,3.23,,2.56,4.43,2.05,
1966-07-01,,,,,,4.86,,3.21,7.05,2.93,
1966-08-01,,,,,,7.01,,3.19,6.35,3.51,
1966-09-01,,,,,,7.8,,2.88,6.37,3.79,
1966-10-01,,,,,,5.87,,2.56,3.46,3.2,
1966-11-01,,,,,,3.97,,2.55,0.62,2.9,
1966-12-01,,,,,,1.04,,2.55,-1.83,2.02,
1967-01-01,,,,,,0.52,,2.55,-2.72,2.02,
1967-02-01,,,,,,-2.54,,1.58,-6.53,0.86,
1967-03-01,,,,,,-3.81,,1.26,-7.16,0.86,
1967-04-01,,,,,,-3.55,,0.94,-7.81,0.57,
1967-05-01,,,,,,-1.8,,0.31,-5.76,0.85,
1967-06-01,,,,,,1.57,,0.63,-4.85,2.29,
1967-07-01,,,,,,-0.26,,0.0,-6.29,1.71,
1967-08-01,,,,,,-2.52,,-0.31,-6.57,1.13,
1967-09-01,,,,,,-3.24,,0.31,-6.59,0.56,
1967-10-01,,,,,,-2.02,,0.62,-4.86,1.13,
1967-11-01,,,,,,-1.27,,0.62,-3.72,1.13,
1967-12-01,,,,,,0.0,,1.24,-1.87,1.69,
1968-01-01,,,,,,0.26,,1.24,-2.48,1.98,
1968-02-01,,,,,,2.35,,1.87,0.0,2.55,
1968-03-01,,,,,,3.69,,2.18,1.61,2.83,
1968-04-01,,,,,,4.47,,2.18,3.26,3.4,
1968-05-01,,,,,,4.46,,2.18,1.29,3.11,
1968-06-01,,,,,,2.31,,2.17,-0.32,2.52,
1968-07-01,,,,,,3.36,,2.48,0.96,2.8,
1968-08-01,,,,,,3.62,,2.48,1.28,2.79,
1968-09-01,,,,,,4.9,,2.48,2.24,3.35,
1968-10-01,,,,,,4.63,,2.79,2.56,3.06,
1968-11-01,,,,,,5.15,,2.47,5.47,3.34,
1968-12-01,,,,,,4.62,,2.45,2.86,3.06,
1969-01-01,,,,,,5.67,,3.07,3.82,3.05,
1969-02-01,,,,,,4.08,,3.06,2.54,2.76,
1969-03-01,,,,,,4.58,,3.35,3.48,3.03,
1969-04-01,,,,,,4.53,,3.05,4.42,3.01,
1969-05-01,,,,,,6.28,,3.35,7.94,3.56,
1969-06-01,,,,,,7.29,,3.34,10.22,3.83,
1969-07-01,,,,,,6.25,,3.03,7.91,3.81,
1969-08-01,,,,,,6.73,,3.64,8.52,3.8,
1969-09-01,,,,,,5.41,,3.32,7.84,3.51,
1969-10-01,,,,,,6.39,,3.61,8.41,4.05,
1969-11-01,,,,,,8.09,,4.22,7.32,4.58,
1969-12-01,,,,,,8.09,,3.89,8.33,4.85,
1970-01-01,,,,,,8.29,,4.17,7.67,5.11,
1970-02-01,,,,,,8.09,,3.86,8.98,4.84,
1970-03-01,,,,,,7.54,,2.95,8.87,4.55,
1970-04-01,,,,,,6.02,,3.85,7.25,3.99,
1970-05-01,,,,,,2.84,,3.83,2.94,3.44,
1970-06-01,,,,,,2.34,,3.82,1.45,3.16,
1970-07-01,,,,,,3.06,,4.41,2.93,2.89,
1970-08-01,,,,,,1.17,,3.8,0.87,2.62,
1970-09-01,,,,,,2.8,,4.09,3.2,3.39,
1970-10-01,,,,,,0.69,,4.07,2.01,2.86,
1970-11-01,,,,,,-0.68,,3.76,-0.28,2.58,
1970-12-01,,,,,,-2.49,,3.46,-1.71,2.31,
1971-01-01,,,,,,-2.7,,2.86,-0.85,2.05,
1971-02-01,,,,,,-1.13,,3.14,1.99,2.82,
1971-03-01,,,,,,-0.68,,4.01,-0.56,2.81,
1971-04-01,,,,,,0.91,,3.42,1.41,3.07,
1971-05-01,,,,,,2.76,,3.69,2.86,3.58,
1971-06-01,,,,,,2.97,,3.97,3.43,3.57,
1971-07-01,,,,,,0.68,,3.94,2.28,3.06,
1971-08-01,,,,,,3.23,,4.79,3.17,3.83,
1971-09-01,,,,,,0.91,,4.49,0.56,2.78,
1971-10-01,,,,,,2.98,,3.63,2.54,2.78,
1971-11-01,,,,,,3.2,,3.62,5.41,2.51,
1971-12-01,,,,,,6.28,,4.18,7.83,3.27,
1972-01-01,,,,,,5.32,,4.17,8.62,2.76,
1972-02-01,,,,,,5.28,,4.43,6.13,2.99,
1972-03-01,,,,,,4.1,,4.13,7.63,2.74,
1972-04-01,,,,,,2.93,,4.41,7.5,2.48,
1972-05-01,,,,,,3.58,,4.11,9.17,2.47,
1972-06-01,,,,,,4.0,,3.54,8.84,2.71,
1972-07-01,,,,,,6.8,,3.25,11.42,3.47,
1972-08-01,,,,,,5.82,,2.69,12.57,3.19,
1972-09-01,,,,,,7.42,,3.49,13.45,3.69,
1972-10-01,,,,,,6.01,,4.31,12.36,3.19,
1972-11-01,,,,,,6.86,,4.84,13.51,3.68,
1972-12-01,,,,,,7.88,,5.88,17.74,3.89,
1973-01-01,,,,,,10.99,,6.13,19.05,4.88,
1973-02-01,,,,,,11.55,,7.16,23.62,5.33,
1973-03-01,,,,,,17.94,,8.73,29.4,7.51,
1973-04-01,,,,,,19.26,,8.97,29.46,8.23,
1973-05-01,,,,,,18.79,,11.05,33.59,8.43,
1973-06-01,,,,,,20.09,,13.16,39.59,9.11,
1973-07-01,,,,,,18.26,,11.02,31.25,8.61,
1973-08-01,,,,,,28.96,,13.87,59.06,11.9,
1973-09-01,,,,,,26.15,,11.69,50.37,11.14,
1973-10-01,,,,,,25.21,,12.14,43.03,11.43,
1973-11-01,,,,,,23.81,,12.31,40.48,11.58,
1973-12-01,,,,,,21.91,,13.13,34.93,11.48,
1974-01-01,,,,,,23.17,,15.33,40.67,13.49,
1974-02-01,,,,,,24.61,,15.84,36.52,14.25,
1974-03-01,,,,,,17.81,,17.03,26.37,13.06,
1974-04-01,,,,,,15.6,,18.64,20.96,13.42,
1974-05-01,,,,,,14.36,,19.91,11.05,14.0,
1974-06-01,,,,,,8.19,,19.77,0.73,12.75,
1974-07-01,,,,,,13.29,,26.24,13.9,16.08,
1974-08-01,,,,,,5.9,,28.28,-1.87,14.26,
1974-09-01,,,,,,7.96,,30.0,0.0,15.78,
1974-10-01,,,,,,11.24,,31.8,8.03,18.16,
1974-11-01,,,,,,15.55,,31.96,8.81,19.49,
1974-12-01,,,,,,13.14,43.0,29.02,4.06,18.49,16.5
1975-01-01,,,,,,9.32,46.5,26.36,-5.85,16.19,17.3
1975-02-01,,,,,,5.49,33.18,23.5,-9.95,13.88,17.4
1975-03-01,,,,,,5.04,22.08,19.33,-8.35,12.75,16.83
1975-04-01,,,,,,7.62,17.0,17.35,-1.82,12.62,15.85
1975-05-01,,,,,,8.9,16.22,13.24,4.97,11.89,13.6
1975-06-01,,,,,,14.31,13.38,11.26,11.01,12.87,12.05
1975-07-01,,,,,,11.73,12.68,7.68,4.35,10.82,10.74
1975-08-01,,,,,,10.37,15.77,3.94,0.16,9.68,8.91
1975-09-01,,,,,,10.29,16.61,4.11,5.91,9.21,8.08
1975-10-01,,,,,,9.2,16.32,2.8,3.01,8.14,6.88
1975-11-01,,,,,,4.63,20.14,2.08,0.31,6.38,6.27
1975-12-01,,,,,,5.74,18.88,2.42,4.07,6.56,6.04
1976-01-01,,,,,,4.26,12.97,2.41,5.7,5.82,5.83
1976-02-01,,,,,,3.57,12.63,3.11,7.25,5.83,5.45
1976-03-01,,,,,,4.2,11.95,4.18,7.71,6.01,5.42
1976-04-01,,,,,,4.28,10.81,4.35,7.39,5.6,5.24
1976-05-01,,,,,,3.07,8.64,5.24,3.92,5.23,5.23
1976-06-01,,,,,,0.43,9.18,6.11,6.02,4.49,5.55
1976-07-01,,,,,,-1.42,9.0,6.26,3.85,3.94,5.52
1976-08-01,,,,,,-3.37,6.81,5.69,0.95,3.4,6.01
1976-09-01,,,,,,-4.6,5.45,6.36,-1.71,3.04,6.15
1976-10-01,,,,,,-5.11,8.06,5.44,-3.23,2.68,5.78
1976-11-01,,,,,,-5.12,10.29,5.76,-1.55,3.17,5.9
1976-12-01,,,,,,-2.5,8.82,6.08,0.78,3.83,5.7
1977-01-01,,,,,,-0.99,10.88,6.06,2.06,4.17,5.51
1977-02-01,,,,,,2.58,15.45,6.21,5.8,5.51,5.65
1977-03-01,,,,,,4.46,18.9,6.86,8.29,6.17,5.63
1977-04-01,,,,,,2.97,20.43,7.33,6.89,6.14,5.78
1977-05-01,,,,,,4.39,22.63,7.63,6.29,6.62,5.93
1977-06-01,,,,,,4.87,20.42,6.74,0.46,6.78,5.89
1977-07-01,,,,,,6.04,18.58,6.55,-0.15,6.75,5.86
1977-08-01,,,,,,7.55,16.52,6.69,0.47,7.06,5.98
1977-09-01,,,,,,7.59,15.8,6.14,0.47,7.2,6.1
1977-10-01,,,,,,7.57,11.6,6.13,1.59,7.33,6.4
1977-11-01,,,,,,8.75,9.33,6.25,3.15,7.27,6.5
1977-12-01,,,,,,6.85,11.89,6.05,2.95,6.89,6.32
1978-01-01,,,,,,7.69,12.81,6.19,4.67,7.2,6.3
1978-02-01,,,,,,7.83,8.14,6.48,4.11,6.8,6.27
1978-03-01,,,,,,6.89,5.38,6.1,4.8,6.44,6.39
1978-04-01,,,,,,8.65,4.3,5.75,5.56,7.19,7.13
1978-05-01,,,,,,7.73,2.99,5.86,7.69,7.3,7.56
1978-06-01,,,,,,9.97,3.99,6.63,13.89,7.89,7.82
1978-07-01,,,,,,9.5,4.48,6.61,14.68,8.49,8.23
1978-08-01,,,,,,7.96,5.22,6.88,15.34,7.98,8.17
1978-09-01,,,,,,9.63,6.2,7.31,17.9,8.55,8.41
1978-10-01,,,,,,11.23,7.18,8.36,20.31,8.35,7.62
1978-11-01,,,,,,10.46,7.32,8.45,18.35,8.43,7.7
1978-12-01,,,,,,11.62,8.7,8.71,17.47,9.15,8.26
1979-01-01,,,,,,12.43,10.87,9.27,19.02,10.0,8.82
1979-02-01,,,,,,12.19,12.86,9.35,20.03,10.22,9.21
1979-03-01,,,,,,12.37,15.33,10.03,20.06,10.62,9.3
1979-04-01,,,,,,10.75,19.42,11.16,17.06,10.5,9.07
1979-05-01,,,,,,9.32,25.42,11.5,16.35,10.27,8.86
1979-06-01,,,,,,6.71,30.22,11.99,14.75,9.9,8.79
1979-07-01,,,,,,6.82,36.67,13.4,16.58,10.1,8.58
1979-08-01,,,,,,8.38,43.26,14.16,16.01,11.08,8.24
1979-09-01,,,,,,8.66,50.47,15.04,17.04,11.81,8.44
1979-10-01,,,,,,6.81,55.43,15.57,15.32,12.61,9.54
1979-11-01,,,,,,8.62,57.5,15.72,16.28,13.06,9.31
1979-12-01,,,,,,7.66,58.0,16.02,16.92,12.91,9.37
1980-01-01,,,,,,5.29,60.78,17.65,13.48,13.16,10.62
1980-02-01,,,,,,3.24,69.03,18.86,12.79,13.71,10.94
1980-03-01,,,,,,3.21,73.21,18.23,8.35,14.0,10.86
1980-04-01,,,,,,1.14,75.2,16.91,4.62,13.72,11.04
1980-05-01,,,,,,2.65,67.18,16.19,5.67,13.65,10.72
1980-06-01,,,,,,4.54,59.3,15.87,5.26,13.97,11.03
1980-07-01,,,,,,7.66,51.22,14.99,9.36,14.6,11.72
1980-08-01,,,,,,9.8,43.56,14.66,15.79,14.71,12.18
1980-09-01,,,,,,8.54,35.71,13.32,14.22,13.33,11.42
1980-10-01,,,,,,9.45,30.31,12.62,15.09,12.94,11.44
1980-11-01,,,,,,7.82,28.57,12.38,15.0,12.29,11.23
1980-12-01,,,,,,7.33,27.43,12.38,12.61,11.68,10.65
1981-01-01,,,,,,8.16,26.02,11.16,13.75,11.27,9.72
1981-02-01,,,,,,8.06,23.16,9.7,12.53,10.64,9.26
1981-03-01,,,,,,8.0,23.63,10.09,14.32,10.76,9.33
1981-04-01,,,,,,9.71,22.51,11.07,18.01,11.02,9.36
1981-05-01,,,,,,9.32,20.32,10.9,15.98,10.85,9.68
1981-06-01,,,,,,9.13,20.23,10.24,16.43,10.54,9.24
1981-07-01,,,,,,6.68,18.32,9.61,10.99,9.02,8.1
1981-08-01,,,,,,3.89,16.21,8.96,5.05,7.92,7.81
1981-09-01,,,,,,3.57,16.59,8.49,2.29,7.88,8.0
1981-10-01,,,,,,2.5,15.85,7.54,-0.98,7.49,7.7
1981-11-01,,,,,,1.66,14.7,6.84,-3.67,7.11,7.66
1981-12-01,,,,,,1.55,13.91,5.93,-3.8,7.08,7.96
1982-01-01,,,,,,2.17,10.97,5.02,-3.58,6.57,7.33
1982-02-01,,,,,,2.8,5.48,4.37,-4.03,5.56,6.63
1982-03-01,,,,,,1.85,-2.96,2.88,-3.95,4.33,6.59
1982-04-01,,,,,,3.09,-8.9,1.42,-3.84,3.45,5.88
1982-05-01,,,,,,3.59,-10.94,1.01,-1.83,3.12,5.74
1982-06-01,,,,,,3.67,-7.79,0.81,-2.96,3.42,5.6
1982-07-01,,,,,,1.11,-2.04,0.81,-4.1,3.62,5.59
1982-08-01,,,,,,1.21,0.3,0.2,-4.04,3.93,5.56
1982-09-01,,,,,,1.42,-0.39,0.3,-3.41,3.6,5.11
1982-10-01,,,,,,1.52,-0.39,0.1,-2.47,3.48,4.97
1982-11-01,,,,,,1.94,0.88,0.2,-0.5,3.58,4.74
1982-12-01,,,,,,2.04,-0.39,0.1,0.0,3.56,4.71
1983-01-01,,,,,,0.71,-4.07,-0.6,-0.9,2.12,3.77
1983-02-01,,,,,,1.11,-5.39,-0.3,0.0,2.33,4.18
1983-03-01,,,,,,1.52,-4.67,-0.2,0.8,2.23,3.85
1983-04-01,,,,,,0.9,-2.81,-0.2,1.0,2.12,3.43
1983-05-01,,,,,,0.2,2.05,0.1,-0.98,2.42,3.22
1983-06-01,,,,,,-0.89,0.63,0.4,-1.28,1.8,2.9
1983-07-01,,,,,,0.1,-4.57,0.5,-1.19,1.4,3.0
1983-08-01,,,,,,0.5,-5.33,1.0,2.4,1.29,2.88
1983-09-01,,,,,,1.4,-5.62,1.6,4.13,1.49,2.68
1983-10-01,,,,,,2.4,-6.52,1.8,4.56,1.19,2.27
1983-11-01,,,,,,1.6,-9.6,1.7,3.12,0.59,2.17
1983-12-01,,,,,,2.2,-9.82,1.8,4.76,0.49,1.86
1984-01-01,,,,,,5.22,-7.07,2.3,5.87,1.98,2.65
1984-02-01,,,,,,4.99,-3.83,2.5,3.8,2.27,2.45
1984-03-01,,,,,,5.67,-1.92,3.31,5.17,2.77,2.63
1984-04-01,,,,,,4.06,0.53,3.72,3.95,2.77,2.83
1984-05-01,,,,,,3.56,-0.63,3.61,3.57,2.37,2.63
1984-06-01,,,,,,3.77,-3.32,3.39,2.79,2.17,2.63
1984-07-01,,,,,,5.69,-4.9,2.89,4.52,2.36,2.52
1984-08-01,,,,,,5.17,-6.98,2.28,1.08,1.86,2.32
1984-09-01,,,,,,3.94,-7.93,1.48,-0.48,1.57,2.61
1984-10-01,,,,,,2.73,-5.81,1.47,-1.65,1.37,2.22
1984-11-01,,,,,,3.94,-3.97,1.47,-0.39,1.96,2.31
1984-12-01,,,,,,3.23,-4.31,1.28,-2.03,1.66,2.11
1985-01-01,,,,,,0.57,-5.54,0.98,-4.49,0.97,2.3
1985-02-01,,,,,,0.66,-8.72,0.29,-4.24,0.68,2.48
1985-03-01,,,,,,-0.75,-8.58,-0.29,-7.66,0.29,2.28
1985-04-01,,,,,,-0.38,-4.89,-0.29,-8.08,0.67,2.18
1985-05-01,,,,,,-0.86,-2.34,-0.19,-8.33,1.06,2.37
1985-06-01,,,,,,-0.77,-5.14,-0.97,-7.84,0.77,2.56
1985-07-01,,,,,,-1.51,-4.71,-1.06,-8.75,0.67,2.55
1985-08-01,,,,,,-1.89,-3.25,-0.87,-10.07,0.67,2.46
1985-09-01,,,,,,-2.84,-2.15,-0.87,-10.7,0.0,1.6
1985-10-01,,,,,,-1.24,-2.24,-0.87,-7.29,1.25,2.83
1985-11-01,,,,,,-0.28,-1.79,-0.77,-6.08,1.44,2.73
1985-12-01,,,,,,0.47,1.47,-0.29,-5.82,1.92,2.63
1986-01-01,,,,,,0.38,-0.69,-0.68,-5.71,1.44,2.25
1986-02-01,,,,,,-1.13,-8.14,-1.56,-8.95,0.0,2.05
1986-03-01,,,,,,-0.57,-19.0,-2.73,-9.63,-1.25,1.86
1986-04-01,,,,,,0.19,-29.87,-3.89,-11.48,-2.2,2.32
1986-05-01,,,,,,2.22,-30.47,-4.36,-9.71,-2.0,2.23
1986-06-01,,,,,,2.41,-27.12,-3.9,-9.45,-1.43,2.13
1986-07-01,,,,,,3.16,-36.21,-4.2,-8.96,-2.29,2.12
1986-08-01,,,,,,5.49,-36.34,-4.2,-6.67,-1.72,2.12
1986-09-01,,,,,,6.34,-33.72,-3.62,-5.66,-0.87,2.59
1986-10-01,,,,,,5.68,-36.62,-3.91,-7.12,-1.33,2.66
1986-11-01,,,,,,3.99,-37.43,-4.1,-8.46,-1.99,2.66
1986-12-01,,,,,,3.02,-38.22,-4.28,-9.01,-2.26,2.75
1987-01-01,,,,,,2.08,-31.4,-3.32,-5.2,-1.33,2.93
1987-02-01,,,,,,3.63,-22.08,-1.38,-0.33,0.29,2.56
1987-03-01,,,,,,3.34,-9.97,0.0,2.61,1.65,2.55
1987-04-01,,,,,,4.38,-1.59,1.42,8.06,2.74,2.54
1987-05-01,,,,,,4.15,-5.01,2.13,8.44,2.33,2.54
1987-06-01,,,,,,3.95,-4.03,2.84,9.63,2.33,2.35
1987-07-01,,,,,,2.42,12.97,3.98,10.65,3.32,2.35
1987-08-01,,,,,,-0.09,16.36,4.49,11.3,3.12,2.53
1987-09-01,,,,,,1.19,10.31,4.16,10.85,3.21,2.89
1987-10-01,,,,,,0.09,13.77,4.88,9.61,2.42,1.97
1987-11-01,,,,,,0.37,12.36,5.29,8.56,2.51,1.96
1987-12-01,,,,,,-0.18,10.79,5.38,9.21,2.12,1.96
1988-01-01,,,,,,2.5,1.52,5.15,5.49,2.21,2.22
1988-02-01,,,,,,1.2,-1.48,4.61,5.54,1.82,2.67
1988-03-01,,,,,,1.85,-2.77,4.9,3.98,2.01,2.85
1988-04-01,,,,,,0.73,-0.49,5.18,3.14,1.81,2.66
1988-05-01,,,,,,0.18,0.16,5.36,2.13,1.9,2.83
1988-06-01,,,,,,1.18,-3.39,5.92,2.65,1.9,3.09
1988-07-01,,,,,,2.54,-3.19,6.28,1.15,2.55,3.44
1988-08-01,,,,,,3.93,-6.09,5.96,0.52,2.74,3.61
1988-09-01,,,,,,4.53,-7.77,5.95,1.04,2.64,3.69
1988-10-01,,,,,,4.55,-6.69,5.33,0.84,3.02,3.86
1988-11-01,,,,,,4.73,-3.88,5.12,0.11,3.4,3.94
1988-12-01,,,,,,6.05,-3.9,5.39,3.37,3.97,4.29
1989-01-01,,,,,,5.6,2.83,6.44,8.28,4.42,4.26
1989-02-01,,,,,,7.01,6.02,6.61,6.83,5.27,4.51
1989-03-01,,,,,,7.16,7.54,6.77,9.35,5.35,4.41
1989-04-01,,,,,,6.7,12.7,6.64,9.12,5.7,4.23
1989-05-01,,,,,,6.87,16.78,6.03,9.08,6.34,4.65
1989-06-01,,,,,,5.64,16.22,4.75,6.39,6.05,4.8
1989-07-01,,,,,,4.78,11.53,3.6,7.03,4.98,4.18
1989-08-01,,,,,,4.4,3.83,3.04,4.33,4.23,4.25
1989-09-01,,,,,,2.95,11.34,3.13,5.67,4.59,4.23
1989-10-01,,,,,,4.35,10.75,3.31,6.31,4.95,4.31
1989-11-01,,,,,,4.69,7.07,2.94,8.72,4.74,4.38
1989-12-01,,,,,,5.27,9.97,2.56,7.14,5.0,4.19
1990-01-01,,,,,,6.24,19.42,2.62,4.61,5.94,3.84
1990-02-01,,,,,,6.21,11.99,1.35,5.01,5.09,3.65
1990-03-01,,,,,,5.33,7.79,0.89,2.14,4.63,3.81
1990-04-01,,,,,,4.67,0.29,0.53,-1.34,3.8,3.89
1990-05-01,,,,,,4.65,-4.79,0.44,-1.34,3.07,3.62
1990-06-01,,,,,,4.75,-3.02,0.36,-2.52,3.16,3.44
1990-07-01,,,,,,5.15,-1.03,0.53,-2.42,3.6,3.69
1990-08-01,,,,,,5.05,17.15,1.97,9.19,5.11,3.59
1990-09-01,,,,,,4.72,23.92,3.3,12.98,5.88,3.74
1990-10-01,,,,,,4.0,32.97,4.63,22.49,6.37,3.64
1990-11-01,,,,,,4.07,37.42,5.09,13.82,6.79,3.63
1990-12-01,,,,,,2.38,29.8,4.19,5.42,5.63,3.54
1991-01-01,,,,,,0.64,14.91,2.81,6.19,4.16,4.02
1991-02-01,,,,,,-0.16,13.52,2.75,-2.53,3.57,3.92
1991-03-01,,,,,,0.4,12.43,1.59,-4.38,3.23,3.83
1991-04-01,,,,,,1.54,11.24,0.97,-2.43,3.32,3.9
1991-05-01,,,,,,1.21,14.79,0.88,-2.13,3.49,3.65
1991-06-01,,,,,,1.05,13.95,0.89,-1.39,3.23,3.4
1991-07-01,,,,,,-0.16,12.69,0.71,-1.58,2.71,3.48
1991-08-01,,,,,,-1.36,5.06,-0.18,-10.32,1.76,3.3
1991-09-01,,,,,,-1.21,-4.23,-1.55,-15.03,0.66,3.21
1991-10-01,,,,,,-1.28,-10.66,-2.9,-19.87,0.0,3.36
1991-11-01,,,,,,-1.59,-10.41,-3.06,-14.52,-0.16,3.19
1991-12-01,,,,,,-1.52,-7.57,-2.48,-11.37,0.25,3.11
1992-01-01,,,,,,-1.76,-10.61,-2.99,-14.21,-0.49,2.7
1992-02-01,,,,,,-0.96,-5.09,-1.81,-5.28,0.41,2.54
1992-03-01,,,,,,-1.52,-2.06,-0.7,-3.38,0.91,2.54
1992-04-01,,,,,,-2.08,-1.04,-0.09,-2.1,0.99,2.61
1992-05-01,,,,,,-2.23,-0.77,0.35,-0.59,1.07,2.83
1992-06-01,,,,,,-1.6,2.86,1.05,2.42,1.65,2.6
1992-07-01,,,,,,-1.29,4.24,1.41,2.21,1.82,2.52
1992-08-01,,,,,,0.24,2.21,1.14,1.61,1.73,2.28
1992-09-01,,,,,,0.57,2.34,1.14,4.47,1.81,2.12
1992-10-01,,,,,,0.65,3.11,1.14,1.98,1.89,1.97
1992-11-01,,,,,,0.32,0.77,0.88,1.79,1.39,1.96
1992-12-01,,,,,,1.55,0.13,0.96,3.16,1.55,1.96
1993-01-01,,,,,,1.63,3.03,1.76,4.63,1.97,1.95
1993-02-01,,,,,,0.97,2.75,1.85,2.64,1.96,2.1
1993-03-01,,,,,,1.14,4.2,2.11,4.74,2.12,2.02
1993-04-01,,,,,,3.18,4.06,2.19,5.2,2.61,2.02
1993-05-01,,,,,,3.51,3.12,1.57,5.28,2.28,1.71
1993-06-01,,,,,,1.95,-0.25,1.04,2.17,1.46,1.72
1993-07-01,,,,,,1.87,-0.64,0.95,0.0,1.46,1.71
1993-08-01,,,,,,1.38,-1.4,0.96,0.1,0.41,0.45
1993-09-01,,,,,,1.62,-1.52,0.87,-1.56,0.32,0.22
1993-10-01,,,,,,1.21,-1.76,0.95,0.88,0.0,0.07
1993-11-01,,,,,,2.42,-3.04,1.22,0.49,0.24,0.15
1993-12-01,,,,,,2.25,-4.6,0.96,0.39,0.16,0.37
1994-01-01,,,,,,2.08,-3.59,0.95,2.06,0.32,0.52
1994-02-01,,,,,,1.76,-2.29,0.86,0.89,0.24,0.29
1994-03-01,,,,,,2.25,-3.78,0.69,2.06,0.08,0.22
1994-04-01,,,,,,0.55,-4.15,0.43,0.58,-0.48,0.07
1994-05-01,,,,,,-0.24,-4.91,0.77,-3.22,-0.48,0.29
1994-06-01,,,,,,0.56,-3.3,1.29,-1.06,0.0,0.59
1994-07-01,,,,,,1.04,-0.51,1.72,0.1,0.48,0.51
1994-08-01,,,,,,0.88,2.84,2.5,0.79,1.86,2.0
1994-09-01,,,,,,0.4,0.39,2.84,-1.48,1.45,2.08
1994-10-01,,,,,,0.48,-1.54,3.18,-4.92,1.05,1.78
1994-11-01,,,,,,0.0,2.48,3.86,-3.11,1.37,1.7
1994-12-01,,,,,,0.94,4.29,4.56,-0.59,1.77,1.62
1995-01-01,,,,,,0.63,3.98,5.41,-1.64,1.68,1.54
1995-02-01,,,,,,1.18,2.21,5.82,0.78,1.76,1.76
1995-03-01,,,,,,1.1,2.88,6.15,-1.45,1.84,1.91
1995-04-01,,,,,,1.34,3.41,6.75,-0.1,2.08,1.98
1995-05-01,,,,,,1.03,5.17,6.83,0.2,2.16,1.97
1995-06-01,,,,,,1.19,4.07,6.54,0.29,2.08,1.9
1995-07-01,,,,,,1.82,0.51,6.17,-0.1,1.83,2.11
1995-08-01,,,,,,1.74,-2.14,5.46,-1.87,1.35,1.89
1995-09-01,,,,,,3.1,-0.77,4.93,2.31,1.75,1.82
1995-10-01,,,,,,3.1,0.0,4.41,3.35,2.31,2.62
1995-11-01,,,,,,3.39,-3.44,3.47,4.31,2.06,2.69
1995-12-01,,,,,,1.79,0.64,3.21,5.34,2.13,2.61
1996-01-01,,,,,,2.26,2.3,2.2,7.54,2.21,2.24
1996-02-01,,,,,,1.87,1.53,1.05,8.45,1.97,2.09
1996-03-01,,,,,,2.8,4.58,0.8,7.33,2.43,1.87
1996-04-01,,,,,,2.17,6.73,0.56,10.13,2.51,1.65
1996-05-01,,,,,,2.82,5.42,0.8,11.91,2.43,1.65
1996-06-01,,,,,,4.86,4.16,0.24,8.93,2.74,1.72
1996-07-01,,,,,,3.97,5.24,-0.08,12.8,2.5,1.43
1996-08-01,,,,,,4.99,6.29,0.0,15.65,2.89,1.5
1996-09-01,,,,,,4.0,7.51,0.48,10.49,2.81,1.43
1996-10-01,,,,,,5.08,9.75,0.48,9.81,3.12,0.92
1996-11-01,,,,,,3.97,12.95,0.48,11.14,2.95,0.57
1996-12-01,,,,,,3.36,11.88,0.8,15.02,2.78,0.57
1997-01-01,,,,,,2.82,10.24,0.88,16.12,2.54,0.71
1997-02-01,,,,,,2.68,9.66,1.2,4.48,2.31,0.56
1997-03-01,,,,,,2.57,3.77,0.64,-2.09,1.61,0.71
1997-04-01,,,,,,2.43,-1.66,-0.08,-5.6,0.69,0.71
1997-05-01,,,,,,2.82,-2.75,-0.63,-4.8,0.46,0.28
1997-06-01,,,,,,0.15,-1.33,-0.32,-5.35,0.0,0.14
1997-07-01,,,,,,-0.07,-1.46,-0.32,-7.33,-0.23,0.0
1997-08-01,,,,,,-0.52,-0.6,-0.24,-7.37,-0.15,0.0
1997-09-01,,,,,,-0.89,-0.12,-0.48,-3.82,-0.08,0.28
1997-10-01,,,,,,-1.17,-1.9,-0.48,1.34,-0.38,0.21
1997-11-01,,,,,,-1.17,-3.39,-0.16,0.09,-0.68,0.21
1997-12-01,,,,,,-0.74,-6.16,-0.79,-11.18,-1.13,0.0
1998-01-01,,,,,,-0.82,-10.31,-1.58,-19.37,-1.73,-0.07
1998-02-01,,,,,,-0.07,-10.87,-1.82,-13.55,-1.58,0.14
1998-03-01,,,,,,-1.25,-11.02,-1.9,-7.44,-1.58,0.49
1998-04-01,,,,,,-0.22,-8.59,-1.59,-6.68,-0.83,0.56
1998-05-01,,,,,,-1.04,-6.88,-1.52,-8.71,-0.76,0.77
1998-06-01,,,,,,-0.15,-7.61,-1.83,-8.57,-0.69,0.77
1998-07-01,,,,,,0.52,-7.4,-1.68,-8.29,-0.15,1.13
1998-08-01,,,,,,0.37,-10.33,-2.08,-12.36,-0.76,1.05
1998-09-01,,,,,,0.37,-11.58,-2.55,-15.68,-0.91,0.98
1998-10-01,,,,,,0.15,-10.63,-2.55,-17.2,-0.76,1.12
1998-11-01,,,,,,0.0,-10.65,-2.87,-19.17,-0.61,1.33
1998-12-01,,,,,,0.15,-12.04,-3.27,-17.1,-0.08,2.46
1999-01-01,,,,,,1.94,-8.08,-2.73,-11.48,0.77,2.25
1999-02-01,,,,,,0.37,-7.83,-2.74,-11.71,0.46,2.17
1999-03-01,,,,,,0.97,-4.22,-2.1,-9.95,0.77,1.67
1999-04-01,,,,,,-0.52,1.72,-1.38,-9.24,1.07,1.6
1999-05-01,,,,,,0.6,1.58,-1.05,-2.81,1.38,1.53
1999-06-01,,,,,,0.97,2.12,-0.41,-0.1,1.53,1.6
1999-07-01,,,,,,0.0,5.06,0.33,-0.1,1.53,1.39
1999-08-01,,,,,,0.52,10.7,1.14,9.4,2.38,1.32
1999-09-01,,,,,,1.12,13.78,1.88,16.41,3.14,1.74
1999-10-01,,,,,,0.22,11.62,2.21,10.54,2.67,1.87
1999-11-01,,,,,,0.52,14.91,2.79,17.2,3.13,1.8
1999-12-01,,,,,,0.89,18.53,3.71,15.74,2.97,0.82
2000-01-01,,,,,,-0.59,18.68,4.29,17.36,2.66,0.82
2000-02-01,,,,,,1.26,25.77,5.55,24.72,4.12,1.1
2000-03-01,,,,,,0.81,28.06,6.03,26.34,4.41,1.17
2000-04-01,,,,,,2.69,17.43,5.25,21.91,3.63,1.17
2000-05-01,,,,,,2.6,15.97,4.91,18.9,3.55,1.44
2000-06-01,,,,,,1.78,23.28,5.46,28.66,4.31,1.37
2000-07-01,,,,,,2.16,19.9,5.02,25.49,4.14,1.58
2000-08-01,,,,,,1.04,14.57,4.19,14.84,3.3,1.72
2000-09-01,,,,,,0.81,16.67,4.57,18.05,3.35,1.43
2000-10-01,,,,,,1.7,19.37,4.64,25.43,3.79,1.09
2000-11-01,,,,,,2.22,18.75,4.23,17.68,3.93,1.23
2000-12-01,,,,,,1.84,18.44,4.37,35.15,3.92,1.29
2001-01-01,,,,,,2.58,21.3,4.51,55.06,4.81,1.84
2001-02-01,,,,,,2.86,16.5,3.37,27.66,3.88,1.29
2001-03-01,,,,,,3.59,7.63,2.02,16.96,2.84,1.42
2001-04-01,,,,,,3.27,13.18,2.03,19.5,3.73,1.63
2001-05-01,,,,,,2.9,15.12,2.26,13.38,3.87,1.56
2001-06-01,,,,,,3.13,5.91,1.24,-3.93,2.68,1.62
2001-07-01,,,,,,2.84,-1.59,-0.15,-7.21,1.37,1.62
2001-08-01,,,,,,4.03,0.96,-0.15,-4.51,2.03,1.55
2001-09-01,,,,,,4.01,-1.23,-0.77,-14.65,1.65,1.41
2001-10-01,,,,,,3.05,-9.63,-2.37,-25.19,-0.36,0.88
2001-11-01,,,,,,1.88,-13.7,-2.83,-20.45,-1.21,1.01
2001-12-01,,,,,,1.81,-17.14,-3.96,-32.32,-1.78,1.01
2002-01-01,,,,,,1.65,-20.9,-4.84,-39.73,-2.82,0.33
2002-02-01,,,,,,1.57,-21.2,-4.78,-30.56,-2.75,0.6
2002-03-01,,,,,,1.56,-14.37,-3.51,-21.6,-1.7,0.33
2002-04-01,,,,,,-1.9,-13.5,-2.83,-18.72,-2.32,0.33
2002-05-01,,,,,,-1.97,-14.98,-3.05,-16.48,-2.74,0.07
2002-06-01,,,,,,-1.41,-12.65,-2.75,-12.34,-2.12,0.2
2002-07-01,,,,,,-0.99,-4.94,-1.31,-6.0,-1.07,-0.33
2002-08-01,,,,,,-2.11,-5.29,-0.85,-3.56,-1.42,-0.4
2002-09-01,,,,,,-2.81,-5.2,-0.31,3.36,-1.49,-0.27
2002-10-01,,,,,,-2.04,5.16,1.72,15.61,0.72,0.47
2002-11-01,,,,,,-1.21,7.83,2.28,13.53,1.08,0.07
2002-12-01,,,,,,-0.78,12.01,3.09,24.5,1.23,-0.6
2003-01-01,,,,,,0.64,17.49,4.53,28.26,2.47,-0.13
2003-02-01,,,,,,0.0,25.21,6.61,36.48,3.41,-0.13
2003-03-01,,,,,,-0.42,24.94,7.83,46.63,3.75,0.47
2003-04-01,,,,,,3.52,13.35,4.64,18.59,2.52,-0.27
2003-05-01,,,,,,3.74,12.47,4.17,19.17,2.53,-0.07
2003-06-01,,,,,,3.87,15.39,4.56,28.92,2.81,-0.27
2003-07-01,,,,,,3.58,14.8,4.39,23.85,3.03,0.2
2003-08-01,,,,,,5.03,15.64,4.61,20.78,3.6,0.4
2003-09-01,,,,,,6.71,13.28,3.8,21.3,3.45,0.07
2003-10-01,,,,,,8.56,9.07,3.39,22.74,3.43,0.4
2003-11-01,,,,,,7.75,9.07,3.31,18.27,3.29,0.47
2003-12-01,,,,,,7.66,10.83,3.85,19.76,3.87,1.0
2004-01-01,,,,,,4.36,11.6,3.96,16.17,3.4,1.07
2004-02-01,,,,,,4.35,4.34,2.99,12.29,2.17,0.93
2004-03-01,,,,,,5.53,-0.09,1.54,0.66,1.53,0.73
2004-04-01,,,,,,6.24,8.38,5.26,21.84,3.52,1.33
2004-05-01,,,,,,7.55,13.22,7.02,23.63,4.58,1.47
2004-06-01,,,,,,6.69,8.79,6.84,19.19,3.99,1.8
2004-07-01,,,,,,5.04,11.02,7.2,22.29,3.78,1.46
2004-08-01,,,,,,3.97,9.57,7.84,23.62,3.41,1.59
2004-09-01,,,,,,3.04,9.4,8.22,14.58,3.33,1.86
2004-10-01,,,,,,2.65,17.42,9.24,16.5,4.42,1.72
2004-11-01,,,,,,3.26,20.55,10.21,25.24,5.19,2.05
2004-12-01,,,,,,3.12,13.89,9.41,17.42,4.34,2.32
2005-01-01,,,,,,4.18,9.48,8.71,10.42,4.11,2.64
2005-02-01,,,,,,4.71,12.37,8.49,8.02,4.73,2.64
2005-03-01,,,,,,3.85,16.15,8.89,11.29,5.13,2.5
2005-04-01,,,,,,2.35,15.47,7.99,12.04,4.76,2.7
2005-05-01,,,,,,0.71,10.78,6.28,5.29,3.71,2.69
2005-06-01,,,,,,0.26,13.53,6.26,2.48,3.71,2.23
2005-07-01,,,,,,1.38,14.8,6.58,8.12,4.59,2.82
2005-08-01,,,,,,1.18,19.14,6.09,12.24,5.18,2.62
2005-09-01,,,,,,2.17,27.55,8.56,30.06,6.72,2.55
2005-10-01,,,,,,0.71,26.58,10.71,32.11,6.15,2.02
2005-11-01,,,,,,1.03,16.48,8.38,21.54,4.34,1.75
2005-12-01,,,,,,1.68,23.13,8.46,20.81,5.42,1.49
2006-01-01,,,,,,1.81,25.13,9.36,23.75,5.66,1.35
2006-02-01,,,,,,-1.03,17.01,8.09,14.55,3.93,1.74
2006-03-01,,,,,,-1.28,15.76,7.17,5.34,3.64,1.8
2006-04-01,,,,,,-0.96,18.5,7.73,4.51,4.15,1.6
2006-05-01,,,,,,-1.53,20.68,9.16,9.05,4.35,1.6
2006-06-01,,,,,,0.45,20.32,9.33,7.85,4.87,1.79
2006-07-01,,,,,,1.3,16.37,8.67,3.5,3.87,0.83
2006-08-01,,,,,,2.86,12.81,8.68,3.03,3.71,1.15
2006-09-01,,,,,,2.12,-1.39,4.77,-8.79,0.88,1.34
2006-10-01,,,,,,1.73,-9.74,0.43,-20.73,-1.12,1.08
2006-11-01,,,,,,1.09,-2.72,2.18,-9.77,0.82,1.98
2006-12-01,,,,,,1.52,-2.73,2.81,-3.27,0.94,2.04
2007-01-01,,,,,,2.54,-6.04,1.05,-9.01,0.25,1.71
2007-02-01,,,,,,6.55,0.56,2.29,8.04,2.52,1.84
2007-03-01,,,,,,7.5,2.64,3.22,13.36,3.01,1.58
2007-04-01,,,,,,7.73,2.36,3.25,11.54,2.93,1.58
2007-05-01,,,,,,7.86,4.3,3.22,11.06,3.36,1.57
2007-06-01,,,,,,6.35,3.12,3.15,15.35,2.91,1.7
2007-07-01,,,,,,6.6,5.18,3.81,12.85,3.85,2.53
2007-08-01,,,,,,5.25,0.07,2.16,6.2,2.41,2.27
2007-09-01,,,,,,5.85,11.34,4.07,11.22,4.62,1.95
2007-10-01,,,,,,7.5,17.8,5.95,27.16,6.68,2.78
2007-11-01,,,,,,7.71,24.71,7.88,21.17,7.75,2.19
2007-12-01,,,,,,7.75,18.75,7.41,20.57,6.58,2.13
2008-01-01,,,,,,8.36,23.16,9.2,31.58,7.71,2.43
2008-02-01,,,,,,6.21,21.16,9.38,25.64,6.88,2.42
2008-03-01,,,,,,6.08,20.09,10.74,29.76,6.89,2.61
2008-04-01,,,,,,5.5,17.03,10.75,33.73,6.41,2.98
2008-05-01,,,,,,7.1,20.23,12.61,40.28,7.47,3.04
2008-06-01,,,,,,8.5,26.89,14.61,42.88,9.09,3.03
2008-07-01,,,,,,8.95,28.33,16.76,48.94,9.69,3.27
2008-08-01,,,,,,9.25,27.48,16.46,36.1,9.64,3.57
2008-09-01,,,,,,7.85,23.97,15.52,25.59,9.01,4.07
2008-10-01,,,,,,6.45,5.7,9.67,0.7,5.32,4.67
2008-11-01,,,,,,6.1,-15.45,1.7,-18.39,0.29,4.28
2008-12-01,,,,,,3.48,-20.99,-2.6,-25.0,-1.16,4.53
2009-01-01,,,,,,1.43,-18.98,-3.79,-28.85,-1.44,4.08
2009-02-01,,,,,,0.4,-19.14,-5.48,-35.49,-1.9,3.7
2009-03-01,,,,,,-1.42,-24.68,-8.83,-39.4,-3.59,3.69
2009-04-01,,,,,,-0.11,-23.82,-9.66,-40.47,-3.35,3.32
2009-05-01,,,,,,-2.08,-25.56,-11.36,-41.7,-4.54,2.95
2009-06-01,,,,,,-2.33,-23.83,-12.08,-40.52,-4.25,3.12
2009-07-01,,,,,,-4.14,-29.11,-14.71,-44.63,-6.49,2.39
2009-08-01,,,,,,-4.35,-21.14,-12.27,-34.85,-4.45,2.2
2009-09-01,,,,,,-4.24,-22.3,-11.97,-31.78,-5.04,1.6
2009-10-01,,,,,,-3.14,-9.72,-7.6,-13.43,-2.24,0.59
2009-11-01,,,,,,-2.21,9.71,-1.56,4.27,2.14,1.0
2009-12-01,,,,,,0.45,21.03,3.19,13.64,4.36,0.76
2010-01-01,,,,,,1.47,20.2,4.87,23.57,4.74,1.0
2010-02-01,,,,,,3.48,15.4,5.56,27.72,4.16,0.99
2010-03-01,,,,,,6.79,21.69,7.72,32.48,5.8,0.99
2010-04-01,,,,,,4.54,20.35,8.49,29.68,5.24,0.93
2010-05-01,,,,,,5.63,16.85,8.26,23.1,5.05,1.29
2010-06-01,,,,,,1.94,8.74,6.17,15.14,2.77,1.05
2010-07-01,,,,,,3.97,12.62,6.31,23.27,4.08,1.34
2010-08-01,,,,,,3.51,8.61,5.18,20.05,3.22,1.22
2010-09-01,,,,,,4.49,9.65,5.28,20.45,3.8,1.57
2010-10-01,2.3,,,3.58,1.5,3.7,12.07,6.11,16.1,4.19,1.63
2010-11-01,2.59,,,4.18,1.6,4.07,8.24,5.88,12.44,3.28,1.28
2010-12-01,2.79,,,4.76,1.7,3.63,10.82,6.47,14.44,3.9,1.45
2011-01-01,2.47,,,4.61,1.29,4.0,8.58,6.19,10.99,3.63,1.62
2011-02-01,3.27,,,6.51,1.39,7.01,13.9,7.98,16.63,5.46,1.8
2011-03-01,3.86,2.1,,6.56,2.29,4.26,16.47,8.99,16.83,5.53,1.91
2011-04-01,4.04,2.4,,7.43,2.18,4.94,19.55,9.58,23.6,6.48,2.26
2011-05-01,4.13,2.3,,7.92,1.97,4.08,23.29,10.14,22.74,7.04,2.08
2011-06-01,4.44,2.6,,8.15,2.27,7.37,19.88,10.92,25.96,7.01,2.3
2011-07-01,4.43,2.59,,8.43,2.17,7.19,20.5,11.65,22.89,7.34,2.59
2011-08-01,4.42,2.99,,7.5,2.67,8.44,15.32,10.28,18.59,6.46,2.65
2011-09-01,4.51,2.99,,7.86,2.56,8.21,17.72,10.41,19.89,7.05,2.7
2011-10-01,3.71,2.58,,6.34,2.17,7.35,12.57,8.08,12.63,5.95,2.93
2011-11-01,3.7,2.68,,6.02,2.46,7.28,11.44,7.26,14.39,5.76,3.04
2011-12-01,3.3,2.58,,4.82,2.26,5.87,8.04,5.76,6.57,4.73,3.09
2012-01-01,3.09,2.57,,4.22,2.35,5.4,6.53,4.38,3.96,4.31,3.08
2012-02-01,2.78,2.56,,3.33,2.54,1.65,6.18,3.23,0.82,3.47,3.02
2012-03-01,2.29,2.25,,2.85,2.14,2.27,2.9,2.94,-0.32,2.81,2.89
2012-04-01,2.09,2.25,,1.73,2.13,2.17,-0.36,1.05,-7.91,1.84,2.71
2012-05-01,1.7,2.24,,0.54,2.23,3.13,-5.6,-0.74,-8.18,0.73,2.71
2012-06-01,1.32,1.95,,0.09,1.93,2.96,-5.48,-1.83,-11.35,0.68,2.53
2012-07-01,1.04,1.65,,-0.09,1.74,2.32,-6.23,-2.66,-8.64,0.42,2.64
2012-08-01,1.13,1.16,,1.36,1.06,2.25,-0.26,-0.94,-3.03,1.88,2.63
2012-09-01,1.41,1.26,,1.53,1.34,1.93,0.92,-0.44,-2.11,1.92,2.35
2012-10-01,1.88,1.65,,1.99,1.83,2.5,2.21,0.7,0.12,2.23,2.17
2012-11-01,1.69,1.93,,1.17,2.02,2.63,-1.28,-0.15,-1.87,1.45,2.28
2012-12-01,1.78,2.03,,1.17,2.31,2.54,-1.39,0.25,1.39,1.35,2.06
2013-01-01,1.68,1.73,,1.35,1.82,3.55,-0.46,0.6,0.65,1.55,1.77
2013-02-01,1.59,1.44,,1.61,1.53,2.79,1.58,1.24,0.94,1.91,1.77
2013-03-01,1.4,1.44,,0.8,1.62,3.28,-1.38,-0.88,0.12,1.24,1.71
2013-04-01,0.93,1.34,,0.18,1.42,2.28,-3.14,-0.89,3.21,0.67,1.65
2013-05-01,0.93,0.86,,1.17,0.85,2.73,0.9,-0.15,7.62,1.66,1.65
2013-06-01,1.58,1.34,,1.81,1.42,2.22,3.25,0.81,10.58,2.13,1.59
2013-07-01,1.87,1.72,,1.63,1.9,2.27,3.38,1.26,8.09,1.87,1.26
2013-08-01,1.67,1.82,,0.72,2.19,2.05,0.42,0.4,1.65,1.18,1.15
2013-09-01,1.02,1.62,,-0.35,1.8,1.35,-3.83,-0.64,0.16,0.0,1.2
2013-10-01,1.11,1.72,,-0.35,1.99,1.74,-3.67,-0.94,-0.53,0.1,1.25
2013-11-01,1.2,1.42,,0.36,1.51,0.94,0.0,-0.25,-3.25,0.92,1.2
2013-12-01,1.29,1.33,,0.98,1.32,1.44,1.47,0.15,-2.17,1.54,1.63
2014-01-01,1.29,1.42,,1.06,1.41,0.83,1.81,0.45,-0.44,1.73,1.96
2014-02-01,1.29,1.61,,0.71,1.6,2.17,-0.8,-0.2,4.93,1.32,1.9
2014-03-01,1.65,1.7,,1.51,1.78,2.45,2.91,0.94,5.5,2.19,1.79
2014-04-01,1.93,1.51,,2.68,1.59,5.69,5.15,1.7,6.59,3.28,1.79
2014-05-01,2.21,2.08,,2.05,2.25,4.39,2.78,1.45,4.08,2.5,1.84
2014-06-01,1.74,1.7,,2.05,1.68,4.99,2.99,1.35,3.58,2.7,1.89
2014-07-01,1.92,1.88,1.5,1.96,1.86,5.77,2.37,1.4,0.8,2.81,1.89
2014-08-01,1.83,1.88,1.8,1.69,1.86,5.01,0.68,1.3,-0.53,2.23,2.0
2014-09-01,1.65,1.69,1.7,1.6,1.58,5.47,-0.16,1.1,0.32,2.19,2.05
2014-10-01,1.64,1.87,1.6,0.98,1.86,5.78,-3.24,0.2,-1.85,1.68,2.21
2014-11-01,1.28,1.68,1.49,0.35,1.76,5.38,-5.2,-0.55,-1.3,1.01,2.04
2014-12-01,0.91,1.87,1.29,-1.41,2.13,5.57,-11.98,-2.74,-8.6,-0.76,1.66
2015-01-01,0.0,1.68,0.99,-3.78,2.04,4.17,-20.89,-5.83,-18.8,-3.25,1.71
2015-02-01,-0.63,1.12,0.89,-4.29,1.3,2.17,-20.22,-6.5,-25.32,-3.35,1.86
2015-03-01,-0.81,0.93,0.69,-4.37,0.92,0.29,-18.85,-6.73,-26.33,-3.29,1.97
2015-04-01,-1.08,0.93,0.69,-5.39,1.11,-2.39,-21.06,-7.6,-26.66,-4.36,1.92
2015-05-01,-0.9,0.74,0.79,-4.1,0.83,-0.94,-16.54,-6.65,-23.4,-2.94,1.91
2015-06-01,-0.54,1.02,0.89,-3.66,1.1,-0.94,-15.94,-6.16,-22.2,-2.63,2.23
2015-07-01,-0.72,0.74,0.79,-3.67,0.82,-2.57,-15.19,-6.45,-23.25,-2.73,2.28
2015-08-01,-0.9,0.74,0.59,-4.19,0.82,-1.73,-16.79,-7.14,-23.39,-3.03,2.12
2015-09-01,-1.08,0.74,0.49,-4.99,1.01,-2.01,-20.47,-8.19,-25.43,-3.93,2.11
2015-10-01,-1.53,0.18,0.2,-4.84,0.18,-3.7,-18.52,-7.68,-23.86,-3.9,1.79
2015-11-01,-1.26,0.28,0.29,-4.51,0.36,-3.29,-17.0,-7.34,-26.34,-3.46,1.85
2015-12-01,-1.08,0.28,0.29,-3.85,0.27,-4.21,-13.96,-6.75,-25.14,-2.79,1.9
2016-01-01,-0.09,0.83,0.79,-2.55,1.09,-2.8,-8.68,-5.45,-17.73,-1.29,1.68
2016-02-01,0.09,1.2,0.88,-2.93,1.64,-1.37,-13.47,-5.84,-16.49,-2.12,1.52
2016-03-01,-0.09,1.01,0.98,-2.83,1.37,-2.05,-13.08,-5.48,-14.46,-2.27,1.52
2016-04-01,0.27,1.2,0.98,-1.93,1.37,-1.73,-9.28,-4.35,-12.82,-1.3,1.62
2016-05-01,0.09,1.1,0.88,-2.37,1.28,-2.57,-11.68,-4.38,-12.64,-2.05,1.56
2016-06-01,0.27,1.19,0.88,-2.08,1.45,-2.95,-10.36,-4.05,-10.97,-1.94,1.4
2016-07-01,0.0,0.92,1.08,-2.09,1.09,-1.96,-10.26,-3.58,-7.87,-1.84,1.24
2016-08-01,0.0,0.92,1.07,-1.82,1.0,-3.66,-8.94,-2.97,-6.11,-1.79,1.35
2016-09-01,0.64,1.19,1.27,-0.37,1.27,-2.58,-2.18,-1.24,-4.66,-0.16,1.35
2016-10-01,1.19,1.47,1.57,0.37,1.64,-2.6,1.26,-0.54,-4.34,0.68,1.55
2016-11-01,1.28,1.65,1.66,0.37,1.72,-3.26,0.07,0.0,0.81,0.36,1.6
2016-12-01,1.64,1.56,1.76,1.86,1.63,-1.74,6.41,1.76,12.58,1.93,1.71
2017-01-01,1.73,1.37,1.66,3.18,1.08,-2.35,13.16,4.1,17.25,3.04,1.7
2017-02-01,2.01,1.28,1.75,4.24,0.9,-1.73,18.8,5.65,19.19,4.12,1.7
2017-03-01,2.19,1.55,1.75,4.04,1.26,0.63,13.9,5.35,13.56,3.85,1.85
2017-04-01,2.46,1.82,2.04,4.12,1.62,2.34,12.34,5.49,12.87,4.04,2.0
2017-05-01,2.18,2.09,2.14,2.8,1.98,1.27,6.37,4.52,8.55,2.62,1.9
2017-06-01,1.81,1.81,2.13,2.04,1.7,1.66,3.24,3.78,5.94,1.98,1.74
2017-07-01,1.99,2.0,2.03,2.22,1.88,1.46,3.45,3.5,6.03,2.03,1.79
2017-08-01,2.54,2.18,2.03,3.06,2.24,2.17,7.23,4.1,6.79,2.92,1.79
2017-09-01,2.62,2.08,2.12,3.42,2.06,1.37,10.46,4.46,7.91,3.32,1.63
2017-10-01,2.71,2.44,2.31,3.41,2.42,2.57,6.81,4.78,8.68,3.05,1.99
2017-11-01,2.88,2.35,2.41,4.15,2.32,3.22,11.16,5.31,11.1,4.14,2.14
2017-12-01,2.69,2.25,2.31,3.66,2.14,2.31,9.03,5.12,4.7,3.49,1.98
2018-01-01,2.59,2.25,2.49,3.18,2.31,1.91,6.34,4.69,2.84,2.85,1.93
2018-02-01,2.86,2.52,2.68,3.16,2.67,0.49,7.6,4.81,4.66,2.84,2.03
2018-03-01,2.85,2.69,2.96,3.16,2.76,1.4,6.6,4.76,4.82,2.89,2.02
2018-04-01,2.58,2.32,2.57,2.88,2.39,-1.53,7.53,4.79,3.63,2.37,1.91
2018-05-01,3.02,2.32,2.66,4.17,2.29,0.14,13.22,6.02,7.19,3.93,2.07
2018-06-01,3.29,2.67,2.75,4.35,2.64,-1.3,15.05,6.44,6.4,3.98,2.11
2018-07-01,3.28,2.76,3.03,4.35,2.73,-0.67,14.32,6.65,6.95,4.13,2.36
2018-08-01,3.01,2.58,3.03,3.96,2.46,-0.97,11.82,6.4,3.87,3.65,2.51
2018-09-01,2.82,2.57,3.12,3.49,2.46,-0.97,8.55,5.99,4.43,3.17,2.71
2018-10-01,3.16,2.83,3.11,3.83,2.71,-0.53,10.78,6.06,8.09,3.66,2.55
2018-11-01,2.71,2.82,3.01,2.66,2.7,0.62,1.6,4.58,1.91,1.94,2.54
2018-12-01,2.62,2.91,2.91,1.68,3.05,2.88,-3.82,2.92,3.88,1.29,2.59
2019-01-01,1.92,2.55,2.62,0.44,2.52,1.49,-8.3,1.07,-3.16,0.15,2.84
2019-02-01,1.82,2.54,2.42,0.53,2.43,1.94,-7.81,0.5,-6.97,0.35,2.78
2019-03-01,1.99,2.27,2.23,1.05,2.34,0.52,-2.42,1.06,-3.83,1.13,2.67
2019-04-01,2.34,2.62,2.41,1.57,2.77,1.6,0.88,0.75,-3.14,1.97,2.52
2019-05-01,2.07,2.53,2.41,0.78,2.76,1.3,-1.96,-0.65,-8.04,1.28,2.47
2019-06-01,1.63,2.08,2.12,0.09,2.32,2.63,-5.57,-2.13,-9.79,0.69,2.32
2019-07-01,1.8,2.16,1.93,0.35,2.4,2.28,-4.35,-2.23,-9.35,0.78,2.16
2019-08-01,1.8,2.34,1.93,-0.09,2.74,2.44,-5.69,-2.91,-7.7,0.39,1.91
2019-09-01,1.37,1.99,1.65,-0.43,2.31,2.73,-7.2,-3.44,-8.63,0.05,1.81
2019-10-01,1.11,1.55,1.37,-0.6,1.87,2.95,-7.25,-3.81,-11.25,-0.1,1.66
2019-11-01,1.02,1.2,1.28,0.17,1.36,3.29,-2.69,-2.95,-5.76,1.02,1.56
2019-12-01,1.36,1.29,1.46,1.13,1.35,1.07,4.52,-1.54,-7.47,2.01,1.46
2020-01-01,1.88,1.63,1.55,2.01,1.78,2.04,8.42,-0.76,-3.47,2.72,1.06
2020-02-01,1.19,1.11,1.36,0.7,1.27,1.38,2.18,-2.01,-7.71,1.43,1.21
2020-03-01,0.34,1.11,1.0,-1.73,1.27,0.71,-11.61,-4.05,-15.46,-1.61,1.06
2020-04-01,-1.35,0.34,-0.09,-5.0,0.34,1.19,-28.65,-7.62,-28.59,-5.13,1.25
2020-05-01,-0.93,0.17,-0.18,-3.37,0.17,6.62,-23.58,-7.06,-20.06,-2.96,1.06
2020-06-01,-0.59,0.34,0.0,-2.43,0.25,1.52,-14.7,-5.02,-13.5,-2.14,1.01
2020-07-01,-0.25,0.59,0.18,-2.08,0.59,0.81,-12.86,-3.69,-13.47,-1.89,1.06
2020-08-01,-0.17,0.51,0.36,-1.56,0.42,0.86,-11.39,-2.29,-8.84,-1.46,1.2
2020-09-01,0.42,1.02,0.81,-0.95,0.92,1.19,-9.82,-1.48,-4.2,-1.07,1.2
2020-10-01,0.51,1.27,0.99,-1.12,1.34,1.27,-11.15,-0.91,-2.81,-1.35,1.1
2020-11-01,0.76,1.44,1.08,-0.95,1.59,-1.02,-9.86,-0.2,0.38,-1.45,1.29
2020-12-01,0.84,1.44,1.26,0.0,1.34,-1.53,-6.49,1.42,1.33,-0.91,1.39
2021-01-01,1.68,1.94,1.88,1.29,1.83,-0.37,-2.47,3.35,8.22,0.43,1.68
2021-02-01,2.87,2.62,2.33,3.46,2.68,2.4,4.7,6.92,29.44,2.47,1.67
2021-03-01,4.07,3.04,3.15,6.79,2.84,2.73,21.14,12.45,34.95,5.75,2.05
2021-04-01,6.35,4.5,4.81,10.61,4.44,4.1,43.47,18.61,59.24,9.38,2.33
2021-05-01,6.91,5.34,5.25,10.81,5.11,0.71,37.61,22.26,57.11,8.24,3.0
2021-06-01,7.4,5.76,5.61,11.74,5.52,7.16,30.79,22.99,52.1,9.4,3.72
2021-07-01,7.86,6.37,6.09,11.8,6.06,6.83,29.48,23.04,55.73,9.5,4.19
2021-08-01,8.62,7.12,6.25,12.56,6.79,9.28,30.21,23.05,52.35,10.38,4.54
2021-09-01,8.78,7.04,6.07,13.5,6.66,10.9,34.16,23.75,48.21,11.89,5.17
2021-10-01,8.92,6.98,6.26,14.46,6.17,9.31,39.3,25.6,55.51,12.85,5.72
2021-11-01,10.02,8.1,6.99,15.17,7.47,10.97,41.59,26.6,49.43,13.82,6.0
2021-12-01,10.22,8.65,7.03,13.96,8.33,12.32,32.38,24.61,39.72,13.0,6.52
2022-01-01,10.17,8.62,6.85,13.91,8.25,13.21,29.88,24.88,36.41,13.05,7.09
2022-02-01,10.47,8.91,6.74,14.39,8.39,13.53,30.23,23.28,33.64,13.74,7.79
2022-03-01,11.59,9.68,7.03,15.69,9.43,15.42,33.67,22.06,43.48,15.15,8.09
2022-04-01,11.11,8.99,6.74,16.19,8.33,15.77,33.1,21.91,49.88,15.35,8.63
2022-05-01,10.94,8.62,6.72,16.49,7.96,14.73,39.28,21.54,46.85,16.67,8.91
2022-06-01,11.15,8.32,6.46,17.53,7.68,12.72,47.48,21.87,50.71,18.17,8.92
2022-07-01,9.69,7.61,5.81,14.47,6.93,15.89,30.69,17.09,32.41,15.11,8.79
2022-08-01,8.67,7.22,5.66,12.17,6.54,13.37,21.68,14.35,36.69,12.64,8.84
2022-09-01,8.49,7.19,5.65,11.27,6.71,12.1,18.76,12.82,28.79,11.56,8.44
2022-10-01,8.18,6.93,5.44,10.49,6.69,13.19,16.88,9.99,9.28,11.24,8.17
2022-11-01,7.37,6.27,4.92,9.41,6.01,15.09,11.7,7.59,3.48,10.34,8.02
2022-12-01,6.38,5.7,4.66,7.81,5.32,14.86,5.9,4.86,10.75,8.72,7.66
2023-01-01,5.75,5.02,4.41,7.75,4.5,12.24,9.2,3.95,3.01,8.9,7.44
2023-02-01,4.72,4.67,4.51,5.17,4.21,7.27,3.5,2.07,-10.63,6.1,6.78
2023-03-01,2.7,3.38,3.71,1.94,2.76,5.95,-6.52,-1.0,-16.77,3.06,6.42
2023-04-01,2.29,3.15,3.37,0.7,2.89,4.08,-5.05,-3.39,-20.48,2.55,5.44
2023-05-01,1.15,2.79,2.88,-2.16,2.62,2.1,-14.25,-7.09,-28.5,-0.65,4.91
2023-06-01,0.3,2.52,2.86,-4.22,2.46,2.54,-20.47,-9.33,-32.55,-2.92,4.23
2023-07-01,1.18,2.72,2.88,-2.37,2.94,0.14,-11.79,-7.57,-24.25,-0.88,3.91
2023-08-01,1.9,2.49,2.87,0.32,2.68,0.63,-0.42,-4.45,-26.01,1.97,3.55
2023-09-01,1.81,2.32,2.9,0.74,2.38,-0.28,1.88,-3.76,-21.47,2.29,3.42
2023-10-01,1.11,2.16,2.79,-0.96,2.23,-0.83,-7.12,-4.45,-14.57,-0.25,3.15
2023-11-01,0.83,1.95,2.53,-1.39,1.99,-3.04,-6.95,-4.52,-13.72,-0.79,2.89
2023-12-01,1.05,1.77,2.72,-0.39,1.77,-3.16,-2.15,-2.77,-18.6,0.24,2.66
2024-01-01,0.97,2.0,2.72,-1.57,2.25,-1.68,-7.52,-3.8,-13.62,-0.97,2.33
2024-02-01,1.57,2.1,2.75,0.1,2.37,2.64,-3.84,-2.07,-9.18,0.9,2.35
2024-03-01,1.98,2.27,2.88,0.83,2.64,2.05,0.85,-1.77,-6.14,1.87,2.24
2024-04-01,2.32,2.55,3.21,1.19,2.96,2.07,0.78,-0.59,-4.7,1.89,2.29
2024-05-01,2.57,2.7,3.39,1.65,3.13,2.49,2.35,-0.59,0.2,2.32,2.24
2024-06-01,2.96,3.29,3.37,1.38,3.83,2.96,-0.91,-0.16,1.97,1.71,2.32
2024-07-01,2.43,2.6,3.53,1.73,2.79,3.36,-0.16,0.77,1.4,1.92,2.23
2024-08-01,2.11,2.84,3.5,0.02,3.1,4.46,-7.51,-1.31,-3.98,0.42,2.36
2024-09-01,2.14,3.31,3.39,-1.25,3.75,4.71,-12.77,-2.7,-8.35,-0.88,2.43
2024-10-01,2.84,3.6,3.58,0.21,4.11,4.03,-5.53,-1.32,-4.33,0.9,2.45
2024-11-01,2.89,3.37,3.58,1.03,3.79,6.42,-3.8,-0.59,-2.09,1.87,2.47
2024-12-01,3.44,3.73,3.57,1.76,4.27,6.29,-0.76,0.1,4.78,2.63,2.61
2025-01-01,3.79,3.91,3.52,2.36,4.5,6.65,1.15,0.97,8.64,3.02,2.35
2025-02-01,3.4,3.72,3.56,1.67,4.24,6.6,-2.78,0.29,9.36,2.08,2.32
2025-03-01,3.16,3.78,3.44,0.85,4.25,4.29,-5.83,0.69,6.53,0.86,2.32
2025-04-01,2.4,3.06,2.74,0.47,3.31,3.17,-7.21,0.5,0.28,0.38,2.5
2025-05-01,2.72,3.19,2.67,1.17,3.47,3.7,-4.12,1.82,-1.13,1.28,2.56
2025-06-01,2.43,2.69,2.59,1.74,2.79,3.25,-1.34,1.82,0.58,1.91,2.7
2025-07-01,3.23,3.56,2.89,1.94,3.89,4.57,-2.44,2.11,-0.02,2.03,2.84
2025-08-01,2.69,2.91,2.99,2.19,2.99,3.1,-1.29,2.58,1.45,2.03,2.94
2025-09-01,3.05,2.99,3.02,3.17,3.08,3.39,3.17,3.68,3.44,3.08,2.91
2025-10-01,2.83,2.97,3.45,2.71,2.89,3.74,-0.71,3.1,-0.64,2.48,3.25
2025-11-01,3.15,3.23,3.59,3.03,3.21,1.11,3.14,3.61,1.89,2.74,3.26
2025-12-01,3.09,3.43,3.41,2.47,3.38,0.76,-0.3,3.45,1.02,1.97,3.39
2026-01-01,3.04,3.71,3.49,1.77,3.6,-1.46,-3.46,2.78,-0.18,0.94,3.75
2026-02-01,3.35,3.83,3.53,2.52,3.74,-0.8,-0.94,3.95,5.34,1.62,3.69
2026-03-01,4.28,3.94,3.64,5.35,3.87,0.48,10.75,6.91,9.34,4.46,3.7
2026-04-01,5.7,4.93,4.36,7.42,5.06,2.14,17.86,9.47,15.28,6.39,3.75
2026-05-01,5.83,4.44,5.04,9.68,4.27,2.42,27.48,12.42,20.77,8.54,3.78
2026-06-01,5.54,4.73,5.0,7.76,4.66,1.96,18.91,11.26,10.62,6.56,3.68
2026-07-01,4.66,4.16,4.65,6.35,3.92,-0.73,16.41,9.87,7.26,5.37,3.64
