date,Payrolls - New York-Newark-Jersey City (000s) YoY Chg,Payrolls - Los Angeles-Long Beach-Anaheim (000s) YoY Chg,Payrolls - Chicago-Naperville-Elgin (000s) YoY Chg,Payrolls - Dallas-Fort Worth-Arlington (000s) YoY Chg,Payrolls - Houston-Pasadena-The Woodlands (000s) YoY Chg,Payrolls - Washington-Arlington-Alexandria (000s) YoY Chg,Payrolls - Philadelphia-Camden-Wilmington (000s) YoY Chg,Payrolls - Atlanta-Sandy Springs-Roswell (000s) YoY Chg,Payrolls - Miami-Fort Lauderdale-West Palm Beach (000s) YoY Chg,Payrolls - Boston-Cambridge-Newton (000s) YoY Chg,Payrolls - Phoenix-Mesa-Chandler (000s) YoY Chg,Payrolls - Seattle-Tacoma-Bellevue (000s) YoY Chg,Payrolls - Detroit-Warren-Dearborn (000s) YoY Chg,Payrolls - Minneapolis-St. Paul-Bloomington (000s) YoY Chg,Payrolls - Riverside-San Bernardino-Ontario (000s) YoY Chg,Payrolls - Denver-Aurora-Centennial (000s) YoY Chg,Payrolls - San Diego-Chula Vista-Carlsbad (000s) YoY Chg,Payrolls - Tampa-St. Petersburg-Clearwater (000s) YoY Chg,Payrolls - Orlando-Kissimmee-Sanford (000s) YoY Chg,Payrolls - Baltimore-Columbia-Towson (000s) YoY Chg,Payrolls - Austin-Round Rock-San Marcos (000s) YoY Chg,Payrolls - Charlotte-Concord-Gastonia (000s) YoY Chg,Payrolls - Portland-Vancouver-Hillsboro (000s) YoY Chg,Payrolls - Nashville-Davidson-Murfreesboro-Franklin (000s) YoY Chg,Payrolls - Pittsburgh (000s) YoY Chg,Payrolls - San Antonio-New Braunfels (000s) YoY Chg,"Payrolls - Columbus, OH (000s) YoY Chg",Payrolls - Las Vegas-Henderson-North Las Vegas (000s) YoY Chg,Payrolls - Cincinnati (000s) YoY Chg,Payrolls - Indianapolis-Carmel-Greenwood (000s) YoY Chg,Payrolls - Kansas City (000s) YoY Chg,Payrolls - Sacramento-Roseville-Folsom (000s) YoY Chg,Payrolls - Cleveland (000s) YoY Chg,Payrolls - Salt Lake City-Murray (000s) YoY Chg,Payrolls - Raleigh-Cary (000s) YoY Chg,Payrolls - San Francisco-Oakland-Fremont (000s) YoY Chg,Payrolls - San Jose-Sunnyvale-Santa Clara (000s) YoY Chg,Payrolls - Santa Rosa-Petaluma (000s) YoY Chg,Payrolls - Vallejo (000s) YoY Chg,Payrolls - Napa (000s) YoY Chg
1990-12-01,-3.18,-1.98,-0.77,1.71,4.46,-1.65,-1.73,-0.14,-0.9,-4.57,1.33,1.53,-0.48,0.48,3.05,2.13,0.94,-0.34,1.19,-1.73,4.11,-0.81,1.94,-0.7,0.34,0.79,1.49,4.8,0.91,0.59,-0.04,2.53,-0.85,2.36,0.75,1.12,-0.36,2.97,0.41,7.48
1991-01-01,-4.21,-2.67,-0.71,1.45,4.03,-1.81,-2.22,-0.09,-1.36,-5.38,1.82,1.25,-1.28,0.22,3.77,2.01,1.58,-1.17,0.77,-2.44,4.37,-0.85,1.31,-0.52,0.14,0.6,1.14,4.94,0.77,0.77,-0.1,4.47,-1.05,2.55,0.41,1.43,0.88,4.35,0.62,6.23
1991-02-01,-4.41,-3.22,-1.01,0.99,3.79,-2.0,-2.56,-0.96,-2.1,-5.66,1.31,0.87,-2.35,-0.44,2.7,1.76,0.99,-1.79,-0.45,-3.32,4.47,-1.86,1.71,-0.83,-0.39,0.7,0.45,5.21,0.2,0.41,-0.23,4.05,-1.48,2.82,-0.57,1.24,0.53,4.14,2.09,5.94
1991-03-01,-4.66,-3.55,-1.17,0.87,3.73,-2.39,-2.92,-1.63,-2.75,-5.6,0.96,1.06,-2.57,-0.41,2.14,1.61,0.51,-2.08,-1.0,-3.93,4.07,-2.25,1.16,-0.88,-0.64,1.06,0.22,4.47,0.01,0.32,-0.32,3.42,-1.65,2.57,-0.68,0.91,-0.08,3.7,1.88,6.22
1991-04-01,-4.68,-3.33,-0.96,0.76,3.1,-2.47,-2.49,-1.31,-2.52,-6.0,-0.77,0.55,-2.49,-0.51,2.25,1.38,0.53,-3.0,-1.06,-3.86,3.1,-2.23,0.37,-0.34,-0.7,0.77,-0.43,3.78,-0.09,1.25,0.37,2.81,-2.14,3.1,-0.54,0.62,-0.4,3.11,1.24,3.39
1991-05-01,-5.03,-3.5,-1.2,0.66,2.36,-2.45,-2.65,-1.32,-2.74,-6.28,-1.06,0.63,-2.31,-0.36,1.5,0.83,0.24,-3.09,-1.19,-4.0,2.31,-2.17,0.23,-0.34,-0.73,0.62,-0.59,3.42,-0.36,0.49,0.04,2.34,-2.39,2.81,-0.14,0.38,-0.67,2.82,0.93,1.43
1991-06-01,-5.12,-3.49,-1.7,0.24,1.99,-2.62,-3.14,-1.59,-2.76,-6.13,-1.33,-0.04,-2.48,-0.28,0.89,0.9,0.44,-3.64,-1.39,-4.11,2.59,-2.37,0.05,0.18,-0.9,0.46,-0.87,2.67,-0.12,0.67,-0.21,2.43,-2.6,2.47,0.14,-0.15,-1.04,2.66,0.31,0.95
1991-07-01,-5.35,-3.27,-1.91,-0.23,0.94,-2.55,-3.92,-1.86,-2.43,-6.28,-0.89,0.27,-2.3,-0.5,0.77,1.09,-0.02,-3.36,-1.78,-4.83,2.43,-1.38,-0.03,-0.11,-1.57,0.93,-0.95,1.14,-0.32,-0.04,0.43,2.14,-2.21,2.3,-0.5,-0.64,-1.32,2.08,0.1,0.95
1991-08-01,-5.41,-3.11,-1.89,-0.53,0.58,-2.55,-4.11,-2.19,-2.17,-5.9,-1.0,-0.43,-2.52,-0.58,0.9,0.58,-0.45,-3.98,-1.64,-4.52,2.86,-0.94,-1.21,0.16,-1.18,1.22,-0.92,0.42,-0.61,-0.25,0.16,1.98,-2.1,1.94,-0.07,-0.33,-1.32,3.01,1.03,0.24
1991-09-01,-5.16,-2.89,-1.91,-0.45,0.69,-2.47,-3.65,-1.93,-2.29,-5.6,-1.34,0.11,-2.26,-0.54,0.7,0.66,-0.65,-3.56,-1.0,-4.22,3.16,-1.08,-0.28,0.7,-0.98,2.06,-0.6,0.79,-0.3,-0.08,0.26,2.1,-2.06,2.15,0.27,-0.72,-1.14,2.0,0.82,-1.18
1991-10-01,-4.42,-3.02,-1.4,-0.37,0.45,-2.02,-3.14,-1.62,-2.93,-4.75,-0.74,0.77,-1.83,-0.21,0.43,1.17,-0.94,-2.71,-0.09,-3.44,3.08,-0.71,0.71,1.09,-0.77,1.35,-0.8,0.42,-0.61,-0.38,0.55,1.28,-1.59,2.36,0.14,-0.9,-1.53,1.7,1.04,1.18
1991-11-01,-4.22,-3.03,-1.44,-0.64,0.24,-1.56,-2.99,-1.44,-2.06,-4.51,-0.79,0.47,-1.15,-0.48,-0.1,1.01,-1.29,-2.56,-0.03,-3.12,3.24,-0.85,0.13,0.96,-0.59,1.54,-0.56,-0.52,-0.56,-0.03,0.21,1.19,-1.04,2.17,0.41,-1.09,-1.45,1.49,0.82,0.94
1991-12-01,-4.27,-3.25,-1.47,-0.78,-0.44,-1.61,-2.99,-0.83,-2.44,-4.22,-0.16,0.55,-1.15,-0.01,-0.63,1.19,-1.5,-2.22,0.54,-3.14,3.3,-0.68,0.36,0.92,-0.48,1.63,-0.75,0.21,-0.55,0.45,0.41,0.54,-1.28,1.98,0.85,-1.35,-1.53,0.85,-0.21,0.23
1992-01-01,-3.29,-4.21,-1.27,-0.53,0.11,-1.2,-2.34,-0.71,-1.25,-3.43,-0.51,1.57,-0.44,0.81,1.13,1.51,-2.16,-1.02,1.65,-2.41,3.89,-0.17,1.3,1.14,0.07,1.66,-0.15,-0.1,-0.07,0.57,1.04,-2.05,-1.17,2.43,1.97,-2.07,-2.93,-1.53,2.05,0.23
1992-02-01,-3.14,-3.99,-0.99,-0.08,0.07,-1.22,-2.16,0.14,-0.84,-2.87,-0.51,1.89,0.02,1.18,0.96,1.87,-1.87,-1.03,1.71,-2.26,4.03,0.26,1.16,1.45,0.17,2.06,0.26,-0.16,0.19,0.94,1.11,-2.13,-1.03,2.45,2.41,-2.1,-3.38,-1.4,1.94,-0.47
1992-03-01,-3.12,-3.56,-1.06,-0.17,-0.29,-0.84,-2.19,0.85,0.21,-2.71,-0.41,1.58,0.3,1.35,1.29,2.12,-1.57,-0.57,2.71,-2.14,4.04,0.83,1.05,1.59,0.1,2.05,0.48,-0.18,0.07,0.99,1.17,-1.61,-0.92,2.69,2.86,-1.68,-2.47,-0.77,2.15,0.47
1992-04-01,-2.37,-3.83,-0.9,0.19,-0.16,-0.34,-1.96,0.96,0.07,-2.43,0.45,1.8,0.87,1.6,1.63,2.3,-1.44,0.05,3.02,-1.5,4.58,1.08,1.88,2.04,0.56,3.3,1.36,0.16,0.31,0.51,1.33,-1.05,-0.61,3.22,2.96,-1.88,-2.12,-0.84,2.05,1.17
1992-05-01,-2.35,-3.72,-0.36,0.5,-0.09,-0.28,-1.72,1.45,0.32,-1.8,1.23,1.61,0.59,2.05,1.49,2.56,-1.58,0.63,2.93,-1.42,4.89,1.33,1.96,2.41,0.94,3.57,1.74,1.38,0.28,1.54,1.71,-0.61,-0.37,3.53,3.16,-1.82,-1.95,-0.21,2.15,0.94
1992-06-01,-2.34,-3.81,-0.02,0.46,-0.66,-0.6,-1.43,1.23,0.52,-1.67,1.53,1.51,0.56,1.78,1.86,2.36,-1.42,1.09,2.86,-1.43,5.42,1.64,1.81,2.46,0.84,3.56,1.68,0.6,0.12,1.06,1.57,-0.84,-0.47,3.1,3.25,-1.82,-1.47,-0.35,3.08,1.42
1992-07-01,-1.46,-3.8,0.49,0.5,-0.23,-0.35,-0.52,1.91,0.55,-1.19,1.44,0.97,0.65,2.21,1.73,3.02,-1.63,1.08,3.81,-0.62,5.68,1.6,2.53,2.19,0.96,4.37,1.92,2.4,0.3,1.91,1.4,-0.69,-0.48,3.46,3.21,-1.81,-1.15,-0.28,2.87,3.31
1992-08-01,-1.57,-3.74,0.64,0.55,-0.09,-0.48,-0.38,2.79,0.05,-1.06,2.37,0.93,1.04,2.3,1.54,3.51,-1.74,1.09,3.65,-1.07,5.44,1.83,2.31,2.41,0.88,3.77,1.59,3.3,0.08,2.07,1.54,-0.69,-0.43,3.75,3.37,-1.77,-1.22,-1.39,1.63,4.05
1992-09-01,-1.69,-3.84,0.58,0.7,-0.38,-0.34,-0.82,2.78,0.92,-0.71,2.89,0.99,0.95,2.63,1.77,3.12,-1.55,1.47,3.8,-0.99,6.16,1.82,2.34,2.37,0.97,2.8,1.34,3.77,-0.28,2.08,1.65,-0.9,-0.42,3.29,3.6,-1.82,-1.05,-0.77,2.15,3.83
1992-10-01,-1.41,-4.0,0.81,1.08,0.54,0.39,-0.23,3.53,2.17,-0.37,1.8,1.24,1.07,2.44,1.8,3.02,-1.35,0.94,3.71,-0.58,6.81,2.86,2.56,2.72,1.12,3.89,2.09,3.38,0.77,2.49,1.43,-0.67,-0.15,3.27,4.62,-1.99,-1.1,-0.98,2.25,2.34
1992-11-01,-1.56,-3.84,1.05,1.37,0.87,0.06,-0.05,3.8,2.1,-0.13,1.62,1.13,0.81,2.97,2.31,3.08,-0.88,1.72,3.69,-0.96,6.51,3.39,3.0,3.14,0.69,3.7,2.02,5.59,0.23,2.47,1.45,-0.6,-0.45,3.88,4.58,-1.78,-0.61,-0.35,1.43,1.87
1992-12-01,-1.26,-3.72,1.25,1.35,0.98,0.45,0.15,3.85,3.25,-0.09,1.65,1.44,0.76,2.85,2.11,2.88,-1.16,1.44,3.87,-0.54,6.7,3.62,2.69,3.62,0.39,3.81,2.09,4.29,0.41,2.29,1.93,-0.19,0.07,4.46,4.7,-1.95,-0.58,-0.98,2.58,1.16
1993-01-01,-0.55,-2.13,1.21,2.14,1.08,0.98,0.26,4.32,2.92,0.55,1.92,0.86,1.23,2.65,0.0,3.13,-0.33,1.61,3.4,-0.02,6.48,3.33,2.65,3.02,0.94,4.8,2.03,5.45,0.1,2.11,1.56,0.57,0.35,4.2,4.49,-0.59,0.28,1.2,0.4,3.51
1993-02-01,-0.2,-2.12,1.26,2.45,1.14,1.32,0.6,4.68,3.67,0.66,2.61,0.9,1.73,2.77,0.98,3.33,-0.47,2.43,4.06,0.29,6.89,3.59,3.19,3.68,1.27,5.1,2.23,5.43,0.31,2.09,2.08,1.0,0.44,4.42,4.98,-0.26,0.94,1.98,-0.6,3.52
1993-03-01,-0.27,-2.62,1.38,2.68,1.32,0.92,0.37,4.51,3.16,0.58,3.13,1.06,1.54,2.65,0.96,3.52,-0.71,2.33,3.39,-0.11,7.15,3.47,3.33,3.51,0.86,5.0,2.02,5.93,0.13,1.73,2.1,0.7,-0.04,4.56,4.73,-0.65,0.56,1.06,-0.4,2.33
1993-04-01,-0.05,-2.79,2.13,2.49,1.44,1.26,0.48,5.34,4.4,1.52,4.03,1.25,1.27,2.7,0.44,3.96,-1.17,2.91,5.63,-0.18,7.4,3.81,3.35,3.69,0.6,4.6,1.41,5.8,0.47,1.89,2.13,0.03,0.36,4.59,5.02,-0.58,0.19,1.55,-0.9,0.69
1993-05-01,0.24,-2.73,2.18,2.43,1.37,1.38,0.71,5.25,4.14,1.75,4.18,0.83,1.3,2.33,0.78,3.66,-0.8,2.95,5.75,0.18,7.36,3.98,3.21,3.53,0.36,4.2,1.46,5.11,0.71,1.68,2.13,-0.46,0.42,4.54,5.33,-0.29,0.41,1.13,-1.0,0.93
1993-06-01,0.47,-2.3,2.16,2.95,1.8,1.6,0.66,5.58,4.33,2.02,5.23,1.19,1.23,2.5,0.48,4.09,-0.36,3.46,5.91,0.23,6.8,4.46,3.58,4.2,0.26,4.07,1.83,7.39,0.51,2.5,2.58,-0.36,0.6,5.35,5.08,-0.11,0.52,1.41,-2.19,2.33
1993-07-01,0.7,-2.28,1.92,3.44,2.21,1.69,0.82,5.39,4.8,2.27,6.08,2.42,1.66,2.41,0.38,3.88,-0.44,3.97,4.67,1.03,7.26,4.23,3.44,5.37,0.6,3.72,1.75,5.36,1.05,1.93,1.97,-0.19,0.87,5.27,5.79,-0.26,0.43,1.41,-0.9,-2.75
1993-08-01,0.84,-1.98,2.03,3.66,2.54,1.71,1.02,5.41,5.23,2.42,5.41,2.49,0.9,2.45,0.77,3.7,0.17,4.48,4.86,0.93,7.73,4.22,3.6,4.66,0.84,4.02,2.28,5.89,1.17,1.98,2.1,0.28,0.86,5.45,5.87,-0.24,0.44,1.41,-0.8,-2.06
1993-09-01,1.0,-1.85,1.87,3.86,2.64,1.82,1.01,5.66,4.65,2.5,5.2,2.64,0.95,2.24,0.35,3.77,-0.32,4.52,5.02,0.94,7.27,4.34,3.67,4.04,0.6,3.7,2.63,5.32,1.43,1.68,1.52,0.16,1.13,5.6,5.55,-0.22,0.62,1.34,-1.2,-0.69
1993-10-01,0.95,-2.18,2.34,3.7,2.2,1.69,0.74,5.78,4.72,2.33,6.57,0.92,1.97,3.0,0.32,4.17,0.25,5.11,4.76,0.79,6.88,4.52,3.35,4.41,0.99,3.35,2.64,8.36,1.92,2.74,1.87,0.79,1.06,6.54,4.87,-0.04,0.59,1.34,-0.4,-2.74
1993-11-01,1.25,-2.26,2.22,3.75,2.07,2.1,0.7,5.75,4.28,2.31,6.99,1.01,2.15,2.86,0.03,3.92,-0.09,4.5,4.57,1.17,6.63,4.9,3.71,4.19,1.0,3.48,2.6,8.01,2.05,2.67,1.85,0.63,1.1,6.57,5.5,-0.13,0.79,1.05,-0.5,-1.61
1993-12-01,1.42,-1.69,2.3,4.04,2.65,2.21,0.92,6.01,4.06,2.68,7.35,1.28,2.71,3.07,0.63,4.27,0.82,5.34,4.85,1.35,6.46,5.13,4.27,4.4,1.39,3.65,2.76,10.48,1.84,2.94,1.92,1.07,1.38,6.43,5.54,0.44,1.25,1.83,0.2,-2.29
1994-01-01,0.67,-1.6,1.9,3.72,2.38,1.42,0.69,5.95,3.92,2.28,7.0,1.3,3.49,3.02,0.54,4.41,-0.17,5.77,5.88,0.54,6.58,5.06,4.31,5.01,0.3,3.59,3.2,11.35,2.05,2.99,1.94,1.54,1.78,6.41,5.35,-0.74,0.11,0.98,-0.8,-3.17
1994-02-01,0.47,-1.3,1.91,3.2,1.97,1.2,0.41,5.72,3.74,2.36,6.9,1.36,3.36,3.29,0.44,4.0,0.22,5.73,5.56,0.24,6.11,4.82,4.18,4.6,0.33,3.4,3.34,11.99,2.4,3.16,1.62,1.65,2.14,6.15,4.71,-0.73,0.05,0.62,0.1,-1.81
1994-03-01,1.15,-0.61,2.23,3.46,2.1,1.85,1.21,5.99,3.96,2.72,6.8,0.66,3.82,3.51,0.42,3.77,0.57,5.95,5.91,1.41,6.16,5.08,4.12,5.41,1.02,3.61,3.65,12.03,3.17,3.82,2.08,2.14,2.79,5.92,5.34,-0.21,0.02,1.61,-0.3,-1.37
1994-04-01,1.35,-0.27,1.89,3.73,2.49,1.89,1.35,5.39,3.4,2.51,6.32,1.16,3.45,3.26,0.43,3.74,0.6,6.21,5.08,1.7,6.38,4.79,3.87,4.99,0.8,4.05,3.34,12.53,2.97,3.94,1.98,2.53,2.56,6.02,5.41,-0.18,0.3,1.88,0.4,0.23
1994-05-01,1.33,-0.14,1.82,3.89,2.44,1.75,1.31,5.41,3.81,2.28,6.24,1.32,3.36,3.55,0.88,3.88,0.42,6.22,4.76,1.63,6.29,4.21,3.92,5.49,0.88,3.81,3.77,13.02,3.05,4.24,2.05,2.99,2.49,6.09,4.81,-0.32,0.34,1.95,0.0,1.15
1994-06-01,1.36,-0.17,2.12,3.82,2.39,1.94,1.66,5.53,3.82,2.46,6.2,1.29,3.8,3.72,1.37,3.71,0.18,6.02,4.8,1.92,6.78,4.25,4.07,5.15,1.29,4.04,3.56,11.83,3.39,4.28,2.41,3.29,2.5,6.1,5.08,-0.42,0.18,1.67,0.92,0.0
1994-07-01,1.09,0.12,2.48,4.17,2.43,1.68,1.45,5.44,3.63,2.63,6.25,0.14,3.47,3.7,2.39,3.93,0.68,5.99,5.39,1.5,6.66,5.02,4.44,5.03,1.28,4.44,3.22,14.04,2.72,4.47,2.78,3.44,2.53,6.05,4.67,-0.29,-0.07,2.01,-0.91,3.76
1994-08-01,1.38,0.06,2.57,4.18,2.3,1.83,1.43,5.22,3.59,2.65,6.86,0.58,4.5,3.51,2.64,4.11,0.58,5.38,5.64,1.75,6.49,4.87,4.75,5.4,1.2,3.93,3.21,14.35,3.17,4.72,2.46,3.07,2.67,5.94,4.81,-0.08,0.25,2.36,-1.62,3.27
1994-09-01,1.41,0.35,2.9,4.03,2.18,1.96,1.9,5.62,3.74,2.65,6.64,0.92,4.85,3.79,3.24,4.26,1.21,5.69,5.65,2.07,6.71,4.94,4.82,5.65,1.48,4.62,3.59,14.44,3.44,4.64,2.63,3.1,2.52,6.63,5.07,-0.02,0.47,2.85,-0.91,2.55
1994-10-01,1.48,0.7,1.84,4.13,2.72,1.69,1.72,4.77,3.1,2.71,6.48,2.13,3.59,2.79,3.42,4.06,0.71,5.5,5.37,2.22,7.12,3.82,4.6,4.64,0.93,5.06,3.93,11.27,2.49,3.14,2.83,2.96,2.76,5.62,5.75,0.22,0.74,2.43,-0.4,2.82
1994-11-01,1.51,1.32,2.17,4.48,3.09,1.64,1.77,5.17,3.93,2.96,6.74,2.65,4.02,3.45,3.94,4.61,1.1,6.29,6.56,2.27,7.5,3.61,5.14,5.82,1.42,5.33,4.3,11.16,2.89,3.52,3.17,3.45,3.1,5.78,5.74,0.54,0.7,2.15,-0.4,2.33
1994-12-01,1.41,1.25,2.08,4.55,2.84,1.53,1.77,5.02,3.48,2.92,6.74,2.32,3.74,3.0,4.4,4.91,1.11,5.59,6.0,2.01,7.7,3.57,4.96,5.44,1.45,5.65,4.55,9.82,3.33,3.75,3.14,3.32,3.01,5.88,5.53,0.59,0.98,2.01,-0.8,3.28
1995-01-01,1.65,1.38,3.02,4.44,3.28,1.48,1.62,4.83,3.6,3.02,7.55,2.52,2.67,3.41,4.11,4.53,0.99,4.57,5.2,2.57,7.37,4.28,4.63,5.67,1.7,4.91,4.16,7.94,3.06,4.03,3.24,3.12,2.57,6.02,5.17,1.09,1.37,1.24,-0.61,3.27
1995-02-01,1.78,1.81,3.42,4.97,3.7,1.68,1.72,4.76,3.55,3.0,7.6,2.4,2.83,3.37,4.3,4.89,1.5,4.64,5.29,2.92,7.75,4.05,4.6,5.6,1.38,4.88,4.03,7.68,2.76,4.11,3.56,3.42,2.46,6.52,5.32,1.57,2.04,2.28,0.3,1.62
1995-03-01,1.52,1.38,3.3,4.83,3.69,1.51,1.37,4.62,3.51,3.06,7.58,3.34,2.78,3.24,4.77,5.01,1.53,4.58,5.6,2.34,7.47,3.78,5.05,5.23,1.7,4.76,4.07,8.49,2.57,4.2,3.24,3.05,2.51,6.79,4.95,1.36,2.55,1.79,-0.4,1.85
1995-04-01,0.87,1.36,2.58,4.57,3.04,1.17,1.11,4.66,3.02,3.23,7.65,2.12,2.6,3.26,4.79,4.32,2.18,4.08,3.79,1.9,6.89,3.92,4.51,4.36,1.61,3.97,4.27,8.65,2.83,3.66,2.65,3.3,2.41,6.49,4.59,1.36,3.12,1.09,-1.81,3.9
1995-05-01,0.81,1.51,2.29,4.37,3.21,1.06,0.97,4.56,2.89,2.9,7.64,2.37,2.73,2.88,4.42,4.31,2.37,3.84,4.24,1.62,7.21,4.59,4.99,3.83,1.31,4.79,3.52,7.91,2.58,3.37,2.34,3.04,2.48,5.97,4.74,1.5,3.34,1.16,-0.91,2.51
1995-06-01,0.81,1.7,2.27,4.25,3.57,1.09,0.99,4.78,2.89,2.78,6.99,2.51,2.85,3.04,4.14,4.45,2.59,3.68,4.91,1.49,7.04,4.21,4.92,4.04,1.28,4.7,3.71,8.09,2.81,3.23,1.97,2.91,2.74,5.75,4.9,1.88,4.08,1.77,-0.5,2.05
1995-07-01,0.28,1.15,1.92,3.65,3.32,0.84,0.6,4.58,2.4,2.56,6.29,1.94,2.36,2.9,3.32,4.12,2.61,2.9,4.4,0.88,6.22,3.08,4.19,3.46,0.51,4.15,3.52,7.11,2.57,3.25,1.92,2.15,2.51,5.77,4.64,2.26,4.56,1.36,-0.41,1.59
1995-08-01,0.38,1.43,1.78,3.73,3.37,0.83,0.88,4.86,2.63,2.75,6.33,2.27,2.09,3.11,2.98,4.09,2.95,3.52,4.43,0.97,6.4,2.93,4.64,2.9,0.63,4.68,3.9,6.12,2.43,3.13,2.36,2.94,2.12,5.81,4.59,2.55,5.22,1.7,1.65,2.49
1995-09-01,0.5,1.67,2.4,3.82,3.46,0.84,0.94,4.65,2.92,2.65,7.12,2.11,1.92,2.75,3.49,4.24,2.79,3.09,4.45,0.87,6.39,2.97,4.95,3.77,0.48,4.25,3.75,6.8,2.12,3.71,2.6,3.42,2.48,5.5,4.65,2.84,5.3,1.89,1.43,2.49
1995-10-01,0.59,1.4,2.67,3.71,3.09,0.88,1.2,4.99,3.02,2.79,7.71,0.34,2.27,3.47,3.2,3.93,2.88,2.79,4.95,0.26,6.09,3.36,4.85,3.86,0.63,3.75,2.7,7.69,1.74,4.0,2.28,3.33,2.2,5.41,4.82,2.19,5.26,3.19,-0.4,5.48
1995-11-01,0.57,1.35,2.35,3.45,2.68,0.79,1.17,4.65,2.5,2.56,6.9,-0.01,1.97,2.9,3.31,3.47,3.13,2.46,4.53,0.46,5.77,3.13,4.36,2.82,0.36,3.67,2.47,7.36,1.58,3.57,2.36,3.5,2.09,5.06,4.41,2.25,5.71,4.14,0.51,5.47
1995-12-01,0.46,1.3,2.47,3.65,2.71,0.76,1.0,4.67,2.82,2.39,7.19,1.45,2.26,3.16,3.05,3.57,2.94,2.91,5.13,0.49,5.69,2.92,4.62,3.21,0.09,3.27,2.25,7.31,1.6,2.99,2.6,3.14,1.95,5.17,4.6,2.26,5.74,3.8,-0.2,4.76
1996-01-01,-0.1,1.24,1.87,3.72,2.5,0.66,0.43,4.35,2.6,1.94,8.2,1.93,2.82,2.5,3.57,3.09,3.49,2.73,4.85,-1.23,5.59,2.39,5.58,2.28,0.2,3.16,1.84,8.26,1.97,2.29,2.42,3.68,1.54,5.64,4.74,2.66,6.84,4.91,-0.1,5.88
1996-02-01,0.6,0.9,1.41,3.56,2.43,1.22,1.25,4.69,2.73,2.28,7.75,2.07,2.66,2.39,3.45,2.89,2.96,2.83,5.6,0.11,5.33,3.02,4.87,2.17,0.47,2.82,1.91,8.88,2.59,2.3,2.06,3.22,1.8,4.96,5.65,2.4,6.76,4.11,-1.11,7.95
1996-03-01,0.54,1.27,1.42,3.61,2.26,1.37,1.42,4.84,3.05,2.2,7.59,2.09,1.99,2.42,2.96,2.98,2.59,3.51,5.79,0.31,5.42,3.14,4.73,2.27,0.17,2.65,1.71,8.23,2.17,1.97,2.02,3.02,1.63,4.73,5.83,2.57,6.47,4.18,-0.3,7.71
1996-04-01,0.7,1.45,1.72,3.86,2.65,1.34,2.05,4.99,2.83,1.98,6.93,2.45,2.18,2.35,2.78,3.24,2.7,1.78,6.04,0.52,5.61,2.97,5.11,2.43,0.62,2.8,2.06,8.84,1.74,2.21,2.33,2.76,1.37,4.91,5.88,2.56,6.34,4.8,-0.62,5.3
1996-05-01,1.07,1.59,1.93,4.01,2.64,1.67,2.46,5.29,2.92,2.44,7.03,2.67,2.21,2.64,2.64,3.42,2.99,1.8,6.38,0.89,5.06,2.66,4.63,2.38,0.68,2.67,2.18,8.65,2.02,2.12,2.61,2.97,1.72,5.28,6.12,2.71,6.45,5.13,1.12,6.24
1996-06-01,1.14,1.41,1.77,4.12,2.12,1.72,2.05,5.44,2.79,2.49,7.15,2.62,1.84,2.34,2.23,3.3,2.82,1.87,6.25,0.97,4.6,2.79,4.65,1.9,0.48,2.63,2.03,8.6,1.83,1.88,2.28,3.1,1.61,5.11,5.74,2.81,5.79,4.63,0.2,8.04
1996-07-01,1.46,1.82,1.7,4.37,2.48,2.49,2.49,7.84,3.23,2.49,7.51,3.77,2.38,2.22,2.07,2.71,2.79,2.52,6.65,1.33,4.9,2.99,4.65,2.42,1.18,2.19,2.76,9.24,2.12,1.62,2.94,3.17,1.39,5.11,6.36,2.8,5.96,5.03,1.22,8.26
1996-08-01,1.45,1.68,1.78,4.32,2.32,2.68,2.29,4.68,3.18,2.37,7.33,3.36,2.49,2.17,2.9,3.27,2.54,2.09,7.03,1.6,4.82,3.16,4.39,1.92,0.98,2.51,2.12,9.52,2.17,1.24,2.52,2.98,1.81,5.39,6.19,2.55,5.17,5.27,-0.1,6.84
1996-09-01,1.4,1.6,0.8,4.28,2.2,2.55,1.95,3.87,3.08,2.49,6.96,3.35,2.61,2.37,2.65,3.11,2.53,2.45,7.42,1.52,3.99,3.33,4.02,1.93,0.82,2.35,1.33,9.46,1.78,0.93,2.56,2.76,1.34,4.59,5.12,2.55,4.76,5.11,-0.6,8.61
1996-10-01,1.44,2.02,1.46,4.62,2.95,2.59,1.98,3.8,3.31,2.41,6.33,6.08,2.51,2.01,3.21,3.19,2.63,2.98,7.43,2.15,4.14,3.73,4.05,2.37,1.22,3.1,1.46,9.13,2.36,0.77,2.36,2.46,1.41,5.15,5.54,3.16,5.16,4.61,0.0,5.84
1996-11-01,1.54,2.13,1.61,4.73,3.17,2.83,1.98,3.79,3.19,2.57,7.23,6.46,2.5,2.34,3.07,3.74,2.66,2.79,7.15,1.76,4.0,3.97,4.4,2.54,1.29,3.27,1.4,10.03,3.17,0.98,2.03,2.59,1.09,5.29,5.58,3.36,5.11,4.37,0.1,6.26
1996-12-01,1.71,1.83,1.43,4.57,2.65,2.86,2.09,3.67,3.42,2.51,6.6,5.13,2.02,2.03,3.07,3.02,2.64,2.61,7.12,1.3,3.79,4.16,4.22,1.83,1.73,3.01,1.25,9.86,2.83,1.04,1.93,1.87,1.15,4.85,5.61,3.22,5.0,5.1,0.71,7.36
1997-01-01,2.15,1.91,1.36,4.56,3.03,3.35,3.09,3.81,3.68,3.45,5.18,4.67,1.81,1.64,3.28,4.06,3.31,3.1,7.65,3.57,3.78,3.65,3.93,2.29,1.75,3.34,1.83,9.87,2.86,1.78,2.0,1.61,1.64,3.95,5.93,2.96,4.24,4.55,1.73,6.2
1997-02-01,1.52,2.13,1.33,4.77,3.44,2.86,2.53,3.68,3.47,3.01,5.57,4.85,1.62,1.76,3.88,4.28,3.73,2.83,7.08,2.27,4.21,3.45,4.41,2.66,1.65,3.84,1.62,9.23,2.18,0.69,2.22,2.04,1.37,4.14,5.21,3.3,4.63,4.86,2.34,4.42
1997-03-01,1.84,2.36,1.5,5.02,3.75,2.9,2.51,3.74,2.96,3.27,5.58,4.97,2.13,1.7,4.37,4.09,4.35,2.24,6.61,2.28,4.13,3.56,4.23,2.11,1.65,4.35,1.9,8.64,2.49,0.87,2.39,2.42,1.56,4.35,4.94,3.42,5.16,5.38,2.95,5.47
1997-04-01,1.93,2.54,1.85,5.16,3.65,2.84,2.01,3.35,4.29,2.96,6.18,5.81,1.5,1.85,4.99,4.34,4.4,4.57,7.49,2.38,4.04,3.55,4.53,3.21,1.05,4.15,2.17,7.02,2.79,0.97,2.96,2.81,1.99,4.14,5.12,4.08,5.29,5.22,3.31,5.03
1997-05-01,1.65,2.35,1.98,5.31,3.99,2.7,1.89,3.08,4.24,2.93,5.91,5.86,1.4,1.92,5.13,4.26,4.42,4.33,7.45,2.39,3.98,3.63,4.94,3.38,1.17,4.11,2.47,7.3,2.78,0.81,3.11,2.78,1.68,4.17,5.25,4.04,5.1,5.39,1.61,6.08
1997-06-01,1.79,2.59,1.98,5.48,4.26,2.58,2.15,2.54,4.15,2.82,5.55,6.21,1.3,1.91,5.71,4.36,4.75,4.87,7.05,2.4,4.12,3.48,4.53,3.6,1.24,4.11,2.6,7.42,2.68,0.58,3.49,2.56,1.64,4.14,5.24,3.81,5.68,4.87,2.94,4.13
1997-07-01,2.22,2.83,1.96,5.32,4.02,2.65,2.44,0.43,4.57,2.71,5.31,5.88,1.76,2.61,5.92,4.94,5.11,5.44,7.46,2.47,5.31,3.47,4.81,3.18,1.33,4.23,2.44,6.77,3.04,1.24,2.84,3.39,2.22,3.98,5.34,3.57,5.4,5.62,3.02,2.68
1997-08-01,2.13,2.76,1.75,5.34,4.45,2.47,2.47,2.81,4.49,2.45,4.72,5.69,1.01,2.5,4.84,4.39,5.16,5.54,7.09,2.16,4.85,3.61,4.06,3.88,1.43,4.09,2.54,6.29,2.88,1.31,2.98,2.98,2.18,3.13,5.46,3.4,5.55,5.39,4.56,1.45
1997-09-01,2.36,2.61,2.09,5.77,4.98,2.71,2.86,3.85,4.48,2.7,5.01,5.62,1.1,2.55,5.28,4.4,5.5,5.72,7.35,2.19,5.59,3.58,4.04,3.09,1.75,4.3,2.79,6.09,3.23,1.35,3.06,3.54,2.31,3.92,6.28,3.81,5.9,5.24,4.86,2.24
1997-10-01,2.39,2.74,1.62,5.29,4.38,2.41,2.67,4.05,4.21,2.77,5.36,5.53,0.65,2.52,4.43,4.61,5.16,5.41,7.38,2.22,5.15,2.96,4.26,3.26,1.52,3.96,3.1,6.35,2.76,1.53,3.13,3.39,2.29,3.27,4.78,3.67,5.84,5.03,5.07,3.68
1997-11-01,2.3,2.55,1.79,5.37,4.67,2.33,3.03,4.27,4.33,2.83,5.15,5.26,0.41,2.3,4.29,4.32,4.98,5.5,7.3,2.31,5.66,2.87,3.8,3.3,1.6,3.41,3.34,4.89,2.28,1.48,3.41,3.07,2.49,3.12,5.18,3.34,5.62,4.44,4.74,3.46
1997-12-01,2.53,2.92,2.08,5.26,5.26,2.64,3.12,4.55,4.1,3.15,5.57,5.56,0.44,2.53,4.42,4.66,5.34,5.39,7.28,2.99,5.32,2.74,3.78,3.68,1.57,3.65,3.68,5.19,2.36,1.91,2.95,3.98,2.39,3.4,4.71,3.79,5.79,4.6,6.04,3.02
1998-01-01,2.63,3.31,2.37,5.27,5.15,2.5,2.86,4.82,3.84,2.45,5.5,5.25,1.88,3.04,4.4,4.22,4.96,5.5,6.76,2.59,6.19,3.64,2.94,4.62,1.3,4.07,3.12,3.98,1.97,1.52,2.96,3.62,2.09,3.62,4.3,3.44,5.96,4.85,3.7,4.43
1998-02-01,2.76,3.1,2.4,5.18,5.08,2.65,2.83,4.65,3.69,2.65,5.19,5.33,1.88,2.71,3.79,4.06,4.91,5.69,6.9,2.59,5.86,3.68,3.1,4.49,1.32,3.59,3.12,3.75,2.09,2.5,3.14,3.52,2.0,3.63,4.34,2.92,5.3,4.63,2.68,4.84
1998-03-01,2.6,2.97,1.96,4.77,5.11,2.6,2.62,4.34,3.76,2.39,5.41,4.91,1.6,2.84,3.61,4.11,4.51,4.98,6.93,2.43,5.91,3.36,2.79,4.54,1.21,3.16,2.68,3.59,2.17,2.26,2.58,3.84,1.82,3.15,4.09,2.79,4.62,4.43,2.96,4.39
1998-04-01,2.53,2.72,1.86,4.7,5.17,2.87,2.45,4.05,2.34,2.62,5.1,4.73,2.44,2.97,3.46,3.94,4.58,4.1,6.28,1.85,5.99,4.21,2.51,3.2,1.71,2.95,2.41,4.11,2.26,2.17,2.04,3.51,1.79,2.92,4.23,2.65,4.0,4.72,4.9,3.99
1998-05-01,2.7,3.14,1.99,4.69,5.09,3.19,2.54,4.4,2.46,2.65,5.45,4.75,2.42,3.07,3.76,3.97,4.68,4.54,5.82,1.71,6.45,4.46,1.9,3.55,1.93,2.55,2.31,4.52,2.48,2.61,2.2,3.93,1.8,2.83,4.02,2.74,3.97,4.63,4.37,3.95
1998-06-01,2.52,3.17,1.69,4.44,5.2,3.25,2.14,4.64,2.72,2.65,5.64,4.4,2.33,2.91,3.96,3.87,4.71,4.85,6.29,2.07,6.83,4.81,1.77,2.7,1.95,2.33,2.33,4.81,2.46,3.04,2.23,4.15,1.77,3.12,4.17,2.98,3.37,5.2,3.54,5.16
1998-07-01,2.58,2.82,1.97,4.59,5.39,3.03,2.12,4.36,2.23,2.95,5.15,4.48,-0.02,2.18,4.86,4.14,4.46,3.3,6.17,2.02,5.58,5.41,1.61,3.31,1.53,3.08,1.97,5.18,2.03,2.26,2.02,3.92,1.04,3.33,3.76,3.19,3.02,4.59,3.42,7.63
1998-08-01,2.44,3.0,2.12,4.78,5.34,3.13,2.21,4.85,2.04,3.19,6.15,4.4,1.11,2.28,5.58,3.95,4.7,3.27,5.35,2.16,5.95,5.5,1.71,3.41,1.55,3.07,2.37,5.68,2.04,2.42,1.95,4.18,1.17,3.71,3.92,3.52,2.61,3.79,2.62,10.79
1998-09-01,2.18,2.95,2.19,4.44,5.01,3.06,1.95,4.31,1.86,2.83,6.0,4.38,0.76,1.42,5.26,3.77,4.68,2.73,5.33,2.11,5.71,5.16,1.24,3.13,1.36,3.06,2.44,5.5,1.96,2.35,1.64,3.77,1.11,3.14,3.85,3.16,2.23,4.92,3.67,7.75
1998-10-01,2.38,2.71,2.24,4.61,4.68,3.46,1.98,4.49,2.32,2.31,5.19,4.05,1.28,2.32,6.18,3.99,5.31,2.99,5.72,2.11,6.18,5.02,0.79,3.18,1.3,3.1,2.46,5.92,2.48,3.18,1.49,4.77,1.51,3.41,4.19,3.26,1.59,4.25,3.86,6.71
1998-11-01,2.39,3.01,1.98,4.63,4.38,3.58,1.77,4.44,2.25,2.23,5.14,3.9,1.35,2.32,6.72,3.93,5.26,3.06,5.6,2.13,5.9,4.74,0.66,2.69,1.36,3.36,2.41,6.64,2.39,3.32,1.2,4.94,1.18,3.65,3.78,3.39,1.42,4.79,4.05,7.07
1998-12-01,2.23,2.75,1.69,4.82,4.35,3.51,1.73,4.01,2.47,2.0,4.67,3.59,1.36,2.42,6.64,3.85,5.11,2.91,5.34,2.15,6.25,4.52,0.41,2.8,1.24,3.34,2.19,6.5,2.39,3.04,1.43,5.09,1.16,2.99,4.15,2.91,0.97,3.57,3.04,7.24
1999-01-01,2.69,1.88,1.33,4.21,3.34,3.58,1.89,4.19,1.92,2.09,4.83,3.57,-1.05,2.39,5.78,3.94,4.54,2.26,4.74,1.78,5.65,4.52,0.78,1.59,0.69,3.05,2.29,7.43,1.86,1.65,1.12,5.34,1.3,2.98,3.9,3.06,0.7,4.03,5.98,5.2
1999-02-01,2.69,2.07,1.62,4.29,3.04,3.56,1.88,4.5,2.43,2.09,5.03,3.02,-1.27,2.56,6.15,4.27,4.47,2.57,5.07,1.94,5.65,4.97,0.47,1.42,1.41,3.04,2.74,7.69,2.24,2.08,0.72,5.96,1.41,3.01,3.93,3.3,0.76,4.43,6.09,6.35
1999-03-01,2.6,1.88,1.79,4.38,2.87,3.39,2.1,4.34,2.24,2.13,4.65,3.28,-1.15,2.38,6.09,3.95,4.86,3.1,5.2,2.0,5.63,4.84,0.81,1.78,1.35,2.95,2.66,8.37,1.91,2.32,0.92,5.28,1.28,3.15,4.45,3.33,0.64,4.12,4.99,5.93
1999-04-01,2.85,2.14,1.29,4.01,1.91,3.73,2.47,5.37,2.47,2.5,4.97,2.76,-0.06,2.54,6.03,4.23,4.57,3.32,5.99,2.88,5.47,3.69,0.65,2.6,1.55,3.55,2.75,8.27,1.85,2.83,1.11,5.43,1.32,3.57,4.55,2.94,0.62,3.39,4.39,6.72
1999-05-01,2.42,1.75,0.91,3.67,1.47,3.25,2.22,5.37,2.6,2.31,4.58,2.18,-0.2,2.26,5.87,4.08,4.22,3.31,6.04,2.94,5.4,3.38,0.31,1.95,1.45,3.69,2.55,8.04,1.16,2.73,0.36,5.02,1.08,3.33,4.19,3.0,0.55,3.55,4.47,6.65
1999-06-01,2.55,1.46,1.2,3.75,1.38,3.26,2.68,5.34,2.75,2.46,4.79,2.11,-0.18,2.34,5.93,4.03,4.02,3.43,6.6,2.58,5.72,2.97,0.68,2.58,1.66,3.96,2.47,7.44,1.23,2.73,0.36,5.31,1.0,3.2,4.25,2.67,0.52,3.31,5.03,6.79
1999-07-01,2.62,2.01,1.03,3.61,1.09,3.96,2.39,4.62,2.46,2.29,5.28,2.33,1.24,2.65,6.96,3.81,3.99,2.99,5.57,2.99,6.15,3.12,1.62,2.44,2.08,3.31,4.01,7.27,2.18,3.3,0.63,5.41,1.8,3.07,3.82,2.83,1.16,2.77,5.11,4.29
1999-08-01,2.72,1.61,0.93,3.47,0.86,4.04,2.27,4.62,2.49,2.27,4.6,2.29,0.36,2.75,6.9,3.55,3.47,2.73,5.33,2.76,6.17,3.13,1.56,2.42,2.03,3.23,3.3,7.19,2.01,3.29,0.65,5.26,1.42,3.04,3.48,2.67,1.71,3.36,5.48,2.76
1999-09-01,2.35,1.54,0.68,3.37,0.8,4.08,1.88,4.69,2.44,2.36,4.01,2.1,0.16,3.06,6.33,3.64,3.59,3.08,5.08,2.68,6.02,3.33,1.49,2.93,1.85,3.35,3.2,7.31,2.3,3.19,0.73,5.17,1.22,3.31,3.28,2.46,2.09,2.29,4.38,2.95
1999-10-01,2.28,2.03,1.21,3.56,1.05,4.41,2.27,4.63,2.55,2.91,4.3,2.09,1.96,3.04,6.28,3.62,3.63,3.21,4.67,3.26,5.85,3.91,1.99,2.58,1.55,2.83,3.65,7.48,1.65,2.68,1.02,4.37,0.92,2.55,3.39,2.57,2.44,3.39,4.65,6.1
1999-11-01,2.39,1.82,1.19,3.35,0.94,4.41,2.06,4.31,2.49,2.83,4.06,2.1,2.08,2.79,5.97,3.76,3.66,3.25,4.81,2.96,5.89,4.05,2.23,2.92,1.52,2.57,3.55,7.35,1.86,2.65,1.16,4.14,1.29,2.56,3.16,2.39,2.58,2.86,4.91,5.5
1999-12-01,2.43,2.04,1.3,3.39,1.01,4.41,2.18,4.48,2.65,3.0,4.2,2.26,2.5,2.82,6.25,3.91,3.47,3.54,4.91,2.66,6.09,4.49,2.24,2.95,1.66,2.66,3.83,7.04,2.05,2.78,1.08,4.32,1.38,3.0,3.2,2.73,2.78,4.19,5.25,4.74
2000-01-01,2.17,2.31,1.17,3.8,1.59,4.52,2.03,3.92,3.1,3.09,3.71,2.36,3.53,2.84,6.5,3.79,4.05,4.77,5.38,2.68,5.95,4.05,1.74,2.97,2.52,2.71,3.69,6.34,2.31,4.34,1.01,3.75,1.31,2.8,3.73,2.75,3.79,3.48,4.19,4.95
2000-02-01,2.06,2.07,0.95,3.58,1.6,4.42,1.72,3.49,2.52,3.06,3.79,1.86,3.44,2.93,6.12,3.64,3.93,4.35,4.84,2.04,6.03,2.94,2.12,2.65,1.89,2.9,3.28,5.81,1.94,3.94,0.9,3.06,1.1,2.78,3.36,2.97,3.95,2.66,4.83,2.53
2000-03-01,2.29,2.18,1.25,3.68,1.69,4.92,1.9,3.82,2.72,3.22,3.88,2.87,3.35,3.18,5.98,4.08,3.83,5.07,4.57,2.5,6.21,3.54,1.82,3.2,2.3,2.63,3.55,5.44,2.19,3.95,1.1,3.23,1.19,2.94,3.29,3.15,4.52,3.05,4.75,3.25
2000-04-01,2.48,2.09,1.63,3.92,2.54,4.85,1.82,2.85,3.69,2.94,3.56,2.23,2.96,3.02,6.05,3.89,3.39,4.94,3.45,2.36,6.02,4.1,2.02,2.31,2.15,2.58,3.32,5.72,1.62,2.88,1.02,3.39,0.95,2.78,2.78,3.4,5.15,3.96,5.75,3.6
2000-05-01,2.77,2.22,1.67,4.22,2.83,5.13,1.75,2.45,3.62,3.01,3.96,2.68,3.08,2.76,6.54,4.1,3.66,4.8,3.58,2.49,6.39,4.19,2.78,2.52,2.06,2.99,3.35,5.81,2.0,2.75,1.18,3.6,1.13,2.96,2.75,3.38,5.78,3.37,5.01,2.14
2000-06-01,2.71,2.23,1.6,4.35,2.79,5.41,1.59,2.67,3.34,2.99,3.23,2.82,3.31,3.09,6.07,4.17,3.51,3.41,2.32,2.6,6.08,4.54,2.81,2.62,1.64,2.68,3.2,5.33,1.87,2.73,1.14,3.59,0.95,2.52,2.69,3.86,6.63,3.94,6.15,1.06
2000-07-01,2.1,1.99,1.32,4.31,2.84,4.42,1.52,3.11,3.81,3.34,3.01,1.83,3.01,2.81,4.18,4.24,3.16,4.21,2.66,1.92,5.95,3.4,2.15,1.83,1.72,2.55,2.24,5.44,0.72,2.17,0.13,2.63,0.38,2.06,2.74,3.65,7.36,4.22,4.95,2.68
2000-08-01,1.77,2.25,1.58,4.02,2.65,4.39,1.03,2.71,4.05,2.99,3.24,2.18,3.15,2.65,4.08,4.51,3.2,4.98,3.59,2.16,6.07,2.51,2.37,1.78,1.14,2.3,2.55,6.32,0.57,1.97,0.65,3.15,0.42,2.1,2.64,3.88,7.18,4.09,4.92,2.86
2000-09-01,2.67,2.4,1.53,4.0,2.81,4.34,1.75,2.47,4.16,3.16,3.53,2.31,2.95,3.02,4.57,4.5,3.25,4.48,2.97,2.35,5.8,2.49,2.6,1.27,1.85,2.13,2.3,5.48,0.3,2.17,0.72,2.84,0.57,2.17,3.03,3.84,7.2,4.14,4.38,3.41
2000-10-01,2.47,1.75,1.03,3.62,2.68,4.01,1.25,2.18,3.38,3.3,3.43,2.15,1.22,2.16,3.79,3.91,2.99,3.17,2.32,1.75,5.73,2.24,2.1,1.09,1.83,2.02,1.98,4.49,0.49,1.71,0.61,2.84,0.17,3.08,2.72,3.63,6.55,3.5,3.2,0.52
2000-11-01,2.39,1.79,0.99,3.41,2.62,4.04,1.38,1.95,3.6,3.34,3.42,1.95,1.04,2.13,3.84,3.8,3.01,3.03,2.1,2.0,5.46,1.97,2.25,0.63,1.73,2.13,1.85,4.22,0.25,0.97,0.01,3.09,-0.05,2.79,2.86,3.83,6.84,3.94,3.8,0.7
2000-12-01,2.4,1.67,0.78,3.19,2.54,4.0,1.39,1.73,3.14,3.21,3.6,1.92,0.29,1.88,3.62,3.54,3.37,2.56,1.74,2.38,5.08,1.5,2.27,0.14,1.39,2.08,1.51,4.21,-0.11,0.69,-0.24,3.12,-0.32,3.0,2.34,3.63,6.89,3.42,3.59,1.22
2001-01-01,1.86,2.34,0.91,3.01,2.64,3.3,1.1,1.74,3.26,2.96,3.15,1.28,-1.63,1.8,4.72,3.15,2.77,0.06,1.35,1.92,4.49,1.15,2.62,0.3,1.9,1.5,2.13,6.0,0.25,1.08,0.6,3.09,-0.26,3.72,2.44,3.29,5.48,3.58,2.18,6.63
2001-02-01,1.71,2.13,0.81,2.83,2.69,3.19,1.17,1.63,3.53,2.7,3.16,1.58,-0.93,1.58,4.46,2.56,2.68,-0.11,1.21,2.25,3.87,1.35,1.99,0.25,1.84,1.67,1.9,6.61,0.0,0.62,0.59,3.12,-0.49,3.29,2.49,2.8,4.87,4.02,1.83,7.94
2001-03-01,1.38,2.09,0.4,2.49,2.45,2.61,0.75,1.23,3.36,2.01,3.08,0.17,-1.15,1.21,4.82,1.95,2.55,-0.92,1.22,1.65,3.09,0.47,1.65,-0.83,1.34,2.02,1.66,6.38,-0.29,0.62,0.42,3.37,-0.67,3.04,2.04,2.52,3.9,3.78,2.79,6.99
2001-04-01,0.66,1.46,0.1,1.97,2.39,1.82,0.42,1.41,2.51,1.45,2.38,0.24,-2.47,0.52,4.46,1.33,2.8,-1.15,0.88,1.03,2.33,0.11,0.93,-0.04,0.82,1.32,1.38,5.68,-0.48,1.22,-0.14,3.05,-1.07,2.34,1.6,1.23,2.12,2.78,1.47,6.25
2001-05-01,0.53,0.89,-0.03,1.29,2.14,1.7,0.36,0.96,2.07,1.06,1.48,-0.29,-2.8,0.47,3.88,0.69,2.45,-1.42,0.57,0.64,1.18,-0.45,0.23,-0.46,0.52,1.17,0.97,4.86,-0.74,1.0,-0.1,2.58,-1.44,1.97,1.35,0.33,0.32,2.5,2.52,6.81
2001-06-01,0.38,1.01,-0.09,0.76,1.8,1.49,0.34,0.46,2.06,0.47,1.57,-0.77,-3.05,0.04,4.2,0.45,2.25,-1.19,0.11,0.55,0.39,-1.12,-0.27,-0.72,0.84,1.66,0.63,5.32,-0.71,0.89,-0.41,2.18,-1.53,1.77,0.87,-0.54,-1.39,1.57,0.85,7.17
2001-07-01,0.31,0.29,-0.51,0.14,1.65,1.35,0.17,0.6,1.6,-0.42,1.41,-0.82,-3.36,-0.06,4.81,-0.37,2.16,-0.92,0.3,0.65,-0.61,-1.04,-1.66,-0.53,0.17,1.16,0.1,4.6,-0.68,0.75,-0.61,3.15,-1.77,1.31,0.14,-1.28,-4.04,1.78,1.37,6.45
2001-08-01,0.33,0.06,-1.06,-0.05,1.72,1.15,0.41,0.4,1.24,-0.58,0.85,-1.5,-3.71,-0.36,4.53,-0.89,2.04,-1.44,0.14,0.41,-1.24,-0.7,-2.04,-1.11,0.53,1.47,-0.31,3.34,-0.56,0.85,-0.89,2.5,-2.03,0.91,-0.39,-2.08,-5.38,1.56,2.13,5.57
2001-09-01,-0.82,-0.27,-1.32,-0.71,1.3,0.53,-0.2,0.12,1.02,-1.45,0.36,-2.01,-3.69,-0.64,4.11,-1.62,1.73,-1.78,-0.31,0.0,-1.58,-1.21,-2.02,-1.18,-0.27,0.58,-0.41,3.91,-0.72,0.54,-1.05,2.4,-2.84,0.65,-1.06,-2.77,-7.01,0.64,3.08,5.72
2001-10-01,-1.76,-0.38,-1.94,-1.68,0.89,0.29,-0.36,-0.6,0.88,-2.28,-0.13,-2.78,-4.33,-1.03,4.26,-2.28,1.56,-1.25,-1.28,-0.39,-2.41,-1.46,-2.76,-1.64,-0.41,0.26,-0.6,1.44,-0.73,0.16,-1.35,2.58,-2.89,-0.32,-0.93,-3.52,-8.02,0.64,1.55,5.89
2001-11-01,-1.92,-0.96,-2.32,-2.26,0.77,-0.13,-0.55,-0.95,0.25,-2.92,-0.81,-3.38,-4.64,-1.27,3.97,-3.04,1.29,-1.63,-2.13,-0.47,-3.09,-1.66,-3.51,-1.65,-0.53,-0.05,-0.81,0.8,-0.96,0.36,-1.39,2.35,-3.07,-0.95,-1.63,-4.57,-9.43,-0.27,0.34,5.01
2001-12-01,-2.29,-1.15,-2.33,-2.85,0.09,-0.22,-0.88,-1.35,-0.05,-3.33,-1.47,-4.07,-4.33,-1.58,3.49,-3.78,0.74,-1.8,-2.57,-0.85,-3.52,-1.95,-3.88,-1.8,-0.64,-0.34,-0.92,0.55,-1.29,0.27,-1.46,2.03,-3.34,-1.5,-1.7,-4.97,-10.47,-0.37,-0.51,4.48
2002-01-01,-2.2,-1.8,-2.45,-2.74,0.17,0.22,-0.46,-1.84,-0.04,-3.25,-0.86,-3.77,-3.49,-1.91,2.62,-4.18,0.88,-0.62,-2.26,-0.47,-3.43,-1.81,-3.7,-1.91,-1.3,-0.07,-1.1,-0.88,-0.99,-0.55,-1.5,2.04,-3.77,-1.37,-3.31,-5.15,-11.42,-0.69,1.88,-1.31
2002-02-01,-2.05,-1.83,-2.66,-3.0,-0.07,0.2,-0.46,-2.08,-0.47,-3.56,-1.41,-3.92,-3.83,-2.1,3.28,-4.12,1.05,-0.68,-2.1,-0.43,-3.45,-1.5,-3.56,-1.72,-1.46,-0.32,-1.07,-1.27,-0.94,-0.39,-1.71,1.89,-3.68,-0.57,-3.41,-5.3,-11.62,-1.27,2.48,-0.82
2002-03-01,-2.05,-1.73,-2.84,-3.03,-0.21,0.19,-0.47,-1.99,-0.31,-3.35,-1.42,-4.17,-3.66,-2.25,2.68,-4.16,0.93,-0.95,-2.15,-0.39,-3.47,-1.13,-3.36,-1.53,-1.39,-0.39,-1.03,-0.85,-0.96,-0.88,-1.62,2.04,-3.76,-2.35,-3.64,-5.39,-11.47,-1.11,2.29,-0.33
2002-04-01,-1.89,-1.32,-2.52,-3.06,-0.38,0.3,-0.65,-1.8,-0.39,-3.22,-0.36,-3.9,-3.18,-2.12,3.73,-3.42,1.09,-0.71,-2.03,-0.44,-2.79,-1.31,-2.94,-1.78,-1.35,0.09,-1.18,-0.21,-0.63,-1.02,-1.01,1.71,-3.76,-2.32,-3.04,-4.69,-10.94,-1.69,2.89,0.0
2002-05-01,-1.86,-0.97,-2.62,-2.85,-0.24,0.27,-0.6,-1.65,-0.12,-3.1,-0.29,-3.74,-2.87,-1.93,4.01,-3.12,1.13,-0.67,-1.81,-0.29,-2.47,-1.13,-2.7,-1.41,-0.95,0.04,-0.89,0.14,-0.43,-0.86,-1.06,2.13,-3.64,-2.57,-2.69,-4.22,-10.69,-1.38,2.62,-0.33
2002-06-01,-2.04,-1.09,-2.66,-2.99,-0.3,0.03,-0.56,-1.63,-0.29,-3.04,0.1,-3.65,-2.82,-1.92,3.92,-3.4,1.39,-1.05,-1.38,-0.47,-2.94,-0.63,-2.49,-1.32,-1.23,-0.64,-0.62,-0.26,-0.58,-0.79,-1.16,1.87,-3.66,-2.49,-2.67,-4.06,-10.51,-1.23,2.36,-0.33
2002-07-01,-2.02,-0.88,-2.01,-2.78,-0.38,0.03,-0.62,-2.39,-0.23,-2.83,-0.09,-2.75,-1.7,-1.48,2.82,-3.22,0.76,-0.88,-1.17,-0.56,-2.22,-0.19,-2.36,-0.51,-1.04,-0.38,-0.68,0.08,-0.17,-0.67,-1.72,1.64,-3.38,-2.05,-1.68,-3.79,-9.64,-1.91,3.13,-0.49
2002-08-01,-1.83,-0.74,-1.81,-2.74,-0.45,0.19,-0.58,-2.14,-0.3,-2.7,0.15,-2.51,-1.43,-1.6,3.53,-2.87,0.96,-1.04,-0.98,-0.58,-2.12,-0.12,-2.09,-0.14,-0.9,-0.33,-0.58,0.11,-0.08,-0.85,-1.83,1.53,-3.05,-2.21,-1.23,-3.39,-9.28,-2.02,1.92,0.33
2002-09-01,-1.29,-0.42,-1.73,-2.4,-0.4,0.63,-0.36,-2.04,-0.01,-2.33,0.13,-2.36,-1.38,-1.15,3.5,-2.7,0.68,-0.71,-0.54,-0.43,-1.81,0.01,-1.85,0.05,-0.68,0.51,-0.12,0.0,0.16,-0.55,-1.67,1.87,-2.32,-2.23,-0.53,-2.89,-8.57,-1.23,1.99,-0.82
2002-10-01,-0.45,-0.2,-1.16,-1.92,-0.24,0.63,-0.11,-1.75,0.52,-2.16,0.52,-1.73,-1.12,-1.0,3.48,-2.13,0.96,-0.6,1.01,-0.39,-1.46,-0.19,-1.04,0.7,-0.56,0.88,-0.39,2.83,0.11,-0.16,-1.67,1.96,-2.09,-1.81,-0.59,-2.14,-7.69,-1.65,4.24,-1.15
2002-11-01,-0.37,0.26,-0.86,-1.49,-0.3,0.82,-0.14,-1.36,0.77,-1.85,1.87,-1.04,-0.88,-0.68,3.9,-1.61,1.19,-0.12,2.08,-0.44,-0.86,-0.09,-0.86,0.8,-0.75,1.04,-0.42,3.24,0.51,0.24,-0.92,1.72,-2.0,-1.4,-0.11,-1.48,-7.32,-1.45,4.92,-1.48
2002-12-01,-0.3,0.17,-0.92,-1.31,-0.06,0.57,-0.16,-1.12,0.98,-1.84,1.63,-1.09,-1.04,-0.71,4.29,-1.19,1.4,-0.05,2.86,-0.56,-0.77,0.13,-0.86,1.18,-1.04,0.9,-0.55,3.58,0.67,0.27,-0.67,1.42,-1.93,-1.62,0.02,-1.6,-7.37,-1.93,4.75,-1.32
2003-01-01,-0.19,-0.03,-0.79,-1.63,-0.26,1.44,-0.53,-1.3,0.67,-2.22,1.48,-0.6,0.15,-0.11,4.0,-0.31,1.2,-0.07,2.65,-0.1,-0.91,0.06,-0.92,1.44,-0.55,0.37,-0.39,4.13,1.07,0.76,-1.09,1.87,-1.16,-2.54,0.61,-1.76,-6.45,-1.87,4.45,-0.17
2003-02-01,-0.51,0.11,-0.79,-1.51,-0.29,0.99,-0.78,-0.95,0.9,-2.43,1.7,-0.33,-0.32,0.02,3.57,-0.61,0.85,-0.29,2.19,-0.78,-1.13,-0.3,-1.24,1.22,-0.98,0.11,-0.62,4.12,0.72,0.54,-0.95,1.91,-1.26,-3.42,0.74,-1.56,-6.42,-2.04,4.0,-0.49
2003-03-01,-0.63,-0.12,-0.72,-1.81,-0.41,1.07,-0.7,-1.06,0.67,-2.39,1.47,-0.33,-0.39,0.01,3.95,-1.08,0.73,-0.03,1.96,-0.88,-1.48,-0.28,-1.37,1.1,-1.09,0.03,-0.78,3.72,0.9,0.3,-1.28,1.46,-1.29,-1.98,0.84,-1.93,-6.68,-2.62,3.65,-0.82
2003-04-01,-0.59,-0.2,-0.98,-1.69,-0.47,1.8,-0.37,-1.73,0.52,-2.4,0.99,-0.27,-0.97,0.36,2.98,-1.63,0.63,-0.24,2.23,0.02,-1.19,-0.12,-1.56,1.46,-0.71,-0.41,-0.38,2.97,1.27,0.56,-1.48,2.14,-0.69,-1.64,0.84,-1.98,-5.61,-1.56,3.31,-1.14
2003-05-01,-0.67,-0.23,-0.85,-1.84,-0.74,1.83,-0.37,-1.68,0.16,-2.41,1.33,-0.19,-0.89,0.29,2.78,-1.77,0.46,-0.35,1.97,0.02,-1.25,0.21,-1.62,1.39,-1.05,-0.72,-0.48,2.99,1.0,0.49,-1.39,1.97,-0.4,-1.21,0.83,-2.26,-5.43,-2.04,2.97,-1.31
2003-06-01,-0.61,-0.31,-0.88,-1.84,-0.71,1.96,-0.52,-1.86,0.04,-2.39,1.06,-0.31,-0.84,0.17,2.88,-1.73,0.36,0.03,2.0,-0.39,-0.51,-0.29,-1.84,1.29,-0.99,-0.52,-0.49,3.18,0.95,0.35,-0.95,2.27,-0.58,-1.3,1.04,-2.21,-5.1,-1.83,3.63,-1.31
2003-07-01,-0.3,0.1,-0.73,-1.61,-0.97,2.44,-0.14,-0.98,-0.04,-2.31,1.31,-0.76,-1.97,-0.09,3.64,-1.48,1.22,0.1,1.89,-0.44,-0.55,-1.67,-0.87,0.29,-1.06,-0.46,-0.26,3.64,0.45,0.56,0.53,2.13,-0.59,-0.99,0.44,-2.32,-5.07,-1.84,2.63,-0.49
2003-08-01,-0.38,0.05,-0.87,-1.62,-0.87,2.24,-0.27,-0.87,-0.31,-2.23,1.49,-0.7,-1.59,0.31,3.05,-1.47,1.34,0.03,2.01,0.62,-0.7,-1.48,-0.58,0.54,-1.0,-0.67,-0.15,4.13,0.75,0.67,0.45,2.14,-0.73,-0.64,0.44,-2.38,-4.67,-2.06,2.62,-0.33
2003-09-01,-0.2,-0.32,-0.84,-1.35,-0.68,2.33,-0.31,-0.68,-0.19,-2.03,1.66,-0.46,-1.51,0.04,3.31,-1.3,1.4,0.25,1.84,0.46,-0.72,-0.94,-0.82,0.45,-0.84,-0.98,-0.5,4.5,0.46,0.5,0.42,2.0,-0.75,-0.7,-0.16,-2.35,-3.99,-1.73,1.46,0.33
2003-10-01,-0.09,-0.15,-1.21,-0.9,-0.74,2.22,-0.45,-0.57,-0.03,-2.0,2.08,-0.23,-1.5,0.13,4.22,-1.02,1.18,0.52,2.16,0.65,-0.49,-0.43,-0.76,0.41,-0.5,-0.27,-0.29,4.85,0.53,0.77,0.66,1.49,-0.77,-0.57,0.39,-2.64,-3.75,-0.92,2.36,0.5
2003-11-01,-0.16,-0.22,-1.29,-0.68,-0.73,2.22,-0.26,-0.33,-0.33,-1.76,1.59,-0.41,-1.58,0.03,3.75,-1.17,0.8,0.04,1.87,0.69,-0.52,-0.14,-0.48,0.81,-0.31,-0.16,-0.08,4.89,0.31,0.93,0.4,2.09,-0.69,-0.5,0.48,-2.53,-3.21,-0.22,0.97,2.0
2003-12-01,-0.13,-0.05,-1.04,-0.64,-0.51,2.35,-0.26,-0.16,-0.17,-1.91,2.27,0.19,-1.54,0.37,3.82,-1.0,0.85,0.12,1.69,0.89,-0.15,-0.01,-0.07,0.96,0.15,-0.08,0.1,5.14,0.46,0.66,0.3,2.03,-0.46,-0.07,0.69,-2.28,-2.55,0.55,1.46,2.0
2004-01-01,-0.3,0.44,-1.08,-0.14,-0.17,1.76,-0.18,0.32,0.7,-1.54,2.51,-0.26,-2.01,0.04,4.65,-1.14,1.2,1.69,2.82,0.54,0.36,-0.21,-0.76,1.2,-0.65,0.42,-0.72,5.4,-0.12,0.19,0.01,1.66,-0.92,-0.06,1.83,-1.77,-2.54,0.33,0.96,1.66
2004-02-01,0.03,0.54,-0.9,0.06,-0.07,2.37,0.2,0.42,0.81,-0.92,2.6,0.08,-1.97,0.05,4.83,-0.82,1.31,2.11,3.23,1.08,1.02,-0.04,0.25,1.84,-0.28,0.58,-0.27,5.15,0.23,0.18,-0.21,1.73,-0.69,0.28,1.87,-1.66,-1.93,0.6,0.48,0.66
2004-03-01,0.42,0.67,-0.57,0.58,0.09,2.73,0.33,0.68,1.04,-0.66,2.95,0.61,-1.8,0.21,4.93,0.09,1.53,2.26,3.45,1.36,1.83,-0.01,0.92,2.02,0.05,0.7,0.24,5.49,0.49,0.9,0.53,1.76,-0.31,0.72,2.4,-1.23,-1.32,0.93,0.32,0.5
2004-04-01,0.43,0.81,-0.52,0.79,0.25,2.19,0.21,1.19,1.8,-0.57,3.2,0.94,-0.89,0.67,5.75,0.86,1.58,3.24,4.34,0.73,1.57,0.01,1.76,1.86,-0.19,0.95,0.23,6.47,0.39,0.96,1.1,1.68,-0.55,1.08,1.61,-0.92,-1.78,0.77,0.96,0.17
2004-05-01,0.63,1.05,-0.14,1.13,0.33,2.33,0.34,1.28,2.16,-0.37,3.36,0.77,-1.05,0.86,5.86,0.82,1.61,3.65,4.56,0.71,1.85,0.13,2.12,1.84,0.15,1.09,0.53,6.86,0.58,1.31,1.11,1.59,-0.65,1.02,2.16,-0.47,-1.01,1.04,1.04,1.33
2004-06-01,0.84,0.94,0.0,1.17,0.52,2.3,0.57,1.28,2.59,-0.09,3.79,1.18,-1.33,1.3,5.68,1.06,1.75,3.84,4.87,1.41,2.14,0.65,2.69,2.08,0.3,1.33,0.81,7.35,1.07,1.49,1.26,1.54,-0.27,1.56,2.25,-0.3,-0.63,1.43,0.32,1.49
2004-07-01,0.97,1.13,-0.16,1.6,1.01,2.18,0.45,1.71,2.97,-0.09,4.19,1.25,-1.28,0.87,5.93,1.25,1.81,3.72,5.23,1.57,2.36,1.76,3.01,2.74,0.43,1.66,0.85,7.5,1.65,1.79,1.47,1.63,-0.08,1.58,3.46,0.05,-0.26,1.87,0.96,0.17
2004-08-01,1.02,1.0,0.02,1.95,1.03,2.42,0.79,1.84,3.1,0.07,4.35,1.15,-0.61,0.76,6.06,1.13,1.74,4.06,4.85,0.76,2.8,2.07,2.76,2.87,0.01,1.81,0.97,7.24,1.32,1.71,1.27,1.52,-0.04,1.63,3.48,0.08,0.03,2.65,0.72,1.32
2004-09-01,0.86,1.02,0.28,1.76,0.83,2.41,0.92,1.39,2.56,-0.03,4.57,1.35,-0.14,0.94,6.05,1.45,1.69,3.7,4.82,0.9,2.73,1.86,2.83,2.78,-0.09,1.73,0.97,7.3,1.38,1.73,1.07,1.75,-0.06,1.78,3.92,-0.04,-0.09,1.81,1.44,2.14
2004-10-01,0.77,1.26,0.89,2.2,1.4,3.07,1.26,2.22,3.7,0.38,5.1,1.62,-0.08,1.46,6.14,1.42,1.95,4.41,5.32,1.16,3.36,1.91,3.06,3.55,-0.13,1.22,1.43,7.92,1.37,1.67,1.5,2.22,0.11,2.09,3.51,0.64,0.46,0.71,0.71,1.15
2004-11-01,0.73,1.42,1.05,2.03,1.59,3.1,1.08,2.02,4.28,0.09,5.1,1.91,0.12,1.25,6.48,1.69,2.07,4.87,5.82,1.26,3.52,1.93,3.08,3.28,-0.15,1.09,1.39,7.73,1.47,1.41,1.33,1.71,0.33,2.35,3.43,0.6,0.62,0.54,2.16,0.65
2004-12-01,0.9,1.23,1.04,2.37,1.85,3.07,1.19,2.1,4.27,0.59,5.35,1.86,0.01,1.5,6.48,1.85,2.07,5.06,6.04,1.26,3.62,2.03,3.22,3.34,-0.07,1.14,1.23,7.59,1.38,1.9,1.53,1.93,0.25,2.61,3.75,0.92,0.71,0.22,1.68,0.82
2005-01-01,0.92,1.19,0.98,2.01,2.01,2.68,1.15,2.75,3.55,0.44,5.21,2.2,-0.27,1.17,5.64,1.71,1.94,4.2,5.71,1.25,3.7,2.4,3.87,2.62,0.18,2.0,1.07,6.83,0.65,1.9,1.3,2.49,-0.23,2.99,3.34,0.91,1.15,0.54,0.95,0.65
2005-02-01,0.83,1.03,1.05,2.07,1.87,2.66,1.13,2.57,3.65,0.57,5.46,1.98,0.46,1.32,6.04,2.05,1.98,4.26,5.7,1.57,3.58,2.38,3.59,2.3,0.13,2.17,1.1,7.48,0.99,2.5,2.0,2.39,0.12,3.29,3.47,0.81,0.78,0.6,1.36,1.81
2005-03-01,0.49,1.02,0.87,2.06,2.19,2.12,0.77,2.2,3.36,0.28,5.49,2.13,-0.04,1.42,6.08,1.93,1.89,3.72,5.86,0.99,3.54,2.31,3.36,2.41,-0.28,2.1,0.84,7.61,0.84,2.05,1.88,2.51,-0.13,3.1,3.32,0.74,0.7,0.65,2.08,1.97
2005-04-01,1.18,1.2,1.25,2.34,2.5,2.51,1.34,3.08,3.8,0.56,6.62,2.31,0.08,1.27,5.96,1.49,2.12,3.43,5.53,1.63,3.8,2.65,2.99,2.87,0.15,2.45,1.01,7.96,1.02,1.88,1.46,2.29,0.03,3.6,4.26,0.86,0.73,0.81,2.14,2.31
2005-05-01,0.85,1.04,0.94,2.38,2.65,2.3,1.29,3.29,3.84,0.56,6.5,2.57,0.15,1.37,5.44,1.68,2.16,3.51,5.89,1.67,3.83,2.39,2.89,2.91,-0.09,2.63,0.8,7.64,1.04,1.43,1.43,2.4,-0.14,3.63,3.94,0.67,0.54,0.87,1.82,2.13
2005-06-01,0.94,1.38,0.66,2.6,2.54,2.27,0.94,3.23,3.29,0.43,6.55,2.52,0.08,1.2,5.29,1.74,1.84,3.12,5.61,1.53,3.7,2.2,2.84,2.78,-0.29,2.65,0.43,7.59,0.91,1.23,1.05,2.18,-0.1,3.5,3.89,0.68,0.64,0.76,2.62,1.31
2005-07-01,0.71,1.3,1.16,2.96,3.07,2.39,1.41,3.15,4.22,0.85,6.73,2.86,0.39,1.65,5.15,2.0,1.87,3.57,5.67,1.78,3.9,2.76,2.71,2.99,-0.12,2.86,0.56,7.21,0.7,1.11,0.96,2.82,-0.08,4.18,4.1,0.94,1.13,0.65,2.77,1.16
2005-08-01,0.85,1.62,1.11,2.79,3.18,2.31,1.05,3.11,5.06,0.82,6.59,3.12,-0.24,1.72,5.35,1.87,1.76,3.29,6.03,1.39,3.85,2.51,2.96,2.69,0.22,2.78,0.58,7.13,0.47,1.04,1.02,2.97,0.03,4.29,4.49,1.08,1.36,0.75,3.25,0.98
2005-09-01,1.05,1.96,1.32,3.1,3.52,2.28,1.06,3.58,5.21,0.93,6.83,2.48,0.01,1.91,5.51,2.33,1.92,3.65,6.58,2.33,4.25,2.65,2.94,2.99,0.09,3.45,0.9,7.23,1.03,1.35,1.1,2.85,0.19,4.57,4.55,1.41,1.49,0.92,3.64,-0.32
2005-10-01,0.53,1.6,1.03,2.82,3.35,1.49,0.72,3.13,3.41,0.76,6.04,2.98,-0.55,1.6,4.81,2.12,1.34,2.55,5.47,1.55,3.6,2.72,2.87,2.37,-0.26,3.6,0.5,6.25,0.57,0.97,0.83,2.87,0.07,4.28,3.85,1.07,1.24,1.96,3.47,0.65
2005-11-01,0.81,1.72,1.14,3.21,3.78,1.8,0.89,3.39,2.73,1.08,6.21,3.11,-0.35,1.86,4.74,2.16,1.58,2.34,5.26,1.56,3.85,2.71,3.25,2.54,-0.09,3.95,0.53,6.9,0.72,1.12,1.14,3.16,0.03,4.3,4.47,1.28,1.32,1.3,2.9,1.3
2005-12-01,0.88,2.09,1.1,3.05,3.83,1.85,0.8,3.35,2.96,1.14,6.18,3.44,-0.5,1.76,4.92,2.26,1.53,2.24,5.16,1.65,3.87,2.8,3.55,2.39,-0.17,4.27,0.57,7.03,0.87,0.89,1.23,3.28,0.16,4.38,4.07,1.13,1.81,1.25,3.53,1.14
2006-01-01,1.09,2.12,1.37,3.48,3.6,2.14,1.12,3.16,3.07,1.34,6.61,3.4,-0.9,2.25,5.21,2.38,1.78,2.18,4.97,1.85,3.61,3.65,3.44,3.27,-0.09,3.95,0.95,7.04,1.22,1.38,1.76,3.14,0.67,4.27,4.57,1.42,1.94,1.57,3.86,0.0
2006-02-01,1.1,2.38,1.61,3.51,3.96,2.08,1.14,3.15,3.06,1.23,6.86,3.57,-1.46,1.95,4.96,2.23,1.84,1.84,4.89,1.83,3.74,3.65,3.35,2.96,0.25,3.74,1.28,7.03,1.07,1.23,1.71,3.33,0.55,4.43,4.42,1.65,2.55,1.78,3.62,1.13
2006-03-01,1.43,2.32,1.72,3.63,4.16,2.4,1.38,3.42,3.44,1.49,6.9,3.41,-1.05,2.09,4.74,2.2,1.85,2.67,5.04,2.37,3.85,3.81,3.44,3.01,0.59,4.13,1.33,7.06,0.71,1.5,1.35,2.76,0.65,4.9,4.57,1.72,2.56,1.51,2.74,0.81
2006-04-01,0.79,2.11,1.49,3.48,3.79,1.82,1.11,2.71,2.51,1.43,5.86,3.21,-1.69,1.77,4.04,2.03,1.4,2.22,4.79,1.77,3.99,4.44,3.45,2.31,0.15,4.03,1.04,6.18,0.23,1.42,1.33,2.13,0.49,4.32,5.46,1.57,2.63,1.35,0.93,0.32
2006-05-01,1.09,2.07,1.34,3.44,4.08,1.86,1.0,2.57,2.53,1.22,5.98,3.28,-1.99,1.31,4.37,2.23,1.49,2.12,4.54,1.73,4.03,4.42,3.65,2.03,0.23,4.03,0.99,5.99,0.15,1.4,1.46,2.48,0.46,4.59,5.28,2.01,2.84,2.05,2.02,1.28
2006-06-01,1.12,2.12,1.82,3.74,4.41,2.06,1.05,3.07,2.87,1.61,5.8,3.56,-1.77,1.62,4.66,2.49,1.77,2.32,4.65,1.72,4.34,4.21,3.66,2.49,0.35,4.09,1.08,5.79,0.2,1.47,1.53,2.87,0.44,4.97,5.67,2.16,2.83,2.47,1.39,2.26
2006-07-01,0.93,1.84,1.21,2.97,4.12,1.49,0.67,2.49,2.05,1.31,5.24,2.93,-2.41,1.2,4.45,1.97,1.44,1.82,3.73,1.44,3.79,4.42,3.25,2.19,0.24,3.74,0.84,5.21,-0.06,0.92,1.25,2.22,0.06,4.35,4.99,1.87,2.75,1.24,1.0,3.43
2006-08-01,0.87,1.76,1.36,3.29,4.32,1.48,0.78,2.42,1.77,1.39,5.07,3.08,-2.37,1.02,3.73,2.3,1.52,2.14,3.95,1.61,4.46,4.49,3.05,2.27,0.14,3.84,0.82,5.08,0.2,1.14,1.62,2.22,-0.01,4.39,4.98,2.06,2.75,1.44,0.77,1.93
2006-09-01,0.87,1.66,1.25,3.2,4.47,1.35,0.56,2.5,1.65,1.45,4.66,3.94,-2.9,0.69,3.15,1.81,1.52,1.94,3.9,0.92,5.28,4.52,3.23,2.0,0.48,3.8,0.64,4.24,-0.13,0.95,1.92,1.93,-0.16,4.23,4.9,1.91,2.79,1.5,-0.76,3.24
2006-10-01,1.36,1.61,1.07,3.0,4.38,1.56,0.65,2.92,2.02,1.49,4.51,2.94,-3.14,0.5,2.52,1.89,1.63,1.79,3.69,1.44,5.55,4.5,3.1,1.29,0.72,3.63,0.67,3.84,-0.11,1.3,1.6,1.5,-0.29,4.14,5.82,1.91,2.31,0.96,-1.14,3.24
2006-11-01,1.35,1.31,0.99,2.98,4.21,1.2,0.48,2.73,2.41,1.42,3.97,2.89,-3.01,0.68,2.06,1.93,1.56,1.64,3.78,1.52,5.47,4.8,2.93,1.11,0.6,3.41,0.73,3.18,-0.15,1.25,1.64,1.05,-0.46,4.26,5.95,1.77,2.28,1.66,-1.6,2.41
2006-12-01,1.43,1.26,1.06,3.38,4.19,1.34,0.64,2.81,2.15,1.45,3.68,2.74,-2.8,0.58,1.42,1.86,1.33,1.62,3.82,1.69,5.9,4.89,2.59,1.27,0.88,3.3,1.16,2.61,-0.15,1.46,1.87,0.85,-0.39,4.26,6.26,1.51,2.24,1.55,-2.66,2.57
2007-01-01,1.53,1.14,1.16,2.87,4.2,1.11,0.61,2.76,2.07,1.63,2.83,2.8,-2.67,0.67,1.3,1.76,0.94,1.32,3.64,1.24,5.21,4.12,2.75,0.85,0.94,2.8,1.66,2.4,0.49,1.2,1.84,0.7,-0.22,4.7,6.1,1.43,2.37,1.39,-2.12,3.57
2007-02-01,1.5,1.0,0.78,3.17,4.26,0.94,0.36,2.88,1.87,1.52,2.55,3.31,-2.15,0.89,1.03,1.78,0.85,1.26,3.89,0.9,5.74,4.34,2.8,0.98,0.48,3.17,0.86,2.52,0.16,0.45,1.66,0.59,-0.58,4.45,6.4,1.58,2.2,1.06,-1.59,1.44
2007-03-01,1.36,1.07,0.96,3.38,4.24,0.87,0.44,2.88,1.68,1.46,2.3,3.29,-2.32,0.63,0.86,2.09,0.92,0.88,3.58,1.01,5.81,4.47,2.81,1.06,0.74,2.85,0.95,1.9,0.8,1.09,2.29,1.17,-0.37,4.36,6.5,1.82,2.53,1.6,-1.37,2.24
2007-04-01,1.34,0.67,0.85,3.09,4.47,0.86,0.15,2.27,1.38,1.36,1.72,3.15,-2.26,0.34,0.37,2.17,0.77,0.64,3.05,0.91,5.4,3.54,2.13,0.73,0.61,2.53,1.14,1.56,0.89,1.04,1.79,1.31,-0.47,4.18,5.07,1.13,2.16,1.65,-0.54,3.22
2007-05-01,1.4,0.59,1.06,3.06,4.48,0.8,0.2,2.19,1.24,1.69,1.54,3.18,-1.9,0.56,0.51,2.19,0.73,0.13,2.78,1.0,5.39,3.64,2.07,0.7,0.93,2.82,1.32,1.55,1.22,1.31,1.95,0.9,-0.33,4.18,5.41,1.17,2.2,0.95,-1.45,1.58
2007-06-01,1.48,0.52,0.85,3.01,4.64,0.58,0.48,1.9,1.18,1.48,1.59,3.11,-1.97,0.35,0.09,2.1,0.69,0.18,2.44,0.98,5.35,3.88,1.69,1.08,1.16,2.74,1.5,1.01,0.92,1.42,1.96,0.51,0.05,3.93,5.47,1.1,2.46,0.52,-1.3,1.74
2007-07-01,1.52,0.79,0.92,2.93,4.34,0.72,0.63,2.34,0.66,1.55,1.61,3.39,-1.39,0.49,0.29,2.25,1.09,-0.3,2.54,1.06,5.45,3.31,1.86,0.96,0.94,2.96,1.33,0.62,0.83,1.44,2.74,0.78,-0.18,3.7,4.75,1.35,2.79,1.59,-1.14,2.21
2007-08-01,1.41,0.45,0.74,2.76,3.98,0.67,0.55,2.21,0.51,1.55,1.48,3.25,-1.28,0.51,0.04,2.22,0.73,-0.93,2.07,1.15,4.78,3.24,1.8,1.43,1.1,2.84,1.09,0.24,0.87,1.34,2.47,0.6,-0.19,3.48,4.6,1.24,2.09,0.0,-0.99,2.05
2007-09-01,1.21,0.44,0.48,2.72,3.73,0.53,0.33,1.97,0.51,1.37,1.28,2.59,-1.73,0.35,-0.22,2.26,0.61,-1.25,1.53,0.9,3.97,2.99,1.57,1.47,0.73,2.74,1.14,-0.01,0.85,1.49,1.91,0.48,-0.57,3.18,4.33,1.35,2.04,0.32,-0.31,1.72
2007-10-01,1.45,0.18,0.71,3.0,3.84,0.81,0.53,1.01,0.18,1.36,1.27,3.0,-1.74,0.45,-0.09,2.3,0.3,-1.13,1.84,0.57,4.13,2.86,1.59,1.44,0.72,2.58,1.02,0.6,1.48,1.42,1.68,0.26,-0.4,3.14,4.45,0.91,2.56,0.79,-0.62,2.51
2007-11-01,1.34,0.2,0.7,2.83,3.78,0.85,0.66,0.91,0.08,1.34,1.07,3.13,-1.58,0.25,-0.12,2.33,0.01,-1.17,1.74,0.68,3.89,2.52,1.5,2.01,0.68,2.98,1.07,0.63,1.45,1.29,1.73,0.28,-0.21,2.84,3.96,1.28,2.56,0.42,-0.46,2.19
2007-12-01,1.22,0.19,0.65,2.66,3.58,0.77,0.54,0.76,-0.02,1.14,0.76,3.01,-1.71,0.11,-0.1,2.27,0.31,-1.41,1.1,0.42,3.45,2.48,1.39,1.74,0.49,3.17,0.71,0.92,1.44,1.2,1.11,0.19,-0.35,2.58,3.74,1.5,2.16,0.74,0.39,2.19
2008-01-01,1.27,-0.4,0.4,2.9,3.35,0.56,0.5,0.46,-0.4,1.2,0.76,2.84,-1.49,-0.13,-1.03,2.39,0.25,-1.77,0.58,0.66,4.46,1.65,1.29,1.32,0.46,3.3,0.59,0.63,1.12,0.91,1.41,-0.58,-0.38,2.07,3.35,1.15,2.34,0.11,-0.23,3.92
2008-02-01,1.27,-0.42,0.41,2.67,3.27,0.71,0.64,0.38,-0.54,1.36,0.09,2.41,-2.01,-0.04,-1.46,2.51,0.27,-1.78,0.57,0.8,3.82,1.65,1.03,1.47,0.63,3.16,0.73,-0.26,1.21,1.6,1.31,-0.57,-0.28,1.87,2.94,1.01,2.11,0.05,-0.85,4.09
2008-03-01,1.17,-0.65,0.01,2.06,2.74,0.5,0.43,0.01,-0.89,1.3,-0.73,2.05,-2.39,-0.06,-2.0,2.12,0.06,-2.3,0.32,0.39,2.99,1.22,0.75,0.91,0.25,3.02,0.2,-0.43,0.24,0.73,0.68,-1.13,-1.19,1.45,2.33,0.6,1.86,-0.42,-1.23,3.76
2008-04-01,1.14,-0.24,0.09,2.04,2.73,0.87,0.69,0.08,-1.25,1.32,-0.88,2.02,-2.81,-0.21,-1.98,1.85,0.22,-2.95,-0.68,0.37,2.9,0.88,1.07,1.05,0.62,3.15,-0.03,-0.4,0.64,0.59,1.27,-1.06,-0.89,1.35,2.1,1.01,1.85,-1.78,-1.47,3.12
2008-05-01,0.75,-0.44,-0.12,1.96,2.41,0.86,0.35,-0.18,-1.81,1.1,-1.45,1.62,-3.04,-0.32,-2.84,1.4,-0.05,-3.13,-1.07,0.06,2.7,0.6,0.6,1.33,0.41,2.72,-0.44,-0.81,0.22,0.67,0.63,-1.57,-0.82,0.8,1.52,0.48,1.42,-1.41,-1.47,2.34
2008-06-01,0.45,-0.85,-0.41,1.56,2.04,0.53,0.03,-0.52,-2.45,0.97,-2.33,1.26,-2.8,-0.5,-3.04,1.21,-0.35,-3.59,-1.44,-0.33,2.27,0.27,0.32,0.36,0.03,2.45,-0.42,-1.12,-0.24,0.39,0.65,-1.78,-1.35,0.52,0.78,0.33,0.9,-1.72,-1.93,0.78
2008-07-01,0.45,-1.07,-0.44,1.59,2.31,0.84,-0.29,-1.23,-2.77,0.9,-3.13,1.28,-3.27,-0.19,-3.81,1.03,-0.67,-3.63,-1.59,-0.25,2.29,-0.09,0.49,-0.26,0.25,2.21,-0.22,-1.18,0.29,0.85,0.23,-1.98,-1.18,0.49,1.05,0.24,0.39,-5.59,-2.78,1.54
2008-08-01,0.4,-1.33,-0.56,1.12,2.29,0.92,-0.29,-1.57,-3.37,0.68,-3.15,1.2,-3.59,-0.3,-3.78,0.89,-0.72,-3.86,-2.06,-0.41,2.19,-0.48,0.13,-1.06,0.16,2.1,-0.2,-1.52,-0.04,0.64,-0.2,-2.62,-1.34,0.42,0.62,-0.18,0.92,-2.21,-3.08,1.24
2008-09-01,0.2,-1.57,-0.95,0.67,1.24,0.62,-0.21,-2.02,-3.81,0.42,-3.48,0.95,-3.7,-0.51,-4.16,0.5,-0.95,-3.93,-2.56,-0.66,2.2,-0.62,-0.01,-1.14,0.2,1.67,-0.6,-1.55,-0.74,-0.05,-0.13,-2.82,-1.26,0.24,0.62,-0.58,0.86,-2.05,-3.08,0.92
2008-10-01,-0.42,-2.06,-1.4,0.11,1.35,0.08,-0.76,-2.33,-4.36,0.14,-4.48,-1.06,-3.4,-0.99,-4.36,-0.11,-1.09,-4.47,-3.39,-0.67,1.6,-1.6,-1.05,-1.14,0.01,1.69,-0.85,-3.06,-1.18,-0.61,-0.01,-2.88,-1.76,-0.39,-0.31,-0.78,-0.37,-3.35,-2.48,-0.31
2008-11-01,-0.91,-2.69,-2.05,-0.47,1.35,-0.31,-1.22,-2.93,-4.73,-0.35,-5.1,-0.84,-4.66,-1.53,-5.02,-0.69,-1.51,-4.92,-4.59,-1.41,1.42,-2.51,-2.02,-2.18,-0.26,1.03,-1.44,-4.37,-1.87,-1.24,-0.9,-3.33,-2.54,-1.2,-1.12,-1.75,-1.15,-4.19,-3.19,-1.38
2008-12-01,-1.38,-3.41,-2.68,-1.0,0.85,-0.71,-1.53,-3.55,-5.18,-0.81,-5.82,-1.69,-5.22,-2.0,-5.56,-1.31,-2.25,-5.16,-4.79,-1.77,0.85,-3.19,-3.06,-2.4,-0.63,0.4,-1.77,-5.96,-2.24,-1.99,-1.14,-3.67,-3.03,-1.79,-1.59,-2.24,-1.68,-5.38,-3.42,-1.68
2009-01-01,-2.18,-3.94,-3.49,-1.84,0.2,-0.65,-2.23,-4.25,-5.94,-1.94,-6.6,-2.26,-8.08,-2.73,-5.5,-2.02,-2.85,-5.63,-5.44,-2.41,-0.54,-4.38,-3.62,-3.31,-1.31,-0.45,-2.35,-6.84,-3.21,-2.39,-1.87,-3.83,-3.81,-2.93,-2.91,-2.81,-3.35,-5.62,-3.81,-3.92
2009-02-01,-2.58,-4.68,-4.0,-2.66,-0.52,-1.09,-2.49,-4.92,-6.67,-2.29,-7.35,-3.24,-7.71,-3.56,-6.21,-3.21,-3.69,-6.19,-6.4,-2.92,-1.47,-5.02,-4.56,-4.03,-1.42,-1.0,-2.78,-7.63,-3.74,-2.91,-2.41,-4.72,-4.27,-3.73,-3.51,-3.84,-4.42,-6.62,-4.2,-4.99
2009-03-01,-3.04,-5.07,-4.53,-3.09,-1.06,-1.32,-3.11,-5.32,-7.03,-2.83,-7.59,-3.81,-7.67,-4.18,-6.25,-3.9,-4.3,-6.48,-6.98,-3.22,-1.61,-5.72,-5.37,-4.61,-1.84,-1.46,-2.82,-8.71,-4.01,-3.62,-3.07,-4.94,-4.25,-4.27,-4.01,-4.35,-5.18,-7.31,-4.61,-6.18
2009-04-01,-3.6,-6.05,-5.55,-3.61,-2.09,-1.97,-3.85,-5.76,-7.14,-3.36,-8.15,-4.68,-7.83,-4.44,-6.61,-4.42,-4.95,-6.31,-6.56,-3.31,-1.8,-6.33,-5.85,-5.01,-2.49,-1.83,-3.37,-10.22,-5.21,-4.49,-3.67,-5.33,-5.43,-5.16,-4.13,-4.95,-5.8,-7.24,-3.3,-6.19
2009-05-01,-3.47,-6.12,-5.63,-3.89,-2.38,-2.04,-3.71,-6.0,-7.05,-3.56,-8.33,-5.02,-9.31,-4.59,-6.48,-4.55,-5.11,-6.3,-6.72,-3.36,-1.97,-6.57,-6.1,-5.33,-2.7,-2.12,-3.45,-10.5,-5.34,-5.04,-3.52,-5.28,-6.21,-5.03,-4.15,-5.35,-5.97,-8.97,-3.77,-6.55
2009-06-01,-3.74,-6.33,-5.87,-4.2,-2.9,-1.84,-3.89,-6.18,-6.8,-3.93,-8.43,-5.46,-10.32,-5.03,-6.66,-4.87,-5.4,-6.42,-6.74,-3.04,-2.22,-6.69,-6.25,-6.09,-2.88,-2.09,-3.9,-10.72,-5.34,-5.15,-3.71,-5.61,-6.57,-5.32,-4.37,-5.68,-6.27,-9.67,-3.78,-6.15
2009-07-01,-3.58,-7.11,-6.28,-4.47,-3.75,-2.0,-4.05,-6.36,-6.67,-4.27,-8.26,-5.94,-8.63,-5.08,-6.88,-4.93,-6.46,-6.35,-6.94,-3.57,-2.57,-6.79,-6.77,-5.7,-3.02,-2.33,-4.29,-10.8,-5.8,-5.65,-4.17,-6.68,-6.63,-5.92,-4.7,-6.39,-7.92,-6.42,-3.02,-7.29
2009-08-01,-3.59,-7.03,-6.29,-4.41,-4.11,-2.16,-4.05,-6.38,-6.4,-4.21,-8.74,-6.64,-9.05,-5.35,-6.88,-5.13,-6.17,-5.99,-6.88,-3.57,-2.76,-6.81,-6.89,-5.39,-3.1,-2.58,-4.47,-10.72,-5.58,-5.49,-3.99,-6.55,-6.77,-5.93,-4.93,-6.91,-7.85,-8.51,-3.18,-7.34
2009-09-01,-3.76,-7.15,-6.02,-4.48,-3.31,-2.37,-4.06,-6.22,-6.14,-3.91,-8.67,-6.09,-8.45,-5.69,-6.99,-4.95,-6.28,-5.97,-6.38,-3.29,-3.04,-7.04,-6.89,-5.27,-3.11,-2.43,-4.21,-10.38,-5.12,-5.11,-4.16,-6.58,-6.38,-5.56,-5.05,-6.56,-7.72,-9.28,-3.66,-7.48
2009-10-01,-3.44,-6.45,-5.73,-4.2,-3.93,-1.8,-3.6,-5.89,-5.45,-3.75,-8.07,-4.74,-7.91,-5.16,-6.33,-4.64,-5.49,-5.53,-5.97,-2.96,-2.82,-6.84,-6.09,-4.57,-3.13,-2.17,-4.0,-9.81,-5.15,-4.91,-4.48,-5.46,-6.17,-5.05,-5.17,-5.81,-6.57,-8.83,-3.5,-5.67
2009-11-01,-3.15,-5.99,-5.25,-3.87,-4.31,-1.45,-3.33,-5.41,-4.96,-3.4,-7.4,-5.71,-7.54,-4.64,-5.75,-4.39,-4.98,-5.23,-5.2,-2.59,-2.68,-6.2,-5.54,-3.76,-2.69,-1.88,-3.69,-8.79,-4.51,-4.07,-3.99,-5.27,-5.46,-4.64,-4.39,-5.41,-5.76,-7.87,-2.73,-5.29
2009-12-01,-2.71,-5.51,-4.85,-3.64,-4.14,-1.21,-3.22,-4.96,-4.68,-2.95,-6.76,-5.09,-6.75,-4.09,-5.29,-4.03,-4.58,-5.16,-4.9,-2.37,-2.31,-5.9,-4.61,-3.78,-2.17,-1.57,-3.6,-7.23,-4.2,-3.49,-3.7,-5.18,-4.92,-4.06,-3.94,-5.25,-5.4,-7.02,-2.81,-5.14
2010-01-01,-2.13,-4.48,-4.01,-2.86,-3.43,-1.27,-2.51,-4.26,-3.86,-1.32,-5.73,-4.71,-3.27,-3.52,-4.8,-3.75,-4.08,-4.34,-4.03,-1.76,-1.26,-4.1,-3.97,-2.6,-1.9,-0.78,-2.94,-6.76,-3.57,-2.7,-3.64,-5.03,-3.88,-3.15,-3.14,-4.66,-4.36,-6.51,-3.15,-4.24
2010-02-01,-1.82,-3.92,-3.36,-2.31,-2.91,-1.97,-2.61,-3.7,-2.96,-1.18,-4.73,-4.25,-3.5,-2.93,-3.85,-2.6,-3.48,-3.61,-3.46,-2.63,-0.56,-3.67,-3.17,-2.14,-2.07,-0.34,-2.37,-5.99,-3.22,-2.39,-3.07,-4.6,-3.61,-2.67,-2.76,-4.04,-3.28,-5.63,-3.49,-3.18
2010-03-01,-1.11,-3.43,-2.73,-1.47,-2.11,-0.7,-1.76,-2.83,-2.26,-0.71,-3.78,-3.31,-3.15,-2.16,-3.23,-1.9,-2.88,-2.78,-2.51,-0.62,0.49,-2.53,-2.17,-0.98,-1.1,0.33,-1.79,-5.13,-2.21,-1.56,-2.51,-4.04,-2.94,-1.75,-1.72,-3.28,-2.37,-4.6,-3.28,-2.41
2010-04-01,0.0,-2.06,-1.74,-0.86,-1.0,0.55,-0.89,-1.88,-1.49,0.08,-2.81,-2.11,-1.71,-0.84,-2.15,-1.12,-1.3,-2.29,-1.31,0.17,0.74,-1.23,-1.27,0.25,-0.12,0.68,-0.88,-3.38,-1.0,-0.07,-1.18,-3.32,-1.85,-0.75,-0.8,-2.28,-1.02,-3.33,-3.57,-2.74
2010-05-01,0.29,-1.48,-1.05,-0.17,-0.29,0.86,-0.24,-0.97,-0.66,0.78,-1.78,-1.65,0.13,-0.59,-1.51,-0.56,-0.51,-1.03,-0.41,0.3,1.1,-0.3,-0.67,1.1,0.25,1.34,-0.44,-2.49,-0.61,0.43,-0.66,-2.77,-1.02,-0.37,-0.28,-1.51,-0.24,-1.17,-3.02,-1.14
2010-06-01,0.48,-1.16,-0.83,0.37,-0.02,0.93,-0.08,-0.54,-0.35,0.57,-1.6,-1.23,1.16,-0.12,-1.16,-0.28,-0.26,-0.7,0.07,0.37,1.66,-0.1,-0.03,1.73,0.88,1.11,-0.16,-1.95,-0.34,0.63,-0.63,-2.33,-0.64,0.05,0.34,-1.21,-0.02,-0.65,-2.87,-0.98
2010-07-01,-0.04,-0.62,-0.84,0.52,0.55,0.98,0.0,0.11,0.05,1.05,-1.2,-0.66,0.84,-0.3,-1.17,0.27,0.68,-0.29,0.67,0.72,1.88,0.18,0.11,1.47,1.26,1.03,0.27,-1.29,-0.39,0.95,-1.1,-1.76,-0.04,0.77,0.75,-0.94,1.44,-0.18,-2.7,0.66
2010-08-01,0.18,-0.18,-0.32,0.76,1.01,0.59,0.21,0.26,0.29,1.16,-0.7,-0.43,0.59,0.15,-0.6,0.44,0.92,-0.05,0.87,0.8,2.11,0.48,0.53,1.57,1.46,1.32,0.57,-1.0,-0.51,0.91,-0.9,-1.53,0.33,0.74,1.03,-0.46,1.14,-1.0,-3.2,0.33
2010-09-01,0.62,0.0,0.05,1.02,1.06,1.24,0.21,0.37,0.42,0.95,-0.82,-0.23,1.04,0.75,-0.1,0.47,0.98,0.06,0.64,0.61,2.08,0.64,0.8,2.36,1.4,1.26,0.6,-1.98,-0.38,0.11,-0.08,-1.23,0.27,0.72,1.1,0.13,1.3,-0.47,-2.81,-0.99
2010-10-01,0.91,0.36,0.6,1.69,1.61,1.21,0.32,1.05,0.57,1.59,0.33,0.35,1.31,1.22,-0.2,0.81,0.7,1.0,1.16,0.93,3.12,1.87,1.49,2.7,1.74,1.62,1.03,-1.21,0.17,1.36,0.79,-1.6,0.69,1.25,2.0,-0.14,1.6,0.54,-2.64,-0.98
2010-11-01,0.98,0.42,0.71,1.73,1.83,1.15,0.42,1.04,0.38,1.55,0.36,0.73,1.66,1.27,0.15,1.04,0.48,1.04,1.13,1.04,3.16,2.24,1.69,2.26,1.58,1.3,1.21,-1.01,0.18,1.0,0.68,-1.53,0.62,1.42,1.75,-0.1,1.73,0.42,-2.31,0.0
2010-12-01,0.96,0.65,1.0,2.01,2.17,1.32,0.74,1.09,0.95,1.75,0.72,0.99,1.74,1.29,0.4,1.29,0.72,1.5,1.31,1.11,3.24,2.5,1.9,2.64,1.64,1.44,1.72,-1.28,0.14,1.16,1.06,-1.42,0.74,1.34,1.68,0.26,2.13,0.71,-2.4,-0.49
2011-01-01,1.19,0.96,1.12,2.18,2.3,1.65,0.63,0.72,1.45,0.93,0.89,1.11,2.04,1.86,0.16,1.66,1.32,1.62,1.43,1.16,3.29,2.15,1.88,2.61,2.37,1.53,1.41,-0.35,0.62,1.32,1.04,-0.63,0.35,1.39,2.36,0.88,2.45,0.89,-1.33,-0.98
2011-02-01,1.37,1.02,1.04,2.17,2.13,2.77,1.01,1.8,1.46,1.23,1.02,1.55,2.36,2.16,0.47,1.41,1.62,1.54,1.51,2.81,3.42,2.78,2.17,2.8,2.57,1.47,1.75,-0.21,0.82,1.41,0.89,-0.5,0.8,1.73,2.84,1.2,2.61,1.19,-0.51,-0.49
2011-03-01,1.29,1.05,1.29,2.31,2.36,1.93,1.01,2.0,1.4,1.4,1.06,1.38,2.87,2.19,0.36,1.42,1.53,1.54,1.34,1.42,3.22,2.55,2.08,2.9,2.2,1.62,1.78,0.5,0.8,1.52,1.35,-0.65,0.86,1.57,2.62,1.03,2.58,3.15,-0.59,-0.33
2011-04-01,1.15,0.4,1.48,2.63,2.55,1.46,0.84,1.8,1.98,1.23,1.24,1.49,2.93,1.91,-0.01,1.82,0.64,1.85,1.28,1.38,3.81,2.33,2.25,2.72,1.74,1.82,2.19,0.22,0.73,1.29,0.41,-0.78,1.19,1.78,2.02,1.22,2.03,2.32,-1.09,0.66
2011-05-01,0.76,0.13,0.97,2.23,2.04,0.72,0.05,1.37,1.34,0.81,0.94,1.28,2.56,1.91,-0.32,1.57,-0.02,0.9,0.7,1.17,3.36,1.67,1.83,2.47,1.61,1.36,2.01,-0.02,0.39,1.22,0.26,-1.17,0.8,1.38,1.47,1.03,1.65,1.3,-1.43,1.65
2011-06-01,0.99,0.33,1.16,2.37,2.53,0.96,0.13,1.38,1.39,1.01,1.05,1.51,2.5,1.77,-0.48,1.6,0.04,0.98,0.7,1.17,3.26,2.14,1.7,2.73,1.55,1.51,1.97,0.05,0.51,0.93,0.1,-1.2,0.74,1.55,1.32,1.09,2.07,0.59,-0.84,1.66
2011-07-01,1.7,0.89,2.01,2.92,2.8,1.22,0.37,1.54,1.65,1.76,1.6,1.78,2.53,1.55,0.45,1.41,0.56,1.6,0.99,1.6,3.58,2.49,2.18,3.98,1.19,2.28,2.45,0.48,1.47,2.04,1.37,-0.47,1.28,1.96,1.5,2.02,2.33,1.66,-1.26,-1.14
2011-08-01,1.65,0.77,1.91,2.89,2.81,1.46,0.09,1.72,1.76,1.67,2.02,2.03,3.34,2.44,0.45,1.76,0.31,1.68,1.11,1.7,3.74,2.64,2.17,3.9,1.13,2.35,2.57,0.52,1.79,1.91,1.07,0.19,1.56,2.31,1.65,2.51,2.8,1.25,-0.08,1.32
2011-09-01,1.82,1.15,2.0,3.17,3.16,1.78,0.45,2.07,2.26,2.1,2.6,1.91,3.27,2.99,0.93,2.12,0.82,2.52,2.08,1.99,4.03,2.84,2.14,3.43,1.56,2.61,3.07,1.52,1.81,2.95,1.03,0.56,1.3,2.26,1.97,2.31,2.98,1.31,0.42,3.33
2011-10-01,1.41,0.69,1.48,2.44,2.79,1.23,0.06,1.52,2.09,1.49,1.9,1.65,3.1,2.3,0.66,1.64,0.71,1.67,1.44,1.73,3.04,2.01,1.64,3.07,1.51,1.91,2.62,1.36,1.3,2.32,0.8,0.34,0.76,1.71,1.72,2.32,2.69,0.41,0.51,1.81
2011-11-01,1.54,0.89,1.53,2.56,2.97,1.2,0.11,1.65,2.18,1.64,2.0,1.91,3.34,2.31,0.69,1.93,1.09,1.83,1.85,1.87,3.14,2.29,1.9,3.37,1.62,2.07,2.78,1.27,1.38,2.39,1.39,0.68,1.23,1.96,1.72,2.59,2.46,0.65,0.84,2.3
2011-12-01,1.59,0.94,1.49,2.48,3.22,1.22,0.07,1.82,2.24,1.71,1.89,1.84,3.22,2.46,0.61,2.14,1.05,1.97,2.01,2.05,3.3,2.26,1.96,3.57,1.46,2.15,2.76,1.4,1.58,2.86,1.28,0.76,1.32,2.11,1.82,2.65,2.63,0.41,0.17,2.97
2012-01-01,1.72,1.05,1.69,2.58,3.25,1.06,0.23,2.51,2.24,1.79,2.2,1.91,3.34,1.98,1.53,2.21,0.87,2.29,2.28,2.22,3.81,3.08,2.11,4.12,1.17,2.09,3.13,1.34,1.55,2.84,1.91,0.72,1.54,2.57,2.79,2.53,2.76,0.53,0.51,3.48
2012-02-01,1.92,1.35,1.85,2.87,3.54,1.14,0.36,1.58,2.26,1.77,2.21,1.96,3.31,1.93,1.53,2.45,0.96,2.37,2.58,2.01,3.64,2.63,2.09,4.39,1.59,2.25,3.25,1.59,1.9,3.63,2.17,1.22,1.71,2.74,2.38,2.78,2.82,0.59,0.34,3.14
2012-03-01,2.06,1.62,1.79,2.73,3.65,1.36,0.55,1.42,2.55,1.98,2.37,2.29,3.48,2.12,1.82,2.76,1.3,2.37,2.92,1.93,3.56,2.84,2.18,4.69,1.96,2.15,3.38,1.49,1.84,3.18,1.9,1.36,2.02,2.75,2.57,3.14,3.2,-1.79,1.53,4.63
2012-04-01,1.3,2.36,1.76,2.6,3.44,0.9,0.06,1.63,1.99,1.58,2.11,1.99,2.41,1.89,2.46,2.47,2.55,2.36,2.3,1.26,3.19,2.73,1.79,3.96,1.65,2.01,2.41,1.97,1.49,2.8,1.82,2.33,1.73,3.71,3.07,3.43,3.85,-0.06,1.36,3.13
2012-05-01,1.78,2.59,1.71,2.64,3.85,1.34,0.34,1.76,2.31,1.63,2.08,2.45,2.7,1.42,2.89,2.63,3.01,2.56,2.42,1.53,3.6,3.2,2.26,3.78,1.35,2.29,2.74,2.05,1.88,2.89,1.7,2.61,2.03,4.45,3.21,3.79,3.99,0.87,2.22,3.08
2012-06-01,1.83,2.81,1.87,2.62,3.94,1.27,0.46,2.09,2.48,2.28,2.9,2.54,2.82,1.68,3.44,2.99,3.36,2.59,2.55,1.55,3.91,2.71,2.38,4.06,1.05,2.68,3.15,2.46,2.21,3.48,1.88,3.4,2.37,4.48,3.31,4.32,4.25,2.12,1.62,3.91
2012-07-01,1.21,2.56,1.6,2.19,3.85,0.71,0.48,1.61,2.2,1.44,2.53,2.14,2.72,1.85,3.04,3.05,2.99,2.1,2.39,1.26,3.81,2.74,2.12,3.38,0.98,2.28,2.32,1.83,1.38,2.52,1.35,2.76,1.61,3.5,3.42,3.97,4.2,2.04,2.39,4.78
2012-08-01,1.51,2.69,1.56,2.47,4.18,1.15,0.81,1.65,2.15,1.73,2.4,2.39,2.74,1.28,2.98,2.68,3.15,1.95,2.42,1.33,3.99,2.67,2.22,3.55,0.79,2.87,2.27,2.06,1.26,2.73,1.99,2.43,1.15,3.72,3.49,4.09,4.19,3.11,2.29,3.9
2012-09-01,1.56,2.7,1.57,2.46,4.18,0.95,0.71,1.49,2.09,1.71,2.64,2.36,2.12,1.33,2.76,2.85,3.11,1.49,2.18,1.45,4.25,2.81,2.09,3.54,0.65,2.7,2.37,2.56,1.56,2.91,1.42,2.19,1.61,3.86,3.19,3.83,4.02,2.58,2.37,3.23
2012-10-01,1.69,2.83,1.62,2.7,4.43,1.46,0.94,1.92,2.47,1.82,2.67,2.67,2.02,1.54,3.22,3.57,3.27,1.9,3.06,1.45,4.66,3.12,2.36,3.63,0.76,3.01,3.11,2.48,1.88,2.5,1.45,2.16,2.09,3.97,3.15,4.06,4.2,3.42,1.85,3.55
2012-11-01,1.04,3.06,1.69,2.86,4.5,1.56,0.88,2.19,2.6,1.92,2.8,2.75,2.06,1.6,3.18,3.46,3.3,2.04,3.22,1.39,5.05,2.79,2.21,3.68,0.65,3.23,2.89,2.74,1.57,2.42,1.11,2.28,1.71,4.16,3.44,4.28,4.46,2.88,1.26,3.37
2012-12-01,1.64,3.06,1.75,3.0,4.25,1.45,0.97,2.01,2.26,1.75,3.0,2.69,2.36,1.38,3.07,3.4,3.49,2.1,3.1,1.41,4.76,2.81,2.01,3.67,0.51,3.32,2.76,2.61,1.32,1.97,0.94,2.43,1.52,3.99,3.33,4.39,4.44,3.58,2.96,3.21
2013-01-01,1.39,2.43,1.53,2.46,4.08,1.5,0.8,2.28,2.26,1.75,2.67,2.84,1.87,1.98,3.67,3.5,3.46,1.96,2.52,1.43,4.36,2.45,1.67,3.26,0.31,3.03,2.69,2.71,1.14,1.9,0.9,3.4,1.4,3.92,2.56,3.89,4.28,3.99,2.1,3.2
2013-02-01,1.25,2.48,1.77,2.64,4.47,1.46,0.9,2.41,2.53,1.77,2.86,2.9,2.04,2.21,4.08,3.73,3.4,2.09,2.9,1.55,4.72,2.55,1.94,3.6,0.24,3.35,2.2,2.67,1.34,1.49,0.67,3.46,0.97,3.99,3.02,4.05,4.45,4.34,3.37,4.17
2013-03-01,1.24,2.28,1.61,2.58,4.15,1.09,0.7,2.17,2.48,1.61,2.79,2.64,1.82,1.86,4.11,3.69,3.43,2.17,2.73,1.52,4.71,2.33,1.9,3.0,-0.3,3.29,2.05,2.89,1.07,1.72,0.41,3.44,0.64,4.02,2.9,3.98,4.3,4.87,3.44,2.84
2013-04-01,1.77,2.05,1.34,2.6,4.08,1.09,0.95,2.21,2.47,2.02,3.0,2.68,1.85,1.57,3.7,3.64,2.4,2.17,2.9,1.41,4.94,2.35,2.23,3.67,-0.29,3.35,2.64,3.01,1.76,1.88,0.84,2.42,0.62,3.09,2.33,3.42,3.82,4.24,2.6,4.78
2013-05-01,1.51,1.95,1.66,2.7,3.8,1.08,0.88,2.01,2.54,2.14,3.18,2.68,2.2,2.17,3.71,3.62,2.17,2.29,3.26,1.49,5.0,2.09,2.31,3.69,-0.12,3.27,2.5,2.77,1.69,1.63,0.94,2.26,0.81,2.53,2.23,3.22,3.86,3.92,2.59,4.57
2013-06-01,1.5,1.87,1.68,2.89,3.69,0.62,0.93,1.99,2.68,1.95,2.92,2.44,2.22,2.13,3.72,3.63,2.07,2.42,3.52,1.6,4.87,2.36,2.37,3.79,-0.1,3.38,2.21,3.0,1.52,1.72,1.32,1.74,0.85,2.38,2.22,2.75,3.71,4.21,3.35,4.08
2013-07-01,2.05,1.97,1.63,3.21,3.79,0.88,0.79,2.49,2.86,1.64,3.15,2.68,1.15,1.9,3.72,3.69,2.29,2.68,3.55,1.57,5.04,2.43,2.4,3.72,0.21,3.67,2.66,3.24,1.44,1.79,1.18,2.18,0.73,2.92,2.22,2.77,3.39,3.6,3.24,4.4
2013-08-01,1.85,2.2,1.64,3.21,3.46,0.77,0.79,2.66,2.98,1.7,2.94,2.86,1.7,2.06,4.12,4.1,2.21,2.76,3.99,1.37,4.81,2.49,2.73,3.82,0.24,3.0,2.86,3.21,1.9,2.11,1.1,2.37,1.29,2.66,2.8,2.92,3.96,4.56,2.49,5.0
2013-09-01,1.73,2.06,1.5,3.28,3.33,0.67,0.78,3.03,2.89,1.54,2.77,2.83,1.95,2.14,4.41,3.9,2.27,2.7,3.75,1.18,4.78,2.49,2.96,3.66,0.12,3.25,2.48,2.81,1.82,2.08,1.66,2.66,0.99,2.45,3.61,2.84,4.12,4.8,2.23,5.0
2013-10-01,2.05,2.17,1.53,3.15,3.37,0.09,0.73,3.03,2.64,1.69,2.84,2.76,2.11,2.25,4.32,3.84,2.56,2.6,3.45,0.93,4.47,2.62,2.8,3.88,-0.13,3.18,2.05,2.83,1.73,2.27,1.43,2.53,0.89,2.89,3.39,2.97,3.87,5.58,2.48,4.83
2013-11-01,2.8,2.11,1.48,3.2,3.27,0.33,0.86,2.95,2.97,1.63,2.93,2.74,1.88,2.13,4.49,3.77,2.53,2.8,3.48,1.1,4.38,2.74,3.09,3.79,-0.21,3.14,2.33,3.0,2.01,3.02,1.22,2.69,0.99,2.79,3.4,3.15,4.15,6.79,2.89,4.35
2013-12-01,2.1,2.05,1.63,3.01,3.2,0.17,0.57,3.23,3.11,1.76,2.83,2.86,1.63,2.27,4.84,3.7,2.51,2.49,3.62,0.56,4.41,2.88,3.05,3.66,-0.13,2.94,2.49,3.24,1.88,2.83,1.54,2.84,1.13,2.91,3.53,2.96,4.21,6.35,2.71,4.97
2014-01-01,1.94,2.28,1.3,3.33,3.14,0.02,0.76,2.9,3.02,1.85,2.67,3.04,1.14,1.59,4.13,3.67,2.01,2.22,4.4,0.22,4.5,3.25,3.57,3.72,-0.08,3.13,2.13,3.38,1.81,2.06,1.07,1.82,0.85,2.47,3.4,3.21,4.37,5.98,2.8,5.58
2014-02-01,1.88,2.06,1.11,3.22,2.96,-0.19,0.32,2.37,2.94,1.85,2.43,2.75,1.5,1.29,4.07,3.46,2.19,2.12,3.86,-0.01,4.62,2.59,2.92,3.44,-0.41,2.87,2.32,3.69,1.51,1.77,1.3,1.59,0.76,2.29,2.56,3.08,4.34,5.45,1.55,4.92
2014-03-01,1.83,2.23,1.29,3.35,3.0,-0.1,0.49,3.39,2.95,1.82,2.4,2.78,1.36,1.32,4.12,3.5,2.14,2.36,3.97,0.09,4.86,3.31,3.23,3.51,-0.34,3.11,2.2,3.73,2.03,2.0,1.87,1.84,0.79,2.13,2.98,2.99,4.33,5.6,1.3,5.22
2014-04-01,2.01,1.95,1.69,3.55,3.27,0.23,0.95,3.46,3.24,2.0,2.34,2.56,1.17,1.65,4.4,3.78,1.94,2.66,4.14,0.87,4.6,3.57,2.95,4.02,0.18,3.39,2.41,3.76,1.57,2.25,1.99,2.2,0.76,2.14,3.74,3.2,4.35,6.69,2.7,4.41
2014-05-01,2.26,2.01,1.65,3.59,3.48,0.5,1.16,3.89,3.32,1.81,1.91,2.45,1.37,1.72,4.27,3.93,2.11,2.8,4.36,0.84,4.54,3.75,2.93,4.15,0.33,3.63,2.43,4.08,1.81,2.63,2.08,2.43,0.76,2.15,4.08,3.31,4.31,6.22,2.69,2.86
2014-06-01,2.21,1.83,1.55,3.56,3.42,0.92,1.19,3.8,3.25,1.8,2.1,2.56,1.87,1.77,4.26,3.74,2.22,2.78,4.19,0.77,4.47,3.97,2.99,3.88,0.42,3.51,2.42,3.63,1.58,2.36,2.02,2.79,0.59,2.37,4.56,3.47,4.3,5.86,1.86,3.16
2014-07-01,2.25,1.62,1.57,3.44,3.42,0.61,1.27,4.05,3.25,2.22,1.94,3.02,2.47,2.38,4.52,3.69,2.17,2.81,4.28,0.61,4.37,3.75,3.05,3.94,0.07,3.28,2.53,3.47,1.91,2.08,2.24,2.35,0.58,1.83,3.98,3.43,4.39,5.95,2.1,2.71
2014-08-01,2.31,1.91,1.47,3.4,3.58,0.67,1.26,4.16,3.4,1.61,2.1,3.07,1.83,2.07,4.61,3.99,2.44,2.8,4.22,0.95,4.32,3.76,2.92,4.22,0.23,3.34,2.76,4.14,1.69,1.81,2.12,2.47,0.42,2.15,3.41,3.38,4.34,4.74,2.51,1.19
2014-09-01,2.23,2.06,1.36,3.39,3.63,0.71,1.42,3.94,3.52,2.36,2.12,3.02,1.47,1.45,4.71,4.07,2.41,2.95,4.19,1.03,4.14,3.85,3.07,4.28,0.32,3.27,2.93,4.56,1.36,1.61,1.68,2.45,0.65,2.47,3.09,3.51,4.32,5.02,2.67,1.93
2014-10-01,2.15,1.86,1.55,3.68,3.81,1.13,1.46,3.74,3.89,2.45,2.19,2.86,1.53,1.31,4.79,4.25,2.03,2.88,4.03,1.25,4.19,4.08,2.95,4.03,0.24,3.89,2.77,4.86,1.46,1.56,2.01,2.68,0.74,2.14,3.76,3.37,4.33,4.1,2.74,2.38
2014-11-01,2.09,1.79,1.62,3.77,3.87,0.83,1.63,4.01,3.79,2.7,2.28,2.78,1.79,1.57,5.24,4.1,2.27,2.97,3.82,1.06,4.07,3.98,2.87,4.24,0.3,3.9,2.79,4.45,1.55,1.63,2.46,2.61,0.62,2.17,3.75,3.25,3.82,3.21,2.73,2.53
2014-12-01,2.29,1.81,1.55,4.07,4.06,1.06,1.85,4.17,3.79,2.75,2.59,2.97,2.26,1.62,5.48,4.28,2.25,3.22,3.94,1.41,4.3,3.97,3.29,4.3,0.48,3.96,2.85,4.54,2.06,1.86,2.42,2.21,0.74,2.33,3.92,3.47,3.7,2.88,2.48,2.66
2015-01-01,2.38,1.86,1.74,4.14,3.92,1.49,1.48,3.77,3.75,2.18,2.76,2.77,2.44,1.68,5.28,4.36,2.95,3.4,3.73,1.54,4.23,3.74,3.2,4.11,0.4,4.17,2.78,4.58,2.05,2.41,2.67,2.77,0.65,2.88,3.53,3.8,3.8,3.3,3.45,2.5
2015-02-01,2.31,2.09,1.65,4.03,3.54,1.65,1.78,4.23,3.58,1.69,2.93,2.86,1.78,1.74,4.89,4.49,2.54,3.69,4.02,1.69,4.13,4.62,3.65,3.91,0.24,4.2,2.73,4.28,1.64,2.47,2.81,2.63,0.85,3.0,4.31,3.54,3.55,3.78,3.78,2.35
2015-03-01,2.26,2.11,1.59,3.57,3.1,1.35,1.45,3.36,3.58,2.09,2.91,3.04,1.73,1.89,4.82,4.28,2.54,3.48,3.89,1.45,4.05,3.84,3.35,3.98,0.0,3.84,2.65,4.18,1.37,2.39,2.6,2.84,0.59,3.32,3.75,3.75,3.47,3.82,3.68,2.04
2015-04-01,2.13,2.2,1.64,3.47,2.42,1.48,1.38,3.03,3.36,1.93,2.83,3.26,2.41,1.87,4.63,3.91,2.67,3.1,4.38,1.38,4.07,3.56,3.38,3.56,-0.11,3.5,2.29,3.76,1.58,2.36,2.13,2.65,0.95,2.97,3.53,3.75,3.65,1.93,3.19,1.75
2015-05-01,2.15,2.15,1.93,3.64,2.12,1.44,1.67,3.24,3.34,2.45,3.37,3.2,2.43,2.0,4.83,4.0,2.85,3.24,4.36,1.64,4.27,3.99,3.25,3.94,-0.02,3.39,2.54,4.05,1.59,2.39,2.36,2.79,1.11,3.37,3.59,3.69,3.77,2.2,2.78,2.49
2015-06-01,2.11,2.4,1.9,3.56,1.93,1.47,1.65,3.33,3.3,2.42,3.19,3.55,1.91,1.91,4.75,3.96,2.75,3.37,4.46,1.55,4.42,4.23,3.23,4.06,-0.13,3.24,2.92,4.04,1.97,2.5,2.27,2.59,0.87,3.05,3.48,3.7,3.83,2.56,3.34,2.19
2015-07-01,2.22,2.9,1.92,3.65,1.56,2.06,1.39,2.96,3.46,2.44,3.35,3.13,1.9,1.7,5.35,3.95,3.18,3.11,4.61,2.2,4.49,3.96,3.63,4.02,0.26,3.33,2.79,4.07,2.15,2.71,2.48,3.58,1.15,4.0,3.56,4.23,4.4,3.02,3.16,3.08
2015-08-01,2.12,2.61,1.91,3.63,1.32,1.85,1.51,2.86,3.35,2.85,3.56,2.99,1.86,1.65,5.1,3.63,3.22,3.49,4.38,1.84,4.64,4.02,3.54,3.69,0.34,3.38,2.38,3.91,1.86,2.84,2.22,3.46,0.85,3.64,3.82,4.24,4.0,2.65,3.55,4.41
2015-09-01,2.03,2.6,1.93,3.47,1.06,1.84,1.38,2.9,3.15,1.93,3.59,3.17,2.21,1.63,4.63,3.47,3.23,3.31,4.58,1.5,4.65,3.92,3.32,3.71,-0.02,3.46,1.83,3.54,1.96,2.79,2.34,3.28,0.66,3.49,3.68,4.17,3.76,3.01,3.86,3.21
2015-10-01,2.17,3.05,1.98,3.31,0.7,2.15,1.5,3.15,3.43,2.06,3.78,3.13,2.11,1.75,5.17,3.18,3.48,3.97,5.0,2.03,4.58,3.98,3.67,3.89,-0.14,2.94,2.17,3.52,1.96,2.98,2.35,3.64,0.73,3.85,3.34,4.36,4.27,3.01,3.77,1.89
2015-11-01,2.05,2.9,1.83,2.99,0.17,2.19,1.43,2.75,3.19,1.92,3.86,3.11,1.92,1.66,4.88,3.42,3.13,4.13,5.05,1.95,4.42,4.01,3.43,3.76,0.15,3.08,1.84,3.94,1.88,2.5,2.04,3.54,0.63,3.64,3.35,4.07,3.97,2.95,3.91,2.9
2015-12-01,1.94,2.84,1.77,2.89,-0.08,2.41,1.46,2.84,3.22,1.87,3.51,2.96,1.65,1.63,5.12,3.21,3.03,3.97,5.19,2.11,4.42,4.09,3.38,3.9,-0.13,2.96,1.72,3.95,1.84,2.65,2.13,4.05,0.65,3.75,3.39,4.03,3.75,3.16,3.51,2.31
2016-01-01,1.94,3.11,1.86,3.08,0.25,1.74,1.47,3.37,3.22,2.24,3.49,2.98,1.99,1.78,4.45,3.07,2.72,3.92,4.99,2.01,4.39,3.84,3.29,4.04,-0.13,3.2,2.27,3.15,1.93,2.69,2.32,3.68,1.37,3.37,3.85,4.01,3.92,2.78,3.25,0.86
2016-02-01,2.01,3.03,1.77,3.13,0.07,1.69,1.51,3.26,3.31,2.72,3.58,3.37,1.87,1.78,4.21,2.91,3.09,3.8,4.79,1.72,4.37,3.63,3.43,4.06,0.1,3.18,2.36,3.27,2.07,2.89,2.05,4.17,1.24,3.6,3.71,4.19,3.97,2.87,3.64,0.86
2016-03-01,2.15,2.65,1.69,3.24,-0.04,2.15,1.89,3.13,3.16,2.42,3.71,3.16,1.81,1.68,3.91,3.03,2.69,3.74,4.83,2.03,4.15,3.99,3.34,4.41,0.38,3.21,2.68,3.2,2.31,2.78,1.94,3.56,1.49,3.42,3.67,3.69,3.57,2.66,3.32,-0.14
2016-04-01,2.19,3.24,1.57,3.29,0.24,2.29,1.8,3.74,3.55,2.35,3.75,3.54,2.31,1.8,4.26,2.95,3.28,4.22,4.68,1.86,4.24,4.29,3.5,4.1,0.34,3.17,2.44,3.48,2.1,2.56,2.52,4.0,1.05,3.75,3.66,4.18,3.94,3.53,3.55,1.15
2016-05-01,1.59,3.2,1.02,3.11,0.08,1.85,1.35,3.39,3.21,1.96,3.6,3.6,1.72,1.33,3.87,2.6,2.91,3.84,4.41,1.45,3.85,3.55,3.45,3.59,-0.07,2.88,2.13,3.15,1.77,2.31,1.81,3.84,0.63,3.39,3.43,3.87,3.67,3.17,3.4,0.86
2016-06-01,1.73,2.55,0.96,2.77,-0.14,1.64,1.37,3.25,2.95,1.62,3.28,3.29,1.82,1.02,3.56,2.47,2.57,3.42,4.09,1.39,3.66,3.15,3.23,3.59,-0.23,2.56,1.79,3.52,1.34,1.84,1.4,3.59,0.48,3.43,3.09,3.65,3.45,2.6,3.46,0.43
2016-07-01,1.74,2.63,1.32,2.95,0.03,1.6,2.1,3.5,3.07,2.21,3.82,3.23,2.18,1.86,3.57,2.7,2.85,3.88,4.5,0.99,4.11,3.77,2.88,4.1,-0.12,2.87,1.91,4.02,1.8,2.74,1.71,3.72,0.88,3.71,3.51,3.57,3.34,2.02,2.83,0.71
2016-08-01,1.74,2.35,1.26,2.92,-0.16,1.88,1.82,3.34,2.86,2.21,3.5,3.15,1.86,1.97,3.4,2.54,2.6,3.51,4.35,1.13,3.86,3.49,2.86,3.88,-0.27,3.02,1.99,3.45,1.62,2.45,2.11,3.65,0.9,3.52,3.13,3.34,3.1,2.53,2.44,-0.56
2016-09-01,1.91,2.29,1.39,3.21,-0.08,1.98,2.09,3.75,3.13,2.47,3.66,3.25,2.24,2.14,3.64,2.55,2.7,3.79,4.62,1.58,3.82,3.92,2.95,4.19,-0.08,2.9,2.46,3.83,1.81,2.6,2.38,3.52,0.94,3.71,3.29,3.46,2.97,2.17,2.35,0.14
2016-10-01,1.44,2.01,1.14,2.96,-0.2,1.55,1.8,3.14,2.32,1.81,3.04,3.06,1.92,1.79,3.09,2.37,2.39,3.26,3.97,0.95,3.72,3.18,2.73,3.81,0.1,2.82,2.21,3.05,1.7,2.0,2.2,2.85,0.64,3.03,3.28,3.21,2.37,1.96,2.5,1.0
2016-11-01,1.45,2.01,1.14,3.2,-0.04,1.74,1.56,3.31,2.4,1.78,2.62,3.17,2.26,1.71,2.52,2.17,2.48,2.78,3.97,1.07,3.58,3.17,2.86,3.6,-0.01,2.72,2.49,2.91,1.57,1.78,2.2,2.95,0.81,2.88,3.17,3.22,2.7,2.01,2.18,0.42
2016-12-01,1.58,2.01,1.03,3.13,0.05,1.6,1.6,3.23,2.32,1.74,2.75,3.19,1.89,1.65,2.2,2.1,2.48,2.99,3.81,0.98,3.56,2.92,2.36,3.57,-0.06,3.04,2.34,2.68,1.34,1.37,1.84,2.79,0.39,2.46,2.73,2.96,2.81,2.16,2.26,0.85
2017-01-01,1.73,1.48,0.92,3.0,-0.08,1.93,2.03,2.69,2.47,1.96,2.76,2.91,1.92,2.0,2.97,1.85,2.39,2.98,4.14,0.94,3.65,3.1,2.03,3.53,0.24,2.77,2.2,3.5,1.43,1.55,1.53,2.3,-0.11,2.97,2.38,2.67,2.26,2.31,1.35,2.13
2017-02-01,1.81,1.34,1.05,2.84,0.12,2.13,1.88,2.8,2.36,1.62,2.69,2.71,1.96,2.04,3.2,1.86,2.2,2.64,4.01,1.21,3.51,3.05,2.5,3.88,0.52,2.43,2.21,3.32,1.74,1.29,1.77,2.02,0.02,2.62,2.65,2.54,2.27,1.9,0.97,1.99
2017-03-01,1.52,1.6,1.12,3.03,0.74,2.05,1.56,3.01,2.48,1.52,2.8,2.91,2.05,2.31,3.81,2.06,2.49,2.55,3.86,0.96,3.69,2.93,2.68,3.42,0.4,2.56,2.03,3.76,1.38,1.43,1.86,2.54,0.0,2.64,2.76,2.97,2.75,2.39,1.72,3.58
2017-04-01,1.2,1.09,0.77,2.78,0.73,1.44,1.44,2.53,1.88,1.51,3.11,2.46,1.49,1.88,3.08,1.97,2.03,2.05,3.51,0.71,3.57,2.58,2.58,3.54,0.54,2.24,2.25,2.93,1.33,1.66,1.37,2.36,0.16,2.27,2.38,2.13,2.1,1.83,1.27,1.84
2017-05-01,1.9,1.18,0.91,2.63,1.03,1.8,1.69,2.39,2.29,1.39,2.96,2.53,1.84,1.64,3.6,2.2,2.09,2.0,3.55,0.95,3.77,2.89,2.69,3.46,0.79,2.31,2.27,3.14,1.3,1.56,1.54,2.42,0.31,2.37,2.59,2.42,2.19,1.98,2.24,2.12
2017-06-01,1.93,1.72,1.08,2.96,1.43,1.9,1.58,2.6,2.44,1.85,3.66,2.7,1.94,2.23,3.99,2.42,2.59,2.42,3.79,1.15,3.76,3.01,2.92,3.68,0.96,2.78,2.52,2.83,1.88,2.07,1.78,3.0,0.86,2.59,2.72,2.67,2.37,2.58,1.93,2.99
2017-07-01,1.6,1.35,0.58,2.42,0.83,1.44,1.12,2.28,1.95,1.2,2.8,2.39,1.06,1.43,3.45,2.03,1.77,1.94,3.0,1.21,3.09,2.54,2.91,3.49,0.72,2.23,1.92,2.54,1.05,0.88,1.56,2.06,0.13,1.67,3.05,2.0,2.29,2.08,1.86,2.82
2017-08-01,1.55,1.45,0.7,2.43,1.06,1.23,1.3,2.49,1.91,1.25,2.92,2.25,1.66,1.23,3.69,2.05,1.71,2.08,3.05,1.16,3.11,2.8,2.72,3.4,0.96,2.04,1.94,2.61,1.33,1.07,1.34,1.91,0.27,1.95,3.43,1.9,2.18,2.17,2.38,2.69
2017-09-01,1.48,1.55,0.67,2.29,0.68,1.1,1.08,2.06,-0.69,1.2,2.81,2.01,1.32,1.46,3.94,2.07,1.79,0.35,1.49,1.07,3.09,2.35,2.58,3.32,1.18,1.99,1.68,2.43,1.11,1.06,1.21,2.37,0.49,1.92,2.95,1.85,2.15,2.17,2.44,2.97
2017-10-01,1.7,1.62,0.63,2.56,1.32,1.31,1.25,2.52,1.51,1.43,3.12,2.22,1.32,1.52,3.87,2.2,1.99,1.79,3.51,1.14,3.32,2.51,2.45,3.27,1.28,1.96,1.72,2.81,1.07,1.48,0.86,2.57,0.57,2.3,3.01,1.83,2.15,0.1,1.33,0.28
2017-11-01,1.74,1.53,0.65,2.52,1.63,1.15,1.39,2.41,1.54,1.43,3.3,2.18,1.17,1.42,4.32,2.37,1.97,2.01,3.6,1.05,3.26,2.27,2.34,3.6,1.11,1.77,1.6,2.66,1.13,1.54,1.16,2.44,0.3,2.67,3.04,1.88,2.14,1.33,1.25,1.26
2017-12-01,1.76,1.68,0.71,2.38,1.69,1.01,1.33,2.13,1.64,1.4,3.3,2.24,1.22,1.46,4.07,2.59,2.04,1.74,3.75,0.99,3.39,2.26,2.7,3.15,1.38,1.5,1.46,2.98,1.39,1.85,1.25,2.78,0.54,2.99,3.2,2.08,2.14,1.97,2.14,1.68
2018-01-01,1.26,2.15,0.65,2.2,1.49,1.25,0.98,2.23,1.48,1.12,3.37,2.63,1.08,1.7,4.1,2.7,2.42,1.75,3.4,1.24,3.47,2.34,2.83,3.28,1.28,1.2,1.4,2.54,1.09,1.62,0.76,3.14,0.7,2.02,3.57,2.08,1.8,1.86,2.66,2.36
2018-02-01,1.5,2.06,0.69,2.31,1.85,1.41,1.24,2.25,1.63,1.5,3.58,2.49,1.35,1.67,4.34,2.65,2.53,2.09,3.48,1.34,3.65,2.46,2.11,3.14,1.27,1.55,1.44,2.92,0.97,1.53,0.81,3.2,0.81,2.36,3.3,2.23,1.99,2.2,3.03,3.06
2018-03-01,1.54,2.03,0.84,2.3,1.83,1.16,1.12,2.26,1.59,1.39,3.64,2.41,1.63,1.11,3.91,2.75,2.55,2.2,3.72,1.48,3.65,2.38,1.97,3.42,1.3,1.65,1.28,2.62,0.95,1.57,0.64,2.8,0.89,2.29,3.3,2.04,1.68,1.02,2.28,2.21
2018-04-01,1.62,1.8,0.55,2.19,1.74,1.26,1.16,2.19,1.57,1.31,3.07,2.26,1.19,0.96,4.19,2.84,2.18,2.19,3.53,1.36,3.54,2.52,1.9,3.08,1.0,2.13,1.05,3.08,0.92,1.12,0.53,2.85,0.8,2.42,3.68,2.24,1.71,1.46,3.02,3.2
2018-05-01,1.45,1.47,0.66,2.42,1.82,1.29,1.02,2.28,1.33,1.52,3.28,2.26,1.13,1.5,3.84,2.79,2.1,2.21,3.44,1.38,3.69,2.4,1.91,3.31,0.93,2.15,1.38,3.0,0.99,1.35,0.51,2.78,0.92,2.4,3.5,2.15,1.76,1.41,2.12,2.91
2018-06-01,1.43,1.59,0.69,2.48,1.97,1.23,1.29,2.12,1.26,1.47,2.91,2.05,1.13,1.31,3.9,2.78,2.07,2.1,3.37,1.29,3.79,2.3,2.0,3.21,0.9,2.07,1.19,2.9,1.06,1.38,0.81,2.69,0.94,2.63,3.36,2.23,1.79,1.02,2.48,2.9
2018-07-01,1.24,1.49,0.98,2.65,2.42,1.48,1.17,2.4,1.58,1.23,3.24,2.17,1.36,1.43,3.76,2.79,2.1,2.14,3.47,1.03,3.92,2.56,1.67,2.86,1.04,2.07,1.59,3.04,1.34,1.52,0.52,2.86,1.25,2.86,2.26,2.2,1.58,1.16,2.34,2.06
2018-08-01,1.2,1.58,0.84,2.67,2.64,1.51,1.13,2.27,1.97,1.06,3.29,2.37,1.24,1.43,3.46,2.83,2.19,2.31,3.7,1.13,4.26,2.5,1.65,3.26,0.72,2.31,1.64,3.26,1.22,1.64,0.44,2.88,1.32,2.75,2.37,2.55,1.68,1.21,2.11,2.21
2018-09-01,1.12,1.38,0.71,2.54,3.01,1.38,1.15,2.28,4.36,1.26,3.36,2.23,0.89,1.27,3.45,2.46,1.8,3.96,4.99,1.13,4.31,2.42,1.92,3.19,0.72,2.01,1.69,3.14,1.37,1.74,0.37,2.74,1.02,2.77,1.72,2.27,1.69,1.06,1.74,2.06
2018-10-01,1.48,1.39,0.71,2.45,2.75,1.27,1.33,2.14,2.41,1.45,3.36,2.47,1.55,1.31,3.12,2.39,1.57,2.29,3.5,0.87,4.26,2.89,1.99,3.26,0.84,1.94,1.52,3.39,1.28,1.53,0.64,2.7,1.18,2.6,2.54,2.33,1.87,2.96,2.92,4.36
2018-11-01,1.52,1.42,0.84,2.39,2.65,1.26,1.26,2.14,2.25,1.33,3.47,2.42,1.28,1.44,2.96,2.24,1.54,2.2,3.38,0.85,4.47,2.83,2.2,3.09,0.86,1.99,1.25,3.44,1.43,1.47,0.31,2.82,1.4,2.62,2.35,2.33,1.83,1.75,3.28,3.19
2018-12-01,1.39,1.42,0.68,2.54,2.72,1.32,1.11,2.01,1.94,1.42,3.35,2.12,1.28,1.38,3.01,2.02,1.69,2.28,2.84,0.78,4.28,2.61,2.05,3.44,0.75,1.98,1.32,3.08,1.05,1.16,0.32,2.66,1.35,2.46,2.06,2.33,1.85,1.01,2.31,2.47
2019-01-01,1.72,1.1,0.8,2.58,2.88,1.23,1.42,2.98,1.99,1.46,3.53,2.21,1.01,0.71,3.05,2.26,1.58,2.62,2.96,0.98,4.09,3.03,2.51,3.46,0.93,2.06,1.43,3.41,1.05,2.05,0.9,2.51,1.51,2.77,2.92,2.16,2.23,0.14,2.31,1.09
2019-02-01,1.45,1.22,0.51,2.55,2.76,1.05,1.15,2.87,1.89,1.35,3.21,1.42,0.88,0.53,2.55,2.38,1.27,2.6,3.31,0.92,4.18,2.85,1.97,3.38,0.59,1.85,0.9,3.29,0.89,2.12,0.27,2.33,1.37,2.43,2.54,2.01,1.93,-0.67,1.79,0.27
2019-03-01,1.55,1.22,0.29,2.5,2.28,1.3,1.39,2.61,1.76,1.39,3.12,2.03,0.57,0.63,2.72,1.65,1.21,2.44,3.12,0.81,3.98,2.79,1.93,3.22,0.57,1.74,1.06,3.08,1.07,1.59,0.37,2.54,1.2,2.63,2.47,2.06,2.06,0.1,1.8,0.95
2019-04-01,1.64,1.12,0.82,2.64,2.39,1.26,1.5,2.48,1.86,1.42,3.42,2.18,0.52,1.1,2.93,2.08,1.31,2.46,3.21,0.63,4.1,2.66,1.99,3.59,0.77,1.61,1.34,3.27,1.14,2.11,1.02,2.19,1.18,3.26,2.13,2.06,1.67,-0.62,1.64,0.54
2019-05-01,1.35,1.23,0.83,2.61,2.35,1.21,1.41,2.39,1.68,1.4,3.47,2.24,0.51,0.98,2.74,2.07,1.34,2.52,3.12,0.55,3.84,2.53,1.92,3.44,0.68,1.61,0.98,3.09,1.19,1.9,1.16,2.24,1.11,3.36,1.97,2.09,1.6,-0.38,1.57,0.94
2019-06-01,1.22,1.13,0.82,2.47,2.07,1.28,1.23,2.31,1.65,1.49,3.26,2.43,0.41,0.99,2.73,2.11,1.25,2.38,2.94,0.53,3.61,2.58,1.71,3.13,0.82,1.58,0.98,2.85,0.91,1.7,0.86,1.86,0.89,2.72,1.79,1.95,1.35,-0.43,1.0,0.13
2019-07-01,1.36,1.15,0.61,2.81,2.49,1.16,1.42,2.13,1.75,1.57,3.16,2.56,0.44,0.81,2.82,2.51,1.42,2.52,2.97,0.39,4.01,2.45,2.11,3.09,0.56,1.59,1.13,2.9,0.69,1.87,0.63,2.07,0.98,2.41,2.4,2.22,1.67,0.14,1.21,0.67
2019-08-01,1.39,0.95,0.58,2.83,2.37,0.88,1.5,2.17,1.74,1.67,3.58,2.54,0.56,0.94,3.18,2.4,1.39,2.29,2.97,0.33,3.96,2.62,2.27,2.93,0.84,1.57,1.02,2.72,0.75,1.67,0.86,2.25,0.77,2.69,2.14,2.24,1.87,0.48,1.21,1.48
2019-09-01,1.4,1.08,0.44,2.82,2.44,1.08,1.42,2.24,1.32,1.5,3.35,2.39,0.64,0.65,2.56,2.67,1.21,2.36,2.51,0.22,3.83,2.61,1.89,2.65,0.68,1.8,1.04,2.53,0.82,1.35,0.85,1.98,0.85,2.66,3.12,2.06,1.67,0.57,1.56,0.81
2019-10-01,0.98,0.83,0.59,2.95,2.06,1.34,1.19,2.16,1.55,1.44,3.33,2.19,-0.13,0.79,3.41,2.63,1.68,2.4,2.35,0.6,3.72,2.35,1.77,1.94,0.47,1.75,1.22,2.26,1.05,1.61,0.97,2.16,0.6,2.8,2.46,1.88,1.63,0.72,0.21,1.08
2019-11-01,1.14,1.14,0.43,3.29,2.08,1.46,1.4,2.2,1.81,1.57,3.4,2.19,0.25,0.55,4.09,2.64,1.9,2.54,2.29,0.79,3.95,2.66,1.71,2.55,0.47,1.89,1.58,2.93,1.07,1.91,1.11,2.18,0.58,2.62,2.61,2.05,1.86,0.57,-0.14,0.67
2019-12-01,1.05,0.88,0.59,3.09,1.82,1.45,1.43,2.46,1.96,1.46,3.69,2.67,0.6,0.7,3.93,2.67,1.37,2.63,2.62,1.09,3.99,2.67,1.75,2.57,0.37,1.9,1.71,3.27,1.26,2.04,1.34,1.7,0.6,2.49,2.93,1.91,1.94,0.53,-0.07,0.27
2020-01-01,1.33,1.51,0.72,3.09,1.98,1.49,1.3,1.71,1.77,1.65,3.4,2.27,0.34,1.09,3.81,2.44,1.53,2.38,2.52,0.35,4.26,2.59,1.41,2.58,-0.16,1.91,1.39,2.79,1.25,1.01,1.13,2.18,0.24,2.36,2.26,2.32,2.19,1.54,0.56,0.94
2020-02-01,1.2,1.52,0.72,3.0,1.83,1.42,1.43,1.61,1.67,1.55,3.26,3.19,0.44,1.0,3.82,2.08,1.83,2.42,2.07,0.17,3.85,2.56,1.79,2.23,0.15,1.68,1.61,2.43,1.11,1.09,1.74,2.15,0.27,2.62,2.65,2.16,2.15,2.17,1.2,1.35
2020-03-01,-0.19,0.11,-0.35,2.25,1.19,0.52,0.42,0.9,0.43,0.41,2.41,1.49,-0.64,0.29,2.8,1.97,0.57,1.56,1.07,-0.58,3.09,1.75,0.56,1.52,-0.85,0.95,0.39,1.7,0.13,0.18,1.15,1.28,-0.82,2.04,2.2,0.78,0.79,0.67,0.42,-0.94
2020-04-01,-19.09,-15.48,-13.6,-9.1,-9.95,-11.28,-16.3,-12.3,-15.09,-16.71,-8.97,-10.04,-25.67,-14.25,-11.29,-11.41,-15.54,-10.56,-14.06,-13.21,-9.53,-10.34,-13.02,-12.01,-18.99,-11.28,-12.91,-24.66,-14.38,-12.47,-11.73,-11.88,-15.13,-7.51,-10.21,-14.62,-11.61,-17.2,-14.21,-23.59
2020-05-01,-17.8,-14.9,-13.53,-7.41,-8.44,-11.17,-14.47,-10.18,-12.04,-15.8,-6.18,-10.82,-22.78,-13.53,-9.97,-9.62,-14.96,-7.07,-17.65,-12.34,-7.63,-8.62,-12.62,-10.69,-15.44,-9.11,-9.74,-25.01,-12.06,-10.0,-9.38,-10.8,-12.61,-5.59,-8.62,-13.36,-10.23,-15.74,-13.23,-20.96
2020-06-01,-16.23,-12.26,-11.73,-5.65,-7.16,-10.25,-11.85,-8.07,-8.07,-13.86,-3.85,-8.98,-14.04,-10.94,-5.62,-8.07,-11.27,-4.35,-14.74,-10.25,-5.46,-5.89,-10.26,-7.56,-10.91,-6.81,-6.77,-17.57,-8.28,-7.18,-6.51,-7.72,-9.4,-4.58,-5.68,-11.97,-8.85,-12.03,-10.01,-15.55
2020-07-01,-13.99,-11.96,-9.87,-5.24,-7.53,-8.55,-9.27,-7.29,-8.3,-11.57,-4.88,-8.13,-11.03,-9.68,-6.16,-7.6,-10.68,-4.45,-12.32,-8.67,-4.7,-4.64,-9.14,-6.63,-10.08,-7.14,-5.74,-14.87,-6.91,-5.5,-5.16,-7.15,-8.86,-3.39,-4.54,-11.75,-8.68,-11.58,-9.38,-14.57
2020-08-01,-12.18,-11.79,-8.61,-4.71,-7.32,-7.11,-8.49,-6.43,-8.85,-9.85,-4.35,-7.64,-9.87,-8.64,-5.5,-6.75,-10.43,-3.71,-11.98,-8.49,-4.08,-4.31,-8.25,-5.59,-9.14,-6.43,-5.04,-14.34,-6.23,-4.4,-4.46,-7.13,-8.28,-3.01,-3.39,-11.63,-8.61,-11.99,-9.77,-14.76
2020-09-01,-10.63,-11.18,-8.14,-4.23,-6.97,-6.42,-7.61,-6.16,-7.53,-8.91,-3.85,-6.84,-8.71,-7.9,-4.15,-6.01,-9.19,-3.91,-11.26,-7.21,-3.42,-3.6,-7.91,-5.21,-8.67,-5.7,-4.61,-13.6,-5.53,-3.92,-4.73,-6.04,-7.31,-2.68,-2.58,-10.99,-7.82,-11.59,-10.15,-14.27
2020-10-01,-9.57,-9.53,-7.46,-3.39,-6.21,-6.58,-6.76,-5.03,-7.21,-8.11,-3.08,-6.76,-7.12,-6.97,-3.51,-5.25,-8.11,-3.04,-10.07,-7.12,-2.59,-2.18,-7.65,-3.2,-8.27,-4.95,-4.18,-12.59,-5.12,-3.32,-4.23,-5.0,-6.66,-2.09,-2.02,-10.0,-7.68,-11.07,-8.55,-13.87
2020-11-01,-9.93,-9.35,-8.07,-3.52,-6.01,-6.7,-6.93,-4.9,-7.09,-8.02,-2.86,-6.71,-7.53,-6.77,-3.82,-5.23,-8.23,-2.86,-8.98,-7.24,-2.57,-2.12,-7.6,-2.82,-8.1,-4.85,-4.17,-12.7,-5.22,-3.49,-4.14,-4.99,-6.58,-1.75,-1.66,-10.19,-7.75,-10.75,-8.75,-13.08
2020-12-01,-9.84,-10.11,-8.15,-3.06,-5.8,-6.59,-7.23,-4.49,-6.76,-8.4,-2.83,-7.54,-9.11,-8.49,-4.19,-6.0,-9.06,-2.43,-8.62,-7.15,-2.08,-1.71,-8.76,-2.6,-8.79,-4.51,-4.0,-13.12,-5.06,-3.5,-4.08,-5.38,-6.55,-1.46,-1.19,-10.61,-8.16,-10.88,-8.4,-13.1
2021-01-01,-9.88,-11.2,-7.69,-2.86,-5.96,-6.65,-6.67,-4.28,-6.21,-8.37,-2.6,-7.88,-7.93,-7.27,-5.08,-5.21,-9.89,-2.43,-9.12,-6.42,-2.21,-2.42,-8.32,-3.09,-8.04,-4.67,-3.27,-12.83,-4.14,-2.83,-3.73,-5.64,-6.01,-0.42,-1.51,-11.19,-8.63,-11.97,-9.46,-15.71
2021-02-01,-9.79,-9.97,-6.96,-3.33,-6.52,-6.74,-6.65,-3.99,-5.86,-8.01,-2.25,-7.6,-6.86,-6.88,-3.39,-4.49,-8.35,-2.44,-8.84,-6.32,-2.6,-2.37,-7.85,-3.24,-7.97,-5.17,-3.24,-11.9,-4.28,-3.02,-4.45,-4.72,-6.04,-0.71,-1.43,-10.37,-7.83,-10.71,-9.34,-13.03
2021-03-01,-8.17,-7.99,-5.71,-1.76,-5.02,-5.73,-5.26,-3.06,-4.32,-6.69,-1.28,-6.26,-5.71,-5.53,-2.39,-3.65,-6.66,-1.18,-7.44,-5.1,-0.88,-1.53,-5.96,-2.1,-6.53,-3.55,-2.14,-10.33,-3.11,-1.34,-3.11,-3.48,-4.83,-0.14,-0.44,-8.74,-6.35,-9.07,-7.87,-10.15
2021-04-01,13.81,10.53,9.1,10.67,6.91,7.28,13.77,11.67,13.39,13.16,10.9,6.23,25.28,10.52,13.56,10.67,12.11,11.75,9.33,9.31,13.78,11.93,8.99,12.9,14.45,10.13,12.63,22.87,13.34,12.59,10.12,11.75,11.25,9.68,14.14,8.65,7.74,12.05,8.61,18.25
2021-05-01,12.41,10.52,8.71,8.61,5.14,7.34,11.57,9.46,10.2,11.86,8.0,7.1,20.47,9.62,12.61,8.77,12.03,8.29,14.83,8.49,12.13,9.98,8.74,11.73,9.98,7.99,8.64,25.1,10.61,9.6,7.5,10.37,7.92,7.17,12.87,7.41,6.2,10.11,7.46,13.68
2021-06-01,10.51,7.36,6.73,6.91,3.99,6.25,8.51,7.3,6.15,9.34,6.13,5.01,8.74,6.46,7.5,6.99,7.63,5.83,12.22,5.82,10.27,6.31,6.2,8.71,4.58,5.71,5.41,16.2,5.87,6.35,4.26,7.04,4.19,6.86,10.16,5.98,4.69,5.69,4.39,6.98
2021-07-01,8.72,8.31,4.93,7.32,5.53,5.24,6.44,7.94,7.38,7.72,7.5,4.54,5.83,5.75,8.91,6.95,8.32,6.33,11.25,5.13,10.74,5.68,5.61,8.59,4.37,6.75,5.52,14.3,5.29,5.55,4.48,7.61,4.66,6.31,9.47,6.84,5.14,6.55,4.2,6.42
2021-08-01,6.79,8.81,3.76,6.66,5.2,4.2,5.52,6.86,7.6,5.98,6.7,4.29,4.92,4.47,8.0,5.83,8.21,5.73,11.07,5.2,9.96,4.64,4.46,7.74,3.07,5.48,4.71,14.01,4.84,4.69,3.45,7.46,4.01,5.6,7.75,6.76,5.12,6.49,5.3,7.02
2021-09-01,5.32,7.38,3.62,6.41,5.03,3.41,4.51,6.43,6.59,4.67,6.39,4.13,3.9,3.05,6.74,5.35,7.48,6.27,11.01,3.67,9.63,3.97,4.39,7.12,2.63,5.35,3.52,13.06,3.59,3.57,2.44,6.14,2.51,4.65,6.42,6.27,4.7,6.34,5.06,7.15
2021-10-01,5.74,7.19,3.94,6.51,5.43,4.0,4.52,6.59,6.86,4.64,5.92,4.81,4.25,3.29,6.61,5.5,7.0,6.2,11.07,3.84,10.19,3.81,4.93,6.56,3.12,5.68,4.17,13.39,4.0,4.31,3.32,5.71,2.69,4.63,6.45,6.71,5.13,6.25,6.18,7.74
2021-11-01,6.26,7.03,4.87,6.68,5.44,4.18,4.98,6.58,7.0,4.63,5.51,4.97,4.57,3.38,6.2,5.86,7.21,6.22,10.21,4.02,10.24,3.79,5.06,5.64,3.23,5.61,4.3,13.46,4.28,4.42,3.36,5.59,2.86,4.39,6.2,6.91,5.34,6.45,6.42,7.68
2021-12-01,6.77,8.33,5.66,6.73,5.73,4.4,5.95,6.14,6.64,5.02,5.66,5.7,6.12,5.51,7.3,6.99,8.92,6.08,10.08,4.52,10.15,3.85,6.37,5.95,4.2,5.51,4.49,14.21,4.19,4.85,3.35,6.45,2.68,4.51,6.03,7.84,6.1,6.93,6.09,8.77
2022-01-01,6.47,8.83,5.06,6.35,5.31,3.49,5.36,5.65,6.2,4.8,5.39,5.6,5.4,3.56,8.21,6.29,9.98,5.87,10.65,3.58,9.77,3.83,6.34,6.7,3.77,6.11,4.03,13.94,3.6,4.49,3.35,6.25,2.0,3.9,5.58,8.36,6.4,8.01,6.89,12.32
2022-02-01,7.24,8.18,4.96,7.53,6.46,4.16,6.09,6.12,6.47,4.96,5.64,6.03,4.32,3.73,8.13,5.99,8.59,6.01,11.21,4.22,11.05,4.75,6.4,7.84,3.78,7.58,4.7,14.14,4.37,4.84,4.42,5.96,2.2,4.42,6.52,7.98,5.93,6.82,6.92,8.87
2022-03-01,6.94,7.47,4.87,6.71,5.82,3.72,5.71,6.11,6.11,4.63,5.16,5.75,4.56,2.86,7.87,5.75,8.34,5.63,10.76,3.12,10.19,4.82,5.53,7.53,3.37,6.57,4.55,13.51,4.02,4.63,3.17,5.65,2.1,4.45,6.26,7.68,5.89,6.77,6.71,8.13
2022-04-01,6.72,6.56,4.6,7.14,6.29,3.69,5.71,6.51,6.63,4.32,6.01,5.34,5.93,3.18,6.59,6.21,7.73,6.9,10.9,3.2,10.27,4.89,5.25,7.78,3.42,6.32,4.55,12.68,4.38,4.93,3.38,5.15,2.84,4.46,6.01,6.81,5.65,5.92,5.58,7.42
2022-05-01,6.71,5.82,4.71,7.08,6.3,3.51,5.61,6.11,6.38,4.03,5.83,5.21,5.57,3.09,5.88,5.7,7.15,6.28,10.37,3.04,9.63,4.87,4.96,7.42,3.36,5.85,3.99,11.59,4.04,4.79,3.24,5.06,2.81,4.54,5.31,6.49,5.47,5.71,5.89,7.13
2022-06-01,6.71,5.75,4.31,6.75,6.01,2.82,5.26,5.64,5.92,4.02,5.17,4.88,4.94,2.67,5.7,4.94,6.84,5.78,9.52,2.46,9.12,5.08,4.37,7.08,2.6,5.61,3.18,9.8,3.98,4.64,3.02,4.68,2.51,4.23,5.32,6.42,5.5,5.59,5.4,6.68
2022-07-01,6.36,4.66,4.54,6.73,5.96,3.12,5.02,5.16,5.33,3.38,5.26,4.71,5.19,2.58,5.03,4.6,5.43,5.75,8.55,2.6,9.28,4.74,4.68,6.4,2.67,5.74,2.57,8.03,3.53,4.15,3.06,3.77,1.7,4.26,5.65,5.09,4.76,3.96,5.9,7.06
2022-08-01,6.25,3.97,4.45,6.95,6.16,2.94,5.0,5.1,5.54,3.15,5.0,4.65,4.18,2.54,4.89,4.88,5.3,5.81,8.4,2.59,9.47,5.13,4.79,6.28,2.53,6.06,2.5,7.78,3.57,4.0,3.26,3.83,1.92,4.32,5.86,4.84,4.67,4.01,4.22,6.27
2022-09-01,5.71,4.52,4.25,6.79,6.06,2.9,5.09,5.17,5.75,3.32,4.82,3.81,4.02,3.16,5.04,4.46,5.29,5.41,8.24,2.87,9.21,5.15,4.11,6.78,2.82,5.8,3.06,8.24,3.97,4.85,4.23,3.94,2.3,4.78,6.02,4.6,4.52,3.28,4.23,6.53
2022-10-01,4.24,2.73,3.08,5.81,5.25,2.06,4.06,4.0,4.86,2.35,4.4,2.86,2.63,1.8,2.97,3.83,3.78,4.53,6.86,1.47,7.85,3.62,3.18,5.81,1.99,4.67,1.71,6.57,2.92,3.28,3.02,2.66,1.73,3.85,4.87,2.81,3.63,2.82,1.46,4.74
2022-11-01,4.0,2.26,2.81,5.45,5.07,2.0,3.64,3.79,4.42,2.2,4.49,2.27,2.45,1.71,2.75,3.52,3.43,4.23,6.24,1.27,7.56,3.38,2.68,5.56,1.74,4.5,1.39,5.96,2.71,3.14,3.04,2.76,1.45,3.56,4.85,2.68,3.31,2.1,1.02,4.71
2022-12-01,3.46,2.12,2.16,4.79,4.77,1.45,3.16,3.48,4.46,1.88,3.87,2.14,2.27,1.36,2.32,3.14,3.26,3.94,6.02,0.56,7.06,3.1,2.69,4.83,1.65,4.33,0.81,5.37,2.45,2.88,2.83,2.64,1.59,3.1,4.46,1.97,2.71,1.74,1.45,4.24
2023-01-01,3.84,2.14,2.87,5.33,5.6,2.67,3.59,3.82,4.54,2.26,4.03,2.84,2.57,2.16,2.16,3.0,2.62,4.28,6.26,1.42,7.5,3.82,3.56,4.92,2.0,4.36,1.46,6.18,2.93,3.31,2.84,2.22,2.07,3.08,5.13,1.59,2.62,1.19,1.45,3.8
2023-02-01,3.08,1.1,2.34,4.61,5.16,2.1,2.81,3.1,4.0,1.77,3.65,1.84,2.12,1.65,0.69,2.66,2.18,3.97,5.56,0.82,6.92,2.91,2.75,4.28,1.66,3.82,1.05,5.08,2.65,3.11,2.25,1.8,1.79,2.66,4.27,0.99,2.18,1.19,2.01,4.07
2023-03-01,2.9,0.84,2.16,4.59,5.09,2.26,2.63,2.87,4.13,1.78,3.58,1.44,1.87,1.96,0.51,2.7,1.79,4.01,5.48,1.32,6.98,2.77,2.48,3.99,1.53,4.08,1.06,4.72,2.73,2.92,2.69,1.37,1.7,2.32,4.03,0.46,1.47,0.29,0.21,2.92
2023-04-01,2.0,0.34,1.9,3.92,4.4,1.91,2.13,2.42,3.62,1.35,3.51,1.25,1.5,1.14,1.05,2.1,1.2,3.46,5.05,1.55,5.84,2.43,2.14,3.77,1.38,3.6,1.33,3.56,1.97,2.77,2.81,1.04,0.49,2.25,3.31,0.28,0.72,-0.25,0.57,2.21
2023-05-01,2.32,0.55,1.88,3.78,4.31,2.01,2.27,2.31,3.59,1.55,3.27,1.15,1.99,1.52,1.49,2.3,1.61,3.2,5.1,1.7,5.78,2.45,2.02,3.54,1.24,3.55,1.85,3.47,2.03,3.09,2.9,1.56,0.72,2.47,3.71,0.09,0.5,0.44,0.93,2.91
2023-06-01,2.34,0.41,2.3,3.85,4.54,2.78,2.47,2.65,3.75,1.52,3.6,1.47,2.37,2.04,1.43,2.88,1.63,3.39,5.05,2.64,6.01,2.94,2.43,3.85,2.0,3.86,2.49,3.71,2.36,3.05,3.53,1.79,1.35,2.78,4.12,-0.24,0.21,0.34,1.35,3.2
2023-07-01,1.61,-0.09,1.2,2.73,3.18,1.45,1.76,1.56,3.03,1.09,3.13,0.22,1.48,1.21,0.76,2.31,1.32,2.95,3.66,1.65,3.79,2.33,0.91,3.05,1.38,2.8,1.68,2.81,1.73,2.18,2.39,1.31,0.73,1.78,2.81,-0.74,-0.29,0.05,1.06,2.06
2023-08-01,1.52,-0.13,1.15,2.46,3.1,1.37,1.73,1.66,2.84,1.0,3.24,-0.23,1.4,1.2,0.87,2.21,1.37,2.64,3.16,1.37,3.42,2.29,0.71,2.61,1.63,2.7,1.86,2.55,1.28,2.51,1.41,1.22,0.66,1.52,2.97,-0.88,-0.55,-0.1,1.92,1.51
2023-09-01,1.66,-0.01,1.21,2.28,3.19,1.3,1.83,1.7,2.68,1.06,3.4,-0.1,1.63,1.53,1.14,2.01,1.15,2.42,2.97,1.31,3.22,2.14,1.14,2.63,1.28,2.58,1.9,2.96,1.24,2.54,1.95,1.46,0.8,1.71,3.03,-0.71,-0.5,0.59,2.84,0.82
2023-10-01,1.35,-0.05,0.92,1.85,2.75,1.43,1.69,1.38,2.87,0.93,1.93,-0.25,0.6,1.51,1.35,1.24,0.88,2.51,2.77,2.14,3.14,2.18,1.02,2.67,1.31,2.77,2.06,3.27,1.11,2.48,1.69,1.62,0.42,1.61,3.45,-0.78,-0.78,-0.1,3.95,2.06
2023-11-01,1.28,-0.02,0.96,1.84,2.48,1.31,1.64,1.35,2.91,0.84,2.17,0.09,0.6,1.31,1.64,0.74,0.92,2.41,2.95,2.33,3.04,2.19,1.23,2.9,1.35,2.75,1.91,3.31,0.87,2.53,1.54,1.73,0.41,1.65,3.32,-0.97,-1.21,0.15,4.24,1.36
2023-12-01,1.53,0.38,1.02,1.96,2.45,1.58,1.59,1.52,2.92,1.13,2.66,0.21,1.17,1.25,1.22,1.09,0.88,2.18,2.65,2.29,2.94,2.25,1.0,2.92,1.52,2.49,1.89,3.68,0.99,2.47,1.54,1.46,0.56,1.73,3.95,-0.77,-0.94,-0.15,4.3,0.81
2024-01-01,1.26,1.46,0.24,1.66,2.04,1.59,0.99,1.36,2.7,0.54,3.38,-0.01,0.61,0.69,1.88,0.83,1.83,1.98,2.57,3.37,2.66,1.48,-0.69,2.15,1.24,2.26,1.22,2.88,0.18,1.73,1.13,2.48,0.33,1.65,3.27,-0.17,0.09,1.23,4.07,1.63
2024-02-01,1.32,1.11,0.27,1.66,1.97,1.41,1.08,1.28,2.55,0.48,3.29,0.25,0.64,0.66,1.19,1.17,1.16,1.89,2.45,3.14,2.64,1.48,-0.3,2.12,1.45,1.97,1.04,3.18,0.1,1.99,1.95,1.7,0.47,1.49,3.1,-0.75,-0.58,-0.05,2.26,0.4
2024-03-01,1.49,1.19,0.41,1.41,1.97,1.6,1.14,1.63,2.5,0.59,3.41,0.55,0.6,1.02,1.24,0.99,1.27,1.78,2.43,3.06,2.38,1.4,-0.18,2.47,1.43,1.61,1.25,2.69,0.08,1.84,1.85,2.12,0.66,1.71,3.17,-0.64,-0.37,0.34,3.64,0.95
2024-04-01,2.09,1.02,0.4,1.38,1.93,1.37,1.29,1.69,2.36,0.39,2.46,0.28,0.51,1.14,1.32,0.34,1.27,1.46,2.13,2.08,2.5,1.61,-0.14,1.9,1.18,1.96,1.06,2.81,0.32,1.86,2.0,2.12,0.97,1.08,3.62,-0.91,-0.55,-0.05,3.06,0.54
2024-05-01,1.65,0.65,0.5,1.47,1.91,1.3,1.07,1.82,2.01,0.36,2.14,0.47,0.57,0.87,0.77,0.52,0.6,1.51,1.83,1.79,2.53,1.48,-0.13,2.03,1.21,2.08,1.54,2.68,0.32,2.0,1.76,1.58,0.81,1.03,3.49,-0.88,-0.38,-0.68,2.33,0.27
2024-06-01,1.49,0.37,0.1,1.35,1.71,1.17,0.98,1.47,1.58,0.45,1.65,0.05,0.1,0.96,0.59,0.55,0.44,1.26,1.27,1.57,2.11,1.03,-0.27,1.84,0.89,1.62,1.58,1.67,0.12,1.89,1.55,1.37,0.35,0.43,2.29,-1.15,-0.55,-0.59,1.47,0.81
2024-07-01,1.47,0.97,0.43,1.29,0.87,1.55,0.71,1.42,1.71,0.07,1.61,0.78,-0.5,0.59,0.87,0.39,0.89,0.98,1.34,1.64,2.43,0.99,-0.17,1.74,0.87,1.77,1.56,1.81,0.45,1.64,0.87,1.34,0.45,0.94,2.56,-0.75,-0.13,-0.73,0.91,0.27
2024-08-01,1.42,0.97,0.37,1.34,1.77,1.32,0.76,1.25,1.82,0.07,1.35,0.77,0.36,0.78,0.81,0.27,0.44,0.78,1.53,1.55,2.44,0.99,-0.1,1.82,0.69,2.0,1.57,1.97,0.56,1.33,2.17,1.57,0.31,1.09,2.57,-1.07,-0.18,-0.39,0.77,1.62
2024-09-01,1.68,0.91,0.48,1.37,1.59,1.57,0.75,1.02,1.72,-0.08,1.19,1.11,0.27,0.73,0.63,0.64,0.2,1.01,1.43,1.58,2.71,1.08,-0.11,1.38,0.89,1.62,1.88,1.41,0.69,1.21,2.08,1.4,0.2,1.01,2.54,-1.19,-0.59,-0.88,0.35,1.62
2024-10-01,1.85,1.48,0.77,1.58,1.76,1.6,0.95,1.12,0.97,0.03,2.46,-0.64,0.28,0.68,1.59,0.88,0.83,-1.38,0.13,1.71,2.57,1.16,0.0,1.11,0.85,1.38,1.97,1.25,1.09,1.4,2.05,1.79,0.37,1.41,2.3,-0.91,-0.23,0.0,0.83,0.81
2024-11-01,1.86,1.42,0.77,1.54,1.86,1.65,0.99,1.11,1.32,-0.03,2.15,0.64,0.38,0.95,1.57,1.2,0.73,0.53,0.96,1.43,2.55,1.11,-0.3,0.77,0.72,1.42,2.25,1.02,1.05,1.41,1.76,1.32,0.35,1.55,2.48,-1.05,0.05,-0.15,0.48,0.27
2024-12-01,1.67,0.41,0.77,1.62,1.75,1.56,0.99,0.98,1.11,-0.17,1.65,0.76,-0.15,1.07,1.57,0.88,0.31,0.51,0.94,1.44,2.59,0.97,-0.22,0.65,0.52,1.56,2.56,0.67,1.12,1.32,1.61,1.48,0.02,1.48,1.48,-1.37,-0.19,0.15,-0.48,0.13
2025-01-01,1.77,-0.6,0.96,1.26,1.67,0.9,1.33,0.77,1.39,0.0,0.76,0.56,-0.75,0.92,0.86,1.3,-0.31,0.62,0.86,0.01,2.66,1.29,0.27,1.07,0.24,1.23,2.24,0.55,0.62,1.25,0.38,1.03,-0.12,1.42,2.28,-1.51,-0.81,-0.63,0.27,-0.4
2025-02-01,1.7,-0.2,0.91,1.34,1.57,0.92,1.06,0.83,1.49,-0.26,0.53,0.05,-0.22,0.88,1.28,0.09,-0.08,0.71,0.6,0.07,2.4,1.06,-0.38,0.82,0.07,1.35,2.18,-0.03,0.99,0.95,0.68,1.27,-0.17,1.3,2.07,-1.2,-0.29,-0.68,0.9,0.13
2025-03-01,1.57,-0.22,0.66,1.42,1.34,0.6,0.97,0.28,1.36,-0.49,0.44,-0.34,-0.48,0.45,1.43,0.1,-0.33,0.74,0.36,0.09,2.31,1.09,-0.64,0.22,0.15,1.17,2.19,0.49,0.75,1.08,0.91,1.08,-0.42,1.19,1.85,-1.16,-0.13,-0.54,0.96,-0.27
2025-04-01,0.58,0.56,0.8,1.55,1.51,0.55,1.0,0.41,1.14,-0.31,0.46,0.03,-0.32,1.05,1.47,0.68,0.13,0.63,0.5,-0.03,2.46,1.03,-0.34,1.06,0.42,1.21,2.17,0.82,1.07,0.92,0.9,1.39,-0.19,1.83,2.06,-0.93,0.65,0.59,1.1,-0.13
2025-05-01,0.71,0.65,0.73,1.49,1.29,0.41,1.03,0.28,1.11,-0.48,0.33,0.17,-0.5,0.75,1.53,0.38,0.2,0.52,0.48,0.02,2.44,1.13,-0.38,0.84,0.42,0.97,1.79,0.62,1.06,0.53,0.86,1.23,-0.14,1.61,2.11,-1.04,0.59,0.49,0.97,0.13
2025-06-01,0.31,0.49,0.56,1.13,1.02,0.01,0.9,0.05,1.0,-1.09,0.33,0.06,-0.59,0.1,1.33,-0.79,-0.01,0.13,0.65,-0.3,1.88,1.18,-0.79,-0.06,0.36,0.27,1.56,0.64,0.47,0.62,0.34,1.07,-0.16,1.51,2.08,-0.89,0.64,0.34,1.18,-0.94
2025-07-01,0.4,-0.02,0.68,1.25,1.71,-0.48,0.93,0.41,0.51,-0.65,0.34,-0.17,-0.15,0.58,1.34,0.15,-0.38,0.14,0.74,-0.8,2.14,1.38,-0.72,0.42,0.24,0.36,1.86,2.23,0.47,0.97,1.22,0.93,-0.05,1.43,2.34,-0.74,0.91,0.39,0.55,-0.81
2025-08-01,0.34,0.15,0.53,1.05,0.6,-0.74,0.76,0.41,0.29,-0.91,0.13,-0.3,-0.7,0.43,1.13,0.12,-0.27,0.1,0.68,-0.67,2.02,1.32,-0.86,0.7,0.46,0.03,1.71,2.53,0.66,1.0,0.57,0.71,-0.11,1.38,2.13,-0.51,0.94,0.1,0.9,-1.33
2025-09-01,0.09,-0.25,0.28,0.98,0.4,-1.23,0.54,0.3,-0.09,-1.0,-0.18,-0.61,-1.04,0.44,0.91,-0.15,-0.38,-0.21,0.36,-0.94,1.69,1.05,-1.4,0.38,0.12,-0.06,1.48,1.65,0.31,0.6,0.37,0.54,-0.27,1.14,2.35,-0.42,1.16,0.05,0.48,-1.6
2025-10-01,-0.13,-0.62,0.23,0.58,0.21,-2.7,0.5,-0.05,-0.21,-1.16,-0.13,1.34,-0.61,0.25,0.29,0.03,-0.22,1.87,1.25,-1.81,0.93,0.97,-2.02,0.34,0.27,-0.3,0.96,1.54,-0.08,-0.33,0.19,0.5,-0.5,1.06,1.98,-0.26,1.25,0.0,0.14,0.13
2025-11-01,-0.31,-0.43,0.24,0.52,0.31,-2.83,0.44,-0.08,-0.58,-1.2,-0.26,-0.15,-0.91,0.07,0.33,-0.18,-0.05,-0.08,0.23,-1.58,1.0,1.13,-1.73,0.73,0.25,-0.29,0.7,1.52,-0.09,-0.86,0.46,0.77,-0.73,1.03,1.81,0.06,1.27,0.29,0.55,0.94
2025-12-01,-0.03,-0.02,0.21,0.55,0.4,-2.9,0.56,0.03,-0.56,-1.08,-0.14,-0.26,-0.73,-0.05,0.65,-0.11,0.18,0.05,0.31,-1.68,1.26,1.24,-1.69,0.95,0.35,-0.24,0.36,1.67,-0.24,-1.01,0.46,0.85,-0.61,1.16,2.18,0.36,1.51,0.44,0.97,0.81
2026-01-01,0.08,0.41,-0.1,0.78,0.47,-3.01,0.32,-0.01,-0.72,-1.09,-0.01,-0.33,-0.06,0.06,0.94,-0.28,0.5,-0.28,0.41,-1.15,1.31,0.99,-2.06,0.72,0.54,0.27,0.53,1.98,0.56,-0.64,1.98,0.75,-0.12,0.89,1.79,0.17,1.32,0.68,0.55,0.4
2026-02-01,-0.26,0.18,-0.29,0.55,0.43,-3.28,-0.02,-0.12,-0.59,-0.92,0.55,-0.24,-0.69,-0.08,0.55,-0.27,0.37,-0.3,0.25,-1.32,1.17,0.9,-2.17,0.57,-0.03,-0.08,0.33,2.13,0.26,-0.75,0.53,0.78,-0.29,1.14,1.79,0.46,1.56,1.13,0.14,1.07
2026-03-01,-0.37,0.31,-0.04,0.93,0.76,-3.04,0.17,0.41,-0.37,-0.75,0.47,-0.05,-0.53,-0.08,0.67,-0.48,0.82,-0.32,0.72,-1.21,1.22,0.97,-2.17,0.88,-0.05,0.24,0.49,2.12,0.39,-0.56,0.17,0.7,0.07,1.09,1.88,0.46,1.54,1.13,0.41,1.21
2026-04-01,0.57,-0.23,0.04,0.79,0.45,-2.77,0.35,0.49,-0.15,-0.41,0.71,0.08,-0.61,-0.14,0.42,-0.26,0.67,0.03,1.18,-0.81,1.21,1.25,-2.39,0.34,-0.29,0.08,0.18,1.69,0.25,-0.73,0.39,0.48,0.16,1.43,2.35,0.42,1.27,0.88,0.68,1.35
2026-05-01,0.39,-0.15,-0.02,0.78,0.73,-2.75,0.26,0.32,-0.22,-0.31,0.8,0.08,-0.83,0.38,0.33,-0.35,0.75,0.0,1.28,-0.8,1.17,1.26,-2.29,0.64,-0.38,0.23,-0.13,1.58,0.03,-0.86,0.4,0.49,0.31,1.79,2.46,0.39,1.49,0.78,0.21,1.48
2026-06-01,0.54,0.37,0.11,1.33,1.12,-2.17,0.28,0.26,-0.19,0.43,0.9,0.18,-0.46,1.05,0.46,0.62,0.91,0.19,1.28,-0.45,2.0,1.19,-1.85,1.29,-0.4,0.69,-0.23,1.91,0.63,-1.08,0.64,0.47,0.53,2.21,2.41,0.44,1.5,0.88,0.14,2.02
2026-07-01,0.73,0.44,0.01,1.08,1.18,-1.82,0.14,-0.13,0.04,0.27,0.92,0.6,-0.19,1.21,0.48,0.27,0.74,0.34,0.89,-0.03,1.59,1.23,-1.84,1.14,-0.56,0.84,-0.44,0.85,0.51,-1.02,0.26,0.35,0.43,2.46,2.26,0.31,1.4,0.54,0.83,2.17
