date,"S&P 500 Reported Earnings (TTM, $/share) YoY Chg"
1871-12-31,-1.51
1872-01-31,-0.85
1872-02-29,2.72
1872-03-31,3.35
1872-04-30,-2.0
1872-05-31,-3.62
1872-06-30,-3.75
1872-07-31,-1.74
1872-08-31,-3.51
1872-09-30,-1.2
1872-10-31,3.09
1872-11-30,0.66
1872-12-31,5.08
1873-01-31,5.04
1873-02-28,2.74
1873-03-31,4.2
1873-04-30,6.5
1873-05-31,8.87
1873-06-30,11.22
1873-07-31,9.59
1873-08-31,10.35
1873-09-30,11.11
1873-10-31,11.26
1873-11-30,18.23
1873-12-31,13.67
1874-01-31,11.23
1874-02-28,13.08
1874-03-31,12.45
1874-04-30,13.57
1874-05-31,11.34
1874-06-30,10.0
1874-07-31,8.58
1874-08-31,8.79
1874-09-30,8.15
1874-10-31,6.78
1874-11-30,3.86
1874-12-31,5.85
1875-01-31,5.54
1875-02-28,3.58
1875-03-31,1.63
1875-04-30,-2.65
1875-05-31,-2.94
1875-06-30,-5.52
1875-07-31,-6.73
1875-08-31,-10.18
1875-09-30,-11.27
1875-10-31,-14.53
1875-11-30,-16.52
1875-12-31,-17.65
1876-01-31,-17.05
1876-02-29,-17.06
1876-03-31,-17.07
1876-04-30,-15.65
1876-05-31,-14.75
1876-06-30,-13.9
1876-07-31,-14.01
1876-08-31,-13.93
1876-09-30,-15.59
1876-10-31,-17.26
1876-11-30,-18.6
1876-12-31,-20.88
1877-01-31,-20.93
1877-02-28,-16.78
1877-03-31,-10.72
1877-04-30,-11.72
1877-05-31,-14.13
1877-06-30,-9.36
1877-07-31,-7.71
1877-08-31,-0.7
1877-09-30,4.15
1877-10-31,9.19
1877-11-30,15.5
1877-12-31,21.16
1878-01-31,26.59
1878-02-28,24.26
1878-03-31,20.89
1878-04-30,25.22
1878-05-31,31.35
1878-06-30,26.77
1878-07-31,26.0
1878-08-31,19.74
1878-09-30,18.13
1878-10-31,19.01
1878-11-30,17.76
1878-12-31,20.06
1879-01-31,17.01
1879-02-28,16.32
1879-03-31,16.92
1879-04-30,18.82
1879-05-31,16.71
1879-06-30,17.04
1879-07-31,18.79
1879-08-31,21.72
1879-09-30,19.14
1879-10-31,13.14
1879-11-30,7.54
1879-12-31,3.44
1880-01-31,2.14
1880-02-29,3.78
1880-03-31,2.14
1880-04-30,5.5
1880-05-31,9.06
1880-06-30,10.51
1880-07-31,12.22
1880-08-31,12.64
1880-09-30,15.99
1880-10-31,22.87
1880-11-30,28.43
1880-12-31,31.45
1881-01-31,32.43
1881-02-28,27.03
1881-03-31,24.29
1881-04-30,14.59
1881-05-31,9.11
1881-06-30,3.79
1881-07-31,-0.38
1881-08-31,-5.12
1881-09-30,-10.43
1881-10-31,-13.82
1881-11-30,-14.48
1881-12-31,-16.11
1882-01-31,-16.32
1882-02-28,-15.84
1882-03-31,-15.26
1882-04-30,-14.45
1882-05-31,-15.65
1882-06-30,-15.79
1882-07-31,-13.52
1882-08-31,-11.96
1882-09-30,-5.38
1882-10-31,-2.78
1882-11-30,-2.15
1882-12-31,-0.42
1883-01-31,-0.84
1883-02-28,-1.21
1883-03-31,-0.57
1883-04-30,0.72
1883-05-31,2.4
1883-06-30,5.96
1883-07-31,6.79
1883-08-31,7.23
1883-09-30,4.97
1883-10-31,3.5
1883-11-30,3.26
1883-12-31,0.7
1884-01-31,-0.64
1884-02-29,-1.01
1884-03-31,-3.29
1884-04-30,-3.5
1884-05-31,-3.84
1884-06-30,-8.05
1884-07-31,-10.33
1884-08-31,-11.7
1884-09-30,-13.03
1884-10-31,-13.46
1884-11-30,-13.94
1884-12-31,-13.63
1885-01-31,-12.89
1885-02-28,-13.07
1885-03-31,-10.36
1885-04-30,-12.5
1885-05-31,-11.53
1885-06-30,-8.53
1885-07-31,-9.61
1885-08-31,-8.73
1885-09-30,-7.73
1885-10-31,-7.74
1885-11-30,-9.82
1885-12-31,-11.81
1886-01-31,-7.03
1886-02-28,-3.34
1886-03-31,-1.65
1886-04-30,3.8
1886-05-31,6.93
1886-06-30,8.66
1886-07-31,11.65
1886-08-31,13.41
1886-09-30,15.3
1886-10-31,18.5
1886-11-30,23.19
1886-12-31,28.17
1887-01-31,20.84
1887-02-28,18.15
1887-03-31,15.7
1887-04-30,13.03
1887-05-31,9.22
1887-06-30,8.28
1887-07-31,9.83
1887-08-31,8.89
1887-09-30,9.19
1887-10-31,7.0
1887-11-30,4.81
1887-12-31,2.79
1888-01-31,1.02
1888-02-29,0.15
1888-03-31,-3.05
1888-04-30,-4.97
1888-05-31,-7.08
1888-06-30,-10.17
1888-07-31,-15.28
1888-08-31,-17.22
1888-09-30,-21.05
1888-10-31,-23.86
1888-11-30,-26.66
1888-12-31,-27.79
1889-01-31,-21.61
1889-02-28,-18.55
1889-03-31,-14.45
1889-04-30,-12.28
1889-05-31,-7.54
1889-06-30,-5.15
1889-07-31,-0.16
1889-08-31,3.93
1889-09-30,6.79
1889-10-31,12.44
1889-11-30,18.79
1889-12-31,22.47
1890-01-31,19.3
1890-02-28,16.05
1890-03-31,12.95
1890-04-30,11.24
1890-05-31,5.5
1890-06-30,3.95
1890-07-31,2.52
1890-08-31,-2.57
1890-09-30,-3.86
1890-10-31,-5.18
1890-11-30,-4.33
1890-12-31,-4.57
1891-01-31,-4.08
1891-02-28,-3.63
1891-03-31,-3.18
1891-04-30,-2.72
1891-05-31,1.34
1891-06-30,5.62
1891-07-31,8.49
1891-08-31,14.27
1891-09-30,19.01
1891-10-31,20.82
1891-11-30,21.3
1891-12-31,23.18
1892-01-31,23.94
1892-02-29,24.62
1892-03-31,28.56
1892-04-30,31.15
1892-05-31,28.74
1892-06-30,24.81
1892-07-31,19.46
1892-08-31,17.11
1892-09-30,14.92
1892-10-31,14.25
1892-11-30,9.42
1892-12-31,7.57
1893-01-31,-2.27
1893-02-28,-6.44
1893-03-31,-9.77
1893-04-30,-13.09
1893-05-31,-14.88
1893-06-30,-15.8
1893-07-31,-14.45
1893-08-31,-13.07
1893-09-30,-19.6
1893-10-31,-23.72
1893-11-30,-22.86
1893-12-31,-24.03
1894-01-31,-19.56
1894-02-28,-18.29
1894-03-31,-18.55
1894-04-30,-20.18
1894-05-31,-22.03
1894-06-30,-24.75
1894-07-31,-27.42
1894-08-31,-33.05
1894-09-30,-32.06
1894-10-31,-30.14
1894-11-30,-33.01
1894-12-31,-34.1
1895-01-31,-30.59
1895-02-28,-25.93
1895-03-31,-22.35
1895-04-30,-19.58
1895-05-31,-14.49
1895-06-30,-8.82
1895-07-31,-0.39
1895-08-31,12.39
1895-09-30,22.98
1895-10-31,29.34
1895-11-30,40.17
1895-12-31,51.87
1896-01-31,45.25
1896-02-29,38.98
1896-03-31,31.52
1896-04-30,31.88
1896-05-31,28.89
1896-06-30,25.68
1896-07-31,18.02
1896-08-31,10.65
1896-09-30,5.47
1896-10-31,-2.38
1896-11-30,-9.5
1896-12-31,-14.74
1897-01-31,-8.91
1897-02-28,-5.4
1897-03-31,-0.58
1897-04-30,4.39
1897-05-31,9.43
1897-06-30,13.07
1897-07-31,18.37
1897-08-31,18.48
1897-09-30,20.31
1897-10-31,31.46
1897-11-30,41.4
1897-12-31,47.65
1898-01-31,39.41
1898-02-28,33.71
1898-03-31,30.36
1898-04-30,25.22
1898-05-31,12.77
1898-06-30,17.92
1898-07-31,17.15
1898-08-31,19.99
1898-09-30,21.12
1898-10-31,17.06
1898-11-30,14.91
1898-12-31,11.26
1899-01-31,13.46
1899-02-28,14.16
1899-03-31,16.25
1899-04-30,16.85
1899-05-31,27.08
1899-06-30,19.04
1899-07-31,17.66
1899-08-31,17.86
1899-09-30,15.18
1899-10-31,15.33
1899-11-30,15.53
1899-12-31,17.31
1900-01-31,13.85
1900-02-28,12.34
1900-03-31,9.19
1900-04-30,7.53
1900-05-31,7.17
1900-06-30,7.14
1900-07-31,4.47
1900-08-31,4.52
1900-09-30,4.63
1900-10-31,4.74
1900-11-30,3.52
1900-12-31,3.84
1901-01-31,2.84
1901-02-28,5.7
1901-03-31,6.1
1901-04-30,7.71
1901-05-31,5.51
1901-06-30,4.67
1901-07-31,5.02
1901-08-31,2.77
1901-09-30,3.15
1901-10-31,2.29
1901-11-30,1.31
1901-12-31,-0.82
1902-01-31,3.49
1902-02-28,4.01
1902-03-31,5.75
1902-04-30,5.05
1902-05-31,5.5
1902-06-30,5.99
1902-07-31,8.9
1902-08-31,13.35
1902-09-30,15.08
1902-10-31,9.18
1902-11-30,15.89
1902-12-31,17.62
1903-01-31,11.05
1903-02-28,7.24
1903-03-31,7.23
1903-04-30,4.86
1903-05-31,5.0
1903-06-30,2.63
1903-07-31,-0.69
1903-08-31,-5.05
1903-09-30,-8.25
1903-10-31,-3.88
1903-11-30,-8.99
1903-12-31,-10.99
1904-01-31,-11.39
1904-02-29,-12.78
1904-03-31,-14.03
1904-04-30,-12.45
1904-05-31,-11.79
1904-06-30,-11.06
1904-07-31,-10.4
1904-08-31,-10.64
1904-09-30,-9.9
1904-10-31,-10.24
1904-11-30,-12.47
1904-12-31,-11.7
1905-01-31,-6.28
1905-02-28,-0.64
1905-03-31,2.88
1905-04-30,5.29
1905-05-31,7.54
1905-06-30,11.1
1905-07-31,14.75
1905-08-31,18.45
1905-09-30,25.03
1905-10-31,28.82
1905-11-30,34.37
1905-12-31,36.75
1906-01-31,34.13
1906-02-28,31.77
1906-03-31,27.9
1906-04-30,25.76
1906-05-31,21.13
1906-06-30,19.24
1906-07-31,21.41
1906-08-31,18.24
1906-09-30,14.12
1906-10-31,10.19
1906-11-30,8.67
1906-12-31,7.47
1907-01-31,6.21
1907-02-28,1.65
1907-03-31,0.56
1907-04-30,-1.65
1907-05-31,-4.8
1907-06-30,-7.9
1907-07-31,-12.88
1907-08-31,-12.86
1907-09-30,-13.85
1907-10-31,-14.72
1907-11-30,-12.11
1907-12-31,-11.26
1908-01-31,-11.19
1908-02-29,-8.1
1908-03-31,-9.06
1908-04-30,-10.02
1908-05-31,-8.01
1908-06-30,-6.93
1908-07-31,-7.77
1908-08-31,-7.66
1908-09-30,-7.63
1908-10-31,-7.67
1908-11-30,-12.2
1908-12-31,-14.93
1909-01-31,-11.76
1909-02-28,-10.7
1909-03-31,-7.53
1909-04-30,-5.18
1909-05-31,-2.89
1909-06-30,-0.63
1909-07-31,3.71
1909-08-31,6.16
1909-09-30,8.52
1909-10-31,11.11
1909-11-30,14.67
1909-12-31,18.55
1910-01-31,14.97
1910-02-28,13.02
1910-03-31,7.88
1910-04-30,6.24
1910-05-31,6.46
1910-06-30,5.79
1910-07-31,3.17
1910-08-31,2.55
1910-09-30,2.2
1910-10-31,4.76
1910-11-30,5.47
1910-12-31,3.98
1911-01-31,1.7
1911-02-28,3.65
1911-03-31,3.09
1911-04-30,6.0
1911-05-31,2.59
1911-06-30,0.24
1911-07-31,-2.34
1911-08-31,-7.62
1911-09-30,-10.95
1911-10-31,-14.86
1911-11-30,-16.98
1911-12-31,-17.5
1912-01-31,-15.68
1912-02-29,-16.63
1912-03-31,-14.73
1912-04-30,-17.29
1912-05-31,-14.64
1912-06-30,-11.04
1912-07-31,-7.07
1912-08-31,-1.95
1912-09-30,1.34
1912-10-31,4.69
1912-11-30,6.99
1912-12-31,10.58
1913-01-31,7.94
1913-02-28,6.57
1913-03-31,6.24
1913-04-30,6.89
1913-05-31,5.55
1913-06-30,1.13
1913-07-31,-2.18
1913-08-31,-3.5
1913-09-30,-5.65
1913-10-31,-7.75
1913-11-30,-10.7
1913-12-31,-12.72
1914-01-31,-12.36
1914-02-28,-12.03
1914-03-31,-12.61
1914-04-30,-12.32
1914-05-31,-14.67
1914-06-30,-14.41
1914-07-31,-15.05
1914-08-31,-17.3
1914-09-30,-17.12
1914-10-31,-16.94
1914-11-30,-17.6
1914-12-31,-18.27
1915-01-31,-12.29
1915-02-28,-6.13
1915-03-31,1.24
1915-04-30,5.7
1915-05-31,12.42
1915-06-30,19.34
1915-07-31,27.78
1915-08-31,37.9
1915-09-30,45.77
1915-10-31,50.85
1915-11-30,59.08
1915-12-31,65.94
1916-01-31,64.96
1916-02-29,63.86
1916-03-31,61.03
1916-04-30,61.71
1916-05-31,62.12
1916-06-30,60.94
1916-07-31,61.25
1916-08-31,60.08
1916-09-30,57.57
1916-10-31,56.5
1916-11-30,55.52
1916-12-31,54.38
1917-01-31,43.59
1917-02-28,30.5
1917-03-31,23.28
1917-04-30,10.97
1917-05-31,3.58
1917-06-30,-3.12
1917-07-31,-7.25
1917-08-31,-12.97
1917-09-30,-18.08
1917-10-31,-22.17
1917-11-30,-24.92
1917-12-31,-29.16
1918-01-31,-30.45
1918-02-28,-29.55
1918-03-31,-29.48
1918-04-30,-27.45
1918-05-31,-28.27
1918-06-30,-28.55
1918-07-31,-31.93
1918-08-31,-32.67
1918-09-30,-32.93
1918-10-31,-33.77
1918-11-30,-35.45
1918-12-31,-35.79
1919-01-31,-33.46
1919-02-28,-30.75
1919-03-31,-31.1
1919-04-30,-30.28
1919-05-31,-28.53
1919-06-30,-26.43
1919-07-31,-25.43
1919-08-31,-23.98
1919-09-30,-21.6
1919-10-31,-19.93
1919-11-30,-18.74
1919-12-31,-17.97
1920-01-31,-20.19
1920-02-29,-23.02
1920-03-31,-23.38
1920-04-30,-24.82
1920-05-31,-25.56
1920-06-30,-27.13
1920-07-31,-25.17
1920-08-31,-22.57
1920-09-30,-21.56
1920-10-31,-20.52
1920-11-30,-18.99
1920-12-31,-16.18
1921-01-31,-16.27
1921-02-28,-16.58
1921-03-31,-19.35
1921-04-30,-20.32
1921-05-31,-21.94
1921-06-30,-25.16
1921-07-31,-30.9
1921-08-31,-37.46
1921-09-30,-42.69
1921-10-31,-48.06
1921-11-30,-53.33
1921-12-31,-59.32
1922-01-31,-52.01
1922-02-28,-45.67
1922-03-31,-36.44
1922-04-30,-27.15
1922-05-31,-17.61
1922-06-30,-5.28
1922-07-31,9.82
1922-08-31,29.02
1922-09-30,48.98
1922-10-31,74.01
1922-11-30,104.6
1922-12-31,143.32
1923-01-31,122.15
1923-02-28,108.18
1923-03-31,94.42
1923-04-30,83.63
1923-05-31,75.42
1923-06-30,67.39
1923-07-31,60.35
1923-08-31,54.11
1923-09-30,48.38
1923-10-31,44.32
1923-11-30,41.29
1923-12-31,38.8
1924-01-31,32.69
1924-02-29,28.6
1924-03-31,24.62
1924-04-30,21.73
1924-05-31,17.61
1924-06-30,14.36
1924-07-31,11.27
1924-08-31,7.8
1924-09-30,4.48
1924-10-31,1.29
1924-11-30,-1.64
1924-12-31,-5.13
1925-01-31,-1.99
1925-02-28,1.18
1925-03-31,3.21
1925-04-30,6.41
1925-05-31,8.91
1925-06-30,10.89
1925-07-31,13.51
1925-08-31,15.93
1925-09-30,19.95
1925-10-31,23.99
1925-11-30,25.08
1925-12-31,29.92
1926-01-31,26.18
1926-02-28,21.93
1926-03-31,20.07
1926-04-30,15.52
1926-05-31,13.9
1926-06-30,12.93
1926-07-31,12.62
1926-08-31,10.65
1926-09-30,7.38
1926-10-31,4.34
1926-11-30,3.16
1926-12-31,0.3
1927-01-31,0.65
1927-02-28,0.39
1927-03-31,-0.39
1927-04-30,-0.65
1927-05-31,-2.6
1927-06-30,-5.08
1927-07-31,-5.33
1927-08-31,-6.15
1927-09-30,-6.91
1927-10-31,-7.81
1927-11-30,-7.56
1927-12-31,-8.39
1928-01-31,-6.73
1928-02-29,-3.5
1928-03-31,-1.43
1928-04-30,1.4
1928-05-31,4.22
1928-06-30,9.02
1928-07-31,10.22
1928-08-31,12.51
1928-09-30,14.76
1928-10-31,19.32
1928-11-30,21.73
1928-12-31,25.77
1929-01-31,24.92
1929-02-28,22.78
1929-03-31,22.88
1929-04-30,22.87
1929-05-31,22.21
1929-06-30,20.09
1929-07-31,18.01
1929-08-31,17.46
1929-09-30,18.29
1929-10-31,17.09
1929-11-30,16.58
1929-12-31,15.98
1930-01-31,11.29
1930-02-28,6.61
1930-03-31,1.43
1930-04-30,-4.67
1930-05-31,-8.48
1930-06-30,-12.16
1930-07-31,-14.84
1930-08-31,-19.07
1930-09-30,-24.11
1930-10-31,-28.19
1930-11-30,-32.17
1930-12-31,-35.65
1931-01-31,-35.08
1931-02-28,-34.43
1931-03-31,-34.24
1931-04-30,-33.27
1931-05-31,-32.55
1931-06-30,-31.86
1931-07-31,-32.47
1931-08-31,-32.6
1931-09-30,-31.45
1931-10-31,-31.09
1931-11-30,-30.19
1931-12-31,-30.62
1932-01-31,-29.82
1932-02-29,-29.41
1932-03-31,-29.09
1932-04-30,-28.71
1932-05-31,-28.25
1932-06-30,-28.36
1932-07-31,-27.92
1932-08-31,-26.94
1932-09-30,-26.41
1932-10-31,-25.86
1932-11-30,-25.8
1932-12-31,-25.14
1933-01-31,-22.92
1933-02-28,-20.13
1933-03-31,-17.18
1933-04-30,-14.72
1933-05-31,-12.83
1933-06-30,-10.74
1933-07-31,-10.02
1933-08-31,-7.72
1933-09-30,-4.59
1933-10-31,-1.18
1933-11-30,2.53
1933-12-31,6.58
1934-01-31,5.21
1934-02-28,3.15
1934-03-31,2.65
1934-04-30,3.0
1934-05-31,3.34
1934-06-30,3.71
1934-07-31,7.24
1934-08-31,8.36
1934-09-30,7.12
1934-10-31,8.27
1934-11-30,8.59
1934-12-31,9.63
1935-01-31,24.57
1935-02-28,40.79
1935-03-31,56.72
1935-04-30,59.7
1935-05-31,63.81
1935-06-30,70.33
1935-07-31,65.4
1935-08-31,60.55
1935-09-30,58.07
1935-10-31,55.52
1935-11-30,53.11
1935-12-31,50.7
1936-01-31,33.09
1936-02-29,19.08
1936-03-31,8.18
1936-04-30,9.11
1936-05-31,9.34
1936-06-30,7.89
1936-07-31,11.82
1936-08-31,15.92
1936-09-30,21.02
1936-10-31,24.45
1936-11-30,28.81
1936-12-31,32.27
1937-01-31,33.5
1937-02-28,35.53
1937-03-31,35.56
1937-04-30,32.03
1937-05-31,28.7
1937-06-30,27.4
1937-07-31,26.38
1937-08-31,26.27
1937-09-30,24.45
1937-10-31,18.03
1937-11-30,12.76
1937-12-31,7.69
1938-01-31,1.83
1938-02-28,-5.22
1938-03-31,-11.97
1938-04-30,-19.47
1938-05-31,-25.71
1938-06-30,-32.8
1938-07-31,-37.6
1938-08-31,-42.74
1938-09-30,-47.37
1938-10-31,-45.08
1938-11-30,-43.45
1938-12-31,-41.72
1939-01-31,-37.5
1939-02-28,-31.96
1939-03-31,-25.75
1939-04-30,-17.23
1939-05-31,-9.19
1939-06-30,0.89
1939-07-31,10.2
1939-08-31,20.97
1939-09-30,30.65
1939-10-31,34.03
1939-11-30,37.35
1939-12-31,40.6
1940-01-31,41.15
1940-02-29,38.81
1940-03-31,38.41
1940-04-30,36.52
1940-05-31,35.69
1940-06-30,33.92
1940-07-31,33.69
1940-08-31,32.56
1940-09-30,34.26
1940-10-31,27.41
1940-11-30,21.83
1940-12-31,15.83
1941-01-31,11.68
1941-02-28,9.32
1941-03-31,5.57
1941-04-30,4.09
1941-05-31,2.61
1941-06-30,0.53
1941-07-31,1.57
1941-08-31,1.87
1941-09-30,2.16
1941-10-31,0.91
1941-11-30,0.36
1941-12-31,0.49
1942-01-31,-4.5
1942-02-28,-8.81
1942-03-31,-12.94
1942-04-30,-15.34
1942-05-31,-18.21
1942-06-30,-18.95
1942-07-31,-22.87
1942-08-31,-25.56
1942-09-30,-27.71
1942-10-31,-24.7
1942-11-30,-21.64
1942-12-31,-18.54
1943-01-31,-13.46
1943-02-28,-8.51
1943-03-31,-4.29
1943-04-30,-2.01
1943-05-31,1.53
1943-06-30,4.58
1943-07-31,6.63
1943-08-31,8.7
1943-09-30,8.98
1943-10-31,2.24
1943-11-30,-4.78
1943-12-31,-11.38
1944-01-31,-12.8
1944-02-29,-14.24
1944-03-31,-14.07
1944-04-30,-14.68
1944-05-31,-15.31
1944-06-30,-16.86
1944-07-31,-17.88
1944-08-31,-18.47
1944-09-30,-18.1
1944-10-31,-13.41
1944-11-30,-8.33
1944-12-31,-3.31
1945-01-31,-1.91
1945-02-28,-0.51
1945-03-31,0.91
1945-04-30,3.26
1945-05-31,4.48
1945-06-30,5.68
1945-07-31,6.69
1945-08-31,7.16
1945-09-30,7.56
1945-10-31,5.3
1945-11-30,3.15
1945-12-31,0.99
1946-01-31,-2.24
1946-02-28,-4.77
1946-03-31,-8.82
1946-04-30,-12.57
1946-05-31,-15.66
1946-06-30,-18.7
1946-07-31,-21.4
1946-08-31,-21.19
1946-09-30,-20.21
1946-10-31,-15.94
1946-11-30,-12.15
1946-12-31,-6.54
1947-01-31,1.82
1947-02-28,9.83
1947-03-31,17.92
1947-04-30,26.66
1947-05-31,35.9
1947-06-30,45.72
1947-07-31,53.67
1947-08-31,55.53
1947-09-30,54.41
1947-10-31,49.97
1947-11-30,46.17
1947-12-31,39.56
1948-01-31,31.91
1948-02-29,27.84
1948-03-31,26.01
1948-04-30,22.1
1948-05-31,19.89
1948-06-30,17.95
1948-07-31,18.94
1948-08-31,21.39
1948-09-30,25.39
1948-10-31,28.7
1948-11-30,33.08
1948-12-31,38.12
1949-01-31,39.39
1949-02-28,38.41
1949-03-31,36.84
1949-04-30,35.05
1949-05-31,32.79
1949-06-30,30.09
1949-07-31,27.83
1949-08-31,23.18
1949-09-30,18.35
1949-10-31,13.65
1949-11-30,7.47
1949-12-31,3.44
1950-01-31,2.85
1950-02-28,1.41
1950-03-31,0.42
1950-04-30,2.94
1950-05-31,4.19
1950-06-30,6.27
1950-07-31,6.68
1950-08-31,8.85
1950-09-30,11.48
1950-10-31,12.37
1950-11-30,15.13
1950-12-31,15.56
1951-01-31,12.34
1951-02-28,10.07
1951-03-31,9.23
1951-04-30,5.3
1951-05-31,1.59
1951-06-30,-1.59
1951-07-31,-5.14
1951-08-31,-9.02
1951-09-30,-13.72
1951-10-31,-15.41
1951-11-30,-17.69
1951-12-31,-18.95
1952-01-31,-18.0
1952-02-29,-16.76
1952-03-31,-16.81
1952-04-30,-16.73
1952-05-31,-16.02
1952-06-30,-15.92
1952-07-31,-14.12
1952-08-31,-11.52
1952-09-30,-8.09
1952-10-31,-6.35
1952-11-30,-4.19
1952-12-31,-2.37
1953-01-31,-1.06
1953-02-28,-0.46
1953-03-31,0.13
1953-04-30,2.45
1953-05-31,4.03
1953-06-30,6.07
1953-07-31,7.13
1953-08-31,7.01
1953-09-30,7.23
1953-10-31,5.69
1953-11-30,4.95
1953-12-31,3.81
1954-01-31,3.54
1954-02-28,3.25
1954-03-31,3.75
1954-04-30,3.97
1954-05-31,3.81
1954-06-30,3.98
1954-07-31,3.57
1954-08-31,3.53
1954-09-30,3.55
1954-10-31,6.32
1954-11-30,8.33
1954-12-31,11.2
1955-01-31,13.11
1955-02-28,15.03
1955-03-31,16.96
1955-04-30,18.83
1955-05-31,21.55
1955-06-30,23.82
1955-07-31,26.02
1955-08-31,28.66
1955-09-30,30.3
1955-10-31,30.26
1955-11-30,30.21
1955-12-31,30.18
1956-01-31,28.11
1956-02-29,26.13
1956-03-31,24.2
1956-04-30,19.24
1956-05-31,14.58
1956-06-30,9.74
1956-07-31,5.52
1956-08-31,2.27
1956-09-30,-1.26
1956-10-31,-3.75
1956-11-30,-5.84
1956-12-31,-8.52
1957-01-31,-9.2
1957-02-28,-10.2
1957-03-31,-11.17
1957-04-30,-10.26
1957-05-31,-9.35
1957-06-30,-8.03
1957-07-31,-6.35
1957-08-31,-5.02
1957-09-30,-2.9
1957-10-31,-3.02
1957-11-30,-3.84
1957-12-31,-3.97
1958-01-31,-6.72
1958-02-28,-8.45
1958-03-31,-10.87
1958-04-30,-13.0
1958-05-31,-14.83
1958-06-30,-16.7
1958-07-31,-17.28
1958-08-31,-17.85
1958-09-30,-18.72
1958-10-31,-17.83
1958-11-30,-16.93
1958-12-31,-15.72
1959-01-31,-11.26
1959-02-28,-6.57
1959-03-31,-1.28
1959-04-30,4.08
1959-05-31,9.71
1959-06-30,15.23
1959-07-31,16.25
1959-08-31,16.86
1959-09-30,17.47
1959-10-31,16.48
1959-11-30,16.31
1959-12-31,15.32
1960-01-31,13.25
1960-02-29,9.74
1960-03-31,7.15
1960-04-30,2.6
1960-05-31,-1.68
1960-06-30,-5.73
1960-07-31,-5.58
1960-08-31,-5.79
1960-09-30,-5.64
1960-10-31,-5.6
1960-11-30,-5.23
1960-12-31,-4.86
1961-01-31,-6.91
1961-02-28,-8.32
1961-03-31,-10.08
1961-04-30,-9.18
1961-05-31,-8.6
1961-06-30,-7.67
1961-07-31,-8.21
1961-08-31,-7.77
1961-09-30,-7.98
1961-10-31,-5.91
1961-11-30,-4.5
1961-12-31,-3.09
1962-01-31,0.56
1962-02-28,4.01
1962-03-31,7.97
1962-04-30,9.38
1962-05-31,11.18
1962-06-30,12.98
1962-07-31,13.79
1962-08-31,13.81
1962-09-30,14.21
1962-10-31,13.96
1962-11-30,13.76
1962-12-31,13.53
1963-01-31,11.85
1963-02-28,10.58
1963-03-31,8.66
1963-04-30,9.22
1963-05-31,9.39
1963-06-30,9.23
1963-07-31,9.73
1963-08-31,10.22
1963-09-30,11.09
1963-10-31,9.83
1963-11-30,8.94
1963-12-31,7.78
1964-01-31,8.8
1964-02-29,9.84
1964-03-31,11.2
1964-04-30,11.22
1964-05-31,11.26
1964-06-30,11.29
1964-07-31,11.36
1964-08-31,11.76
1964-09-30,11.43
1964-10-31,11.88
1964-11-30,11.64
1964-12-31,12.1
1965-01-31,11.67
1965-02-28,11.27
1965-03-31,10.52
1965-04-30,10.13
1965-05-31,10.06
1965-06-30,9.67
1965-07-31,9.88
1965-08-31,9.4
1965-09-30,9.65
1965-10-31,10.18
1965-11-30,11.41
1965-12-31,11.9
1966-01-31,11.93
1966-02-28,11.25
1966-03-31,11.26
1966-04-30,10.49
1966-05-31,10.07
1966-06-30,10.02
1966-07-31,8.99
1966-08-31,7.6
1966-09-30,6.92
1966-10-31,5.4
1966-11-30,4.2
1966-12-31,3.36
1967-01-31,1.76
1967-02-28,0.82
1967-03-31,-0.71
1967-04-30,-1.87
1967-05-31,-3.61
1967-06-30,-5.03
1967-07-31,-5.48
1967-08-31,-5.64
1967-09-30,-6.38
1967-10-31,-6.15
1967-11-30,-6.48
1967-12-31,-6.79
1968-01-31,-6.14
1968-02-29,-5.21
1968-03-31,-3.98
1968-04-30,-2.46
1968-05-31,-0.95
1968-06-30,0.3
1968-07-31,0.74
1968-08-31,1.49
1968-09-30,2.23
1968-10-31,2.36
1968-11-30,2.79
1968-12-31,3.2
1969-01-31,3.16
1969-02-28,2.55
1969-03-31,1.66
1969-04-30,0.68
1969-05-31,0.04
1969-06-30,-0.6
1969-07-31,-0.83
1969-08-31,-1.32
1969-09-30,-1.56
1969-10-31,-2.7
1969-11-30,-4.12
1969-12-31,-5.51
1970-01-31,-6.62
1970-02-28,-7.74
1970-03-31,-8.58
1970-04-30,-9.49
1970-05-31,-10.17
1970-06-30,-10.84
1970-07-31,-11.91
1970-08-31,-12.57
1970-09-30,-13.87
1970-10-31,-14.55
1970-11-30,-15.23
1970-12-31,-15.94
1971-01-31,-14.48
1971-02-28,-12.99
1971-03-31,-11.46
1971-04-30,-9.82
1971-05-31,-8.88
1971-06-30,-7.9
1971-07-31,-6.11
1971-08-31,-4.76
1971-09-30,-2.66
1971-10-31,0.65
1971-11-30,4.31
1971-12-31,7.61
1972-01-31,7.66
1972-02-29,7.47
1972-03-31,7.54
1972-04-30,7.84
1972-05-31,8.43
1972-06-30,9.27
1972-07-31,9.3
1972-08-31,9.58
1972-09-30,9.58
1972-10-31,9.18
1972-11-30,8.79
1972-12-31,8.91
1973-01-31,10.11
1973-02-28,11.29
1973-03-31,11.91
1973-04-30,12.73
1973-05-31,13.5
1973-06-30,14.23
1973-07-31,15.87
1973-08-31,15.37
1973-09-30,16.65
1973-10-31,16.77
1973-11-30,16.87
1973-12-31,16.92
1974-01-31,14.88
1974-02-28,12.95
1974-03-31,11.36
1974-04-30,11.01
1974-05-31,9.77
1974-06-30,9.05
1974-07-31,7.65
1974-08-31,7.56
1974-09-30,5.82
1974-10-31,2.78
1974-11-30,-0.19
1974-12-31,-3.02
1975-01-31,-4.94
1975-02-28,-6.81
1975-03-31,-8.31
1975-04-30,-11.39
1975-05-31,-13.84
1975-06-30,-16.74
1975-07-31,-18.84
1975-08-31,-19.8
1975-09-30,-21.06
1975-10-31,-19.38
1975-11-30,-17.99
1975-12-31,-16.27
1976-01-31,-12.2
1976-02-29,-7.77
1976-03-31,-3.38
1976-04-30,0.77
1976-05-31,4.94
1976-06-30,9.67
1976-07-31,12.44
1976-08-31,14.2
1976-09-30,16.66
1976-10-31,17.14
1976-11-30,18.27
1976-12-31,18.73
1977-01-31,15.62
1977-02-28,12.29
1977-03-31,9.34
1977-04-30,7.62
1977-05-31,6.67
1977-06-30,5.41
1977-07-31,5.29
1977-08-31,5.35
1977-09-30,5.21
1977-10-31,4.68
1977-11-30,3.64
1977-12-31,2.99
1978-01-31,2.36
1978-02-28,2.29
1978-03-31,1.68
1978-04-30,1.53
1978-05-31,0.92
1978-06-30,0.34
1978-07-31,0.14
1978-08-31,0.09
1978-09-30,-0.26
1978-10-31,0.78
1978-11-30,2.42
1978-12-31,3.85
1979-01-31,6.23
1979-02-28,8.26
1979-03-31,10.62
1979-04-30,11.08
1979-05-31,11.52
1979-06-30,12.25
1979-07-31,12.49
1979-08-31,12.51
1979-09-30,12.72
1979-10-31,11.0
1979-11-30,8.7
1979-12-31,6.39
1980-01-31,4.09
1980-02-29,2.23
1980-03-31,0.17
1980-04-30,-2.23
1980-05-31,-4.31
1980-06-30,-6.58
1980-07-31,-7.61
1980-08-31,-9.4
1980-09-30,-11.13
1980-10-31,-11.37
1980-11-30,-11.37
1980-12-31,-11.36
1981-01-31,-12.14
1981-02-28,-13.13
1981-03-31,-13.69
1981-04-30,-11.78
1981-05-31,-10.05
1981-06-30,-8.28
1981-07-31,-8.15
1981-08-31,-7.03
1981-09-30,-5.99
1981-10-31,-5.5
1981-11-30,-5.23
1981-12-31,-4.85
1982-01-31,-5.02
1982-02-28,-4.96
1982-03-31,-4.87
1982-04-30,-6.93
1982-05-31,-9.31
1982-06-30,-11.83
1982-07-31,-13.08
1982-08-31,-14.36
1982-09-30,-15.45
1982-10-31,-17.6
1982-11-30,-19.27
1982-12-31,-20.74
1983-01-31,-20.15
1983-02-28,-19.49
1983-03-31,-19.05
1983-04-30,-17.74
1983-05-31,-15.85
1983-06-30,-13.39
1983-07-31,-10.36
1983-08-31,-7.46
1983-09-30,-4.66
1983-10-31,-0.65
1983-11-30,3.14
1983-12-31,6.92
1984-01-31,10.28
1984-02-29,13.64
1984-03-31,17.24
1984-04-30,19.39
1984-05-31,21.6
1984-06-30,23.48
1984-07-31,22.1
1984-08-31,20.67
1984-09-30,19.42
1984-10-31,17.46
1984-11-30,15.8
1984-12-31,14.1
1985-01-31,10.75
1985-02-28,7.16
1985-03-31,3.58
1985-04-30,-0.1
1985-05-31,-3.73
1985-06-30,-7.13
1985-07-31,-8.38
1985-08-31,-9.62
1985-09-30,-10.83
1985-10-31,-12.25
1985-11-30,-13.84
1985-12-31,-15.41
1986-01-31,-15.23
1986-02-28,-14.34
1986-03-31,-13.37
1986-04-30,-11.02
1986-05-31,-9.07
1986-06-30,-7.41
1986-07-31,-6.18
1986-08-31,-5.09
1986-09-30,-4.18
1986-10-31,-3.4
1986-11-30,-2.7
1986-12-31,-1.97
1987-01-31,-0.73
1987-02-28,0.25
1987-03-31,0.93
1987-04-30,-1.71
1987-05-31,-3.72
1987-06-30,-5.43
1987-07-31,-2.83
1987-08-31,-0.38
1987-09-30,2.34
1987-10-31,6.58
1987-11-30,11.06
1987-12-31,15.74
1988-01-31,16.9
1988-02-29,17.74
1988-03-31,18.46
1988-04-30,26.94
1988-05-31,35.66
1988-06-30,44.55
1988-07-31,41.93
1988-08-31,39.87
1988-09-30,37.57
1988-10-31,34.9
1988-11-30,32.51
1988-12-31,29.95
1989-01-31,29.19
1989-02-28,28.52
1989-03-31,27.9
1989-04-30,21.46
1989-05-31,15.57
1989-06-30,10.67
1989-07-31,6.88
1989-08-31,3.29
1989-09-30,-0.11
1989-10-31,-2.89
1989-11-30,-5.57
1989-12-31,-7.97
1990-01-31,-11.57
1990-02-28,-14.62
1990-03-31,-17.5
1990-04-30,-17.9
1990-05-31,-18.42
1990-06-30,-19.48
1990-07-31,-17.3
1990-08-31,-15.56
1990-09-30,-13.55
1990-10-31,-13.19
1990-11-30,-12.69
1990-12-31,-12.06
1991-01-31,-10.66
1991-02-28,-9.34
1991-03-31,-7.88
1991-04-30,-9.54
1991-05-31,-11.3
1991-06-30,-12.79
1991-07-31,-15.62
1991-08-31,-18.08
1991-09-30,-20.72
1991-10-31,-22.64
1991-11-30,-25.0
1991-12-31,-27.4
1992-01-31,-26.27
1992-02-29,-25.61
1992-03-31,-25.07
1992-04-30,-21.84
1992-05-31,-18.33
1992-06-30,-14.79
1992-07-31,-10.75
1992-08-31,-6.42
1992-09-30,-1.7
1992-10-31,3.6
1992-11-30,9.64
1992-12-31,16.16
1993-01-31,16.74
1993-02-28,17.73
1993-03-31,18.86
1993-04-30,15.67
1993-05-31,12.7
1993-06-30,10.06
1993-07-31,10.23
1993-08-31,10.14
1993-09-30,10.18
1993-10-31,10.62
1993-11-30,11.2
1993-12-31,11.62
1994-01-31,11.79
1994-02-28,11.7
1994-03-31,11.68
1994-04-30,16.91
1994-05-31,22.19
1994-06-30,27.22
1994-07-31,28.03
1994-08-31,29.05
1994-09-30,30.05
1994-10-31,32.48
1994-11-30,34.32
1994-12-31,36.14
1995-01-31,37.16
1995-02-28,38.24
1995-03-31,39.33
1995-04-30,36.75
1995-05-31,34.42
1995-06-30,32.58
1995-07-31,30.25
1995-08-31,27.86
1995-09-30,25.53
1995-10-31,19.02
1995-11-30,13.5
1995-12-31,8.24
1996-01-31,5.87
1996-02-29,3.87
1996-03-31,1.69
1996-04-30,0.57
1996-05-31,-0.46
1996-06-30,-1.31
1996-07-31,-1.2
1996-08-31,-0.84
1996-09-30,-0.66
1996-10-31,3.05
1996-11-30,6.58
1996-12-31,10.38
1997-01-31,12.02
1997-02-28,13.39
1997-03-31,15.04
1997-04-30,14.66
1997-05-31,14.27
1997-06-30,13.54
1997-07-31,12.54
1997-08-31,11.48
1997-09-30,10.51
1997-10-31,7.05
1997-11-30,3.94
1997-12-31,0.83
1998-01-31,-0.48
1998-02-28,-1.76
1998-03-31,-3.07
1998-04-30,-3.85
1998-05-31,-4.78
1998-06-30,-5.48
1998-07-31,-6.26
1998-08-31,-6.99
1998-09-30,-7.65
1998-10-31,-7.26
1998-11-30,-6.92
1998-12-31,-6.56
1999-01-31,-5.92
1999-02-28,-5.18
1999-03-31,-4.58
1999-04-30,-2.45
1999-05-31,0.4
1999-06-30,3.23
1999-07-31,6.31
1999-08-31,9.49
1999-09-30,12.46
1999-10-31,16.51
1999-11-30,20.45
1999-12-31,24.39
2000-01-31,25.97
2000-02-29,27.01
2000-03-31,27.94
2000-04-30,26.72
2000-05-31,24.58
2000-06-30,22.02
2000-07-31,20.61
2000-08-31,19.49
2000-09-30,18.08
2000-10-31,11.8
2000-11-30,5.9
2000-12-31,0.4
2001-01-31,-4.8
2001-02-28,-9.32
2001-03-31,-13.34
2001-04-30,-19.63
2001-05-31,-25.8
2001-06-30,-31.37
2001-07-31,-37.04
2001-08-31,-42.91
2001-09-30,-48.64
2001-10-31,-49.41
2001-11-30,-50.4
2001-12-31,-51.38
2002-01-31,-49.64
2002-02-28,-48.0
2002-03-31,-46.43
2002-04-30,-41.33
2002-05-31,-35.08
2002-06-30,-28.09
2002-07-31,-19.21
2002-08-31,-8.7
2002-09-30,4.52
2002-10-31,5.68
2002-11-30,7.34
2002-12-31,9.15
2003-01-31,12.49
2003-02-28,15.63
2003-03-31,19.14
2003-04-30,22.31
2003-05-31,24.61
2003-06-30,26.55
2003-07-31,26.27
2003-08-31,25.94
2003-09-30,25.53
2003-10-31,40.73
2003-11-30,56.88
2003-12-31,73.41
2004-01-31,71.54
2004-02-29,70.23
2004-03-31,68.59
2004-04-30,64.48
2004-05-31,60.36
2004-06-30,57.37
2004-07-31,53.36
2004-08-31,49.72
2004-09-30,46.04
2004-10-31,34.0
2004-11-30,24.16
2004-12-31,16.34
2005-01-31,15.21
2005-02-28,13.77
2005-03-31,12.27
2005-04-30,10.81
2005-05-31,10.55
2005-06-30,9.88
2005-07-31,9.99
2005-08-31,10.26
2005-09-30,9.9
2005-10-31,11.62
2005-11-30,13.93
2005-12-31,15.32
2006-01-31,15.15
2006-02-28,16.03
2006-03-31,16.75
2006-04-30,15.56
2006-05-31,13.95
2006-06-30,12.88
2006-07-31,13.22
2006-08-31,13.71
2006-09-30,15.81
2006-10-31,16.18
2006-11-30,14.94
2006-12-31,13.83
2007-01-31,13.58
2007-02-28,12.46
2007-03-31,11.33
2007-04-30,11.42
2007-05-31,11.15
2007-06-30,11.02
2007-07-31,6.66
2007-08-31,2.51
2007-09-30,-2.64
2007-10-31,-9.6
2007-11-30,-16.28
2007-12-31,-21.99
2008-01-31,-24.91
2008-02-29,-27.48
2008-03-31,-30.15
2008-04-30,-34.07
2008-05-31,-38.1
2008-06-30,-42.4
2008-07-31,-43.32
2008-08-31,-43.84
2008-09-30,-44.29
2008-10-31,-53.88
2008-11-30,-64.49
2008-12-31,-77.54
2009-01-31,-81.01
2009-02-28,-84.73
2009-03-31,-88.6
2009-04-30,-87.58
2009-05-31,-86.42
2009-06-30,-85.17
2009-07-31,-81.06
2009-08-31,-76.91
2009-09-30,-72.36
2009-10-31,-28.65
2009-11-30,48.48
2009-12-31,233.5
2010-01-31,333.37
2010-02-28,491.44
2010-03-31,768.08
2010-04-30,770.44
2010-05-31,774.25
2010-06-30,784.0
2010-07-31,638.4
2010-08-31,539.53
2010-09-30,466.67
2010-10-31,187.35
2010-11-30,95.66
2010-12-31,49.51
2011-01-31,42.58
2011-02-28,35.98
2011-03-31,29.96
2011-04-30,26.45
2011-05-31,23.24
2011-06-30,20.7
2011-07-31,19.28
2011-08-31,17.86
2011-09-30,16.53
2011-10-31,14.0
2011-11-30,11.37
2011-12-31,9.18
2012-01-31,8.04
2012-02-29,6.95
2012-03-31,6.08
2012-04-30,5.09
2012-05-31,4.38
2012-06-30,3.11
2012-07-31,1.56
2012-08-31,-0.49
2012-09-30,-2.5
2012-10-31,-2.64
2012-11-30,-2.25
2012-12-31,-2.21
2013-01-31,-2.21
2013-02-28,-2.73
2013-03-31,-2.39
2013-04-30,-0.54
2013-05-31,0.6
2013-06-30,1.67
2013-07-31,3.28
2013-08-31,5.59
2013-09-30,7.83
2013-10-31,10.28
2013-11-30,12.19
2013-12-31,14.11
2014-01-31,13.75
2014-02-28,13.99
2014-03-31,13.29
2014-04-30,12.25
2014-05-31,11.53
2014-06-30,11.08
2014-07-31,10.8
2014-08-31,10.76
2014-09-30,10.45
2014-10-31,6.97
2014-11-30,3.99
2014-12-31,1.34
2015-01-31,0.96
2015-02-28,-0.34
2015-03-31,-1.52
2015-04-30,-3.55
2015-05-31,-5.83
2015-06-30,-8.08
2015-07-31,-10.32
2015-08-31,-12.49
2015-09-30,-14.41
2015-10-31,-14.9
2015-11-30,-15.51
2015-12-31,-16.04
2016-01-31,-15.76
2016-02-29,-14.63
2016-03-31,-13.65
2016-04-30,-12.44
2016-05-31,-10.87
2016-06-30,-9.32
2016-07-31,-7.03
2016-08-31,-5.04
2016-09-30,-3.16
2016-10-31,0.19
2016-11-30,3.73
2016-12-31,7.05
2017-01-31,8.8
2017-02-28,10.74
2017-03-31,13.33
2017-04-30,14.72
2017-05-31,16.28
2017-06-30,17.74
2017-07-31,17.82
2017-08-31,17.75
2017-09-30,17.57
2017-10-31,16.43
2017-11-30,14.96
2017-12-31,13.81
2018-01-31,13.48
2018-02-28,12.97
2018-03-31,12.45
2018-04-30,13.22
2018-05-31,13.71
2018-06-30,14.46
2018-07-31,15.7
2018-08-31,17.29
2018-09-30,19.06
2018-10-31,18.35
2018-11-30,18.33
2018-12-31,18.23
2019-01-31,17.27
2019-02-28,15.97
2019-03-31,14.29
2019-04-30,12.1
2019-05-31,10.38
2019-06-30,8.65
2019-07-31,5.57
2019-08-31,2.85
2019-09-30,0.21
2019-10-31,1.29
2019-11-30,2.13
2019-12-31,2.99
2020-01-31,-3.38
2020-02-29,-9.35
2020-03-31,-14.76
2020-04-30,-18.13
2020-05-31,-22.35
2020-06-30,-27.12
2020-07-31,-27.18
2020-08-31,-27.23
2020-09-30,-27.09
2020-10-31,-29.14
2020-11-30,-31.25
2020-12-31,-33.42
2021-01-31,-21.04
2021-02-28,-7.36
2021-03-31,7.39
2021-04-30,20.1
2021-05-31,34.86
2021-06-30,51.81
2021-07-31,57.67
2021-08-31,63.72
2021-09-30,69.42
2021-10-31,77.74
2021-11-30,86.66
2021-12-31,96.4
2022-01-31,74.54
2022-02-28,57.01
2022-03-31,42.23
2022-04-30,30.84
2022-05-31,20.35
2022-06-30,11.04
2022-07-31,6.86
2022-08-31,2.69
2022-09-30,-1.41
2022-10-31,-7.48
2022-11-30,-12.94
2022-12-31,-17.99
2023-01-31,-17.58
2023-02-28,-16.91
2023-03-31,-15.69
2023-04-30,-13.89
2023-05-31,-11.36
2023-06-30,-8.57
2023-07-31,-7.37
2023-08-31,-6.42
2023-09-30,-5.03
2023-10-31,-0.65
2023-11-30,3.61
2023-12-31,7.78
2024-01-31,7.36
2024-02-29,6.6
2024-03-31,5.59
2024-04-30,5.38
2024-05-31,5.14
2024-06-30,5.12
2024-07-31,5.34
2024-08-31,5.87
2024-09-30,6.11
2024-10-31,6.11
2024-11-30,6.13
2024-12-31,6.15
2025-01-31,7.33
2025-02-28,8.81
2025-03-31,10.58
2025-04-30,10.78
2025-05-31,10.85
2025-06-30,10.62
2025-07-31,11.67
2025-08-31,12.51
2025-09-30,13.45
2025-10-31,14.57
2025-11-30,13.65
2025-12-31,12.77
2026-01-31,15.2
2026-02-28,17.24
2026-03-31,18.3
2026-04-30,21.6
2026-05-31,24.96
2026-06-30,29.65
