date,"Typical Home Value (Zillow ZHVI, SA) YoY Chg","Typical Rent (Zillow ZORI, All Homes + Multifamily) YoY Chg","For-Sale Inventory (Zillow, smoothed) YoY Chg",Sales Count Nowcast (Zillow) YoY Chg
2000-12-31,6.0,,,
2001-01-31,6.63,,,
2001-02-28,7.0,,,
2001-03-31,7.3,,,
2001-04-30,7.38,,,
2001-05-31,7.43,,,
2001-06-30,7.46,,,
2001-07-31,7.46,,,
2001-08-31,7.45,,,
2001-09-30,7.41,,,
2001-10-31,7.37,,,
2001-11-30,7.28,,,
2001-12-31,7.16,,,
2002-01-31,7.03,,,
2002-02-28,6.96,,,
2002-03-31,6.91,,,
2002-04-30,6.86,,,
2002-05-31,6.82,,,
2002-06-30,6.82,,,
2002-07-31,6.85,,,
2002-08-31,6.91,,,
2002-09-30,6.96,,,
2002-10-31,7.02,,,
2002-11-30,7.09,,,
2002-12-31,7.17,,,
2003-01-31,7.26,,,
2003-02-28,7.35,,,
2003-03-31,7.42,,,
2003-04-30,7.5,,,
2003-05-31,7.59,,,
2003-06-30,7.65,,,
2003-07-31,7.69,,,
2003-08-31,7.72,,,
2003-09-30,7.79,,,
2003-10-31,7.86,,,
2003-11-30,7.92,,,
2003-12-31,7.94,,,
2004-01-31,8.0,,,
2004-02-29,8.13,,,
2004-03-31,8.33,,,
2004-04-30,8.56,,,
2004-05-31,8.84,,,
2004-06-30,9.18,,,
2004-07-31,9.55,,,
2004-08-31,9.89,,,
2004-09-30,10.16,,,
2004-10-31,10.38,,,
2004-11-30,10.59,,,
2004-12-31,10.82,,,
2005-01-31,11.06,,,
2005-02-28,11.26,,,
2005-03-31,11.42,,,
2005-04-30,11.6,,,
2005-05-31,11.74,,,
2005-06-30,11.83,,,
2005-07-31,11.86,,,
2005-08-31,11.88,,,
2005-09-30,11.89,,,
2005-10-31,11.89,,,
2005-11-30,11.87,,,
2005-12-31,11.76,,,
2006-01-31,11.57,,,
2006-02-28,11.32,,,
2006-03-31,11.04,,,
2006-04-30,10.7,,,
2006-05-31,10.29,,,
2006-06-30,9.76,,,
2006-07-31,9.1,,,
2006-08-31,8.34,,,
2006-09-30,7.48,,,
2006-10-31,6.63,,,
2006-11-30,5.81,,,
2006-12-31,5.06,,,
2007-01-31,4.39,,,
2007-02-28,3.79,,,
2007-03-31,3.18,,,
2007-04-30,2.53,,,
2007-05-31,1.84,,,
2007-06-30,1.15,,,
2007-07-31,0.48,,,
2007-08-31,-0.13,,,
2007-09-30,-0.68,,,
2007-10-31,-1.18,,,
2007-11-30,-1.69,,,
2007-12-31,-2.19,,,
2008-01-31,-2.73,,,
2008-02-29,-3.32,,,
2008-03-31,-3.97,,,
2008-04-30,-4.68,,,
2008-05-31,-5.36,,,
2008-06-30,-6.0,,,
2008-07-31,-6.59,,,
2008-08-31,-7.23,,,
2008-09-30,-7.83,,,
2008-10-31,-8.39,,,
2008-11-30,-8.87,,,
2008-12-31,-9.33,,,
2009-01-31,-9.71,,,-19.06
2009-02-28,-9.91,,,-11.88
2009-03-31,-9.99,,,-3.09
2009-04-30,-9.98,,,-7.12
2009-05-31,-9.95,,,-8.38
2009-06-30,-9.85,,,3.85
2009-07-31,-9.64,,,5.25
2009-08-31,-9.3,,,1.53
2009-09-30,-8.89,,,6.23
2009-10-31,-8.41,,,15.85
2009-11-30,-7.76,,,46.19
2009-12-31,-6.97,,,19.56
2010-01-31,-6.12,,,10.52
2010-02-28,-5.39,,,7.64
2010-03-31,-4.67,,,25.65
2010-04-30,-3.93,,,26.63
2010-05-31,-3.19,,,20.02
2010-06-30,-2.6,,,11.67
2010-07-31,-2.29,,,-21.17
2010-08-31,-2.17,,,-12.05
2010-09-30,-2.21,,,-7.14
2010-10-31,-2.36,,,-23.01
2010-11-30,-2.71,,,-20.82
2010-12-31,-3.16,,,-4.37
2011-01-31,-3.64,,,5.07
2011-02-28,-4.08,,,0.66
2011-03-31,-4.54,,,-7.5
2011-04-30,-5.07,,,-13.11
2011-05-31,-5.61,,,-10.57
2011-06-30,-6.02,,,-9.19
2011-07-31,-6.15,,,12.22
2011-08-31,-6.06,,,19.68
2011-09-30,-5.82,,,2.7
2011-10-31,-5.55,,,8.68
2011-11-30,-5.23,,,9.18
2011-12-31,-4.91,,,4.88
2012-01-31,-4.53,,,9.16
2012-02-29,-4.07,,,16.02
2012-03-31,-3.48,,,7.92
2012-04-30,-2.78,,,9.55
2012-05-31,-1.99,,,18.77
2012-06-30,-1.15,,,10.89
2012-07-31,-0.35,,,16.08
2012-08-31,0.33,,,15.63
2012-09-30,1.0,,,5.4
2012-10-31,1.71,,,26.03
2012-11-30,2.44,,,21.87
2012-12-31,3.16,,,12.71
2013-01-31,3.86,,,16.93
2013-02-28,4.46,,,8.54
2013-03-31,4.94,,,9.05
2013-04-30,5.38,,,19.08
2013-05-31,5.86,,,18.9
2013-06-30,6.38,,,11.43
2013-07-31,6.78,,,25.95
2013-08-31,7.21,,,15.64
2013-09-30,7.53,,,20.59
2013-10-31,7.89,,,9.22
2013-11-30,8.03,,,1.02
2013-12-31,8.09,,,4.8
2014-01-31,8.01,,,-0.62
2014-02-28,7.92,,,-2.24
2014-03-31,7.81,,,-4.84
2014-04-30,7.64,,,-3.17
2014-05-31,7.44,,,-5.03
2014-06-30,7.09,,,3.05
2014-07-31,6.81,,,-1.67
2014-08-31,6.44,,,-5.34
2014-09-30,6.12,,,3.03
2014-10-31,5.6,,,6.65
2014-11-30,5.3,,,-4.15
2014-12-31,5.12,,,7.38
2015-01-31,5.1,,,0.22
2015-02-28,5.04,,,5.93
2015-03-31,4.99,,,15.42
2015-04-30,4.97,,,10.29
2015-05-31,4.94,,,6.23
2015-06-30,4.95,,,16.01
2015-07-31,4.99,,,14.62
2015-08-31,5.17,,,9.13
2015-09-30,5.43,,,12.2
2015-10-31,5.84,,,2.77
2015-11-30,6.11,,,4.46
2015-12-31,6.31,4.55,,8.19
2016-01-31,6.46,4.81,,8.92
2016-02-29,6.61,4.64,,10.46
2016-03-31,6.6,4.37,,6.66
2016-04-30,6.51,4.26,,5.27
2016-05-31,6.37,4.17,,8.25
2016-06-30,6.34,4.19,,5.02
2016-07-31,6.18,4.07,,-6.81
2016-08-31,5.97,3.93,,9.06
2016-09-30,5.73,3.75,,3.69
2016-10-31,5.57,3.6,,0.5
2016-11-30,5.52,3.47,,20.71
2016-12-31,5.51,3.38,,3.4
2017-01-31,5.46,3.49,,9.47
2017-02-28,5.43,3.72,,1.46
2017-03-31,5.57,4.14,,10.16
2017-04-30,5.81,4.26,,-0.55
2017-05-31,5.97,4.32,,8.5
2017-06-30,6.0,4.2,,5.45
2017-07-31,6.07,4.2,,2.38
2017-08-31,6.18,4.15,,3.57
2017-09-30,6.27,4.19,,-2.64
2017-10-31,6.33,4.17,,4.5
2017-11-30,6.37,4.26,,0.92
2017-12-31,6.42,4.38,,-4.27
2018-01-31,6.45,4.39,,-2.55
2018-02-28,6.44,4.34,,-1.08
2018-03-31,6.51,4.14,,-5.09
2018-04-30,6.46,4.09,,3.8
2018-05-31,6.47,3.97,,-1.6
2018-06-30,6.35,3.97,,-4.77
2018-07-31,6.43,4.0,,3.46
2018-08-31,6.47,4.11,,-0.03
2018-09-30,6.5,4.03,,-7.96
2018-10-31,6.3,4.1,,0.06
2018-11-30,6.07,4.17,,-2.89
2018-12-31,5.83,4.26,,-9.85
2019-01-31,5.68,4.19,,-8.04
2019-02-28,5.62,4.05,-1.13,-1.33
2019-03-31,5.5,4.08,2.0,-6.84
2019-04-30,5.38,4.1,1.02,-0.51
2019-05-31,5.16,4.21,0.74,0.62
2019-06-30,5.06,4.22,0.27,-8.26
2019-07-31,4.82,4.23,-0.91,1.52
2019-08-31,4.64,4.2,-2.58,-3.63
2019-09-30,4.41,4.23,-3.35,5.0
2019-10-31,4.44,4.17,-3.93,1.16
2019-11-30,4.61,4.03,-4.97,-2.74
2019-12-31,4.85,3.96,-6.52,12.1
2020-01-31,5.06,4.02,-8.01,11.08
2020-02-29,5.19,4.16,-8.54,4.65
2020-03-31,5.32,4.01,-9.72,1.62
2020-04-30,5.41,3.35,-14.24,-21.7
2020-05-31,5.37,2.63,-17.84,-34.23
2020-06-30,5.24,2.13,-20.71,-4.86
2020-07-31,5.24,2.11,-20.57,9.99
2020-08-31,5.6,2.01,-21.54,7.45
2020-09-30,6.49,1.87,-22.96,27.33
2020-10-31,7.51,1.77,-24.86,25.79
2020-11-30,8.57,1.74,-26.92,26.48
2020-12-31,9.49,1.8,-28.67,30.13
2021-01-31,10.28,2.02,-28.93,20.35
2021-02-28,11.1,2.31,-31.41,18.53
2021-03-31,11.96,2.78,-32.61,29.4
2021-04-30,13.05,3.95,-32.12,57.26
2021-05-31,14.57,5.65,-29.12,62.11
2021-06-30,16.38,7.59,-25.91,36.0
2021-07-31,17.85,9.27,-23.53,6.92
2021-08-31,18.36,11.1,-19.1,9.34
2021-09-30,17.84,12.87,-15.5,1.59
2021-10-31,17.03,14.08,-13.05,-4.91
2021-11-30,16.31,14.86,-12.5,7.21
2021-12-31,15.88,15.33,-13.71,0.29
2022-01-31,15.96,15.41,-18.16,0.94
2022-02-28,16.32,15.45,-19.81,-0.93
2022-03-31,16.94,15.27,-17.59,-4.16
2022-04-30,17.4,15.19,-12.22,-9.7
2022-05-31,17.42,14.68,-7.9,-5.58
2022-06-30,16.98,13.9,-3.18,-16.24
2022-07-31,16.03,12.83,0.47,-23.72
2022-08-31,14.91,11.47,1.9,-19.32
2022-09-30,13.75,10.04,1.62,-23.59
2022-10-31,12.63,8.81,1.62,-30.2
2022-11-30,11.35,7.83,3.48,-37.41
2022-12-31,9.91,7.08,7.76,-40.74
2023-01-31,7.99,6.52,13.78,-38.61
2023-02-28,5.93,5.99,17.55,-30.63
2023-03-31,3.89,5.78,14.93,-28.07
2023-04-30,2.24,5.18,9.21,-33.28
2023-05-31,1.04,4.64,2.27,-22.36
2023-06-30,0.24,3.78,-4.3,-20.39
2023-07-31,0.04,3.24,-9.97,-20.17
2023-08-31,0.4,2.92,-13.07,-16.16
2023-09-30,1.13,2.83,-13.07,-18.37
2023-10-31,1.75,2.89,-10.37,-10.23
2023-11-30,2.24,2.94,-6.59,-8.94
2023-12-31,2.64,2.96,-3.14,-8.53
2024-01-31,3.13,3.01,-0.02,0.75
2024-02-29,3.62,3.06,4.7,1.48
2024-03-31,4.09,2.93,8.62,-10.62
2024-04-30,4.34,2.91,13.63,9.14
2024-05-31,4.26,2.86,17.2,-2.02
2024-06-30,3.83,3.0,21.22,-14.65
2024-07-31,3.35,2.93,23.9,5.06
2024-08-31,2.94,2.86,24.46,-6.56
2024-09-30,2.7,2.83,24.56,-6.77
2024-10-31,2.6,2.82,23.07,4.16
2024-11-30,2.55,2.92,21.63,2.83
2024-12-31,2.63,2.93,20.24,11.14
2025-01-31,2.68,2.98,20.16,5.32
2025-02-28,2.58,3.0,19.88,-1.87
2025-03-31,2.06,3.06,20.92,0.23
2025-04-30,1.38,3.02,21.43,-0.45
2025-05-31,0.78,2.89,22.41,-2.32
2025-06-30,0.45,2.7,21.02,7.48
2025-07-31,0.29,2.49,19.13,1.43
2025-08-31,0.16,2.38,16.79,-0.47
2025-09-30,0.1,2.33,15.11,10.53
2025-10-31,0.06,2.34,13.84,4.68
2025-11-30,0.11,2.23,12.73,-3.63
2025-12-31,0.13,2.12,11.32,7.31
2026-01-31,0.16,1.97,9.07,-4.83
2026-02-28,0.23,1.91,6.95,-0.14
2026-03-31,0.44,1.84,5.25,5.26
2026-04-30,1.19,2.31,4.4,2.36
2026-05-31,1.97,2.95,2.97,0.86
2026-06-30,2.88,3.34,1.9,8.15
